,y_actual,y_predict
0,107.0,50.02572391524143
1,114.0,34.725641371585965
2,114.0,48.72039993282576
3,115.0,68.06619811973718
4,114.0,79.80335100835859
5,119.0,64.99381075112467
6,117.0,41.80398246150378
7,115.0,36.70428175726934
8,117.0,50.72915044241918
9,113.0,64.74981416815177
10,112.0,74.48677897749567
11,113.0,52.57480081627412
12,124.0,45.76054425017227
13,124.0,30.563167295599243
14,120.0,25.03307919069985
15,123.0,55.00786005462882
16,120.0,58.763847457829996
17,112.0,43.371909427629845
18,105.0,18.17648979481706
19,116.0,41.47359901796406
20,119.0,27.487511823812696
21,118.0,26.167590313886336
22,121.0,35.273898360060855
23,124.99999999999999,18.56835715273749
24,122.0,7.7782569892403615
25,121.0,5.02751633501569
26,116.0,3.6732579544075463
27,116.0,13.796076811831682
28,120.0,29.503931482187852
29,118.0,22.366677385719555
30,118.0,11.0919828835776
31,122.0,9.898035857332786
32,121.0,-2.279243379412179
33,124.0,10.224541151772655
34,128.0,31.937230381441964
35,129.0,22.48868657088326
36,130.0,5.803407603238867
37,129.0,-6.370581742977549
38,124.99999999999999,16.15087587284566
39,126.0,28.977657934396888
40,121.0,21.491217907460992
41,121.0,9.636347942511122
42,117.0,3.949216586422466
43,116.0,8.1631088190139
44,108.0,24.482665254130097
45,110.0,33.503000399473194
46,114.0,24.536305720893125
