{
    "DOWN": {
        "precision": 0.5183887915936952,
        "recall": 0.11567018366549434,
        "f1-score": 0.1891373801916933,
        "support": 2559.0
    },
    "UP": {
        "precision": 0.4075916230366492,
        "recall": 0.8498908296943232,
        "f1-score": 0.5509554140127388,
        "support": 1832.0
    },
    "accuracy": 0.42199954452288774,
    "macro avg": {
        "precision": 0.4629902073151722,
        "recall": 0.48278050667990874,
        "f1-score": 0.3700463971022161,
        "support": 4391.0
    },
    "weighted avg": {
        "precision": 0.4721623254592137,
        "recall": 0.42199954452288774,
        "f1-score": 0.3400940274155957,
        "support": 4391.0
    }
}