{
    "DOWN": {
        "precision": 0.7202702702702702,
        "recall": 0.9944029850746269,
        "f1-score": 0.835423197492163,
        "support": 536.0
    },
    "UP": {
        "precision": 0.625,
        "recall": 0.02358490566037736,
        "f1-score": 0.04545454545454545,
        "support": 212.0
    },
    "accuracy": 0.7192513368983957,
    "macro avg": {
        "precision": 0.6726351351351352,
        "recall": 0.5089939453675021,
        "f1-score": 0.4404388714733542,
        "support": 748.0
    },
    "weighted avg": {
        "precision": 0.6932685359155947,
        "recall": 0.7192513368983957,
        "f1-score": 0.6115283388932661,
        "support": 748.0
    }
}