{
    "DOWN": {
        "precision": 0.8806774441878368,
        "recall": 0.6188801731133351,
        "f1-score": 0.7269261318506752,
        "support": 3697.0
    },
    "UP": {
        "precision": 0.16330166270783847,
        "recall": 0.4700854700854701,
        "f1-score": 0.24239753195240196,
        "support": 585.0
    },
    "accuracy": 0.5985520784680056,
    "macro avg": {
        "precision": 0.5219895534478376,
        "recall": 0.5444828215994026,
        "f1-score": 0.4846618319015386,
        "support": 4282.0
    },
    "weighted avg": {
        "precision": 0.7826707108469216,
        "recall": 0.5985520784680056,
        "f1-score": 0.6607306085109997,
        "support": 4282.0
    }
}