{
    "DOWN": {
        "precision": 0.6375,
        "recall": 0.1186046511627907,
        "f1-score": 0.2,
        "support": 430.0
    },
    "UP": {
        "precision": 0.4393491124260355,
        "recall": 0.911042944785276,
        "f1-score": 0.592814371257485,
        "support": 326.0
    },
    "accuracy": 0.4603174603174603,
    "macro avg": {
        "precision": 0.5384245562130178,
        "recall": 0.5148237979740333,
        "f1-score": 0.39640718562874255,
        "support": 756.0
    },
    "weighted avg": {
        "precision": 0.5520539823424438,
        "recall": 0.4603174603174603,
        "f1-score": 0.36938820771156095,
        "support": 756.0
    }
}