{
    "R2": 0.9934744423227078,
    "RMSE": 38.037959820193954,
    "MSE": 1446.8863872826898,
    "MAPE": 0.0903901441666926,
    "ACMAPE": 1.0351470082090346
}