{
    "R2": 0.989355750366779,
    "RMSE": 119.96985914843255,
    "MSE": 14392.767104094744,
    "MAPE": 0.09453636582159983,
    "ACMAPE": 1.2211513529017033
}