{
    "R2": -3.6339935222712185,
    "RMSE": 89.3452300125398,
    "MSE": 7982.570125993644,
    "MAPE": 0.45823407403214217,
    "ACMAPE": 1.240842769684316
}