{
    "R2": 0.9962420491042667,
    "RMSE": 139.76063626378854,
    "MSE": 19533.035448859006,
    "MAPE": 0.030955415961564852,
    "ACMAPE": 1.0749921132092712
}