{
    "DOWN": {
        "precision": 0.730195177956372,
        "recall": 0.20267686424474188,
        "f1-score": 0.31728610626091297,
        "support": 3138.0
    },
    "UP": {
        "precision": 0.28350515463917525,
        "recall": 0.8081632653061225,
        "f1-score": 0.4197583209667161,
        "support": 1225.0
    },
    "accuracy": 0.3726793490717396,
    "macro avg": {
        "precision": 0.5068501662977736,
        "recall": 0.5054200647754322,
        "f1-score": 0.36852221361381454,
        "support": 4363.0
    },
    "weighted avg": {
        "precision": 0.6047779699427195,
        "recall": 0.3726793490717396,
        "f1-score": 0.3460572414923154,
        "support": 4363.0
    }
}