{
    "DOWN": {
        "precision": 0.5708955223880597,
        "recall": 0.4744186046511628,
        "f1-score": 0.5182049110922947,
        "support": 645.0
    },
    "UP": {
        "precision": 0.388086642599278,
        "recall": 0.48314606741573035,
        "f1-score": 0.43043043043043044,
        "support": 445.0
    },
    "accuracy": 0.4779816513761468,
    "macro avg": {
        "precision": 0.4794910824936689,
        "recall": 0.47878233603344655,
        "f1-score": 0.47431767076136255,
        "support": 1090.0
    },
    "weighted avg": {
        "precision": 0.49626253935502496,
        "recall": 0.4779816513761468,
        "f1-score": 0.48237037540924005,
        "support": 1090.0
    }
}