{
    "R2": 0.9771320746365265,
    "RMSE": 8.814396749755504,
    "MSE": 77.69359006210038,
    "MAPE": 0.041434257650987356,
    "ACMAPE": 1.3502435509714132
}