{
    "R2": 0.953445448245817,
    "RMSE": 91.43271723707137,
    "MSE": 8359.94178135425,
    "MAPE": 0.03850577693249834,
    "ACMAPE": 1.1225393903778766
}