{
    "DOWN": {
        "precision": 0.6666666666666666,
        "recall": 0.015384615384615385,
        "f1-score": 0.03007518796992481,
        "support": 130.0
    },
    "UP": {
        "precision": 0.4553191489361702,
        "recall": 0.9907407407407407,
        "f1-score": 0.6239067055393586,
        "support": 108.0
    },
    "accuracy": 0.4579831932773109,
    "macro avg": {
        "precision": 0.5609929078014184,
        "recall": 0.503062678062678,
        "f1-score": 0.3269909467546417,
        "support": 238.0
    },
    "weighted avg": {
        "precision": 0.570761070385601,
        "recall": 0.4579831932773109,
        "f1-score": 0.29954495224513006,
        "support": 238.0
    }
}