{
    "R2": 0.9342665746151351,
    "RMSE": 15.115365218822907,
    "MSE": 228.47426569840127,
    "MAPE": 0.02415183742817632,
    "ACMAPE": 0.7974437628940149
}