{
    "R2": 0.6691359347915726,
    "RMSE": 9.442381131904718,
    "MSE": 89.15856144015022,
    "MAPE": 0.022780671423947834,
    "ACMAPE": 0.9171906093121465
}