{
    "R2": 0.9572693942382932,
    "RMSE": 63.954291287466084,
    "MSE": 4090.15137408206,
    "MAPE": 0.023513210892307044,
    "ACMAPE": 0.9617848158305786
}