{
    "R2": 0.9734058300627546,
    "RMSE": 15.649613507065885,
    "MSE": 244.91040292053896,
    "MAPE": 0.043390831663707725,
    "ACMAPE": 1.584980480462229
}