{
    "R2": 0.9928231527234883,
    "RMSE": 31.682291853888135,
    "MSE": 1003.7676171149465,
    "MAPE": 0.24446901972709917,
    "ACMAPE": 1.3579544369953638
}