{
    "R2": 0.9883048798038838,
    "RMSE": 12.406313950203495,
    "MSE": 153.91662583101385,
    "MAPE": 0.04483030531062297,
    "ACMAPE": 1.172271711560623
}