{
    "R2": 0.6627924755868368,
    "RMSE": 57.386979286672734,
    "MSE": 3293.2653916490053,
    "MAPE": 0.4679530197833263,
    "ACMAPE": 1.9471983028021944
}