{
    "DOWN": {
        "precision": 0.7948717948717948,
        "recall": 0.05575539568345324,
        "f1-score": 0.10420168067226891,
        "support": 556.0
    },
    "UP": {
        "precision": 0.35424354243542433,
        "recall": 0.972972972972973,
        "f1-score": 0.5193868349864743,
        "support": 296.0
    },
    "accuracy": 0.3744131455399061,
    "macro avg": {
        "precision": 0.5745576686536096,
        "recall": 0.5143641843282132,
        "f1-score": 0.3117942578293716,
        "support": 852.0
    },
    "weighted avg": {
        "precision": 0.6417896790018821,
        "recall": 0.3744131455399061,
        "f1-score": 0.2484444103401149,
        "support": 852.0
    }
}