{
    "R2": 0.9940302920984299,
    "RMSE": 6.523908040800741,
    "MSE": 42.56137612482456,
    "MAPE": 0.06491149931419173,
    "ACMAPE": 1.4308939040062738
}