{
    "DOWN": {
        "precision": 0.6976744186046512,
        "recall": 0.26785714285714285,
        "f1-score": 0.3870967741935484,
        "support": 112.0
    },
    "UP": {
        "precision": 0.21153846153846154,
        "recall": 0.6285714285714286,
        "f1-score": 0.31654676258992803,
        "support": 35.0
    },
    "accuracy": 0.35374149659863946,
    "macro avg": {
        "precision": 0.4546064400715564,
        "recall": 0.4482142857142857,
        "f1-score": 0.3518217683917382,
        "support": 147.0
    },
    "weighted avg": {
        "precision": 0.5819277621603203,
        "recall": 0.35374149659863946,
        "f1-score": 0.3702991523831626,
        "support": 147.0
    }
}