{
    "DOWN": {
        "precision": 0.7532467532467533,
        "recall": 0.5523809523809524,
        "f1-score": 0.6373626373626373,
        "support": 420.0
    },
    "UP": {
        "precision": 0.32857142857142857,
        "recall": 0.5476190476190477,
        "f1-score": 0.41071428571428575,
        "support": 168.0
    },
    "accuracy": 0.5510204081632653,
    "macro avg": {
        "precision": 0.5409090909090909,
        "recall": 0.55,
        "f1-score": 0.5240384615384616,
        "support": 588.0
    },
    "weighted avg": {
        "precision": 0.6319109461966604,
        "recall": 0.5510204081632654,
        "f1-score": 0.5726059654631083,
        "support": 588.0
    }
}