{
    "DOWN": {
        "precision": 0.6879084967320261,
        "recall": 0.5888111888111888,
        "f1-score": 0.6345139412207987,
        "support": 715.0
    },
    "UP": {
        "precision": 0.30823529411764705,
        "recall": 0.40683229813664595,
        "f1-score": 0.3507362784471218,
        "support": 322.0
    },
    "accuracy": 0.532304725168756,
    "macro avg": {
        "precision": 0.4980718954248366,
        "recall": 0.4978217434739174,
        "f1-score": 0.49262510983396024,
        "support": 1037.0
    },
    "weighted avg": {
        "precision": 0.5700157568652663,
        "recall": 0.532304725168756,
        "f1-score": 0.5463978299255972,
        "support": 1037.0
    }
}