{
    "R2": 0.9961481074549443,
    "RMSE": 145.72064135423688,
    "MSE": 21234.505316690127,
    "MAPE": 0.058207835215531786,
    "ACMAPE": 1.3560391605167366
}