{
    "R2": 0.9906244828346714,
    "RMSE": 118.55876994724947,
    "MSE": 14056.181931404824,
    "MAPE": 0.01885400361003721,
    "ACMAPE": 0.9542445532725251
}