{
    "DOWN": {
        "precision": 0.7597042513863216,
        "recall": 0.13819771351714863,
        "f1-score": 0.23385490753911808,
        "support": 2974.0
    },
    "UP": {
        "precision": 0.28983097811027986,
        "recall": 0.8894557823129252,
        "f1-score": 0.43719958202716824,
        "support": 1176.0
    },
    "accuracy": 0.3510843373493976,
    "macro avg": {
        "precision": 0.5247676147483007,
        "recall": 0.5138267479150369,
        "f1-score": 0.33552724478314316,
        "support": 4150.0
    },
    "weighted avg": {
        "precision": 0.626554620212195,
        "recall": 0.3510843373493976,
        "f1-score": 0.29147739843018966,
        "support": 4150.0
    }
}