{
    "DOWN": {
        "precision": 0.7361601884570083,
        "recall": 0.6231306081754736,
        "f1-score": 0.6749460043196545,
        "support": 1003.0
    },
    "UP": {
        "precision": 0.36789297658862874,
        "recall": 0.4954954954954955,
        "f1-score": 0.4222648752399232,
        "support": 444.0
    },
    "accuracy": 0.5839668279198341,
    "macro avg": {
        "precision": 0.5520265825228186,
        "recall": 0.5593130518354845,
        "f1-score": 0.5486054397797888,
        "support": 1447.0
    },
    "weighted avg": {
        "precision": 0.6231604358173672,
        "recall": 0.5839668279198341,
        "f1-score": 0.5974128866199996,
        "support": 1447.0
    }
}