{
    "DOWN": {
        "precision": 0.5849056603773585,
        "recall": 0.9393939393939394,
        "f1-score": 0.7209302325581395,
        "support": 66.0
    },
    "UP": {
        "precision": 0.2,
        "recall": 0.022222222222222223,
        "f1-score": 0.039999999999999994,
        "support": 45.0
    },
    "accuracy": 0.5675675675675675,
    "macro avg": {
        "precision": 0.39245283018867927,
        "recall": 0.48080808080808085,
        "f1-score": 0.38046511627906976,
        "support": 111.0
    },
    "weighted avg": {
        "precision": 0.4288628250892402,
        "recall": 0.5675675675675675,
        "f1-score": 0.44487743557510995,
        "support": 111.0
    }
}