{
    "DOWN": {
        "precision": 0.7749360613810742,
        "recall": 0.18890274314214464,
        "f1-score": 0.3037593984962406,
        "support": 1604.0
    },
    "UP": {
        "precision": 0.1676263595649392,
        "recall": 0.7485714285714286,
        "f1-score": 0.2739153162571877,
        "support": 350.0
    },
    "accuracy": 0.28915046059365407,
    "macro avg": {
        "precision": 0.4712812104730067,
        "recall": 0.4687370858567866,
        "f1-score": 0.2888373573767141,
        "support": 1954.0
    },
    "weighted avg": {
        "precision": 0.6661548967773652,
        "recall": 0.28915046059365407,
        "f1-score": 0.2984137338167787,
        "support": 1954.0
    }
}