{
    "DOWN": {
        "precision": 0.6150747986191024,
        "recall": 0.5071157495256167,
        "f1-score": 0.5559022360894436,
        "support": 2108.0
    },
    "UP": {
        "precision": 0.39768115942028986,
        "recall": 0.5062730627306273,
        "f1-score": 0.4454545454545455,
        "support": 1355.0
    },
    "accuracy": 0.5067860236788911,
    "macro avg": {
        "precision": 0.5063779790196962,
        "recall": 0.506694406128122,
        "f1-score": 0.5006783907719945,
        "support": 3463.0
    },
    "weighted avg": {
        "precision": 0.5300131812022988,
        "recall": 0.5067860236788911,
        "f1-score": 0.5126863478970418,
        "support": 3463.0
    }
}