{
    "DOWN": {
        "precision": 0.6666666666666666,
        "recall": 0.0036036036036036037,
        "f1-score": 0.007168458781362008,
        "support": 555.0
    },
    "UP": {
        "precision": 0.39760348583877997,
        "recall": 0.9972677595628415,
        "f1-score": 0.5685358255451715,
        "support": 366.0
    },
    "accuracy": 0.3984799131378936,
    "macro avg": {
        "precision": 0.5321350762527233,
        "recall": 0.5004356815832226,
        "f1-score": 0.2878521421632667,
        "support": 921.0
    },
    "weighted avg": {
        "precision": 0.559742536174803,
        "recall": 0.3984799131378936,
        "f1-score": 0.2302525589285436,
        "support": 921.0
    }
}