{
    "DOWN": {
        "precision": 0.6708994708994709,
        "recall": 0.22683363148479427,
        "f1-score": 0.3390374331550802,
        "support": 2795.0
    },
    "UP": {
        "precision": 0.21188913202042306,
        "recall": 0.6513452914798207,
        "f1-score": 0.3197578425976885,
        "support": 892.0
    },
    "accuracy": 0.3295362082994304,
    "macro avg": {
        "precision": 0.44139430145994696,
        "recall": 0.4390894614823075,
        "f1-score": 0.3293976378763844,
        "support": 3687.0
    },
    "weighted avg": {
        "precision": 0.5598505904329368,
        "recall": 0.3295362082994304,
        "f1-score": 0.33437310042462365,
        "support": 3687.0
    }
}