{
    "DOWN": {
        "precision": 0.7767175572519084,
        "recall": 0.5526137135098439,
        "f1-score": 0.6457754859182864,
        "support": 1473.0
    },
    "UP": {
        "precision": 0.19141104294478528,
        "recall": 0.4,
        "f1-score": 0.25892116182572616,
        "support": 390.0
    },
    "accuracy": 0.5206655931293612,
    "macro avg": {
        "precision": 0.48406430009834683,
        "recall": 0.47630685675492196,
        "f1-score": 0.4523483238720063,
        "support": 1863.0
    },
    "weighted avg": {
        "precision": 0.6541896235000146,
        "recall": 0.5206655931293613,
        "f1-score": 0.5647914889262851,
        "support": 1863.0
    }
}