{
    "DOWN": {
        "precision": 0.6492537313432836,
        "recall": 0.8907849829351536,
        "f1-score": 0.7510791366906474,
        "support": 293.0
    },
    "UP": {
        "precision": 0.49206349206349204,
        "recall": 0.18023255813953487,
        "f1-score": 0.26382978723404255,
        "support": 172.0
    },
    "accuracy": 0.6279569892473118,
    "macro avg": {
        "precision": 0.5706586117033878,
        "recall": 0.5355087705373442,
        "f1-score": 0.507454461962345,
        "support": 465.0
    },
    "weighted avg": {
        "precision": 0.5911102449860273,
        "recall": 0.6279569892473118,
        "f1-score": 0.5708492697948709,
        "support": 465.0
    }
}