{
    "R2": 0.9914062229614475,
    "RMSE": 17.31251443357563,
    "MSE": 299.7231560127645,
    "MAPE": 0.009115594068975058,
    "ACMAPE": 1.0367795284952046
}