{
    "DOWN": {
        "precision": 0.9936339522546419,
        "recall": 0.4843547970002586,
        "f1-score": 0.6512517385257302,
        "support": 3867.0
    },
    "UP": {
        "precision": 0.012382367508667657,
        "recall": 0.6756756756756757,
        "f1-score": 0.024319066147859923,
        "support": 37.0
    },
    "accuracy": 0.48616803278688525,
    "macro avg": {
        "precision": 0.5030081598816548,
        "recall": 0.5800152363379671,
        "f1-score": 0.33778540233679505,
        "support": 3904.0
    },
    "weighted avg": {
        "precision": 0.9843341805754408,
        "recall": 0.48616803278688525,
        "f1-score": 0.6453100098172309,
        "support": 3904.0
    }
}