{
    "R2": 0.9868382421123366,
    "RMSE": 39.69968151637984,
    "MSE": 1576.0647125019914,
    "MAPE": 0.0440091273047958,
    "ACMAPE": 1.1507880373623942
}