{
    "DOWN": {
        "precision": 0.7956867196367764,
        "recall": 0.396045197740113,
        "f1-score": 0.5288570350811015,
        "support": 1770.0
    },
    "UP": {
        "precision": 0.22311046511627908,
        "recall": 0.6303901437371663,
        "f1-score": 0.3295759527643586,
        "support": 487.0
    },
    "accuracy": 0.44661054497120073,
    "macro avg": {
        "precision": 0.5093985923765277,
        "recall": 0.5132176707386397,
        "f1-score": 0.42921649392273004,
        "support": 2257.0
    },
    "weighted avg": {
        "precision": 0.6721401374695269,
        "recall": 0.44661054497120073,
        "f1-score": 0.4858575281744759,
        "support": 2257.0
    }
}