{
    "DOWN": {
        "precision": 0.9110772357723578,
        "recall": 0.5250366032210835,
        "f1-score": 0.6661712799554153,
        "support": 3415.0
    },
    "UP": {
        "precision": 0.21108949416342412,
        "recall": 0.7126436781609196,
        "f1-score": 0.325703564727955,
        "support": 609.0
    },
    "accuracy": 0.5534294234592445,
    "macro avg": {
        "precision": 0.5610833649678909,
        "recall": 0.6188401406910016,
        "f1-score": 0.49593742234168514,
        "support": 4024.0
    },
    "weighted avg": {
        "precision": 0.8051397271640474,
        "recall": 0.5534294234592445,
        "f1-score": 0.6146442325961897,
        "support": 4024.0
    }
}