{
    "R2": 0.9877292859349637,
    "RMSE": 449.1950422914931,
    "MSE": 201776.18601925627,
    "MAPE": 0.049343133045900045,
    "ACMAPE": 1.257443691705118
}