{
    "R2": 0.9903896721688188,
    "RMSE": 8.964131306007017,
    "MSE": 80.35565007133508,
    "MAPE": 0.06142392695547615,
    "ACMAPE": 1.6549617401139871
}