{
    "R2": 0.6741121551298661,
    "RMSE": 43.28113474556195,
    "MSE": 1873.25662486349,
    "MAPE": 0.04835136441113323,
    "ACMAPE": 0.5623513644111332
}