{
    "DOWN": {
        "precision": 0.6477404403244496,
        "recall": 0.9982142857142857,
        "f1-score": 0.7856640899508082,
        "support": 560.0
    },
    "UP": {
        "precision": 0.5,
        "recall": 0.003278688524590164,
        "f1-score": 0.006514657980456026,
        "support": 305.0
    },
    "accuracy": 0.6473988439306358,
    "macro avg": {
        "precision": 0.5738702201622248,
        "recall": 0.5007464871194379,
        "f1-score": 0.3960893739656321,
        "support": 865.0
    },
    "weighted avg": {
        "precision": 0.5956469902678517,
        "recall": 0.6473988439306358,
        "f1-score": 0.5109350994872736,
        "support": 865.0
    }
}