{
    "R2": 0.9832097279363823,
    "RMSE": 118.22441800773953,
    "MSE": 13977.013013268726,
    "MAPE": 0.01592165715686241,
    "ACMAPE": 0.8644065056417108
}