{
    "DOWN": {
        "precision": 0.6495098039215687,
        "recall": 0.9925093632958801,
        "f1-score": 0.7851851851851852,
        "support": 534.0
    },
    "UP": {
        "precision": 0.3333333333333333,
        "recall": 0.006944444444444444,
        "f1-score": 0.01360544217687075,
        "support": 288.0
    },
    "accuracy": 0.6472019464720195,
    "macro avg": {
        "precision": 0.491421568627451,
        "recall": 0.4997269038701623,
        "f1-score": 0.399395313681028,
        "support": 822.0
    },
    "weighted avg": {
        "precision": 0.5387326463432088,
        "recall": 0.6472019464720195,
        "f1-score": 0.5148506766859218,
        "support": 822.0
    }
}