{
    "R2": 0.9747275975621443,
    "RMSE": 7.793478039293656,
    "MSE": 60.73829994895248,
    "MAPE": 0.029482942121721707,
    "ACMAPE": 0.7761496087883883
}