{
    "R2": 0.9792263911938403,
    "RMSE": 22.66569666719591,
    "MSE": 513.7338054093358,
    "MAPE": 0.062111261336772576,
    "ACMAPE": 1.4247486239741352
}