{
    "R2": 0.5373347881043948,
    "RMSE": 7.389858904878675,
    "MSE": 54.610014634014654,
    "MAPE": 0.060355356919121646,
    "ACMAPE": 0.7226070125482608
}