{
    "DOWN": {
        "precision": 0.6053333333333333,
        "recall": 0.9934354485776805,
        "f1-score": 0.7522783761391879,
        "support": 457.0
    },
    "UP": {
        "precision": 0.0,
        "recall": 0.0,
        "f1-score": 0.0,
        "support": 296.0
    },
    "accuracy": 0.602921646746348,
    "macro avg": {
        "precision": 0.30266666666666664,
        "recall": 0.49671772428884026,
        "f1-score": 0.37613918806959395,
        "support": 753.0
    },
    "weighted avg": {
        "precision": 0.3673802567507746,
        "recall": 0.602921646746348,
        "f1-score": 0.4565620423580463,
        "support": 753.0
    }
}