{
    "DOWN": {
        "precision": 0.9020100502512562,
        "recall": 0.11558274307791372,
        "f1-score": 0.20490867579908675,
        "support": 3106.0
    },
    "UP": {
        "precision": 0.10375203915171288,
        "recall": 0.8907563025210085,
        "f1-score": 0.18585622443015778,
        "support": 357.0
    },
    "accuracy": 0.1954952353450765,
    "macro avg": {
        "precision": 0.5028810447014845,
        "recall": 0.503169522799461,
        "f1-score": 0.19538245011462227,
        "support": 3463.0
    },
    "weighted avg": {
        "precision": 0.8197177863290682,
        "recall": 0.1954952353450765,
        "f1-score": 0.20294456227361532,
        "support": 3463.0
    }
}