{
    "R2": 0.9966332961691208,
    "RMSE": 13.135015340277924,
    "MSE": 172.5286279893364,
    "MAPE": 0.028816097636782015,
    "ACMAPE": 0.9372873731966652
}