{
    "DOWN": {
        "precision": 0.7628865979381443,
        "recall": 0.8705882352941177,
        "f1-score": 0.8131868131868132,
        "support": 85.0
    },
    "UP": {
        "precision": 0.21428571428571427,
        "recall": 0.11538461538461539,
        "f1-score": 0.15,
        "support": 26.0
    },
    "accuracy": 0.6936936936936937,
    "macro avg": {
        "precision": 0.4885861561119293,
        "recall": 0.49298642533936654,
        "f1-score": 0.4815934065934066,
        "support": 111.0
    },
    "weighted avg": {
        "precision": 0.6343854900555931,
        "recall": 0.6936936936936937,
        "f1-score": 0.6578457578457579,
        "support": 111.0
    }
}