{
    "DOWN": {
        "precision": 0.717948717948718,
        "recall": 0.5637583892617449,
        "f1-score": 0.631578947368421,
        "support": 149.0
    },
    "UP": {
        "precision": 0.5149253731343284,
        "recall": 0.6764705882352942,
        "f1-score": 0.5847457627118645,
        "support": 102.0
    },
    "accuracy": 0.6095617529880478,
    "macro avg": {
        "precision": 0.6164370455415231,
        "recall": 0.6201144887485195,
        "f1-score": 0.6081623550401427,
        "support": 251.0
    },
    "weighted avg": {
        "precision": 0.6354452073070139,
        "recall": 0.6095617529880478,
        "f1-score": 0.612547135276912,
        "support": 251.0
    }
}