{
    "R2": 0.7171886886431547,
    "RMSE": 14.087517262988715,
    "MSE": 198.45814263500506,
    "MAPE": 0.017895983609362502,
    "ACMAPE": 1.3829753486887275
}