{
    "DOWN": {
        "precision": 0.7821612349914236,
        "recall": 0.9785407725321889,
        "f1-score": 0.869399428026692,
        "support": 466.0
    },
    "UP": {
        "precision": 0.5652173913043478,
        "recall": 0.09285714285714286,
        "f1-score": 0.15950920245398773,
        "support": 140.0
    },
    "accuracy": 0.7739273927392739,
    "macro avg": {
        "precision": 0.6736893131478857,
        "recall": 0.5356989576946658,
        "f1-score": 0.5144543152403399,
        "support": 606.0
    },
    "weighted avg": {
        "precision": 0.7320421951957296,
        "recall": 0.7739273927392739,
        "f1-score": 0.7053983858151762,
        "support": 606.0
    }
}