{
    "DOWN": {
        "precision": 0.7285714285714285,
        "recall": 0.918918918918919,
        "f1-score": 0.8127490039840637,
        "support": 111.0
    },
    "UP": {
        "precision": 0.18181818181818182,
        "recall": 0.05,
        "f1-score": 0.07843137254901962,
        "support": 40.0
    },
    "accuracy": 0.6887417218543046,
    "macro avg": {
        "precision": 0.45519480519480515,
        "recall": 0.4844594594594595,
        "f1-score": 0.4455901882665417,
        "support": 151.0
    },
    "weighted avg": {
        "precision": 0.5837361314182506,
        "recall": 0.6887417218543046,
        "f1-score": 0.6182277771138533,
        "support": 151.0
    }
}