{
    "R2": 0.8926512295976923,
    "RMSE": 8.92826052284953,
    "MSE": 79.71383596387338,
    "MAPE": 0.09994246732761111,
    "ACMAPE": 1.7796945334433134
}