{
    "R2": 0.9954401788889243,
    "RMSE": 4.923247050155254,
    "MSE": 24.23836151686241,
    "MAPE": 0.018195625806754937,
    "ACMAPE": 0.914747349944686
}