{
    "DOWN": {
        "precision": 0.6747967479674797,
        "recall": 0.3132075471698113,
        "f1-score": 0.4278350515463918,
        "support": 530.0
    },
    "UP": {
        "precision": 0.29320388349514565,
        "recall": 0.6536796536796536,
        "f1-score": 0.4048257372654156,
        "support": 231.0
    },
    "accuracy": 0.41655716162943496,
    "macro avg": {
        "precision": 0.48400031573131264,
        "recall": 0.48344360042473244,
        "f1-score": 0.4163303944059037,
        "support": 761.0
    },
    "weighted avg": {
        "precision": 0.5589650111828421,
        "recall": 0.41655716162943496,
        "f1-score": 0.42085062106162774,
        "support": 761.0
    }
}