{
    "R2": 0.9902058453315242,
    "RMSE": 32.358856028970045,
    "MSE": 1047.0955635036112,
    "MAPE": 0.0535665059052941,
    "ACMAPE": 0.8241758249017099
}