{
    "DOWN": {
        "precision": 0.7051569506726457,
        "recall": 0.5032,
        "f1-score": 0.5873015873015873,
        "support": 1250.0
    },
    "UP": {
        "precision": 0.30846325167037864,
        "recall": 0.512962962962963,
        "f1-score": 0.38525730180806683,
        "support": 540.0
    },
    "accuracy": 0.506145251396648,
    "macro avg": {
        "precision": 0.5068101011715122,
        "recall": 0.5080814814814815,
        "f1-score": 0.4862794445548271,
        "support": 1790.0
    },
    "weighted avg": {
        "precision": 0.5854839911971015,
        "recall": 0.506145251396648,
        "f1-score": 0.5263496799460001,
        "support": 1790.0
    }
}