{
    "R2": 0.9789678332596106,
    "RMSE": 95.51789215098003,
    "MSE": 9123.667720966254,
    "MAPE": 0.03417651007757973,
    "ACMAPE": 0.9029115936097993
}