{
    "DOWN": {
        "precision": 0.8074917022285444,
        "recall": 0.4832576617480136,
        "f1-score": 0.6046511627906977,
        "support": 3524.0
    },
    "UP": {
        "precision": 0.10251355347461803,
        "recall": 0.33876221498371334,
        "f1-score": 0.15739689746500188,
        "support": 614.0
    },
    "accuracy": 0.4618173030449492,
    "macro avg": {
        "precision": 0.4550026278515812,
        "recall": 0.41100993836586347,
        "f1-score": 0.3810240301278498,
        "support": 4138.0
    },
    "weighted avg": {
        "precision": 0.7028864380103447,
        "recall": 0.4618173030449492,
        "f1-score": 0.538287190120331,
        "support": 4138.0
    }
}