{
    "DOWN": {
        "precision": 0.7423076923076923,
        "recall": 0.9948453608247423,
        "f1-score": 0.8502202643171807,
        "support": 776.0
    },
    "UP": {
        "precision": 0.5,
        "recall": 0.014705882352941176,
        "f1-score": 0.028571428571428574,
        "support": 272.0
    },
    "accuracy": 0.7404580152671756,
    "macro avg": {
        "precision": 0.6211538461538462,
        "recall": 0.5047756215888417,
        "f1-score": 0.4393958464443046,
        "support": 1048.0
    },
    "weighted avg": {
        "precision": 0.6794186729301234,
        "recall": 0.7404580152671756,
        "f1-score": 0.6369678947343138,
        "support": 1048.0
    }
}