{
    "R2": 0.9853691073490006,
    "RMSE": 132.15881839644186,
    "MSE": 17465.953279943697,
    "MAPE": 0.015032176698101925,
    "ACMAPE": 0.9270493440800763
}