{
    "DOWN": {
        "precision": 0.5416191562143672,
        "recall": 0.9538152610441767,
        "f1-score": 0.6909090909090909,
        "support": 498.0
    },
    "UP": {
        "precision": 0.5818181818181818,
        "recall": 0.07373271889400922,
        "f1-score": 0.130879345603272,
        "support": 434.0
    },
    "accuracy": 0.5439914163090128,
    "macro avg": {
        "precision": 0.5617186690162745,
        "recall": 0.513773989969093,
        "f1-score": 0.41089421825618144,
        "support": 932.0
    },
    "weighted avg": {
        "precision": 0.5603384449612079,
        "recall": 0.5439914163090128,
        "f1-score": 0.4301227073653941,
        "support": 932.0
    }
}