{
    "R2": 0.9771244378974809,
    "RMSE": 283.54059893980957,
    "MSE": 80395.27124714594,
    "MAPE": 0.035770645208736435,
    "ACMAPE": 0.7870933965314878
}