{
    "DOWN": {
        "precision": 0.6968973747016707,
        "recall": 0.6445916114790287,
        "f1-score": 0.6697247706422018,
        "support": 2265.0
    },
    "UP": {
        "precision": 0.3336092715231788,
        "recall": 0.3882466281310212,
        "f1-score": 0.35886019590382906,
        "support": 1038.0
    },
    "accuracy": 0.5640326975476839,
    "macro avg": {
        "precision": 0.5152533231124248,
        "recall": 0.516419119805025,
        "f1-score": 0.5142924832730155,
        "support": 3303.0
    },
    "weighted avg": {
        "precision": 0.5827305411869039,
        "recall": 0.5640326975476839,
        "f1-score": 0.5720325427952654,
        "support": 3303.0
    }
}