{
    "R2": 0.9507708075436906,
    "RMSE": 15.444303689980362,
    "MSE": 238.52651646834104,
    "MAPE": 0.021013809290379368,
    "ACMAPE": 0.7777187901332911
}