{
    "R2": 0.9941492372232242,
    "RMSE": 27.139295567794782,
    "MSE": 736.5413639161255,
    "MAPE": 0.35485233647247433,
    "ACMAPE": 0.9186846718018156
}