{
    "R2": 0.9956499732498667,
    "RMSE": 57.54642238676487,
    "MSE": 3311.5907295159527,
    "MAPE": 0.15865268263849197,
    "ACMAPE": 1.2184239924098017
}