{
    "DOWN": {
        "precision": 0.5904255319148937,
        "recall": 0.7789473684210526,
        "f1-score": 0.6717095310136157,
        "support": 285.0
    },
    "UP": {
        "precision": 0.4793388429752066,
        "recall": 0.27358490566037735,
        "f1-score": 0.3483483483483483,
        "support": 212.0
    },
    "accuracy": 0.5633802816901409,
    "macro avg": {
        "precision": 0.5348821874450501,
        "recall": 0.526266137040715,
        "f1-score": 0.5100289396809821,
        "support": 497.0
    },
    "weighted avg": {
        "precision": 0.5430404654054094,
        "recall": 0.5633802816901409,
        "f1-score": 0.5337767931362783,
        "support": 497.0
    }
}