{
    "DOWN": {
        "precision": 0.5955056179775281,
        "recall": 0.726027397260274,
        "f1-score": 0.654320987654321,
        "support": 73.0
    },
    "UP": {
        "precision": 0.42857142857142855,
        "recall": 0.29411764705882354,
        "f1-score": 0.3488372093023256,
        "support": 51.0
    },
    "accuracy": 0.5483870967741935,
    "macro avg": {
        "precision": 0.5120385232744783,
        "recall": 0.5100725221595488,
        "f1-score": 0.5015790984783233,
        "support": 124.0
    },
    "weighted avg": {
        "precision": 0.526847201366955,
        "recall": 0.5483870967741935,
        "f1-score": 0.5286784659127746,
        "support": 124.0
    }
}