{
    "DOWN": {
        "precision": 0.8,
        "recall": 0.7350835322195705,
        "f1-score": 0.7661691542288558,
        "support": 419.0
    },
    "UP": {
        "precision": 0.4032258064516129,
        "recall": 0.4934210526315789,
        "f1-score": 0.4437869822485207,
        "support": 152.0
    },
    "accuracy": 0.670753064798599,
    "macro avg": {
        "precision": 0.6016129032258064,
        "recall": 0.6142522924255747,
        "f1-score": 0.6049780682386883,
        "support": 571.0
    },
    "weighted avg": {
        "precision": 0.6943788486526186,
        "recall": 0.670753064798599,
        "f1-score": 0.6803511329661397,
        "support": 571.0
    }
}