{
    "R2": 0.9923076802252043,
    "RMSE": 3.143935008974423,
    "MSE": 9.884327340655005,
    "MAPE": 0.02396006027633136,
    "ACMAPE": 0.6824539306791334
}