{
    "DOWN": {
        "precision": 0.6305732484076433,
        "recall": 0.515625,
        "f1-score": 0.5673352435530086,
        "support": 384.0
    },
    "UP": {
        "precision": 0.45614035087719296,
        "recall": 0.5735294117647058,
        "f1-score": 0.50814332247557,
        "support": 272.0
    },
    "accuracy": 0.5396341463414634,
    "macro avg": {
        "precision": 0.5433567996424181,
        "recall": 0.5445772058823529,
        "f1-score": 0.5377392830142893,
        "support": 656.0
    },
    "weighted avg": {
        "precision": 0.558247412846237,
        "recall": 0.5396341463414634,
        "f1-score": 0.5427922518867536,
        "support": 656.0
    }
}