{
    "R2": 0.9652939616642157,
    "RMSE": 36.27042284573526,
    "MSE": 1315.5435734084344,
    "MAPE": 0.016741549314702057,
    "ACMAPE": 0.9374732566317752
}