{
    "R2": 0.9921164115541998,
    "RMSE": 393990.3910118235,
    "MSE": 155228428209.64957,
    "MAPE": 0.02573535265113084,
    "ACMAPE": 1.496297742809303
}