{
    "R2": 0.9408463650712845,
    "RMSE": 3.011423003020072,
    "MSE": 9.068668503118428,
    "MAPE": 0.027166224118594547,
    "ACMAPE": 0.6451266502981989
}