{
    "DOWN": {
        "precision": 0.6185567010309279,
        "recall": 0.02531645569620253,
        "f1-score": 0.048642075395216866,
        "support": 2370.0
    },
    "UP": {
        "precision": 0.4104134762633997,
        "recall": 0.9775075987841946,
        "f1-score": 0.5781053388459464,
        "support": 1645.0
    },
    "accuracy": 0.4154420921544209,
    "macro avg": {
        "precision": 0.5144850886471638,
        "recall": 0.5014120272401985,
        "f1-score": 0.31337370712058166,
        "support": 4015.0
    },
    "weighted avg": {
        "precision": 0.5332775964873204,
        "recall": 0.4154420921544209,
        "f1-score": 0.2655703614167486,
        "support": 4015.0
    }
}