{
    "DOWN": {
        "precision": 0.5,
        "recall": 0.019543973941368076,
        "f1-score": 0.037617554858934164,
        "support": 614.0
    },
    "UP": {
        "precision": 0.38571428571428573,
        "recall": 0.9692307692307692,
        "f1-score": 0.5518248175182482,
        "support": 390.0
    },
    "accuracy": 0.3884462151394422,
    "macro avg": {
        "precision": 0.44285714285714284,
        "recall": 0.49438737158606866,
        "f1-score": 0.29472118618859117,
        "support": 1004.0
    },
    "weighted avg": {
        "precision": 0.4556061468412066,
        "recall": 0.3884462151394422,
        "f1-score": 0.23735941983615774,
        "support": 1004.0
    }
}