{
    "DOWN": {
        "precision": 0.6790123456790124,
        "recall": 0.38869257950530034,
        "f1-score": 0.4943820224719101,
        "support": 566.0
    },
    "UP": {
        "precision": 0.31485148514851485,
        "recall": 0.6045627376425855,
        "f1-score": 0.4140625,
        "support": 263.0
    },
    "accuracy": 0.4571773220747889,
    "macro avg": {
        "precision": 0.4969319154137636,
        "recall": 0.4966276585739429,
        "f1-score": 0.45422226123595505,
        "support": 829.0
    },
    "weighted avg": {
        "precision": 0.5634824224950307,
        "recall": 0.4571773220747889,
        "f1-score": 0.4689006781895068,
        "support": 829.0
    }
}