{
    "R2": 0.9936273992045204,
    "RMSE": 8.019222161930745,
    "MSE": 64.30792408240121,
    "MAPE": 0.027593853462002393,
    "ACMAPE": 1.1132392093124246
}