{
    "DOWN": {
        "precision": 0.5,
        "recall": 0.041379310344827586,
        "f1-score": 0.07643312101910828,
        "support": 145.0
    },
    "UP": {
        "precision": 0.28717948717948716,
        "recall": 0.9032258064516129,
        "f1-score": 0.43579766536964976,
        "support": 62.0
    },
    "accuracy": 0.2995169082125604,
    "macro avg": {
        "precision": 0.3935897435897436,
        "recall": 0.4723025583982202,
        "f1-score": 0.25611539319437904,
        "support": 207.0
    },
    "weighted avg": {
        "precision": 0.4362566579957884,
        "recall": 0.2995169082125604,
        "f1-score": 0.18406887826419802,
        "support": 207.0
    }
}