{
    "DOWN": {
        "precision": 0.9386331938633193,
        "recall": 0.6669970267591675,
        "f1-score": 0.779837775202781,
        "support": 1009.0
    },
    "UP": {
        "precision": 0.08196721311475409,
        "recall": 0.40540540540540543,
        "f1-score": 0.13636363636363635,
        "support": 74.0
    },
    "accuracy": 0.6491228070175439,
    "macro avg": {
        "precision": 0.5103002034890367,
        "recall": 0.5362012160822864,
        "f1-score": 0.45810070578320866,
        "support": 1083.0
    },
    "weighted avg": {
        "precision": 0.8800983069054303,
        "recall": 0.6491228070175439,
        "f1-score": 0.7358700131768375,
        "support": 1083.0
    }
}