{
    "DOWN": {
        "precision": 0.7858627858627859,
        "recall": 0.33167592863410356,
        "f1-score": 0.4664747017688195,
        "support": 3419.0
    },
    "UP": {
        "precision": 0.2098893499308437,
        "recall": 0.6626637554585153,
        "f1-score": 0.3188025210084034,
        "support": 916.0
    },
    "accuracy": 0.4016147635524798,
    "macro avg": {
        "precision": 0.4978760678968148,
        "recall": 0.49716984204630943,
        "f1-score": 0.39263861138861145,
        "support": 4335.0
    },
    "weighted avg": {
        "precision": 0.6641576722956212,
        "recall": 0.4016147635524798,
        "f1-score": 0.43527107603028636,
        "support": 4335.0
    }
}