{
    "R2": 0.9926587082825188,
    "RMSE": 2.7779376158796842,
    "MSE": 7.716937397719305,
    "MAPE": 0.039919031931706886,
    "ACMAPE": 1.2366895048267472
}