{
    "DOWN": {
        "precision": 0.7433155080213903,
        "recall": 0.5443864229765013,
        "f1-score": 0.6284853051996986,
        "support": 766.0
    },
    "UP": {
        "precision": 0.3464419475655431,
        "recall": 0.5623100303951368,
        "f1-score": 0.42873696407879497,
        "support": 329.0
    },
    "accuracy": 0.5497716894977169,
    "macro avg": {
        "precision": 0.5448787277934667,
        "recall": 0.5533482266858191,
        "f1-score": 0.5286111346392468,
        "support": 1095.0
    },
    "weighted avg": {
        "precision": 0.624072219080775,
        "recall": 0.5497716894977169,
        "f1-score": 0.5684695935752445,
        "support": 1095.0
    }
}