{
    "DOWN": {
        "precision": 0.6329606222654351,
        "recall": 0.9566495224099927,
        "f1-score": 0.7618490345231129,
        "support": 1361.0
    },
    "UP": {
        "precision": 0.45871559633027525,
        "recall": 0.062111801242236024,
        "f1-score": 0.10940919037199125,
        "support": 805.0
    },
    "accuracy": 0.6241920590951062,
    "macro avg": {
        "precision": 0.5458381092978553,
        "recall": 0.5093806618261143,
        "f1-score": 0.4356291124475521,
        "support": 2166.0
    },
    "weighted avg": {
        "precision": 0.5682019676588775,
        "recall": 0.6241920590951062,
        "f1-score": 0.5193679290098845,
        "support": 2166.0
    }
}