{
    "DOWN": {
        "precision": 0.7893416927899687,
        "recall": 0.7489589530041642,
        "f1-score": 0.7686202686202687,
        "support": 3362.0
    },
    "UP": {
        "precision": 0.26223776223776224,
        "recall": 0.30864197530864196,
        "f1-score": 0.2835538752362949,
        "support": 972.0
    },
    "accuracy": 0.6502076603599446,
    "macro avg": {
        "precision": 0.5257897275138654,
        "recall": 0.528800464156403,
        "f1-score": 0.5260870719282817,
        "support": 4334.0
    },
    "weighted avg": {
        "precision": 0.6711264134875357,
        "recall": 0.6502076603599446,
        "f1-score": 0.6598328818253397,
        "support": 4334.0
    }
}