{
    "DOWN": {
        "precision": 0.6842105263157895,
        "recall": 0.17410714285714285,
        "f1-score": 0.27758007117437716,
        "support": 224.0
    },
    "UP": {
        "precision": 0.3531468531468531,
        "recall": 0.8487394957983193,
        "f1-score": 0.49876543209876545,
        "support": 119.0
    },
    "accuracy": 0.40816326530612246,
    "macro avg": {
        "precision": 0.5186786897313214,
        "recall": 0.5114233193277311,
        "f1-score": 0.3881727516365713,
        "support": 343.0
    },
    "weighted avg": {
        "precision": 0.5693517009306484,
        "recall": 0.40816326530612246,
        "f1-score": 0.354317849454267,
        "support": 343.0
    }
}