{
    "DOWN": {
        "precision": 0.6014669926650367,
        "recall": 0.7834394904458599,
        "f1-score": 0.6804979253112033,
        "support": 314.0
    },
    "UP": {
        "precision": 0.5802469135802469,
        "recall": 0.3657587548638132,
        "f1-score": 0.4486873508353222,
        "support": 257.0
    },
    "accuracy": 0.5954465849387041,
    "macro avg": {
        "precision": 0.5908569531226417,
        "recall": 0.5745991226548366,
        "f1-score": 0.5645926380732628,
        "support": 571.0
    },
    "weighted avg": {
        "precision": 0.5919160989263484,
        "recall": 0.5954465849387041,
        "f1-score": 0.5761628681478033,
        "support": 571.0
    }
}