{
    "R2": 0.988091160436971,
    "RMSE": 23.949906671867414,
    "MSE": 573.5980295911593,
    "MAPE": 0.09076256404471199,
    "ACMAPE": 0.8092135891016595
}