{
    "DOWN": {
        "precision": 0.90625,
        "recall": 0.014289233801428923,
        "f1-score": 0.02813485326218773,
        "support": 4059.0
    },
    "UP": {
        "precision": 0.04579060338659671,
        "recall": 0.9696969696969697,
        "f1-score": 0.08745160555682077,
        "support": 198.0
    },
    "accuracy": 0.05872680291284942,
    "macro avg": {
        "precision": 0.47602030169329834,
        "recall": 0.4919931017491993,
        "f1-score": 0.05779322940950425,
        "support": 4257.0
    },
    "weighted avg": {
        "precision": 0.8662286327156556,
        "recall": 0.05872680291284942,
        "f1-score": 0.030893771973566016,
        "support": 4257.0
    }
}