{
    "R2": 0.9551152346136115,
    "RMSE": 128.7905747107934,
    "MSE": 16587.012134336455,
    "MAPE": 0.018665898683693498,
    "ACMAPE": 0.7703142503320451
}