{
    "R2": 0.9898601753006837,
    "RMSE": 5.058146173477508,
    "MSE": 25.584842712265157,
    "MAPE": 0.0476327048808594,
    "ACMAPE": 1.2673325894518481
}