{
    "R2": 0.9910163430105952,
    "RMSE": 50.101767370713205,
    "MSE": 2510.1870936690625,
    "MAPE": 0.04803139070991945,
    "ACMAPE": 1.290426523594966
}