{
    "R2": 0.7749168789666931,
    "RMSE": 80.85101634997037,
    "MSE": 6536.886844823174,
    "MAPE": 0.14614324854015645,
    "ACMAPE": 1.2844580339137652
}