{
    "R2": 0.8939731249407852,
    "RMSE": 10.73568722955243,
    "MSE": 115.25498029077514,
    "MAPE": 0.012338944148459532,
    "ACMAPE": 1.3632823403748748
}