{
    "R2": 0.9820982358337359,
    "RMSE": 5.5337143458854,
    "MSE": 30.621994461857884,
    "MAPE": 0.042102006132510424,
    "ACMAPE": 0.7499129993822694
}