{
    "DOWN": {
        "precision": 0.7389344262295082,
        "recall": 0.7953242170269078,
        "f1-score": 0.7660930528999363,
        "support": 2267.0
    },
    "UP": {
        "precision": 0.30849478390462,
        "recall": 0.245260663507109,
        "f1-score": 0.2732673267326733,
        "support": 844.0
    },
    "accuracy": 0.6460945033751205,
    "macro avg": {
        "precision": 0.5237146050670641,
        "recall": 0.5202924402670084,
        "f1-score": 0.5196801898163048,
        "support": 3111.0
    },
    "weighted avg": {
        "precision": 0.622158129822499,
        "recall": 0.6460945033751205,
        "f1-score": 0.6323916987099106,
        "support": 3111.0
    }
}