{
    "R2": 0.9907577709277553,
    "RMSE": 10.678177574703438,
    "MSE": 114.02347631689942,
    "MAPE": 0.060548580393069075,
    "ACMAPE": 1.0270219859892373
}