{
    "DOWN": {
        "precision": 0.7164556962025317,
        "recall": 0.42301943198804187,
        "f1-score": 0.5319548872180452,
        "support": 669.0
    },
    "UP": {
        "precision": 0.3523489932885906,
        "recall": 0.6521739130434783,
        "f1-score": 0.45751633986928103,
        "support": 322.0
    },
    "accuracy": 0.49747729566094856,
    "macro avg": {
        "precision": 0.5344023447455611,
        "recall": 0.53759667251576,
        "f1-score": 0.49473561354366313,
        "support": 991.0
    },
    "weighted avg": {
        "precision": 0.5981485737622804,
        "recall": 0.49747729566094856,
        "f1-score": 0.5077679929230885,
        "support": 991.0
    }
}