{
    "R2": 0.2915913140962778,
    "RMSE": 30.449240262239286,
    "MSE": 927.1562325475741,
    "MAPE": 0.5817964264260048,
    "ACMAPE": 2.581796426426005
}