{
    "DOWN": {
        "precision": 0.6223776223776224,
        "recall": 0.8146453089244852,
        "f1-score": 0.705649157581764,
        "support": 437.0
    },
    "UP": {
        "precision": 0.4807692307692308,
        "recall": 0.25773195876288657,
        "f1-score": 0.3355704697986577,
        "support": 291.0
    },
    "accuracy": 0.592032967032967,
    "macro avg": {
        "precision": 0.5515734265734266,
        "recall": 0.5361886338436859,
        "f1-score": 0.5206098136902109,
        "support": 728.0
    },
    "weighted avg": {
        "precision": 0.5657731691385538,
        "recall": 0.592032967032967,
        "f1-score": 0.5577193524376927,
        "support": 728.0
    }
}