{
    "R2": 0.8689651858758933,
    "RMSE": 35.960158524924374,
    "MSE": 1293.1330011376913,
    "MAPE": 0.05652862544217763,
    "ACMAPE": 1.5773186462321984
}