{
    "DOWN": {
        "precision": 0.0,
        "recall": 0.0,
        "f1-score": 0.0,
        "support": 287.0
    },
    "UP": {
        "precision": 0.40332640332640335,
        "recall": 1.0,
        "f1-score": 0.5748148148148149,
        "support": 194.0
    },
    "accuracy": 0.40332640332640335,
    "macro avg": {
        "precision": 0.20166320166320167,
        "recall": 0.5,
        "f1-score": 0.28740740740740744,
        "support": 481.0
    },
    "weighted avg": {
        "precision": 0.1626721876202126,
        "recall": 0.40332640332640335,
        "f1-score": 0.23183799183799186,
        "support": 481.0
    }
}