{
    "DOWN": {
        "precision": 0.6938775510204082,
        "recall": 0.022941970310391364,
        "f1-score": 0.04441541476159373,
        "support": 1482.0
    },
    "UP": {
        "precision": 0.22773333333333334,
        "recall": 0.9660633484162896,
        "f1-score": 0.36858006042296076,
        "support": 442.0
    },
    "accuracy": 0.2396049896049896,
    "macro avg": {
        "precision": 0.46080544217687075,
        "recall": 0.4945026593633405,
        "f1-score": 0.20649773759227724,
        "support": 1924.0
    },
    "weighted avg": {
        "precision": 0.5867903658760801,
        "recall": 0.2396049896049896,
        "f1-score": 0.11888567119731319,
        "support": 1924.0
    }
}