{
    "R2": 0.9900789803613856,
    "RMSE": 27.763821197384313,
    "MSE": 770.8297674803265,
    "MAPE": 0.08160539214408317,
    "ACMAPE": 1.3566296875765418
}