{
    "R2": 0.9950834915610368,
    "RMSE": 42.880243799672684,
    "MSE": 1838.7153083193678,
    "MAPE": 0.03190150790589492,
    "ACMAPE": 1.0993041807705084
}