{
    "R2": 0.9819709032509396,
    "RMSE": 132.4941129219012,
    "MSE": 17554.68995896151,
    "MAPE": 0.057672982158235526,
    "ACMAPE": 1.2905161194131376
}