{
    "DOWN": {
        "precision": 0.0,
        "recall": 0.0,
        "f1-score": 0.0,
        "support": 501.0
    },
    "UP": {
        "precision": 0.3845208845208845,
        "recall": 0.9936507936507937,
        "f1-score": 0.5544729849424269,
        "support": 315.0
    },
    "accuracy": 0.38357843137254904,
    "macro avg": {
        "precision": 0.19226044226044225,
        "recall": 0.49682539682539684,
        "f1-score": 0.27723649247121346,
        "support": 816.0
    },
    "weighted avg": {
        "precision": 0.14843637086284145,
        "recall": 0.38357843137254904,
        "f1-score": 0.2140428802167457,
        "support": 816.0
    }
}