{
    "R2": 0.9791670011053074,
    "RMSE": 256.3778677601838,
    "MSE": 65729.61107725828,
    "MAPE": 0.3471990398599122,
    "ACMAPE": 1.9097684997398856
}