{
    "R2": -2121.999209102586,
    "RMSE": 307.6283911554675,
    "MSE": 94635.22704490132,
    "MAPE": 5.942920655562762,
    "ACMAPE": 7.83269843334054
}