{
    "DOWN": {
        "precision": 0.6428571428571429,
        "recall": 0.2980132450331126,
        "f1-score": 0.4072398190045249,
        "support": 604.0
    },
    "UP": {
        "precision": 0.3237639553429027,
        "recall": 0.66996699669967,
        "f1-score": 0.4365591397849462,
        "support": 303.0
    },
    "accuracy": 0.422271223814774,
    "macro avg": {
        "precision": 0.4833105491000228,
        "recall": 0.48399012086639126,
        "f1-score": 0.42189947939473554,
        "support": 907.0
    },
    "weighted avg": {
        "precision": 0.5362582059036536,
        "recall": 0.422271223814774,
        "f1-score": 0.41703447633249363,
        "support": 907.0
    }
}