{
    "R2": 0.9947402764531782,
    "RMSE": 23.67218387385984,
    "MSE": 560.3722893578298,
    "MAPE": 0.022919274981959427,
    "ACMAPE": 0.8772986409142539
}