{
    "DOWN": {
        "precision": 0.8428571428571429,
        "recall": 0.31382978723404253,
        "f1-score": 0.4573643410852713,
        "support": 188.0
    },
    "UP": {
        "precision": 0.3645320197044335,
        "recall": 0.8705882352941177,
        "f1-score": 0.513888888888889,
        "support": 85.0
    },
    "accuracy": 0.48717948717948717,
    "macro avg": {
        "precision": 0.6036945812807881,
        "recall": 0.5922090112640801,
        "f1-score": 0.48562661498708015,
        "support": 273.0
    },
    "weighted avg": {
        "precision": 0.6939280752088633,
        "recall": 0.48717948717948717,
        "f1-score": 0.4749635592658848,
        "support": 273.0
    }
}