{
    "DOWN": {
        "precision": 0.7692307692307693,
        "recall": 0.1354679802955665,
        "f1-score": 0.23036649214659688,
        "support": 812.0
    },
    "UP": {
        "precision": 0.36699729486023447,
        "recall": 0.925,
        "f1-score": 0.5255003227888961,
        "support": 440.0
    },
    "accuracy": 0.41293929712460065,
    "macro avg": {
        "precision": 0.5681140320455018,
        "recall": 0.5302339901477833,
        "f1-score": 0.3779334074677465,
        "support": 1252.0
    },
    "weighted avg": {
        "precision": 0.6278707622634887,
        "recall": 0.41293929712460065,
        "f1-score": 0.33408764668542407,
        "support": 1252.0
    }
}