{
    "R2": 0.9383484444517068,
    "RMSE": 41.885264967966776,
    "MSE": 1754.3754214367848,
    "MAPE": 0.027090007287727248,
    "ACMAPE": 0.8312675529796333
}