{
    "R2": 0.9797114984688801,
    "RMSE": 27.92718445501114,
    "MSE": 779.9276315842159,
    "MAPE": 0.06996626322602426,
    "ACMAPE": 1.2296732229329839
}