{
    "DOWN": {
        "precision": 0.8987226277372263,
        "recall": 0.4008954008954009,
        "f1-score": 0.5544610188573037,
        "support": 2457.0
    },
    "UP": {
        "precision": 0.09914320685434516,
        "recall": 0.5934065934065934,
        "f1-score": 0.16990036706869427,
        "support": 273.0
    },
    "accuracy": 0.42014652014652015,
    "macro avg": {
        "precision": 0.49893291729578576,
        "recall": 0.49715099715099714,
        "f1-score": 0.362180692962999,
        "support": 2730.0
    },
    "weighted avg": {
        "precision": 0.8187646856489382,
        "recall": 0.42014652014652015,
        "f1-score": 0.5160049536784427,
        "support": 2730.0
    }
}