{
    "R2": 0.3851030847257524,
    "RMSE": 70.8355223385679,
    "MSE": 5017.671224977752,
    "MAPE": 0.09342462747130771,
    "ACMAPE": 0.4394656831897827
}