{
    "DOWN": {
        "precision": 0.6728971962616822,
        "recall": 0.47058823529411764,
        "f1-score": 0.5538461538461539,
        "support": 153.0
    },
    "UP": {
        "precision": 0.36220472440944884,
        "recall": 0.5679012345679012,
        "f1-score": 0.4423076923076923,
        "support": 81.0
    },
    "accuracy": 0.5042735042735043,
    "macro avg": {
        "precision": 0.5175509603355655,
        "recall": 0.5192447349310094,
        "f1-score": 0.4980769230769231,
        "support": 234.0
    },
    "weighted avg": {
        "precision": 0.565349802158986,
        "recall": 0.5042735042735043,
        "f1-score": 0.5152366863905327,
        "support": 234.0
    }
}