{
    "R2": 0.9871287390716659,
    "RMSE": 220.80805096348976,
    "MSE": 48756.19537029509,
    "MAPE": 0.03367082185249174,
    "ACMAPE": 1.2386756341720297
}