{
    "DOWN": {
        "precision": 0.6089743589743589,
        "recall": 0.3011093502377179,
        "f1-score": 0.4029692470837752,
        "support": 631.0
    },
    "UP": {
        "precision": 0.3287671232876712,
        "recall": 0.6390532544378699,
        "f1-score": 0.43417085427135677,
        "support": 338.0
    },
    "accuracy": 0.41898864809081526,
    "macro avg": {
        "precision": 0.46887074113101507,
        "recall": 0.4700813023377939,
        "f1-score": 0.418570050677566,
        "support": 969.0
    },
    "weighted avg": {
        "precision": 0.5112343737709529,
        "recall": 0.41898864809081526,
        "f1-score": 0.41385277982825663,
        "support": 969.0
    }
}