{
    "DOWN": {
        "precision": 0.7222222222222222,
        "recall": 0.26174496644295303,
        "f1-score": 0.3842364532019704,
        "support": 149.0
    },
    "UP": {
        "precision": 0.4148936170212766,
        "recall": 0.8387096774193549,
        "f1-score": 0.5551601423487544,
        "support": 93.0
    },
    "accuracy": 0.4834710743801653,
    "macro avg": {
        "precision": 0.5685579196217494,
        "recall": 0.550227321931154,
        "f1-score": 0.46969829777536243,
        "support": 242.0
    },
    "weighted avg": {
        "precision": 0.6041166012152472,
        "recall": 0.4834710743801653,
        "f1-score": 0.44992200316333786,
        "support": 242.0
    }
}