{
    "R2": 0.9635611196321673,
    "RMSE": 11.291553574048606,
    "MSE": 127.49918211560986,
    "MAPE": 0.08465065530489338,
    "ACMAPE": 0.8596917062080132
}