{
    "DOWN": {
        "precision": 0.761608623548922,
        "recall": 0.995124593716143,
        "f1-score": 0.8628464067637388,
        "support": 1846.0
    },
    "UP": {
        "precision": 0.625,
        "recall": 0.025423728813559324,
        "f1-score": 0.04885993485342019,
        "support": 590.0
    },
    "accuracy": 0.7602627257799671,
    "macro avg": {
        "precision": 0.6933043117744611,
        "recall": 0.5102741612648511,
        "f1-score": 0.4558531708085795,
        "support": 2436.0
    },
    "weighted avg": {
        "precision": 0.7285219700621142,
        "recall": 0.7602627257799671,
        "f1-score": 0.6656986159480213,
        "support": 2436.0
    }
}