{
    "DOWN": {
        "precision": 0.5652173913043478,
        "recall": 0.022033898305084745,
        "f1-score": 0.04241435562805873,
        "support": 590.0
    },
    "UP": {
        "precision": 0.42927794263105834,
        "recall": 0.9774774774774775,
        "f1-score": 0.5965635738831615,
        "support": 444.0
    },
    "accuracy": 0.4323017408123791,
    "macro avg": {
        "precision": 0.49724766696770306,
        "recall": 0.4997556878912811,
        "f1-score": 0.3194889647556101,
        "support": 1034.0
    },
    "weighted avg": {
        "precision": 0.5068449394562429,
        "recall": 0.4323017408123791,
        "f1-score": 0.2803662443178707,
        "support": 1034.0
    }
}