{
    "DOWN": {
        "precision": 0.6601941747572816,
        "recall": 0.17708333333333334,
        "f1-score": 0.27926078028747436,
        "support": 384.0
    },
    "UP": {
        "precision": 0.3654618473895582,
        "recall": 0.8387096774193549,
        "f1-score": 0.5090909090909091,
        "support": 217.0
    },
    "accuracy": 0.415973377703827,
    "macro avg": {
        "precision": 0.5128280110734199,
        "recall": 0.5078965053763441,
        "f1-score": 0.39417584468919176,
        "support": 601.0
    },
    "weighted avg": {
        "precision": 0.5537766788524631,
        "recall": 0.415973377703827,
        "f1-score": 0.36224437088705064,
        "support": 601.0
    }
}