{
    "DOWN": {
        "precision": 0.7680722891566265,
        "recall": 0.4719309068476249,
        "f1-score": 0.584638899503248,
        "support": 1621.0
    },
    "UP": {
        "precision": 0.19169027384324835,
        "recall": 0.46774193548387094,
        "f1-score": 0.27193569993302075,
        "support": 434.0
    },
    "accuracy": 0.4710462287104623,
    "macro avg": {
        "precision": 0.4798812814999374,
        "recall": 0.4698364211657479,
        "f1-score": 0.4282872997181344,
        "support": 2055.0
    },
    "weighted avg": {
        "precision": 0.6463448951683023,
        "recall": 0.4710462287104623,
        "f1-score": 0.5185984184261294,
        "support": 2055.0
    }
}