{
    "DOWN": {
        "precision": 0.5322245322245323,
        "recall": 0.924187725631769,
        "f1-score": 0.6754617414248022,
        "support": 277.0
    },
    "UP": {
        "precision": 0.36363636363636365,
        "recall": 0.05063291139240506,
        "f1-score": 0.08888888888888889,
        "support": 237.0
    },
    "accuracy": 0.5214007782101168,
    "macro avg": {
        "precision": 0.44793044793044795,
        "recall": 0.48741031851208705,
        "f1-score": 0.38217531515684555,
        "support": 514.0
    },
    "weighted avg": {
        "precision": 0.4544902988482755,
        "recall": 0.5214007782101168,
        "f1-score": 0.40499916155902116,
        "support": 514.0
    }
}