{
    "R2": 0.994150434575609,
    "RMSE": 85.17090983389951,
    "MSE": 7254.083881934241,
    "MAPE": 0.11546014218498642,
    "ACMAPE": 1.545745719338814
}