{
    "R2": 0.9969594998593213,
    "RMSE": 67.9434230031069,
    "MSE": 4616.308729379115,
    "MAPE": 0.01984647826060429,
    "ACMAPE": 1.2493942863379255
}