{
    "R2": 0.9334688182022495,
    "RMSE": 71.36285812977015,
    "MSE": 5092.657520449701,
    "MAPE": 0.018530299737114335,
    "ACMAPE": 1.0846460022164532
}