{
    "DOWN": {
        "precision": 0.6937984496124031,
        "recall": 0.521865889212828,
        "f1-score": 0.5956738768718802,
        "support": 686.0
    },
    "UP": {
        "precision": 0.372848948374761,
        "recall": 0.5524079320113314,
        "f1-score": 0.4452054794520548,
        "support": 353.0
    },
    "accuracy": 0.5322425409047161,
    "macro avg": {
        "precision": 0.5333236989935821,
        "recall": 0.5371369106120797,
        "f1-score": 0.5204396781619676,
        "support": 1039.0
    },
    "weighted avg": {
        "precision": 0.584755933792492,
        "recall": 0.5322425409047161,
        "f1-score": 0.544552275053595,
        "support": 1039.0
    }
}