{
    "DOWN": {
        "precision": 0.6642857142857143,
        "recall": 0.4744897959183674,
        "f1-score": 0.5535714285714287,
        "support": 196.0
    },
    "UP": {
        "precision": 0.4245810055865922,
        "recall": 0.6178861788617886,
        "f1-score": 0.5033112582781456,
        "support": 123.0
    },
    "accuracy": 0.5297805642633229,
    "macro avg": {
        "precision": 0.5444333599361533,
        "recall": 0.546187987390078,
        "f1-score": 0.5284413434247872,
        "support": 319.0
    },
    "weighted avg": {
        "precision": 0.5718603877340152,
        "recall": 0.5297805642633229,
        "f1-score": 0.5341921152608524,
        "support": 319.0
    }
}