{
    "R2": 0.5792295506002754,
    "RMSE": 10.33978835900841,
    "MSE": 106.91122330908581,
    "MAPE": 0.033513026683817934,
    "ACMAPE": 1.3085130266838179
}