{
    "DOWN": {
        "precision": 0.6677785190126752,
        "recall": 0.985236220472441,
        "f1-score": 0.796023856858847,
        "support": 1016.0
    },
    "UP": {
        "precision": 0.5945945945945946,
        "recall": 0.04230769230769231,
        "f1-score": 0.07899461400359067,
        "support": 520.0
    },
    "accuracy": 0.666015625,
    "macro avg": {
        "precision": 0.6311865568036349,
        "recall": 0.5137719563900667,
        "f1-score": 0.43750923543121883,
        "support": 1536.0
    },
    "weighted avg": {
        "precision": 0.6430027112669708,
        "recall": 0.666015625,
        "f1-score": 0.5532795819338904,
        "support": 1536.0
    }
}