{
    "R2": 0.609813902860272,
    "RMSE": 58.57394649224666,
    "MSE": 3430.9072076765747,
    "MAPE": 0.045055859431507694,
    "ACMAPE": 0.7585975260981744
}