{
    "R2": 0.9763689069326671,
    "RMSE": 11.707413289256449,
    "MSE": 137.06352592545852,
    "MAPE": 0.050349870721477105,
    "ACMAPE": 1.01116758792761
}