{
    "R2": 0.8260490228953968,
    "RMSE": 17.53259871791798,
    "MSE": 307.3920178035392,
    "MAPE": 0.23157058047852128,
    "ACMAPE": 1.6433352863608741
}