{
    "R2": 0.996273366333445,
    "RMSE": 87.17963722930335,
    "MSE": 7600.289147432936,
    "MAPE": 0.1482194891970206,
    "ACMAPE": 1.282547847405976
}