{
    "R2": -3.6602737596123402,
    "RMSE": 10.76689618275383,
    "MSE": 115.926053410199,
    "MAPE": 0.1798901441849723,
    "ACMAPE": 0.38020810920881964
}