{
    "R2": 0.9634945764717545,
    "RMSE": 8.722249420452151,
    "MSE": 76.0776349525779,
    "MAPE": 0.043272466527611214,
    "ACMAPE": 0.8457525373867787
}