{
    "R2": 0.9943871082667243,
    "RMSE": 28.355362305099106,
    "MSE": 804.0265714534354,
    "MAPE": 0.03818859761846093,
    "ACMAPE": 0.8592808763378582
}