{
    "DOWN": {
        "precision": 0.6366501575866726,
        "recall": 0.8332351208014143,
        "f1-score": 0.7217968351199592,
        "support": 1697.0
    },
    "UP": {
        "precision": 0.347926267281106,
        "recall": 0.15762004175365343,
        "f1-score": 0.21695402298850575,
        "support": 958.0
    },
    "accuracy": 0.5894538606403014,
    "macro avg": {
        "precision": 0.4922882124338893,
        "recall": 0.49542758127753384,
        "f1-score": 0.46937542905423246,
        "support": 2655.0
    },
    "weighted avg": {
        "precision": 0.5324703131750972,
        "recall": 0.5894538606403014,
        "f1-score": 0.5396350972585912,
        "support": 2655.0
    }
}