{
    "DOWN": {
        "precision": 0.6742081447963801,
        "recall": 1.0,
        "f1-score": 0.8054054054054054,
        "support": 447.0
    },
    "UP": {
        "precision": 0.0,
        "recall": 0.0,
        "f1-score": 0.0,
        "support": 216.0
    },
    "accuracy": 0.6742081447963801,
    "macro avg": {
        "precision": 0.33710407239819007,
        "recall": 0.5,
        "f1-score": 0.4027027027027027,
        "support": 663.0
    },
    "weighted avg": {
        "precision": 0.4545566225097767,
        "recall": 0.6742081447963801,
        "f1-score": 0.5430108841873548,
        "support": 663.0
    }
}