{
    "R2": 0.7868137243027845,
    "RMSE": 10.335725976513658,
    "MSE": 106.82723146157922,
    "MAPE": 0.11943789567052075,
    "ACMAPE": 0.7710216060777605
}