{
    "DOWN": {
        "precision": 0.6064814814814815,
        "recall": 1.0,
        "f1-score": 0.7550432276657061,
        "support": 131.0
    },
    "UP": {
        "precision": 1.0,
        "recall": 0.011627906976744186,
        "f1-score": 0.022988505747126436,
        "support": 86.0
    },
    "accuracy": 0.6082949308755761,
    "macro avg": {
        "precision": 0.8032407407407407,
        "recall": 0.5058139534883721,
        "f1-score": 0.38901586670641625,
        "support": 217.0
    },
    "weighted avg": {
        "precision": 0.7624381293736132,
        "recall": 0.6082949308755761,
        "f1-score": 0.464920158149587,
        "support": 217.0
    }
}