{
    "DOWN": {
        "precision": 0.7158590308370044,
        "recall": 0.5015432098765432,
        "f1-score": 0.58983666061706,
        "support": 648.0
    },
    "UP": {
        "precision": 0.22355769230769232,
        "recall": 0.4189189189189189,
        "f1-score": 0.2915360501567398,
        "support": 222.0
    },
    "accuracy": 0.4804597701149425,
    "macro avg": {
        "precision": 0.46970836157234835,
        "recall": 0.4602310643977311,
        "f1-score": 0.4406863553868999,
        "support": 870.0
    },
    "weighted avg": {
        "precision": 0.5902373099709041,
        "recall": 0.4804597701149425,
        "f1-score": 0.5137185738099438,
        "support": 870.0
    }
}