{
    "R2": 0.9102159147976187,
    "RMSE": 9.73886393513381,
    "MSE": 94.84547074705002,
    "MAPE": 0.03186774419799065,
    "ACMAPE": 1.2532417899995174
}