{
    "DOWN": {
        "precision": 1.0,
        "recall": 0.006622516556291391,
        "f1-score": 0.013157894736842105,
        "support": 302.0
    },
    "UP": {
        "precision": 0.33774834437086093,
        "recall": 1.0,
        "f1-score": 0.504950495049505,
        "support": 153.0
    },
    "accuracy": 0.34065934065934067,
    "macro avg": {
        "precision": 0.6688741721854304,
        "recall": 0.5033112582781457,
        "f1-score": 0.25905419489317355,
        "support": 455.0
    },
    "weighted avg": {
        "precision": 0.7773087839313004,
        "recall": 0.34065934065934067,
        "f1-score": 0.17852991198483642,
        "support": 455.0
    }
}