{
    "R2": 0.9888719533026012,
    "RMSE": 9.293602311707378,
    "MSE": 86.37104392817271,
    "MAPE": 0.018003166211479682,
    "ACMAPE": 1.2084793566876701
}