{
    "R2": 0.715158531414912,
    "RMSE": 7.985589396931954,
    "MSE": 63.76963801639205,
    "MAPE": 0.013555784851414341,
    "ACMAPE": 1.224440138592911
}