{
    "DOWN": {
        "precision": 0.8367346938775511,
        "recall": 0.1264131551901336,
        "f1-score": 0.2196428571428571,
        "support": 973.0
    },
    "UP": {
        "precision": 0.2863140218303946,
        "recall": 0.9342465753424658,
        "f1-score": 0.4383033419023136,
        "support": 365.0
    },
    "accuracy": 0.34678624813153963,
    "macro avg": {
        "precision": 0.5615243578539728,
        "recall": 0.5303298652662997,
        "f1-score": 0.32897309952258535,
        "support": 1338.0
    },
    "weighted avg": {
        "precision": 0.6865825673474972,
        "recall": 0.34678624813153963,
        "f1-score": 0.27929239147559376,
        "support": 1338.0
    }
}