{
    "R2": 0.9400945684173605,
    "RMSE": 7.957488871453932,
    "MSE": 63.32162913931317,
    "MAPE": 0.06561695897803493,
    "ACMAPE": 1.422759816120892
}