{
    "DOWN": {
        "precision": 0.75,
        "recall": 0.03389830508474576,
        "f1-score": 0.06486486486486487,
        "support": 354.0
    },
    "UP": {
        "precision": 0.37362637362637363,
        "recall": 0.9807692307692307,
        "f1-score": 0.5411140583554376,
        "support": 208.0
    },
    "accuracy": 0.38434163701067614,
    "macro avg": {
        "precision": 0.5618131868131868,
        "recall": 0.5073337679269883,
        "f1-score": 0.3029894616101512,
        "support": 562.0
    },
    "weighted avg": {
        "precision": 0.6107015760040672,
        "recall": 0.38434163701067614,
        "f1-score": 0.2411279115660021,
        "support": 562.0
    }
}