{
    "R2": 0.5033197637849007,
    "RMSE": 47.465658217940835,
    "MSE": 2252.988710062374,
    "MAPE": 0.12539454397338637,
    "ACMAPE": 1.3075374011162435
}