{
    "R2": -0.8872359903668807,
    "RMSE": 1.1176117720835286,
    "MSE": 1.2490560730996851,
    "MAPE": 0.02109593545530399,
    "ACMAPE": 0.09102600538537399
}