{
    "DOWN": {
        "precision": 0.7185185185185186,
        "recall": 0.9603960396039604,
        "f1-score": 0.8220338983050848,
        "support": 404.0
    },
    "UP": {
        "precision": 0.5151515151515151,
        "recall": 0.10059171597633136,
        "f1-score": 0.16831683168316833,
        "support": 169.0
    },
    "accuracy": 0.7068062827225131,
    "macro avg": {
        "precision": 0.6168350168350168,
        "recall": 0.5304938777901459,
        "f1-score": 0.49517536499412657,
        "support": 573.0
    },
    "weighted avg": {
        "precision": 0.658537674593521,
        "recall": 0.7068062827225131,
        "f1-score": 0.629227294013455,
        "support": 573.0
    }
}