{
    "DOWN": {
        "precision": 0.6415929203539823,
        "recall": 0.3172866520787746,
        "f1-score": 0.424597364568082,
        "support": 457.0
    },
    "UP": {
        "precision": 0.391812865497076,
        "recall": 0.7127659574468085,
        "f1-score": 0.5056603773584906,
        "support": 282.0
    },
    "accuracy": 0.46820027063599456,
    "macro avg": {
        "precision": 0.5167028929255292,
        "recall": 0.5150263047627915,
        "f1-score": 0.46512887096328626,
        "support": 739.0
    },
    "weighted avg": {
        "precision": 0.5462776626142698,
        "recall": 0.46820027063599456,
        "f1-score": 0.4555307469860728,
        "support": 739.0
    }
}