{
    "DOWN": {
        "precision": 0.6966292134831461,
        "recall": 0.992,
        "f1-score": 0.8184818481848185,
        "support": 125.0
    },
    "UP": {
        "precision": 0.8571428571428571,
        "recall": 0.1,
        "f1-score": 0.17910447761194032,
        "support": 60.0
    },
    "accuracy": 0.7027027027027027,
    "macro avg": {
        "precision": 0.7768860353130016,
        "recall": 0.546,
        "f1-score": 0.4987931628983794,
        "support": 185.0
    },
    "weighted avg": {
        "precision": 0.7486876925079173,
        "recall": 0.7027027027027027,
        "f1-score": 0.6111162144855067,
        "support": 185.0
    }
}