{
    "DOWN": {
        "precision": 0.587958607714017,
        "recall": 0.9936406995230525,
        "f1-score": 0.7387706855791963,
        "support": 629.0
    },
    "UP": {
        "precision": 0.42857142857142855,
        "recall": 0.006802721088435374,
        "f1-score": 0.01339285714285714,
        "support": 441.0
    },
    "accuracy": 0.5869158878504673,
    "macro avg": {
        "precision": 0.5082650181427227,
        "recall": 0.5002217103057439,
        "f1-score": 0.3760817713610267,
        "support": 1070.0
    },
    "weighted avg": {
        "precision": 0.5222672563103894,
        "recall": 0.5869158878504673,
        "f1-score": 0.4398065525507612,
        "support": 1070.0
    }
}