{
    "R2": 0.9939022582789645,
    "RMSE": 25.219987105556488,
    "MSE": 636.0477496044355,
    "MAPE": 0.1263222113744655,
    "ACMAPE": 0.7753999606156516
}