{
    "R2": 0.9933998805137205,
    "RMSE": 4.705084262847456,
    "MSE": 22.13781792049479,
    "MAPE": 0.1306335090154544,
    "ACMAPE": 1.788324916180053
}