{
    "DOWN": {
        "precision": 0.6987951807228916,
        "recall": 0.02195306585919758,
        "f1-score": 0.042568807339449545,
        "support": 2642.0
    },
    "UP": {
        "precision": 0.32497387669801464,
        "recall": 0.9802994483845547,
        "f1-score": 0.48813027270943693,
        "support": 1269.0
    },
    "accuracy": 0.33290718486320636,
    "macro avg": {
        "precision": 0.5118845287104531,
        "recall": 0.5011262571218762,
        "f1-score": 0.2653495400244432,
        "support": 3911.0
    },
    "weighted avg": {
        "precision": 0.5775015896189364,
        "recall": 0.33290718486320636,
        "f1-score": 0.1871398887903608,
        "support": 3911.0
    }
}