{
    "R2": 0.9636978045952591,
    "RMSE": 3.9221642374435035,
    "MSE": 15.383372305480778,
    "MAPE": 0.019694667424213382,
    "ACMAPE": 1.3260009737305196
}