{
    "R2": 0.9961314177102988,
    "RMSE": 82.42492082352041,
    "MSE": 6793.867572763609,
    "MAPE": 0.026875854445762782,
    "ACMAPE": 1.054822391505301
}