{
    "DOWN": {
        "precision": 0.8290598290598291,
        "recall": 0.3362218370883882,
        "f1-score": 0.4784217016029593,
        "support": 577.0
    },
    "UP": {
        "precision": 0.34974533106960953,
        "recall": 0.8373983739837398,
        "f1-score": 0.49341317365269466,
        "support": 246.0
    },
    "accuracy": 0.48602673147023084,
    "macro avg": {
        "precision": 0.5894025800647194,
        "recall": 0.586810105536064,
        "f1-score": 0.485917437627827,
        "support": 823.0
    },
    "weighted avg": {
        "precision": 0.6857896388950733,
        "recall": 0.48602673147023084,
        "f1-score": 0.4829027491415193,
        "support": 823.0
    }
}