{
    "R2": 0.9035826528388294,
    "RMSE": 40.920932651129355,
    "MSE": 1674.5227290382645,
    "MAPE": 0.05199682268171061,
    "ACMAPE": 1.2073366285069533
}