{
    "R2": 0.9741088658689525,
    "RMSE": 12.938333722834262,
    "MSE": 167.4004795234303,
    "MAPE": 0.014559214052942332,
    "ACMAPE": 0.9057156766379765
}