{
    "DOWN": {
        "precision": 0.639344262295082,
        "recall": 0.6428571428571429,
        "f1-score": 0.641095890410959,
        "support": 182.0
    },
    "UP": {
        "precision": 0.4144144144144144,
        "recall": 0.4107142857142857,
        "f1-score": 0.41255605381165916,
        "support": 112.0
    },
    "accuracy": 0.5544217687074829,
    "macro avg": {
        "precision": 0.5268793383547482,
        "recall": 0.5267857142857143,
        "f1-score": 0.5268259721113091,
        "support": 294.0
    },
    "weighted avg": {
        "precision": 0.5536567011976847,
        "recall": 0.5544217687074829,
        "f1-score": 0.5540330955159877,
        "support": 294.0
    }
}