{
    "R2": 0.9770326204661284,
    "RMSE": 35.35772985063822,
    "MSE": 1250.169060190713,
    "MAPE": 0.12501227790312536,
    "ACMAPE": 1.6287643960343283
}