{
    "DOWN": {
        "precision": 0.6666666666666666,
        "recall": 0.016602809706257982,
        "f1-score": 0.032398753894081,
        "support": 3132.0
    },
    "UP": {
        "precision": 0.24006908462867013,
        "recall": 0.973973973973974,
        "f1-score": 0.38519398258115606,
        "support": 999.0
    },
    "accuracy": 0.24812394093439846,
    "macro avg": {
        "precision": 0.4533678756476684,
        "recall": 0.49528839184011597,
        "f1-score": 0.20879636823761852,
        "support": 4131.0
    },
    "weighted avg": {
        "precision": 0.563502545520223,
        "recall": 0.24812394093439846,
        "f1-score": 0.11771524710598803,
        "support": 4131.0
    }
}