{
    "DOWN": {
        "precision": 0.782608695652174,
        "recall": 0.6428571428571429,
        "f1-score": 0.7058823529411765,
        "support": 56.0
    },
    "UP": {
        "precision": 0.3103448275862069,
        "recall": 0.47368421052631576,
        "f1-score": 0.375,
        "support": 19.0
    },
    "accuracy": 0.6,
    "macro avg": {
        "precision": 0.5464767616191905,
        "recall": 0.5582706766917294,
        "f1-score": 0.5404411764705883,
        "support": 75.0
    },
    "weighted avg": {
        "precision": 0.6629685157421289,
        "recall": 0.6,
        "f1-score": 0.6220588235294118,
        "support": 75.0
    }
}