{
    "R2": 0.9743234227209331,
    "RMSE": 20.102268833305253,
    "MSE": 404.1012122464757,
    "MAPE": 0.04883988567441217,
    "ACMAPE": 0.4234476578202003
}