{
    "DOWN": {
        "precision": 0.8638535031847133,
        "recall": 0.9252416145537237,
        "f1-score": 0.8934943727696953,
        "support": 3518.0
    },
    "UP": {
        "precision": 0.2986666666666667,
        "recall": 0.1792,
        "f1-score": 0.22400000000000003,
        "support": 625.0
    },
    "accuracy": 0.812696113927106,
    "macro avg": {
        "precision": 0.58126008492569,
        "recall": 0.5522208072768618,
        "f1-score": 0.5587471863848477,
        "support": 4143.0
    },
    "weighted avg": {
        "precision": 0.7785911877553675,
        "recall": 0.812696113927106,
        "f1-score": 0.7924965492164586,
        "support": 4143.0
    }
}