{
    "DOWN": {
        "precision": 0.6111111111111112,
        "recall": 0.5620437956204379,
        "f1-score": 0.585551330798479,
        "support": 137.0
    },
    "UP": {
        "precision": 0.5275590551181102,
        "recall": 0.5775862068965517,
        "f1-score": 0.551440329218107,
        "support": 116.0
    },
    "accuracy": 0.5691699604743083,
    "macro avg": {
        "precision": 0.5693350831146107,
        "recall": 0.5698150012584948,
        "f1-score": 0.568495830008293,
        "support": 253.0
    },
    "weighted avg": {
        "precision": 0.5728026585609606,
        "recall": 0.5691699604743083,
        "f1-score": 0.5699115039869251,
        "support": 253.0
    }
}