{
    "DOWN": {
        "precision": 0.8484848484848485,
        "recall": 0.1696969696969697,
        "f1-score": 0.2828282828282828,
        "support": 660.0
    },
    "UP": {
        "precision": 0.2892347600518807,
        "recall": 0.9176954732510288,
        "f1-score": 0.43984220907297833,
        "support": 243.0
    },
    "accuracy": 0.3709856035437431,
    "macro avg": {
        "precision": 0.5688598042683646,
        "recall": 0.5436962214739993,
        "f1-score": 0.3613352459506306,
        "support": 903.0
    },
    "weighted avg": {
        "precision": 0.6979889775111927,
        "recall": 0.3709856035437431,
        "f1-score": 0.32508119985758627,
        "support": 903.0
    }
}