{
    "DOWN": {
        "precision": 0.8736842105263158,
        "recall": 0.42718740538904026,
        "f1-score": 0.5738104920699472,
        "support": 3303.0
    },
    "UP": {
        "precision": 0.05162907268170426,
        "recall": 0.3355048859934853,
        "f1-score": 0.0894874022589053,
        "support": 307.0
    },
    "accuracy": 0.4193905817174515,
    "macro avg": {
        "precision": 0.46265664160401004,
        "recall": 0.3813461456912628,
        "f1-score": 0.3316489471644262,
        "support": 3610.0
    },
    "weighted avg": {
        "precision": 0.8037753663938239,
        "recall": 0.4193905817174515,
        "f1-score": 0.5326229052079001,
        "support": 3610.0
    }
}