{
    "R2": 0.9942937310391227,
    "RMSE": 22.837349886896195,
    "MSE": 521.5445498565177,
    "MAPE": 0.02782696372053337,
    "ACMAPE": 0.8404851915686345
}