{
    "R2": 0.8722698214561085,
    "RMSE": 11.943008842771297,
    "MSE": 142.6354602185134,
    "MAPE": 0.04678886074617732,
    "ACMAPE": 1.2549106881573446
}