{
    "DOWN": {
        "precision": 0.6864406779661016,
        "recall": 0.1148936170212766,
        "f1-score": 0.19684082624544347,
        "support": 705.0
    },
    "UP": {
        "precision": 0.09037900874635568,
        "recall": 0.6262626262626263,
        "f1-score": 0.15796178343949047,
        "support": 99.0
    },
    "accuracy": 0.17786069651741293,
    "macro avg": {
        "precision": 0.38840984335622863,
        "recall": 0.3705781216419515,
        "f1-score": 0.17740130484246697,
        "support": 804.0
    },
    "weighted avg": {
        "precision": 0.6130450246666553,
        "recall": 0.17786069651741293,
        "f1-score": 0.19205348142232237,
        "support": 804.0
    }
}