{
    "R2": 0.9914524987121097,
    "RMSE": 16.13957914100038,
    "MSE": 260.48601484861456,
    "MAPE": 0.021368039885355974,
    "ACMAPE": 1.2314744228640795
}