{
    "DOWN": {
        "precision": 0.736046511627907,
        "recall": 0.735191637630662,
        "f1-score": 0.7356188262638002,
        "support": 861.0
    },
    "UP": {
        "precision": 0.27848101265822783,
        "recall": 0.27936507936507937,
        "f1-score": 0.2789223454833597,
        "support": 315.0
    },
    "accuracy": 0.6130952380952381,
    "macro avg": {
        "precision": 0.5072637621430675,
        "recall": 0.5072783584978706,
        "f1-score": 0.50727058587358,
        "support": 1176.0
    },
    "weighted avg": {
        "precision": 0.6134843244038858,
        "recall": 0.6130952380952381,
        "f1-score": 0.6132894117690393,
        "support": 1176.0
    }
}