{
    "DOWN": {
        "precision": 0.7137931034482758,
        "recall": 0.9857142857142858,
        "f1-score": 0.828,
        "support": 210.0
    },
    "UP": {
        "precision": 0.25,
        "recall": 0.011904761904761904,
        "f1-score": 0.022727272727272724,
        "support": 84.0
    },
    "accuracy": 0.7074829931972789,
    "macro avg": {
        "precision": 0.4818965517241379,
        "recall": 0.4988095238095238,
        "f1-score": 0.42536363636363633,
        "support": 294.0
    },
    "weighted avg": {
        "precision": 0.58128078817734,
        "recall": 0.7074829931972789,
        "f1-score": 0.5979220779220779,
        "support": 294.0
    }
}