{
    "R2": 0.8704934770042039,
    "RMSE": 10.857438436485431,
    "MSE": 117.8839694020712,
    "MAPE": 0.011408828596919695,
    "ACMAPE": 1.203716520904612
}