{
    "DOWN": {
        "precision": 0.9792349726775956,
        "recall": 0.44543872731792195,
        "f1-score": 0.6123355544165384,
        "support": 4023.0
    },
    "UP": {
        "precision": 0.018909410729991204,
        "recall": 0.5308641975308642,
        "f1-score": 0.03651804670912951,
        "support": 81.0
    },
    "accuracy": 0.44712475633528265,
    "macro avg": {
        "precision": 0.4990721917037934,
        "recall": 0.4881514624243931,
        "f1-score": 0.32442680056283396,
        "support": 4104.0
    },
    "weighted avg": {
        "precision": 0.9602811786917876,
        "recall": 0.44712475633528265,
        "f1-score": 0.6009707351854712,
        "support": 4104.0
    }
}