{
    "R2": 0.9971135175627225,
    "RMSE": 93.96227413546187,
    "MSE": 8828.908960707688,
    "MAPE": 0.044330785971203726,
    "ACMAPE": 1.1500812733006383
}