{
    "DOWN": {
        "precision": 0.6515523788251061,
        "recall": 0.9996572995202193,
        "f1-score": 0.7889114266396213,
        "support": 2918.0
    },
    "UP": {
        "precision": 0.5,
        "recall": 0.0006406149903907751,
        "f1-score": 0.0012795905310300701,
        "support": 1561.0
    },
    "accuracy": 0.6514847064076803,
    "macro avg": {
        "precision": 0.575776189412553,
        "recall": 0.5001489572553051,
        "f1-score": 0.3950955085853257,
        "support": 4479.0
    },
    "weighted avg": {
        "precision": 0.5987340570242597,
        "recall": 0.6514847064076803,
        "f1-score": 0.5144096860355778,
        "support": 4479.0
    }
}