{
    "R2": 0.9805684841269616,
    "RMSE": 3.9597959586536677,
    "MSE": 15.67998403416992,
    "MAPE": 0.038738943576493996,
    "ACMAPE": 1.2506778607444717
}