{
    "R2": 0.9485144424050436,
    "RMSE": 12.471270754109216,
    "MSE": 155.53259422229985,
    "MAPE": 0.02924721540035444,
    "ACMAPE": 0.8571002134661185
}