{
    "DOWN": {
        "precision": 0.6595744680851063,
        "recall": 0.8815165876777251,
        "f1-score": 0.7545638945233266,
        "support": 211.0
    },
    "UP": {
        "precision": 0.5370370370370371,
        "recall": 0.232,
        "f1-score": 0.32402234636871513,
        "support": 125.0
    },
    "accuracy": 0.6398809523809523,
    "macro avg": {
        "precision": 0.5983057525610718,
        "recall": 0.5567582938388626,
        "f1-score": 0.5392931204460208,
        "support": 336.0
    },
    "weighted avg": {
        "precision": 0.6139876261773425,
        "recall": 0.6398809523809523,
        "f1-score": 0.5943921876205693,
        "support": 336.0
    }
}