{
    "R2": -0.3151463495381377,
    "RMSE": 944.0312428547973,
    "MSE": 891194.9874859732,
    "MAPE": 0.024767793442246038,
    "ACMAPE": 1.8951381638126166
}