{
    "R2": 0.9895522127460982,
    "RMSE": 1523.4207825683006,
    "MSE": 2320810.880761014,
    "MAPE": 0.054875726743486584,
    "ACMAPE": 1.5617881691398
}