{
    "DOWN": {
        "precision": 0.5,
        "recall": 0.009174311926605505,
        "f1-score": 0.01801801801801802,
        "support": 327.0
    },
    "UP": {
        "precision": 0.24299065420560748,
        "recall": 0.9719626168224299,
        "f1-score": 0.388785046728972,
        "support": 107.0
    },
    "accuracy": 0.2465437788018433,
    "macro avg": {
        "precision": 0.37149532710280375,
        "recall": 0.49056846437451773,
        "f1-score": 0.203401532373495,
        "support": 434.0
    },
    "weighted avg": {
        "precision": 0.43663594470046085,
        "recall": 0.2465437788018433,
        "f1-score": 0.10942832233154816,
        "support": 434.0
    }
}