{
    "R2": 0.4280365136900294,
    "RMSE": 5.007482325463477,
    "MSE": 25.074879239829112,
    "MAPE": 0.009303395276073516,
    "ACMAPE": 0.6655533952760735
}