{
    "R2": 0.8166420644293478,
    "RMSE": 6.072484387287586,
    "MSE": 36.87506663385149,
    "MAPE": 0.01929397204763177,
    "ACMAPE": 0.6361164019541738
}