{
    "R2": 0.9806371597865182,
    "RMSE": 38.20716202206466,
    "MSE": 1459.7872297802999,
    "MAPE": 0.03230671209082831,
    "ACMAPE": 0.7752973662964359
}