{
    "DOWN": {
        "precision": 0.6304347826086957,
        "recall": 0.9775280898876404,
        "f1-score": 0.7665198237885461,
        "support": 267.0
    },
    "UP": {
        "precision": 0.5714285714285714,
        "recall": 0.049689440993788817,
        "f1-score": 0.09142857142857143,
        "support": 161.0
    },
    "accuracy": 0.6285046728971962,
    "macro avg": {
        "precision": 0.6009316770186335,
        "recall": 0.5136087654407147,
        "f1-score": 0.42897419760855876,
        "support": 428.0
    },
    "weighted avg": {
        "precision": 0.6082385209264527,
        "recall": 0.6285046728971962,
        "f1-score": 0.5125719461484622,
        "support": 428.0
    }
}