{
    "R2": 0.518273014731855,
    "RMSE": 5.651203938205837,
    "MSE": 31.93610595119316,
    "MAPE": 0.09687332730420707,
    "ACMAPE": 1.9272304701613499
}