{
    "DOWN": {
        "precision": 0.6237623762376238,
        "recall": 0.12,
        "f1-score": 0.2012779552715655,
        "support": 525.0
    },
    "UP": {
        "precision": 0.38726790450928383,
        "recall": 0.8848484848484849,
        "f1-score": 0.5387453874538746,
        "support": 330.0
    },
    "accuracy": 0.4152046783625731,
    "macro avg": {
        "precision": 0.5055151403734538,
        "recall": 0.5024242424242424,
        "f1-score": 0.37001167136272006,
        "support": 855.0
    },
    "weighted avg": {
        "precision": 0.5324838082021242,
        "recall": 0.4152046783625731,
        "f1-score": 0.33152854313140406,
        "support": 855.0
    }
}