{
    "R2": 0.9047871576212079,
    "RMSE": 26.948131453194407,
    "MSE": 726.2017888186456,
    "MAPE": 0.0198638153073961,
    "ACMAPE": 1.1600507311952464
}