{
    "R2": -0.4080870813123665,
    "RMSE": 950.9346715906985,
    "MSE": 904276.7496333097,
    "MAPE": 0.22065828639379323,
    "ACMAPE": 0.9139649797004866
}