{
    "R2": 0.8245861147391492,
    "RMSE": 78.6421311913557,
    "MSE": 6184.5847983184,
    "MAPE": 0.06679302302933954,
    "ACMAPE": 1.396134340394609
}