{
    "R2": 0.9957764055832494,
    "RMSE": 68.81390821782534,
    "MSE": 4735.35396421129,
    "MAPE": 0.21138481915420573,
    "ACMAPE": 1.298211166459595
}