{
    "R2": 0.24829437644064334,
    "RMSE": 10.772747301704872,
    "MSE": 116.05208442638958,
    "MAPE": 0.009922608397079638,
    "ACMAPE": 0.5164161148905861
}