{
    "R2": 0.8956390948131584,
    "RMSE": 80.61782681899302,
    "MSE": 6499.23400101715,
    "MAPE": 0.020993855582816842,
    "ACMAPE": 1.466236225421237
}