{
    "DOWN": {
        "precision": 0.7323113207547169,
        "recall": 0.16260801256873528,
        "f1-score": 0.2661238482965503,
        "support": 3819.0
    },
    "UP": {
        "precision": 0.11339062933185473,
        "recall": 0.6430817610062893,
        "f1-score": 0.19278812161206696,
        "support": 636.0
    },
    "accuracy": 0.23120089786756454,
    "macro avg": {
        "precision": 0.42285097504328584,
        "recall": 0.4028448867875123,
        "f1-score": 0.22945598495430863,
        "support": 4455.0
    },
    "weighted avg": {
        "precision": 0.6439536193529347,
        "recall": 0.23120089786756454,
        "f1-score": 0.25565437081701464,
        "support": 4455.0
    }
}