{
    "DOWN": {
        "precision": 0.5564738292011019,
        "recall": 0.3033033033033033,
        "f1-score": 0.39261418853255586,
        "support": 666.0
    },
    "UP": {
        "precision": 0.3573407202216066,
        "recall": 0.6157517899761337,
        "f1-score": 0.4522348816827344,
        "support": 419.0
    },
    "accuracy": 0.423963133640553,
    "macro avg": {
        "precision": 0.4569072747113543,
        "recall": 0.4595275466397185,
        "f1-score": 0.4224245351076451,
        "support": 1085.0
    },
    "weighted avg": {
        "precision": 0.47957357789934285,
        "recall": 0.423963133640553,
        "f1-score": 0.41563821657856953,
        "support": 1085.0
    }
}