{
    "DOWN": {
        "precision": 0.7593206296603149,
        "recall": 0.5828298887122416,
        "f1-score": 0.6594711279007015,
        "support": 3145.0
    },
    "UP": {
        "precision": 0.31985484707102124,
        "recall": 0.5150250417362271,
        "f1-score": 0.39462743843939874,
        "support": 1198.0
    },
    "accuracy": 0.5641261800598665,
    "macro avg": {
        "precision": 0.5395877383656681,
        "recall": 0.5489274652242344,
        "f1-score": 0.5270492831700502,
        "support": 4343.0
    },
    "weighted avg": {
        "precision": 0.6380956682184604,
        "recall": 0.5641261800598665,
        "f1-score": 0.5864150054105701,
        "support": 4343.0
    }
}