{
    "R2": 0.9961560685951946,
    "RMSE": 26.68900294639402,
    "MSE": 712.3028782726287,
    "MAPE": 0.1502028193778096,
    "ACMAPE": 1.0219504592580766
}