{
    "R2": 0.9533732805866848,
    "RMSE": 15.311805951021928,
    "MSE": 234.45140148175054,
    "MAPE": 0.02266292905819027,
    "ACMAPE": 0.6569293086337055
}