{
    "DOWN": {
        "precision": 0.56,
        "recall": 0.4,
        "f1-score": 0.4666666666666667,
        "support": 35.0
    },
    "UP": {
        "precision": 0.4166666666666667,
        "recall": 0.5769230769230769,
        "f1-score": 0.48387096774193544,
        "support": 26.0
    },
    "accuracy": 0.47540983606557374,
    "macro avg": {
        "precision": 0.4883333333333334,
        "recall": 0.48846153846153845,
        "f1-score": 0.47526881720430103,
        "support": 61.0
    },
    "weighted avg": {
        "precision": 0.4989071038251367,
        "recall": 0.47540983606557374,
        "f1-score": 0.47399964745284684,
        "support": 61.0
    }
}