{
    "R2": 0.9281507487994538,
    "RMSE": 25.221652532597364,
    "MSE": 636.1317564750751,
    "MAPE": 0.021871887115609306,
    "ACMAPE": 1.071052214984462
}