{
    "R2": 0.971828530206605,
    "RMSE": 3.2197264858858574,
    "MSE": 10.366638643914891,
    "MAPE": 0.019874141016734848,
    "ACMAPE": 0.7725817222441718
}