{
    "R2": 0.9787396625742106,
    "RMSE": 14.304037718154786,
    "MSE": 204.60549504239478,
    "MAPE": 0.040851572748494866,
    "ACMAPE": 1.222710778524668
}