{
    "R2": 0.9291759331094829,
    "RMSE": 17.2502438483827,
    "MSE": 297.57091282866514,
    "MAPE": 0.024248794397027387,
    "ACMAPE": 1.2531147737784707
}