{
    "DOWN": {
        "precision": 0.8688845401174168,
        "recall": 0.7803163444639719,
        "f1-score": 0.8222222222222222,
        "support": 569.0
    },
    "UP": {
        "precision": 0.14383561643835616,
        "recall": 0.23863636363636365,
        "f1-score": 0.17948717948717946,
        "support": 88.0
    },
    "accuracy": 0.7077625570776256,
    "macro avg": {
        "precision": 0.5063600782778864,
        "recall": 0.5094763540501678,
        "f1-score": 0.5008547008547009,
        "support": 657.0
    },
    "weighted avg": {
        "precision": 0.771769920203022,
        "recall": 0.7077625570776256,
        "f1-score": 0.736132901429705,
        "support": 657.0
    }
}