{
    "R2": 0.6861907500780794,
    "RMSE": 485.7614885369319,
    "MSE": 235964.22374561583,
    "MAPE": 0.10374650090561804,
    "ACMAPE": 0.9351190499252258
}