{
    "R2": 0.9459708456285778,
    "RMSE": 64.27705477509227,
    "MSE": 4131.539770560212,
    "MAPE": 0.023023519442253865,
    "ACMAPE": 0.6994083590923996
}