{
    "R2": 0.9969889592925201,
    "RMSE": 29.958473974144653,
    "MSE": 897.5101628595024,
    "MAPE": 0.05125088202210522,
    "ACMAPE": 0.8063529228384317
}