{
    "DOWN": {
        "precision": 0.6396396396396397,
        "recall": 0.8930817610062893,
        "f1-score": 0.7454068241469818,
        "support": 159.0
    },
    "UP": {
        "precision": 0.5853658536585366,
        "recall": 0.23076923076923078,
        "f1-score": 0.33103448275862074,
        "support": 104.0
    },
    "accuracy": 0.6311787072243346,
    "macro avg": {
        "precision": 0.6125027466490881,
        "recall": 0.5619254958877601,
        "f1-score": 0.5382206534528012,
        "support": 263.0
    },
    "weighted avg": {
        "precision": 0.6181777622935001,
        "recall": 0.6311787072243346,
        "f1-score": 0.5815485598717364,
        "support": 263.0
    }
}