{
    "DOWN": {
        "precision": 0.6717791411042945,
        "recall": 0.6248216833095578,
        "f1-score": 0.647450110864745,
        "support": 701.0
    },
    "UP": {
        "precision": 0.34577114427860695,
        "recall": 0.3937677053824363,
        "f1-score": 0.36821192052980134,
        "support": 353.0
    },
    "accuracy": 0.547438330170778,
    "macro avg": {
        "precision": 0.5087751426914507,
        "recall": 0.5092946943459971,
        "f1-score": 0.5078310156972732,
        "support": 1054.0
    },
    "weighted avg": {
        "precision": 0.5625942996626743,
        "recall": 0.547438330170778,
        "f1-score": 0.5539291609707838,
        "support": 1054.0
    }
}