{
    "R2": 0.9794043598765012,
    "RMSE": 13.21616567820378,
    "MSE": 174.66703523373158,
    "MAPE": 0.042965709512407184,
    "ACMAPE": 0.9480890491708511
}