{
    "DOWN": {
        "precision": 0.7038834951456311,
        "recall": 0.8605341246290801,
        "f1-score": 0.774365821094793,
        "support": 337.0
    },
    "UP": {
        "precision": 0.44047619047619047,
        "recall": 0.23270440251572327,
        "f1-score": 0.3045267489711934,
        "support": 159.0
    },
    "accuracy": 0.6592741935483871,
    "macro avg": {
        "precision": 0.5721798428109108,
        "recall": 0.5466192635724016,
        "f1-score": 0.5394462850329932,
        "support": 496.0
    },
    "weighted avg": {
        "precision": 0.6194444599794193,
        "recall": 0.6592741935483871,
        "f1-score": 0.6237520862809778,
        "support": 496.0
    }
}