{
    "R2": 0.9972140940538056,
    "RMSE": 3.9530573964736724,
    "MSE": 15.62666277981521,
    "MAPE": 0.018736393950049068,
    "ACMAPE": 0.8574460713694039
}