{
    "R2": 0.9491610319548405,
    "RMSE": 2.6904292556099194,
    "MSE": 7.238409579441745,
    "MAPE": 0.02029953948979161,
    "ACMAPE": 0.7017511523930173
}