{
    "R2": 0.9748266297587079,
    "RMSE": 4.1673322728255515,
    "MSE": 17.366658272133375,
    "MAPE": 0.03734973414177941,
    "ACMAPE": 0.8516550986534712
}