{
    "R2": 0.9699910700676633,
    "RMSE": 116.65069026070074,
    "MSE": 13607.383538297943,
    "MAPE": 0.0403768259642156,
    "ACMAPE": 0.8079275279922968
}