{
    "R2": 0.9891430822946,
    "RMSE": 24.854542984220046,
    "MSE": 617.7483069544419,
    "MAPE": 0.03336900789791827,
    "ACMAPE": 1.0645540390829495
}