{
    "DOWN": {
        "precision": 1.0,
        "recall": 0.001869158878504673,
        "f1-score": 0.0037313432835820895,
        "support": 535.0
    },
    "UP": {
        "precision": 0.38265895953757223,
        "recall": 1.0,
        "f1-score": 0.5535117056856187,
        "support": 331.0
    },
    "accuracy": 0.3833718244803695,
    "macro avg": {
        "precision": 0.6913294797687861,
        "recall": 0.5009345794392523,
        "f1-score": 0.27862152448460037,
        "support": 866.0
    },
    "weighted avg": {
        "precision": 0.7640417039341068,
        "recall": 0.3833718244803695,
        "f1-score": 0.21386679357812496,
        "support": 866.0
    }
}