{
    "DOWN": {
        "precision": 0.6176470588235294,
        "recall": 0.03211009174311927,
        "f1-score": 0.061046511627906974,
        "support": 1962.0
    },
    "UP": {
        "precision": 0.341995841995842,
        "recall": 0.9619883040935673,
        "f1-score": 0.504601226993865,
        "support": 1026.0
    },
    "accuracy": 0.3514056224899598,
    "macro avg": {
        "precision": 0.4798214504096857,
        "recall": 0.4970491979183433,
        "f1-score": 0.282823869310886,
        "support": 2988.0
    },
    "weighted avg": {
        "precision": 0.522995737382697,
        "recall": 0.3514056224899598,
        "f1-score": 0.21335144401260342,
        "support": 2988.0
    }
}