{
    "R2": 0.9951145698459836,
    "RMSE": 4.043711224096983,
    "MSE": 16.351600463887916,
    "MAPE": 0.015173983098909063,
    "ACMAPE": 1.066848228654924
}