{
    "DOWN": {
        "precision": 0.6,
        "recall": 0.09090909090909091,
        "f1-score": 0.15789473684210525,
        "support": 33.0
    },
    "UP": {
        "precision": 0.3877551020408163,
        "recall": 0.9047619047619048,
        "f1-score": 0.5428571428571428,
        "support": 21.0
    },
    "accuracy": 0.4074074074074074,
    "macro avg": {
        "precision": 0.49387755102040815,
        "recall": 0.49783549783549785,
        "f1-score": 0.350375939849624,
        "support": 54.0
    },
    "weighted avg": {
        "precision": 0.5174603174603175,
        "recall": 0.4074074074074074,
        "f1-score": 0.3076023391812865,
        "support": 54.0
    }
}