{
    "DOWN": {
        "precision": 0.7145513714551371,
        "recall": 0.5850780357822611,
        "f1-score": 0.6433654248639598,
        "support": 2627.0
    },
    "UP": {
        "precision": 0.3088142041851617,
        "recall": 0.44232515894641233,
        "f1-score": 0.3637042569081404,
        "support": 1101.0
    },
    "accuracy": 0.5429184549356223,
    "macro avg": {
        "precision": 0.5116827878201494,
        "recall": 0.5137015973643367,
        "f1-score": 0.50353484088605,
        "support": 3728.0
    },
    "weighted avg": {
        "precision": 0.5947239516149433,
        "recall": 0.5429184549356223,
        "f1-score": 0.5607723599714284,
        "support": 3728.0
    }
}