{
    "R2": 0.9932568927476942,
    "RMSE": 207.25559544881764,
    "MSE": 42954.88184484396,
    "MAPE": 0.042253376296038064,
    "ACMAPE": 0.9564164664247935
}