{
    "DOWN": {
        "precision": 0.6138613861386139,
        "recall": 0.19745222929936307,
        "f1-score": 0.2987951807228916,
        "support": 628.0
    },
    "UP": {
        "precision": 0.3095890410958904,
        "recall": 0.743421052631579,
        "f1-score": 0.43713733075435207,
        "support": 304.0
    },
    "accuracy": 0.37553648068669526,
    "macro avg": {
        "precision": 0.46172521361725216,
        "recall": 0.470436640965471,
        "f1-score": 0.36796625573862185,
        "support": 932.0
    },
    "weighted avg": {
        "precision": 0.5146137542791848,
        "recall": 0.37553648068669526,
        "f1-score": 0.34391965884474135,
        "support": 932.0
    }
}