{
    "R2": 0.9912638238688689,
    "RMSE": 8.312280285841403,
    "MSE": 69.09400355038764,
    "MAPE": 0.05872479751175035,
    "ACMAPE": 1.30765183613836
}