{
    "DOWN": {
        "precision": 0.7017543859649122,
        "recall": 0.9090909090909091,
        "f1-score": 0.792079207920792,
        "support": 88.0
    },
    "UP": {
        "precision": 0.1111111111111111,
        "recall": 0.02857142857142857,
        "f1-score": 0.04545454545454545,
        "support": 35.0
    },
    "accuracy": 0.6585365853658537,
    "macro avg": {
        "precision": 0.4064327485380117,
        "recall": 0.4688311688311688,
        "f1-score": 0.4187668766876687,
        "support": 123.0
    },
    "weighted avg": {
        "precision": 0.5336851614130176,
        "recall": 0.6585365853658537,
        "f1-score": 0.5796250356742991,
        "support": 123.0
    }
}