{
    "DOWN": {
        "precision": 0.8009950248756219,
        "recall": 0.9941881583726844,
        "f1-score": 0.8871961102106969,
        "support": 2753.0
    },
    "UP": {
        "precision": 0.4666666666666667,
        "recall": 0.020172910662824207,
        "f1-score": 0.03867403314917127,
        "support": 694.0
    },
    "accuracy": 0.7980852915578764,
    "macro avg": {
        "precision": 0.6338308457711443,
        "recall": 0.5071805345177542,
        "f1-score": 0.4629350716799341,
        "support": 3447.0
    },
    "weighted avg": {
        "precision": 0.7336831941251098,
        "recall": 0.7980852915578764,
        "f1-score": 0.7163593473790464,
        "support": 3447.0
    }
}