{
    "DOWN": {
        "precision": 0.5992844364937389,
        "recall": 1.0,
        "f1-score": 0.7494407158836689,
        "support": 335.0
    },
    "UP": {
        "precision": 0.0,
        "recall": 0.0,
        "f1-score": 0.0,
        "support": 224.0
    },
    "accuracy": 0.5992844364937389,
    "macro avg": {
        "precision": 0.29964221824686943,
        "recall": 0.5,
        "f1-score": 0.37472035794183445,
        "support": 559.0
    },
    "weighted avg": {
        "precision": 0.35914183582361814,
        "recall": 0.5992844364937389,
        "f1-score": 0.4491281571038087,
        "support": 559.0
    }
}