{
    "DOWN": {
        "precision": 0.4444444444444444,
        "recall": 0.005706134094151213,
        "f1-score": 0.011267605633802818,
        "support": 701.0
    },
    "UP": {
        "precision": 0.33745247148288976,
        "recall": 0.9861111111111112,
        "f1-score": 0.5028328611898017,
        "support": 360.0
    },
    "accuracy": 0.3383600377002828,
    "macro avg": {
        "precision": 0.39094845796366706,
        "recall": 0.4959086226026312,
        "f1-score": 0.2570502334118023,
        "support": 1061.0
    },
    "weighted avg": {
        "precision": 0.40814179574872367,
        "recall": 0.3383600377002828,
        "f1-score": 0.17805694776401926,
        "support": 1061.0
    }
}