{
    "R2": 0.9857052243375191,
    "RMSE": 6.059113013062448,
    "MSE": 36.7128505050627,
    "MAPE": 0.20634531562000558,
    "ACMAPE": 1.9350311375700762
}