{
    "R2": 0.7774066615253299,
    "RMSE": 4.771926616055832,
    "MSE": 22.771283629022058,
    "MAPE": 0.07416337038101216,
    "ACMAPE": 1.5710958857184354
}