{
    "R2": 0.9763014279077018,
    "RMSE": 11.8089820682113,
    "MSE": 139.45205748733602,
    "MAPE": 0.04646580282990669,
    "ACMAPE": 1.086221154511864
}