{
    "R2": 0.9492141067613936,
    "RMSE": 32.514776580308855,
    "MSE": 1057.2106960674014,
    "MAPE": 0.04043295925118835,
    "ACMAPE": 0.913529405951696
}