{
    "DOWN": {
        "precision": 0.6698113207547169,
        "recall": 0.5819672131147541,
        "f1-score": 0.6228070175438596,
        "support": 366.0
    },
    "UP": {
        "precision": 0.43956043956043955,
        "recall": 0.5333333333333333,
        "f1-score": 0.4819277108433735,
        "support": 225.0
    },
    "accuracy": 0.5634517766497462,
    "macro avg": {
        "precision": 0.5546858801575782,
        "recall": 0.5576502732240437,
        "f1-score": 0.5523673641936165,
        "support": 591.0
    },
    "weighted avg": {
        "precision": 0.5821523558330378,
        "recall": 0.5634517766497462,
        "f1-score": 0.5691727637238775,
        "support": 591.0
    }
}