{
    "R2": 0.9370994557050666,
    "RMSE": 6.655818850030543,
    "MSE": 44.29992456442189,
    "MAPE": 0.08783065423113424,
    "ACMAPE": 1.5590298988014835
}