{
    "DOWN": {
        "precision": 0.6163522012578616,
        "recall": 0.10986547085201794,
        "f1-score": 0.18648905803996194,
        "support": 892.0
    },
    "UP": {
        "precision": 0.160676532769556,
        "recall": 0.7136150234741784,
        "f1-score": 0.26229508196721313,
        "support": 213.0
    },
    "accuracy": 0.22624434389140272,
    "macro avg": {
        "precision": 0.3885143670137088,
        "recall": 0.41174024716309815,
        "f1-score": 0.22439207000358752,
        "support": 1105.0
    },
    "weighted avg": {
        "precision": 0.5285160769248217,
        "recall": 0.22624434389140272,
        "f1-score": 0.2011014409327262,
        "support": 1105.0
    }
}