{
    "R2": 0.9910652391808664,
    "RMSE": 10.795826701795571,
    "MSE": 116.54987417520225,
    "MAPE": 0.03179192683185555,
    "ACMAPE": 1.385930325746374
}