{
    "R2": 0.9100644003726452,
    "RMSE": 122.83871837451262,
    "MSE": 15089.350731892824,
    "MAPE": 0.037259890905178374,
    "ACMAPE": 1.1668895205348082
}