{
    "R2": 0.9897538888530307,
    "RMSE": 138.65484691454617,
    "MSE": 19225.166572896236,
    "MAPE": 0.03801741606153475,
    "ACMAPE": 1.118191077421882
}