{
    "DOWN": {
        "precision": 0.8181379643029426,
        "recall": 0.4286075309577963,
        "f1-score": 0.5625207296849088,
        "support": 3957.0
    },
    "UP": {
        "precision": 0.05079764903442485,
        "recall": 0.2429718875502008,
        "f1-score": 0.08402777777777777,
        "support": 498.0
    },
    "accuracy": 0.4078563411896745,
    "macro avg": {
        "precision": 0.43446780666868373,
        "recall": 0.33578970925399854,
        "f1-score": 0.32327425373134333,
        "support": 4455.0
    },
    "weighted avg": {
        "precision": 0.732361201788078,
        "recall": 0.4078563411896745,
        "f1-score": 0.5090326286636403,
        "support": 4455.0
    }
}