{
    "DOWN": {
        "precision": 0.7185185185185186,
        "recall": 0.9797979797979798,
        "f1-score": 0.8290598290598291,
        "support": 792.0
    },
    "UP": {
        "precision": 0.5294117647058824,
        "recall": 0.055900621118012424,
        "f1-score": 0.10112359550561797,
        "support": 322.0
    },
    "accuracy": 0.7127468581687613,
    "macro avg": {
        "precision": 0.6239651416122005,
        "recall": 0.5178493004579962,
        "f1-score": 0.46509171228272356,
        "support": 1114.0
    },
    "weighted avg": {
        "precision": 0.6638574999119936,
        "recall": 0.7127468581687613,
        "f1-score": 0.6186509716052007,
        "support": 1114.0
    }
}