{
    "R2": 0.9886434986310424,
    "RMSE": 38.29317998977207,
    "MSE": 1466.3676337290804,
    "MAPE": 0.08832644240777361,
    "ACMAPE": 1.3048661594915603
}