{
    "R2": 0.9539511791541393,
    "RMSE": 1.8541027642313725,
    "MSE": 3.4376970603304167,
    "MAPE": 0.023778722960535608,
    "ACMAPE": 1.1569379918900395
}