{
    "DOWN": {
        "precision": 0.6589219330855018,
        "recall": 0.9267973856209151,
        "f1-score": 0.7702335687126562,
        "support": 765.0
    },
    "UP": {
        "precision": 0.3253012048192771,
        "recall": 0.06852791878172589,
        "f1-score": 0.11320754716981132,
        "support": 394.0
    },
    "accuracy": 0.635030198446937,
    "macro avg": {
        "precision": 0.4921115689523895,
        "recall": 0.4976626522013205,
        "f1-score": 0.44172055794123377,
        "support": 1159.0
    },
    "weighted avg": {
        "precision": 0.5455081566084591,
        "recall": 0.635030198446937,
        "f1-score": 0.5468787348145709,
        "support": 1159.0
    }
}