{
    "DOWN": {
        "precision": 0.7088607594936709,
        "recall": 0.015521064301552107,
        "f1-score": 0.030377000271223222,
        "support": 3608.0
    },
    "UP": {
        "precision": 0.13217688736867822,
        "recall": 0.9592198581560284,
        "f1-score": 0.2323384152888125,
        "support": 564.0
    },
    "accuracy": 0.14309683604985618,
    "macro avg": {
        "precision": 0.4205188234311745,
        "recall": 0.48737046122879024,
        "f1-score": 0.13135770778001785,
        "support": 4172.0
    },
    "weighted avg": {
        "precision": 0.63090061954197,
        "recall": 0.14309683604985618,
        "f1-score": 0.05767955014416674,
        "support": 4172.0
    }
}