{
    "R2": 0.7743427805756473,
    "RMSE": 3.230456373018622,
    "MSE": 10.435848377976631,
    "MAPE": 0.020085996279090804,
    "ACMAPE": 1.2181536291293324
}