{
    "DOWN": {
        "precision": 0.7645429362880887,
        "recall": 0.2519780888618381,
        "f1-score": 0.3790341039139391,
        "support": 3286.0
    },
    "UP": {
        "precision": 0.21819338422391857,
        "recall": 0.7290116896918172,
        "f1-score": 0.3358629130966952,
        "support": 941.0
    },
    "accuracy": 0.35817364561154486,
    "macro avg": {
        "precision": 0.4913681602560036,
        "recall": 0.4904948892768276,
        "f1-score": 0.3574485085053172,
        "support": 4227.0
    },
    "weighted avg": {
        "precision": 0.6429165041867438,
        "recall": 0.35817364561154486,
        "f1-score": 0.36942348395675284,
        "support": 4227.0
    }
}