{
    "R2": 0.9833379459313761,
    "RMSE": 28.960513209529328,
    "MSE": 838.7113253593227,
    "MAPE": 0.08936110161669013,
    "ACMAPE": 1.3730138103936005
}