{
    "R2": 0.9743657792024057,
    "RMSE": 13.546329252024911,
    "MSE": 183.50303620426578,
    "MAPE": 0.07027691874250747,
    "ACMAPE": 1.3600496460152347
}