{
    "R2": -0.4158037871645268,
    "RMSE": 24.44323694909414,
    "MSE": 597.471832549561,
    "MAPE": 0.28679003151311777,
    "ACMAPE": 1.5815003589690373
}