{
    "DOWN": {
        "precision": 0.7183770883054893,
        "recall": 0.15892291446673706,
        "f1-score": 0.2602680501513186,
        "support": 1894.0
    },
    "UP": {
        "precision": 0.06349206349206349,
        "recall": 0.4778761061946903,
        "f1-score": 0.11209133367929422,
        "support": 226.0
    },
    "accuracy": 0.1929245283018868,
    "macro avg": {
        "precision": 0.3909345758987764,
        "recall": 0.3183995103307137,
        "f1-score": 0.18617969191530642,
        "support": 2120.0
    },
    "weighted avg": {
        "precision": 0.6485638733961335,
        "recall": 0.1929245283018868,
        "f1-score": 0.24447185301798016,
        "support": 2120.0
    }
}