{
    "R2": -631.2699744986687,
    "RMSE": 1.5402797008367017,
    "MSE": 2.3724615568095997,
    "MAPE": 0.030777754122457035,
    "ACMAPE": 2.0232305843111362
}