{
    "R2": 0.9813505155928602,
    "RMSE": 5.391301362200975,
    "MSE": 29.06613037807009,
    "MAPE": 0.02546410106585643,
    "ACMAPE": 0.9919275157000028
}