{
    "R2": 0.9279376962077797,
    "RMSE": 8.267809164318415,
    "MSE": 68.35666837758755,
    "MAPE": 0.015226890352802794,
    "ACMAPE": 1.3141558095348866
}