{
    "R2": 0.9846115556419126,
    "RMSE": 36.296438285871496,
    "MSE": 1317.4314322400783,
    "MAPE": 0.019574619029966125,
    "ACMAPE": 1.3757025053532344
}