{
    "R2": 0.9839682090454988,
    "RMSE": 243.56645910846345,
    "MSE": 59324.6200026348,
    "MAPE": 0.03876043615316908,
    "ACMAPE": 1.3353856581780357
}