{
    "DOWN": {
        "precision": 0.6666666666666666,
        "recall": 0.00546448087431694,
        "f1-score": 0.01084010840108401,
        "support": 366.0
    },
    "UP": {
        "precision": 0.35,
        "recall": 0.9949238578680203,
        "f1-score": 0.5178335535006605,
        "support": 197.0
    },
    "accuracy": 0.35168738898756663,
    "macro avg": {
        "precision": 0.5083333333333333,
        "recall": 0.5001941693711686,
        "f1-score": 0.26433683095087224,
        "support": 563.0
    },
    "weighted avg": {
        "precision": 0.5558614564831261,
        "recall": 0.35168738898756663,
        "f1-score": 0.18824278812509213,
        "support": 563.0
    }
}