{
    "R2": -0.7459493723709658,
    "RMSE": 22843.760368764324,
    "MSE": 521837387.7855275,
    "MAPE": 0.32663027912970183,
    "ACMAPE": 1.221850867364996
}