{
    "DOWN": {
        "precision": 0.5431547619047619,
        "recall": 0.4429611650485437,
        "f1-score": 0.48796791443850274,
        "support": 2472.0
    },
    "UP": {
        "precision": 0.4110350727117194,
        "recall": 0.5106269925611052,
        "f1-score": 0.45545023696682463,
        "support": 1882.0
    },
    "accuracy": 0.4722094625631603,
    "macro avg": {
        "precision": 0.4770949173082406,
        "recall": 0.4767940788048245,
        "f1-score": 0.4717090757026637,
        "support": 4354.0
    },
    "weighted avg": {
        "precision": 0.48604652693431954,
        "recall": 0.4722094625631603,
        "f1-score": 0.47391227158096993,
        "support": 4354.0
    }
}