{
    "DOWN": {
        "precision": 0.662379421221865,
        "recall": 0.48931116389548696,
        "f1-score": 0.5628415300546448,
        "support": 421.0
    },
    "UP": {
        "precision": 0.4266666666666667,
        "recall": 0.6037735849056604,
        "f1-score": 0.5,
        "support": 265.0
    },
    "accuracy": 0.5335276967930029,
    "macro avg": {
        "precision": 0.5445230439442659,
        "recall": 0.5465423744005736,
        "f1-score": 0.5314207650273224,
        "support": 686.0
    },
    "weighted avg": {
        "precision": 0.5713242026254691,
        "recall": 0.5335276967930029,
        "f1-score": 0.5385660118848475,
        "support": 686.0
    }
}