{
    "R2": 0.9190274768443938,
    "RMSE": 40.288915375208745,
    "MSE": 1623.1967021107316,
    "MAPE": 0.012391086962341959,
    "ACMAPE": 0.8140105201607225
}