{
    "DOWN": {
        "precision": 0.8852173913043478,
        "recall": 0.9732313575525813,
        "f1-score": 0.9271402550091076,
        "support": 523.0
    },
    "UP": {
        "precision": 0.44,
        "recall": 0.14285714285714285,
        "f1-score": 0.21568627450980388,
        "support": 77.0
    },
    "accuracy": 0.8666666666666667,
    "macro avg": {
        "precision": 0.662608695652174,
        "recall": 0.558044250204862,
        "f1-score": 0.5714132647594558,
        "support": 600.0
    },
    "weighted avg": {
        "precision": 0.8280811594202899,
        "recall": 0.8666666666666667,
        "f1-score": 0.8358369941783637,
        "support": 600.0
    }
}