{
    "R2": 0.9913038138619715,
    "RMSE": 6.977632036487677,
    "MSE": 48.687348836619165,
    "MAPE": 0.020971398525526017,
    "ACMAPE": 0.28763806519219265
}