{
    "DOWN": {
        "precision": 0.6398104265402843,
        "recall": 0.09872029250457039,
        "f1-score": 0.17104846373139057,
        "support": 2735.0
    },
    "UP": {
        "precision": 0.33896486993832126,
        "recall": 0.8926553672316384,
        "f1-score": 0.49135082604470365,
        "support": 1416.0
    },
    "accuracy": 0.36954950614309806,
    "macro avg": {
        "precision": 0.4893876482393028,
        "recall": 0.4956878298681044,
        "f1-score": 0.3311996448880471,
        "support": 4151.0
    },
    "weighted avg": {
        "precision": 0.537185201739422,
        "recall": 0.36954950614309806,
        "f1-score": 0.28031084509386983,
        "support": 4151.0
    }
}