{
    "DOWN": {
        "precision": 0.7985148514851486,
        "recall": 0.9647129186602871,
        "f1-score": 0.8737811484290358,
        "support": 1672.0
    },
    "UP": {
        "precision": 0.4215686274509804,
        "recall": 0.09555555555555556,
        "f1-score": 0.15579710144927536,
        "support": 450.0
    },
    "accuracy": 0.7803958529688972,
    "macro avg": {
        "precision": 0.6100417394680645,
        "recall": 0.5301342371079213,
        "f1-score": 0.5147891249391555,
        "support": 2122.0
    },
    "weighted avg": {
        "precision": 0.7185780933252166,
        "recall": 0.7803958529688972,
        "f1-score": 0.7215225145266362,
        "support": 2122.0
    }
}