{
    "R2": 0.9859183297698777,
    "RMSE": 23.531396401339983,
    "MSE": 553.7266165969963,
    "MAPE": 0.029127938706875408,
    "ACMAPE": 1.0164697108587741
}