{
    "R2": 0.9939973124270383,
    "RMSE": 301.5775124957801,
    "MSE": 90948.99604314243,
    "MAPE": 1.071532621070682,
    "ACMAPE": 2.5292206120920064
}