{
    "R2": 0.9455937534330437,
    "RMSE": 9.58122085220669,
    "MSE": 91.79979301876027,
    "MAPE": 0.028004542911568942,
    "ACMAPE": 1.4412637727646853
}