{
    "DOWN": {
        "precision": 0.6229508196721312,
        "recall": 0.27992633517495397,
        "f1-score": 0.38627700127064807,
        "support": 543.0
    },
    "UP": {
        "precision": 0.38810641627543035,
        "recall": 0.7294117647058823,
        "f1-score": 0.5066394279877426,
        "support": 340.0
    },
    "accuracy": 0.45300113250283125,
    "macro avg": {
        "precision": 0.5055286179737808,
        "recall": 0.5046690499404182,
        "f1-score": 0.4464582146291953,
        "support": 883.0
    },
    "weighted avg": {
        "precision": 0.5325237560765725,
        "recall": 0.45300113250283125,
        "f1-score": 0.43262266954223605,
        "support": 883.0
    }
}