{
    "DOWN": {
        "precision": 0.6388888888888888,
        "recall": 1.0,
        "f1-score": 0.7796610169491525,
        "support": 115.0
    },
    "UP": {
        "precision": 1.0,
        "recall": 0.057971014492753624,
        "f1-score": 0.1095890410958904,
        "support": 69.0
    },
    "accuracy": 0.6467391304347826,
    "macro avg": {
        "precision": 0.8194444444444444,
        "recall": 0.5289855072463768,
        "f1-score": 0.44462502902252143,
        "support": 184.0
    },
    "weighted avg": {
        "precision": 0.7743055555555556,
        "recall": 0.6467391304347826,
        "f1-score": 0.5283840260041792,
        "support": 184.0
    }
}