{
    "R2": 0.988704220716645,
    "RMSE": 6.478802381634394,
    "MSE": 41.9748803002715,
    "MAPE": 0.02795250974510715,
    "ACMAPE": 0.9684247412050339
}