{
    "DOWN": {
        "precision": 0.7283372365339579,
        "recall": 0.40974967061923584,
        "f1-score": 0.5244519392917368,
        "support": 759.0
    },
    "UP": {
        "precision": 0.3,
        "recall": 0.6233766233766234,
        "f1-score": 0.40506329113924044,
        "support": 308.0
    },
    "accuracy": 0.47141518275538896,
    "macro avg": {
        "precision": 0.5141686182669789,
        "recall": 0.5165631469979296,
        "f1-score": 0.46475761521548864,
        "support": 1067.0
    },
    "weighted avg": {
        "precision": 0.6046934981530215,
        "recall": 0.47141518275538896,
        "f1-score": 0.4899892367322533,
        "support": 1067.0
    }
}