{
    "R2": 0.9729571910150581,
    "RMSE": 222.92817320584328,
    "MSE": 49696.970408894456,
    "MAPE": 0.25814481303571146,
    "ACMAPE": 0.7094722466640301
}