{
    "DOWN": {
        "precision": 0.7885714285714286,
        "recall": 0.6216216216216216,
        "f1-score": 0.6952141057934509,
        "support": 222.0
    },
    "UP": {
        "precision": 0.34375,
        "recall": 0.5432098765432098,
        "f1-score": 0.4210526315789474,
        "support": 81.0
    },
    "accuracy": 0.6006600660066007,
    "macro avg": {
        "precision": 0.5661607142857144,
        "recall": 0.5824157490824158,
        "f1-score": 0.5581333686861991,
        "support": 303.0
    },
    "weighted avg": {
        "precision": 0.6696587694483734,
        "recall": 0.6006600660066007,
        "f1-score": 0.6219234146668015,
        "support": 303.0
    }
}