{
    "R2": 0.996792295197541,
    "RMSE": 4.8618392001828,
    "MSE": 23.637480408434126,
    "MAPE": 0.02878002710643779,
    "ACMAPE": 0.9426377050090595
}