{
    "DOWN": {
        "precision": 0.74,
        "recall": 0.3756345177664975,
        "f1-score": 0.4983164983164983,
        "support": 197.0
    },
    "UP": {
        "precision": 0.4057971014492754,
        "recall": 0.7636363636363637,
        "f1-score": 0.5299684542586751,
        "support": 110.0
    },
    "accuracy": 0.5146579804560261,
    "macro avg": {
        "precision": 0.5728985507246377,
        "recall": 0.5696354407014306,
        "f1-score": 0.5141424762875867,
        "support": 307.0
    },
    "weighted avg": {
        "precision": 0.6202530330925742,
        "recall": 0.5146579804560261,
        "f1-score": 0.5096575900221643,
        "support": 307.0
    }
}