{
    "DOWN": {
        "precision": 0.5,
        "recall": 0.04411764705882353,
        "f1-score": 0.0810810810810811,
        "support": 136.0
    },
    "UP": {
        "precision": 0.23076923076923078,
        "recall": 0.8666666666666667,
        "f1-score": 0.3644859813084112,
        "support": 45.0
    },
    "accuracy": 0.24861878453038674,
    "macro avg": {
        "precision": 0.3653846153846154,
        "recall": 0.4553921568627451,
        "f1-score": 0.22278353119474614,
        "support": 181.0
    },
    "weighted avg": {
        "precision": 0.4330641733956651,
        "recall": 0.24861878453038674,
        "f1-score": 0.15154086290555546,
        "support": 181.0
    }
}