{
    "DOWN": {
        "precision": 0.3333333333333333,
        "recall": 0.007633587786259542,
        "f1-score": 0.014925373134328356,
        "support": 131.0
    },
    "UP": {
        "precision": 0.453781512605042,
        "recall": 0.9818181818181818,
        "f1-score": 0.6206896551724138,
        "support": 110.0
    },
    "accuracy": 0.45228215767634855,
    "macro avg": {
        "precision": 0.39355742296918766,
        "recall": 0.4947258848022207,
        "f1-score": 0.3178075141533711,
        "support": 241.0
    },
    "weighted avg": {
        "precision": 0.38830968071876054,
        "recall": 0.45228215767634855,
        "f1-score": 0.2914152943965251,
        "support": 241.0
    }
}