{
    "R2": 0.7424889993545427,
    "RMSE": 9.149416436272151,
    "MSE": 83.71182112432699,
    "MAPE": 0.02099268642121827,
    "ACMAPE": 0.8597023638405731
}