{
    "R2": 0.9838518116410895,
    "RMSE": 11.746522239368595,
    "MSE": 137.980784719981,
    "MAPE": 0.030051333842804936,
    "ACMAPE": 0.9384098434097737
}