{
    "DOWN": {
        "precision": 0.7623762376237624,
        "recall": 0.22916666666666666,
        "f1-score": 0.35240274599542337,
        "support": 672.0
    },
    "UP": {
        "precision": 0.36829268292682926,
        "recall": 0.8628571428571429,
        "f1-score": 0.5162393162393162,
        "support": 350.0
    },
    "accuracy": 0.4461839530332681,
    "macro avg": {
        "precision": 0.5653344602752959,
        "recall": 0.5460119047619048,
        "f1-score": 0.43432103111736975,
        "support": 1022.0
    },
    "weighted avg": {
        "precision": 0.6274161161522099,
        "recall": 0.4461839530332681,
        "f1-score": 0.40851116046250996,
        "support": 1022.0
    }
}