{
    "R2": 0.9976182635166653,
    "RMSE": 29.26826896515736,
    "MSE": 856.6315682167935,
    "MAPE": 0.264109981953345,
    "ACMAPE": 1.5360419382109392
}