{
    "DOWN": {
        "precision": 0.7181818181818181,
        "recall": 0.09150579150579151,
        "f1-score": 0.16232876712328767,
        "support": 2590.0
    },
    "UP": {
        "precision": 0.1682573347472605,
        "recall": 0.836555360281195,
        "f1-score": 0.2801648028251913,
        "support": 569.0
    },
    "accuracy": 0.22570433681544794,
    "macro avg": {
        "precision": 0.44321957646453936,
        "recall": 0.4640305758934933,
        "f1-score": 0.2212467849742395,
        "support": 3159.0
    },
    "weighted avg": {
        "precision": 0.6191292600703071,
        "recall": 0.22570433681544794,
        "f1-score": 0.18355342819146847,
        "support": 3159.0
    }
}