{
    "R2": 0.9530060131005399,
    "RMSE": 52.15590568709289,
    "MSE": 2720.238498040929,
    "MAPE": 0.03152776752422814,
    "ACMAPE": 1.5801190938933323
}