{
    "R2": 0.9544959051771952,
    "RMSE": 38.21421592390795,
    "MSE": 1460.32629867906,
    "MAPE": 0.044053016247785716,
    "ACMAPE": 1.3292241189093827
}