{
    "DOWN": {
        "precision": 0.5926430517711172,
        "recall": 0.16310461192350956,
        "f1-score": 0.2558071155542488,
        "support": 2667.0
    },
    "UP": {
        "precision": 0.370913190529876,
        "recall": 0.8148606811145511,
        "f1-score": 0.5097811349990315,
        "support": 1615.0
    },
    "accuracy": 0.40892106492293323,
    "macro avg": {
        "precision": 0.48177812115049656,
        "recall": 0.48898264651903034,
        "f1-score": 0.38279412527664014,
        "support": 4282.0
    },
    "weighted avg": {
        "precision": 0.5090153717373469,
        "recall": 0.40892106492293323,
        "f1-score": 0.35159600892261034,
        "support": 4282.0
    }
}