{
    "DOWN": {
        "precision": 0.5714285714285714,
        "recall": 0.6451612903225806,
        "f1-score": 0.606060606060606,
        "support": 62.0
    },
    "UP": {
        "precision": 0.5849056603773585,
        "recall": 0.5081967213114754,
        "f1-score": 0.5438596491228069,
        "support": 61.0
    },
    "accuracy": 0.5772357723577236,
    "macro avg": {
        "precision": 0.5781671159029649,
        "recall": 0.576679005817028,
        "f1-score": 0.5749601275917064,
        "support": 123.0
    },
    "weighted avg": {
        "precision": 0.578112330988539,
        "recall": 0.5772357723577236,
        "f1-score": 0.5752129770101528,
        "support": 123.0
    }
}