{
    "DOWN": {
        "precision": 0.5548387096774193,
        "recall": 0.33725490196078434,
        "f1-score": 0.41951219512195126,
        "support": 255.0
    },
    "UP": {
        "precision": 0.5029411764705882,
        "recall": 0.7125,
        "f1-score": 0.5896551724137932,
        "support": 240.0
    },
    "accuracy": 0.5191919191919192,
    "macro avg": {
        "precision": 0.5288899430740037,
        "recall": 0.5248774509803922,
        "f1-score": 0.5045836837678722,
        "support": 495.0
    },
    "weighted avg": {
        "precision": 0.5296762693347133,
        "recall": 0.5191919191919192,
        "f1-score": 0.502005759869511,
        "support": 495.0
    }
}