{
    "R2": 0.9723436956944196,
    "RMSE": 8.091027619750845,
    "MSE": 65.46472794357102,
    "MAPE": 0.03315551315876601,
    "ACMAPE": 0.9220444020476548
}