{
    "R2": 0.9335651136188887,
    "RMSE": 8.701842751824543,
    "MSE": 75.72206727748134,
    "MAPE": 0.01620634672841667,
    "ACMAPE": 1.34953968006175
}