{
    "R2": 0.9389178091894652,
    "RMSE": 134.09057300517952,
    "MSE": 17980.28176885738,
    "MAPE": 0.07163092449581131,
    "ACMAPE": 1.000433513492575
}