{
    "DOWN": {
        "precision": 0.6901840490797546,
        "recall": 0.32051282051282054,
        "f1-score": 0.43774319066147865,
        "support": 702.0
    },
    "UP": {
        "precision": 0.026530612244897958,
        "recall": 0.11403508771929824,
        "f1-score": 0.04304635761589403,
        "support": 114.0
    },
    "accuracy": 0.2916666666666667,
    "macro avg": {
        "precision": 0.3583573306623263,
        "recall": 0.21727395411605938,
        "f1-score": 0.24039477413868635,
        "support": 816.0
    },
    "weighted avg": {
        "precision": 0.597467760110179,
        "recall": 0.2916666666666667,
        "f1-score": 0.3826017213389338,
        "support": 816.0
    }
}