{
    "DOWN": {
        "precision": 0.7193798449612403,
        "recall": 0.3348971490436665,
        "f1-score": 0.45703028810637775,
        "support": 2771.0
    },
    "UP": {
        "precision": 0.0673076923076923,
        "recall": 0.2686868686868687,
        "f1-score": 0.10764872521246459,
        "support": 495.0
    },
    "accuracy": 0.32486221677893445,
    "macro avg": {
        "precision": 0.3933437686344663,
        "recall": 0.3017920088652676,
        "f1-score": 0.28233950665942115,
        "support": 3266.0
    },
    "weighted avg": {
        "precision": 0.620550783245531,
        "recall": 0.32486221677893445,
        "f1-score": 0.4040774792783045,
        "support": 3266.0
    }
}