{
    "R2": 0.945797170050114,
    "RMSE": 3.7593246501136135,
    "MSE": 14.132521824951843,
    "MAPE": 0.030755751297619982,
    "ACMAPE": 1.7324672427401628
}