{
    "R2": 0.8671531124635459,
    "RMSE": 13.74129732117075,
    "MSE": 188.8232520688144,
    "MAPE": 0.0674609905169514,
    "ACMAPE": 1.2038246268805877
}