{
    "R2": 0.9939074162073758,
    "RMSE": 188.41773505374206,
    "MSE": 35501.24288278214,
    "MAPE": 0.03182130985706359,
    "ACMAPE": 1.240413195298591
}