{
    "R2": 0.674297392404485,
    "RMSE": 548.5327585302698,
    "MSE": 300888.18718082726,
    "MAPE": 0.056985606729273865,
    "ACMAPE": 0.9395478843093451
}