{
    "DOWN": {
        "precision": 0.4,
        "recall": 0.044444444444444446,
        "f1-score": 0.07999999999999999,
        "support": 45.0
    },
    "UP": {
        "precision": 0.38571428571428573,
        "recall": 0.9,
        "f1-score": 0.5399999999999999,
        "support": 30.0
    },
    "accuracy": 0.38666666666666666,
    "macro avg": {
        "precision": 0.3928571428571429,
        "recall": 0.4722222222222222,
        "f1-score": 0.30999999999999994,
        "support": 75.0
    },
    "weighted avg": {
        "precision": 0.39428571428571424,
        "recall": 0.38666666666666666,
        "f1-score": 0.26399999999999996,
        "support": 75.0
    }
}