{
    "R2": 0.9830355886340639,
    "RMSE": 5.73718243575323,
    "MSE": 32.91526230111536,
    "MAPE": 0.052030726293508765,
    "ACMAPE": 1.2838188057637074
}