{
    "R2": 0.5277862844196829,
    "RMSE": 11.032843830051291,
    "MSE": 121.72364297830086,
    "MAPE": 0.056529891590628656,
    "ACMAPE": 0.7913365214248829
}