{
    "R2": 0.9933522292373042,
    "RMSE": 36.13335945938815,
    "MSE": 1305.619665821355,
    "MAPE": 0.04059440066520099,
    "ACMAPE": 0.5672011732982349
}