{
    "DOWN": {
        "precision": 0.7450424929178471,
        "recall": 0.9804287045666356,
        "f1-score": 0.8466800804828973,
        "support": 1073.0
    },
    "UP": {
        "precision": 0.4,
        "recall": 0.0374331550802139,
        "f1-score": 0.06845965770171149,
        "support": 374.0
    },
    "accuracy": 0.736696613683483,
    "macro avg": {
        "precision": 0.5725212464589235,
        "recall": 0.5089309298234247,
        "f1-score": 0.4575698690923044,
        "support": 1447.0
    },
    "weighted avg": {
        "precision": 0.6558608119563579,
        "recall": 0.736696613683483,
        "f1-score": 0.6455367231089073,
        "support": 1447.0
    }
}