{
    "R2": 0.9212317780242254,
    "RMSE": 5.002106362539383,
    "MSE": 25.021068062156974,
    "MAPE": 0.019162000146213862,
    "ACMAPE": 1.0332465071884673
}