{
    "R2": 0.972117948054461,
    "RMSE": 86.45617631013458,
    "MSE": 7474.670422169076,
    "MAPE": 0.14142350859656952,
    "ACMAPE": 1.4654110475373796
}