{
    "DOWN": {
        "precision": 0.7142857142857143,
        "recall": 0.047619047619047616,
        "f1-score": 0.08928571428571427,
        "support": 105.0
    },
    "UP": {
        "precision": 0.3464052287581699,
        "recall": 0.9636363636363636,
        "f1-score": 0.5096153846153846,
        "support": 55.0
    },
    "accuracy": 0.3625,
    "macro avg": {
        "precision": 0.5303454715219421,
        "recall": 0.5056277056277056,
        "f1-score": 0.29945054945054944,
        "support": 160.0
    },
    "weighted avg": {
        "precision": 0.5878267973856209,
        "recall": 0.3625,
        "f1-score": 0.23377403846153846,
        "support": 160.0
    }
}