{
    "R2": 0.9862179473917336,
    "RMSE": 8.501632271383356,
    "MSE": 72.27775127782692,
    "MAPE": 0.013798562246890954,
    "ACMAPE": 0.8750340143507406
}