{
    "DOWN": {
        "precision": 0.8107094133697135,
        "recall": 0.7560432569974554,
        "f1-score": 0.782422646477946,
        "support": 3144.0
    },
    "UP": {
        "precision": 0.25822050290135395,
        "recall": 0.3248175182481752,
        "f1-score": 0.2877155172413793,
        "support": 822.0
    },
    "accuracy": 0.6666666666666666,
    "macro avg": {
        "precision": 0.5344649581355337,
        "recall": 0.5404303876228154,
        "f1-score": 0.5350690818596626,
        "support": 3966.0
    },
    "weighted avg": {
        "precision": 0.6961996089307343,
        "recall": 0.6666666666666666,
        "f1-score": 0.6798887936709723,
        "support": 3966.0
    }
}