{
    "DOWN": {
        "precision": 0.986444212721585,
        "recall": 0.9752577319587629,
        "f1-score": 0.9808190772420943,
        "support": 970.0
    },
    "UP": {
        "precision": 0.25,
        "recall": 0.38095238095238093,
        "f1-score": 0.3018867924528302,
        "support": 21.0
    },
    "accuracy": 0.9626639757820383,
    "macro avg": {
        "precision": 0.6182221063607924,
        "recall": 0.678105056455572,
        "f1-score": 0.6413529348474623,
        "support": 991.0
    },
    "weighted avg": {
        "precision": 0.9708384322300075,
        "recall": 0.9626639757820383,
        "f1-score": 0.9664320157077103,
        "support": 991.0
    }
}