{
    "DOWN": {
        "precision": 0.9163498098859315,
        "recall": 0.9968976215098242,
        "f1-score": 0.9549281822684497,
        "support": 967.0
    },
    "UP": {
        "precision": 0.6666666666666666,
        "recall": 0.06382978723404255,
        "f1-score": 0.11650485436893203,
        "support": 94.0
    },
    "accuracy": 0.9142318567389256,
    "macro avg": {
        "precision": 0.791508238276299,
        "recall": 0.5303637043719334,
        "f1-score": 0.5357165183186908,
        "support": 1061.0
    },
    "weighted avg": {
        "precision": 0.8942289659060909,
        "recall": 0.9142318567389256,
        "f1-score": 0.8806475104281531,
        "support": 1061.0
    }
}