{
    "DOWN": {
        "precision": 0.8558981233243967,
        "recall": 0.34007989347536616,
        "f1-score": 0.4867543358109396,
        "support": 3755.0
    },
    "UP": {
        "precision": 0.07329842931937172,
        "recall": 0.4768856447688564,
        "f1-score": 0.12706645056726093,
        "support": 411.0
    },
    "accuracy": 0.35357657225156025,
    "macro avg": {
        "precision": 0.4645982763218842,
        "recall": 0.4084827691221113,
        "f1-score": 0.30691039318910024,
        "support": 4166.0
    },
    "weighted avg": {
        "precision": 0.7786901362298059,
        "recall": 0.35357657225156025,
        "f1-score": 0.4512690451639996,
        "support": 4166.0
    }
}