{
    "R2": 0.2049080020710079,
    "RMSE": 18.102682553810595,
    "MSE": 327.7071156440385,
    "MAPE": 0.060030572201755075,
    "ACMAPE": 0.847734702845367
}