{
    "R2": 0.9739168364697103,
    "RMSE": 12.828471520002632,
    "MSE": 164.56968153951863,
    "MAPE": 0.023849528101925258,
    "ACMAPE": 1.0957449529385266
}