{
    "R2": 0.9952835089706763,
    "RMSE": 15.005394596343752,
    "MSE": 225.1618669919823,
    "MAPE": 0.007913097534519756,
    "ACMAPE": 1.1903414074796084
}