{
    "R2": 0.9930181117563048,
    "RMSE": 94.76819719619736,
    "MSE": 8981.011199817349,
    "MAPE": 0.13897522292216322,
    "ACMAPE": 1.0513039900454508
}