{
    "DOWN": {
        "precision": 0.6522574447646494,
        "recall": 1.0,
        "f1-score": 0.7895348837209303,
        "support": 679.0
    },
    "UP": {
        "precision": 0.0,
        "recall": 0.0,
        "f1-score": 0.0,
        "support": 362.0
    },
    "accuracy": 0.6522574447646494,
    "macro avg": {
        "precision": 0.3261287223823247,
        "recall": 0.5,
        "f1-score": 0.39476744186046514,
        "support": 1041.0
    },
    "weighted avg": {
        "precision": 0.4254397742509097,
        "recall": 0.6522574447646494,
        "f1-score": 0.5149800058083686,
        "support": 1041.0
    }
}