{
    "DOWN": {
        "precision": 0.676923076923077,
        "recall": 0.05597964376590331,
        "f1-score": 0.10340775558166863,
        "support": 786.0
    },
    "UP": {
        "precision": 0.23505154639175257,
        "recall": 0.9156626506024096,
        "f1-score": 0.3740771123872026,
        "support": 249.0
    },
    "accuracy": 0.26280193236714977,
    "macro avg": {
        "precision": 0.4559873116574148,
        "recall": 0.4858211471841565,
        "f1-score": 0.23874243398443562,
        "support": 1035.0
    },
    "weighted avg": {
        "precision": 0.5706177521865554,
        "recall": 0.26280193236714977,
        "f1-score": 0.16852531098705795,
        "support": 1035.0
    }
}