{
    "R2": 0.9895694027142771,
    "RMSE": 17.09448880919151,
    "MSE": 292.2215476475738,
    "MAPE": 0.017955120036507302,
    "ACMAPE": 0.709357834968634
}