{
    "DOWN": {
        "precision": 0.6644263082093135,
        "recall": 0.48038875390489416,
        "f1-score": 0.5576148267526189,
        "support": 2881.0
    },
    "UP": {
        "precision": 0.3796104434314132,
        "recall": 0.5671826625386996,
        "f1-score": 0.4548162859980139,
        "support": 1615.0
    },
    "accuracy": 0.5115658362989324,
    "macro avg": {
        "precision": 0.5220183758203634,
        "recall": 0.5237857082217969,
        "f1-score": 0.5062155563753163,
        "support": 4496.0
    },
    "weighted avg": {
        "precision": 0.5621181183480348,
        "recall": 0.5115658362989324,
        "f1-score": 0.5206887495020212,
        "support": 4496.0
    }
}