{
    "DOWN": {
        "precision": 0.7752397067117879,
        "recall": 0.8825040128410915,
        "f1-score": 0.8254015913526496,
        "support": 3115.0
    },
    "UP": {
        "precision": 0.35563380281690143,
        "recall": 0.2022022022022022,
        "f1-score": 0.25781748564135293,
        "support": 999.0
    },
    "accuracy": 0.7173067574137093,
    "macro avg": {
        "precision": 0.5654367547643446,
        "recall": 0.5423531075216468,
        "f1-score": 0.5416095384970012,
        "support": 4114.0
    },
    "weighted avg": {
        "precision": 0.6733470722949207,
        "recall": 0.7173067574137093,
        "f1-score": 0.687575504428589,
        "support": 4114.0
    }
}