{
    "R2": 0.9900952708049505,
    "RMSE": 102.23048146661355,
    "MSE": 10451.071340895618,
    "MAPE": 0.10842148770463213,
    "ACMAPE": 0.6738079728772135
}