{
    "DOWN": {
        "precision": 0.2857142857142857,
        "recall": 0.00315955766192733,
        "f1-score": 0.0062499999999999995,
        "support": 633.0
    },
    "UP": {
        "precision": 0.3819784524975514,
        "recall": 0.9873417721518988,
        "f1-score": 0.5508474576271186,
        "support": 395.0
    },
    "accuracy": 0.38132295719844356,
    "macro avg": {
        "precision": 0.3338463691059186,
        "recall": 0.49525066490691305,
        "f1-score": 0.2785487288135593,
        "support": 1028.0
    },
    "weighted avg": {
        "precision": 0.3227029490210853,
        "recall": 0.38132295719844356,
        "f1-score": 0.21550680521664578,
        "support": 1028.0
    }
}