{
    "R2": 0.980918598437336,
    "RMSE": 127.36338832599137,
    "MSE": 16221.432685877275,
    "MAPE": 0.9407531643830446,
    "ACMAPE": 2.1984947243364785
}