{
    "R2": 0.11292888755589925,
    "RMSE": 175.37254935535108,
    "MSE": 30755.53106739505,
    "MAPE": 0.08728804715647458,
    "ACMAPE": 0.8030382801480869
}