{
    "R2": -1.3482896693694375,
    "RMSE": 138.0503159594304,
    "MSE": 19057.889736498564,
    "MAPE": 1.6847765943106563,
    "ACMAPE": 3.099455493393225
}