{
    "R2": 0.9925803997261607,
    "RMSE": 64.29171355797585,
    "MSE": 4133.424432220817,
    "MAPE": 0.025174590348536856,
    "ACMAPE": 1.0333937684307284
}