{
    "DOWN": {
        "precision": 0.6326963906581741,
        "recall": 0.30690010298661174,
        "f1-score": 0.4133148404993065,
        "support": 2913.0
    },
    "UP": {
        "precision": 0.33607365998026967,
        "recall": 0.6632057105775471,
        "f1-score": 0.44609340899170674,
        "support": 1541.0
    },
    "accuracy": 0.4301751234845083,
    "macro avg": {
        "precision": 0.4843850253192219,
        "recall": 0.4850529067820794,
        "f1-score": 0.4297041247455066,
        "support": 4454.0
    },
    "weighted avg": {
        "precision": 0.5300705199858232,
        "recall": 0.4301751234845083,
        "f1-score": 0.424655607011832,
        "support": 4454.0
    }
}