{
    "DOWN": {
        "precision": 0.852863436123348,
        "recall": 0.3085750717245776,
        "f1-score": 0.4531835205992509,
        "support": 3137.0
    },
    "UP": {
        "precision": 0.28651315789473686,
        "recall": 0.8391136801541426,
        "f1-score": 0.42717018146150076,
        "support": 1038.0
    },
    "accuracy": 0.44047904191616766,
    "macro avg": {
        "precision": 0.5696882970090424,
        "recall": 0.5738443759393601,
        "f1-score": 0.44017685103037585,
        "support": 4175.0
    },
    "weighted avg": {
        "precision": 0.7120558699433963,
        "recall": 0.44047904191616766,
        "f1-score": 0.4467160125693145,
        "support": 4175.0
    }
}