{
    "DOWN": {
        "precision": 0.7337662337662337,
        "recall": 0.1475195822454308,
        "f1-score": 0.24565217391304345,
        "support": 766.0
    },
    "UP": {
        "precision": 0.265466816647919,
        "recall": 0.851985559566787,
        "f1-score": 0.40480274442538594,
        "support": 277.0
    },
    "accuracy": 0.3346116970278044,
    "macro avg": {
        "precision": 0.49961652520707633,
        "recall": 0.4997525709061089,
        "f1-score": 0.3252274591692147,
        "support": 1043.0
    },
    "weighted avg": {
        "precision": 0.6093952476283879,
        "recall": 0.3346116970278044,
        "f1-score": 0.2879193915850654,
        "support": 1043.0
    }
}