{
    "DOWN": {
        "precision": 0.8949756888168557,
        "recall": 0.9759632378932485,
        "f1-score": 0.9337166046668921,
        "support": 2829.0
    },
    "UP": {
        "precision": 0.39823008849557523,
        "recall": 0.12195121951219512,
        "f1-score": 0.1867219917012448,
        "support": 369.0
    },
    "accuracy": 0.8774233896185115,
    "macro avg": {
        "precision": 0.6466028886562155,
        "recall": 0.5489572287027218,
        "f1-score": 0.5602192981840685,
        "support": 3198.0
    },
    "weighted avg": {
        "precision": 0.8376588887797849,
        "recall": 0.8774233896185115,
        "f1-score": 0.8475249185554713,
        "support": 3198.0
    }
}