{
    "R2": 0.9841535405686254,
    "RMSE": 27.37514041690041,
    "MSE": 749.3983128450144,
    "MAPE": 0.10506951719738146,
    "ACMAPE": 0.3502227379603584
}