{
    "DOWN": {
        "precision": 0.7796875,
        "recall": 0.8344481605351171,
        "f1-score": 0.8061389337641358,
        "support": 598.0
    },
    "UP": {
        "precision": 0.37735849056603776,
        "recall": 0.29850746268656714,
        "f1-score": 0.3333333333333333,
        "support": 201.0
    },
    "accuracy": 0.6996245306633292,
    "macro avg": {
        "precision": 0.5785229952830189,
        "recall": 0.5664778116108421,
        "f1-score": 0.5697361335487345,
        "support": 799.0
    },
    "weighted avg": {
        "precision": 0.6784758217819444,
        "recall": 0.6996245306633292,
        "f1-score": 0.6871978503015685,
        "support": 799.0
    }
}