{
    "DOWN": {
        "precision": 0.875,
        "recall": 0.0784313725490196,
        "f1-score": 0.14395886889460158,
        "support": 714.0
    },
    "UP": {
        "precision": 0.28710725893824485,
        "recall": 0.9706959706959707,
        "f1-score": 0.4431438127090301,
        "support": 273.0
    },
    "accuracy": 0.3252279635258359,
    "macro avg": {
        "precision": 0.5810536294691224,
        "recall": 0.5245636716224952,
        "f1-score": 0.29355134080181583,
        "support": 987.0
    },
    "weighted avg": {
        "precision": 0.7123913694935571,
        "recall": 0.3252279635258359,
        "f1-score": 0.22671215122625202,
        "support": 987.0
    }
}