{
    "DOWN": {
        "precision": 0.7966537966537967,
        "recall": 0.7197674418604652,
        "f1-score": 0.756261453879047,
        "support": 860.0
    },
    "UP": {
        "precision": 0.2740963855421687,
        "recall": 0.3654618473895582,
        "f1-score": 0.3132530120481928,
        "support": 249.0
    },
    "accuracy": 0.6402164111812444,
    "macro avg": {
        "precision": 0.5353750910979826,
        "recall": 0.5426146446250117,
        "f1-score": 0.5347572329636199,
        "support": 1109.0
    },
    "weighted avg": {
        "precision": 0.6793257575493825,
        "recall": 0.6402164111812444,
        "f1-score": 0.6567942744237876,
        "support": 1109.0
    }
}