{
    "R2": 0.9854857160600424,
    "RMSE": 12.811071885180668,
    "MSE": 164.12356284726658,
    "MAPE": 0.05395238137508766,
    "ACMAPE": 1.9296449855668487
}