{
    "DOWN": {
        "precision": 0.6055045871559633,
        "recall": 0.31528662420382164,
        "f1-score": 0.41465968586387436,
        "support": 628.0
    },
    "UP": {
        "precision": 0.4543147208121827,
        "recall": 0.7351129363449692,
        "f1-score": 0.5615686274509804,
        "support": 487.0
    },
    "accuracy": 0.49865470852017935,
    "macro avg": {
        "precision": 0.5299096539840731,
        "recall": 0.5251997802743954,
        "f1-score": 0.48811415665742736,
        "support": 1115.0
    },
    "weighted avg": {
        "precision": 0.5394691926183659,
        "recall": 0.49865470852017935,
        "f1-score": 0.4788252953283771,
        "support": 1115.0
    }
}