{
    "R2": 0.9983942459400852,
    "RMSE": 238.17090785630373,
    "MSE": 56725.381349095915,
    "MAPE": 0.05921423861512567,
    "ACMAPE": 1.145107936753722
}