{
    "DOWN": {
        "precision": 0.5803757828810021,
        "recall": 0.31447963800904977,
        "f1-score": 0.40792369772560527,
        "support": 2652.0
    },
    "UP": {
        "precision": 0.3984116479152879,
        "recall": 0.6662977310459325,
        "f1-score": 0.4986539656243529,
        "support": 1807.0
    },
    "accuracy": 0.4570531509307019,
    "macro avg": {
        "precision": 0.489393715398145,
        "recall": 0.4903886845274911,
        "f1-score": 0.4532888316749791,
        "support": 4459.0
    },
    "weighted avg": {
        "precision": 0.506635215066908,
        "recall": 0.4570531509307019,
        "f1-score": 0.4446919404017741,
        "support": 4459.0
    }
}