{
    "DOWN": {
        "precision": 0.7232142857142857,
        "recall": 0.271356783919598,
        "f1-score": 0.39464068209500613,
        "support": 597.0
    },
    "UP": {
        "precision": 0.3881856540084388,
        "recall": 0.8165680473372781,
        "f1-score": 0.5262154432793136,
        "support": 338.0
    },
    "accuracy": 0.46844919786096256,
    "macro avg": {
        "precision": 0.5556999698613623,
        "recall": 0.5439624156284381,
        "f1-score": 0.46042806268715986,
        "support": 935.0
    },
    "weighted avg": {
        "precision": 0.6021023311511026,
        "recall": 0.46844919786096256,
        "f1-score": 0.4422046064589589,
        "support": 935.0
    }
}