{
    "DOWN": {
        "precision": 0.75,
        "recall": 0.10638297872340426,
        "f1-score": 0.18633540372670807,
        "support": 141.0
    },
    "UP": {
        "precision": 0.411214953271028,
        "recall": 0.946236559139785,
        "f1-score": 0.5732899022801303,
        "support": 93.0
    },
    "accuracy": 0.44017094017094016,
    "macro avg": {
        "precision": 0.580607476635514,
        "recall": 0.5263097689315946,
        "f1-score": 0.3798126530034192,
        "support": 234.0
    },
    "weighted avg": {
        "precision": 0.6153546609154086,
        "recall": 0.44017094017094016,
        "f1-score": 0.34012501212614515,
        "support": 234.0
    }
}