{
    "DOWN": {
        "precision": 0.6386430678466076,
        "recall": 0.6443452380952381,
        "f1-score": 0.6414814814814815,
        "support": 672.0
    },
    "UP": {
        "precision": 0.35405405405405405,
        "recall": 0.3484042553191489,
        "f1-score": 0.3512064343163539,
        "support": 376.0
    },
    "accuracy": 0.5381679389312977,
    "macro avg": {
        "precision": 0.49634856095033086,
        "recall": 0.4963747467071935,
        "f1-score": 0.4963439578989177,
        "support": 1048.0
    },
    "weighted avg": {
        "precision": 0.5365386125164548,
        "recall": 0.5381679389312977,
        "f1-score": 0.5373369989107869,
        "support": 1048.0
    }
}