{
    "R2": 0.9799829249494848,
    "RMSE": 10.410927527394028,
    "MSE": 108.38741198065074,
    "MAPE": 0.030037468533131436,
    "ACMAPE": 0.9537015906705361
}