{
    "R2": 0.9029308938514811,
    "RMSE": 5.481589998286209,
    "MSE": 30.047828909311395,
    "MAPE": 0.06442855312261468,
    "ACMAPE": 0.6138791025731641
}