{
    "DOWN": {
        "precision": 0.5573770491803278,
        "recall": 0.5698324022346368,
        "f1-score": 0.5635359116022098,
        "support": 537.0
    },
    "UP": {
        "precision": 0.4137055837563452,
        "recall": 0.4014778325123153,
        "f1-score": 0.40750000000000003,
        "support": 406.0
    },
    "accuracy": 0.4973488865323436,
    "macro avg": {
        "precision": 0.48554131646833654,
        "recall": 0.48565511737347605,
        "f1-score": 0.4855179558011049,
        "support": 943.0
    },
    "weighted avg": {
        "precision": 0.49552061761920696,
        "recall": 0.4973488865323436,
        "f1-score": 0.49635608115629554,
        "support": 943.0
    }
}