{
    "R2": 0.986066273998973,
    "RMSE": 5.853161942773173,
    "MSE": 34.25950472832823,
    "MAPE": 0.02280198076181468,
    "ACMAPE": 0.7148019807618147
}