{
    "R2": -1.6654020628766792,
    "RMSE": 31.368053689004203,
    "MSE": 983.9547922362502,
    "MAPE": 0.110266523147703,
    "ACMAPE": 0.8904863033674831
}