{
    "DOWN": {
        "precision": 0.6427145708582834,
        "recall": 0.7155555555555555,
        "f1-score": 0.6771819137749736,
        "support": 450.0
    },
    "UP": {
        "precision": 0.4410480349344978,
        "recall": 0.3607142857142857,
        "f1-score": 0.39685658153241643,
        "support": 280.0
    },
    "accuracy": 0.5794520547945206,
    "macro avg": {
        "precision": 0.5418813028963906,
        "recall": 0.5381349206349206,
        "f1-score": 0.537019247653695,
        "support": 730.0
    },
    "weighted avg": {
        "precision": 0.5653630228327218,
        "recall": 0.5794520547945206,
        "f1-score": 0.569659868531253,
        "support": 730.0
    }
}