{
    "DOWN": {
        "precision": 0.5957095709570958,
        "recall": 0.21985383678440926,
        "f1-score": 0.3211743772241993,
        "support": 1642.0
    },
    "UP": {
        "precision": 0.4673596673596674,
        "recall": 0.8210372534696859,
        "f1-score": 0.5956544780074192,
        "support": 1369.0
    },
    "accuracy": 0.49319163068747923,
    "macro avg": {
        "precision": 0.5315346191583816,
        "recall": 0.5204455451270475,
        "f1-score": 0.45841442761580925,
        "support": 3011.0
    },
    "weighted avg": {
        "precision": 0.5373532049574679,
        "recall": 0.49319163068747923,
        "f1-score": 0.4459712081681475,
        "support": 3011.0
    }
}