{
    "DOWN": {
        "precision": 0.6838709677419355,
        "recall": 0.06261075014766686,
        "f1-score": 0.1147186147186147,
        "support": 1693.0
    },
    "UP": {
        "precision": 0.2746800731261426,
        "recall": 0.9246153846153846,
        "f1-score": 0.42353770260747015,
        "support": 650.0
    },
    "accuracy": 0.30174989329918905,
    "macro avg": {
        "precision": 0.47927552043403904,
        "recall": 0.4936130673815257,
        "f1-score": 0.2691281586630424,
        "support": 2343.0
    },
    "weighted avg": {
        "precision": 0.5703523670162567,
        "recall": 0.30174989329918905,
        "f1-score": 0.20039185719738384,
        "support": 2343.0
    }
}