{
    "DOWN": {
        "precision": 0.6677740863787376,
        "recall": 0.7628083491461101,
        "f1-score": 0.7121346324180691,
        "support": 527.0
    },
    "UP": {
        "precision": 0.3842364532019704,
        "recall": 0.2805755395683453,
        "f1-score": 0.3243243243243243,
        "support": 278.0
    },
    "accuracy": 0.5962732919254659,
    "macro avg": {
        "precision": 0.526005269790354,
        "recall": 0.5216919443572277,
        "f1-score": 0.5182294783711967,
        "support": 805.0
    },
    "weighted avg": {
        "precision": 0.5698567422506118,
        "recall": 0.5962732919254659,
        "f1-score": 0.578207594343459,
        "support": 805.0
    }
}