{
    "R2": 0.5511521329004725,
    "RMSE": 5.895036505831973,
    "MSE": 34.75145540509164,
    "MAPE": 0.04258734436230191,
    "ACMAPE": 0.8087564985911577
}