{
    "DOWN": {
        "precision": 1.0,
        "recall": 0.001088139281828074,
        "f1-score": 0.002173913043478261,
        "support": 919.0
    },
    "UP": {
        "precision": 0.13964386129334583,
        "recall": 1.0,
        "f1-score": 0.24506578947368418,
        "support": 149.0
    },
    "accuracy": 0.1404494382022472,
    "macro avg": {
        "precision": 0.569821930646673,
        "recall": 0.500544069640914,
        "f1-score": 0.12361985125858121,
        "support": 1068.0
    },
    "weighted avg": {
        "precision": 0.8799690405736972,
        "recall": 0.1404494382022472,
        "f1-score": 0.03606051378140025,
        "support": 1068.0
    }
}