{
    "R2": 0.9913375020550735,
    "RMSE": 36.269446622868855,
    "MSE": 1315.4727583291328,
    "MAPE": 0.04232504615028285,
    "ACMAPE": 1.4912115500408114
}