{
    "DOWN": {
        "precision": 0.8853932584269663,
        "recall": 0.48048780487804876,
        "f1-score": 0.6229249011857707,
        "support": 2460.0
    },
    "UP": {
        "precision": 0.20915841584158415,
        "recall": 0.6883910386965377,
        "f1-score": 0.32083531086853345,
        "support": 491.0
    },
    "accuracy": 0.5150796340223653,
    "macro avg": {
        "precision": 0.5472758371342752,
        "recall": 0.5844394217872932,
        "f1-score": 0.4718801060271521,
        "support": 2951.0
    },
    "weighted avg": {
        "precision": 0.7728784133881921,
        "recall": 0.5150796340223653,
        "f1-score": 0.5726619432576909,
        "support": 2951.0
    }
}