{
    "R2": 0.9919298558188805,
    "RMSE": 30.613353830826505,
    "MSE": 937.1774327713799,
    "MAPE": 0.0419789922387937,
    "ACMAPE": 0.9515888875765672
}