{
    "R2": 0.9978888523331765,
    "RMSE": 22.488970545795006,
    "MSE": 505.75379620963525,
    "MAPE": 0.05527050289417589,
    "ACMAPE": 1.1933495989393736
}