{
    "DOWN": {
        "precision": 0.7526205450733753,
        "recall": 0.5602809207959423,
        "f1-score": 0.6423618877208679,
        "support": 2563.0
    },
    "UP": {
        "precision": 0.17737226277372262,
        "recall": 0.33986013986013985,
        "f1-score": 0.23309352517985607,
        "support": 715.0
    },
    "accuracy": 0.512202562538133,
    "macro avg": {
        "precision": 0.46499640392354896,
        "recall": 0.45007053032804106,
        "f1-score": 0.43772770645036196,
        "support": 3278.0
    },
    "weighted avg": {
        "precision": 0.6271469264509678,
        "recall": 0.512202562538133,
        "f1-score": 0.5530919428713184,
        "support": 3278.0
    }
}