{
    "R2": 0.9959221229152898,
    "RMSE": 15.476342073173193,
    "MSE": 239.51716396587074,
    "MAPE": 0.05080591901834895,
    "ACMAPE": 1.026400793942083
}