{
    "R2": 0.9146614381822084,
    "RMSE": 2.9219991437457375,
    "MSE": 8.538078996050823,
    "MAPE": 0.049321379754767254,
    "ACMAPE": 0.21867621846444474
}