{
    "DOWN": {
        "precision": 0.6,
        "recall": 0.005011135857461025,
        "f1-score": 0.009939260077305357,
        "support": 1796.0
    },
    "UP": {
        "precision": 0.4076897580377859,
        "recall": 0.9951456310679612,
        "f1-score": 0.5784152363037856,
        "support": 1236.0
    },
    "accuracy": 0.4086411609498681,
    "macro avg": {
        "precision": 0.503844879018893,
        "recall": 0.500078383462711,
        "f1-score": 0.29417724819054547,
        "support": 3032.0
    },
    "weighted avg": {
        "precision": 0.5216044000444272,
        "recall": 0.4086411609498681,
        "f1-score": 0.2416794667448283,
        "support": 3032.0
    }
}