{
    "R2": 0.9517757666931285,
    "RMSE": 106.89602403762787,
    "MSE": 11426.759955053116,
    "MAPE": 0.02204331303697946,
    "ACMAPE": 1.1724390914010956
}