{
    "DOWN": {
        "precision": 0.5384615384615384,
        "recall": 0.002047981275599766,
        "f1-score": 0.004080443019527835,
        "support": 3418.0
    },
    "UP": {
        "precision": 0.180835734870317,
        "recall": 0.9920948616600791,
        "f1-score": 0.30591102985984153,
        "support": 759.0
    },
    "accuracy": 0.18194876705769691,
    "macro avg": {
        "precision": 0.3596486366659277,
        "recall": 0.49707142146783945,
        "f1-score": 0.15499573643968467,
        "support": 4177.0
    },
    "weighted avg": {
        "precision": 0.4734775822906653,
        "recall": 0.18194876705769691,
        "f1-score": 0.05892588601971891,
        "support": 4177.0
    }
}