{
    "DOWN": {
        "precision": 0.6794871794871795,
        "recall": 0.29444444444444445,
        "f1-score": 0.4108527131782945,
        "support": 720.0
    },
    "UP": {
        "precision": 0.34196891191709844,
        "recall": 0.7252747252747253,
        "f1-score": 0.4647887323943662,
        "support": 364.0
    },
    "accuracy": 0.43911439114391143,
    "macro avg": {
        "precision": 0.510728045702139,
        "recall": 0.5098595848595848,
        "f1-score": 0.43782072278633033,
        "support": 1084.0
    },
    "weighted avg": {
        "precision": 0.5661507870558976,
        "recall": 0.43911439114391143,
        "f1-score": 0.4289640701844293,
        "support": 1084.0
    }
}