{
    "DOWN": {
        "precision": 1.0,
        "recall": 0.005434782608695652,
        "f1-score": 0.010810810810810811,
        "support": 736.0
    },
    "UP": {
        "precision": 0.30219256434699715,
        "recall": 1.0,
        "f1-score": 0.46412884333821375,
        "support": 317.0
    },
    "accuracy": 0.30484330484330485,
    "macro avg": {
        "precision": 0.6510962821734986,
        "recall": 0.5027173913043478,
        "f1-score": 0.23746982707451228,
        "support": 1053.0
    },
    "weighted avg": {
        "precision": 0.7899288156676145,
        "recall": 0.30484330484330485,
        "f1-score": 0.1472797721699625,
        "support": 1053.0
    }
}