{
    "DOWN": {
        "precision": 0.7681992337164751,
        "recall": 0.1110803324099723,
        "f1-score": 0.1940948693126815,
        "support": 3610.0
    },
    "UP": {
        "precision": 0.13105875981586787,
        "recall": 0.8,
        "f1-score": 0.22522103303862262,
        "support": 605.0
    },
    "accuracy": 0.2099644128113879,
    "macro avg": {
        "precision": 0.4496289967661715,
        "recall": 0.45554016620498616,
        "f1-score": 0.20965795117565206,
        "support": 4215.0
    },
    "weighted avg": {
        "precision": 0.6767472795741578,
        "recall": 0.2099644128113879,
        "f1-score": 0.198562563038469,
        "support": 4215.0
    }
}