{
    "DOWN": {
        "precision": 0.763768115942029,
        "recall": 0.96875,
        "f1-score": 0.8541329011345219,
        "support": 544.0
    },
    "UP": {
        "precision": 0.5641025641025641,
        "recall": 0.11891891891891893,
        "f1-score": 0.19642857142857142,
        "support": 185.0
    },
    "accuracy": 0.7530864197530864,
    "macro avg": {
        "precision": 0.6639353400222965,
        "recall": 0.5438344594594595,
        "f1-score": 0.5252807362815467,
        "support": 729.0
    },
    "weighted avg": {
        "precision": 0.7130985314560194,
        "recall": 0.7530864197530864,
        "f1-score": 0.6872257667098294,
        "support": 729.0
    }
}