{
    "R2": 0.9774944341993396,
    "RMSE": 10.045592098882238,
    "MSE": 100.91392061712527,
    "MAPE": 0.016479547558075573,
    "ACMAPE": 1.0829849889123682
}