{
    "R2": 0.9856910384589843,
    "RMSE": 8.158228544663148,
    "MSE": 66.55669298695659,
    "MAPE": 0.0387886162426603,
    "ACMAPE": 1.533455598939982
}