{
    "DOWN": {
        "precision": 0.7391304347826086,
        "recall": 0.045272969374167776,
        "f1-score": 0.08531994981179422,
        "support": 751.0
    },
    "UP": {
        "precision": 0.2837162837162837,
        "recall": 0.9594594594594594,
        "f1-score": 0.4379336931380108,
        "support": 296.0
    },
    "accuracy": 0.3037249283667622,
    "macro avg": {
        "precision": 0.5114233592494462,
        "recall": 0.5023662144168136,
        "f1-score": 0.2616268214749025,
        "support": 1047.0
    },
    "weighted avg": {
        "precision": 0.6103791561621386,
        "recall": 0.3037249283667622,
        "f1-score": 0.18500826693171793,
        "support": 1047.0
    }
}