{
    "R2": 0.9708494352932608,
    "RMSE": 28.59182238164133,
    "MSE": 817.492307103326,
    "MAPE": 0.024425170407057814,
    "ACMAPE": 1.2744251704070577
}