{
    "DOWN": {
        "precision": 0.6806083650190115,
        "recall": 0.41244239631336405,
        "f1-score": 0.5136298421807748,
        "support": 434.0
    },
    "UP": {
        "precision": 0.4110854503464203,
        "recall": 0.6793893129770993,
        "f1-score": 0.5122302158273381,
        "support": 262.0
    },
    "accuracy": 0.5129310344827587,
    "macro avg": {
        "precision": 0.5458469076827159,
        "recall": 0.5459158546452316,
        "f1-score": 0.5129300290040564,
        "support": 696.0
    },
    "weighted avg": {
        "precision": 0.5791500264497315,
        "recall": 0.5129310344827587,
        "f1-score": 0.5131029713408317,
        "support": 696.0
    }
}