{
    "R2": 0.9463900557931201,
    "RMSE": 26.16454934422682,
    "MSE": 684.58364238648,
    "MAPE": 0.02566099046634908,
    "ACMAPE": 0.8532471973629009
}