{
    "R2": 0.9708737974818594,
    "RMSE": 38.287093756561354,
    "MSE": 1465.9015483237195,
    "MAPE": 0.02981402748732456,
    "ACMAPE": 0.9588263731663368
}