{
    "DOWN": {
        "precision": 0.6666666666666666,
        "recall": 0.002911208151382824,
        "f1-score": 0.005797101449275362,
        "support": 687.0
    },
    "UP": {
        "precision": 0.03248587570621469,
        "recall": 0.9583333333333334,
        "f1-score": 0.06284153005464481,
        "support": 24.0
    },
    "accuracy": 0.035161744022503515,
    "macro avg": {
        "precision": 0.34957627118644063,
        "recall": 0.4806222707423581,
        "f1-score": 0.03431931575196009,
        "support": 711.0
    },
    "weighted avg": {
        "precision": 0.645259720136356,
        "recall": 0.035161744022503515,
        "f1-score": 0.0077226517819460605,
        "support": 711.0
    }
}