{
    "R2": 0.8719364789454378,
    "RMSE": 17.31766758069745,
    "MSE": 299.9016104355395,
    "MAPE": 0.05390013985644169,
    "ACMAPE": 0.6917483627190738
}