{
    "DOWN": {
        "precision": 0.6606896551724138,
        "recall": 0.5079533404029692,
        "f1-score": 0.5743405275779376,
        "support": 943.0
    },
    "UP": {
        "precision": 0.3573407202216066,
        "recall": 0.5119047619047619,
        "f1-score": 0.4208809135399673,
        "support": 504.0
    },
    "accuracy": 0.5093296475466482,
    "macro avg": {
        "precision": 0.5090151876970103,
        "recall": 0.5099290511538656,
        "f1-score": 0.4976107205589525,
        "support": 1447.0
    },
    "weighted avg": {
        "precision": 0.5550311456940401,
        "recall": 0.5093296475466482,
        "f1-score": 0.5208894940774974,
        "support": 1447.0
    }
}