{
    "R2": 0.9920939530232686,
    "RMSE": 85.00726010320928,
    "MSE": 7226.234270254675,
    "MAPE": 0.022768286310831543,
    "ACMAPE": 1.0041089912175352
}