{
    "R2": 0.7742179768092788,
    "RMSE": 70.94124188072578,
    "MSE": 5032.659799579643,
    "MAPE": 0.3142541140342881,
    "ACMAPE": 1.5889793887595627
}