{
    "R2": 0.9930771912539508,
    "RMSE": 19.271486812552567,
    "MSE": 371.39020396638745,
    "MAPE": 0.12890153449466057,
    "ACMAPE": 1.3683190759778978
}