{
    "R2": 0.9877414744063776,
    "RMSE": 16.917251301521627,
    "MSE": 286.19339159883515,
    "MAPE": 0.03501614919178322,
    "ACMAPE": 1.0810866098963905
}