{
    "DOWN": {
        "precision": 0.6038291605301914,
        "recall": 0.20801623541349568,
        "f1-score": 0.3094339622641509,
        "support": 1971.0
    },
    "UP": {
        "precision": 0.31354441512752856,
        "recall": 0.7260692464358453,
        "f1-score": 0.437960687960688,
        "support": 982.0
    },
    "accuracy": 0.3802912292583813,
    "macro avg": {
        "precision": 0.45868678782885997,
        "recall": 0.46704274092467046,
        "f1-score": 0.37369732511241943,
        "support": 2953.0
    },
    "weighted avg": {
        "precision": 0.5072969492245988,
        "recall": 0.3802912292583813,
        "f1-score": 0.3521746478835209,
        "support": 2953.0
    }
}