{
    "DOWN": {
        "precision": 0.5714285714285714,
        "recall": 0.9446494464944649,
        "f1-score": 0.7121001390820584,
        "support": 542.0
    },
    "UP": {
        "precision": 0.5081967213114754,
        "recall": 0.0746987951807229,
        "f1-score": 0.13025210084033614,
        "support": 415.0
    },
    "accuracy": 0.567398119122257,
    "macro avg": {
        "precision": 0.5398126463700235,
        "recall": 0.5096741208375939,
        "f1-score": 0.42117611996119725,
        "support": 957.0
    },
    "weighted avg": {
        "precision": 0.544008281147908,
        "recall": 0.567398119122257,
        "f1-score": 0.459783591673161,
        "support": 957.0
    }
}