{
    "DOWN": {
        "precision": 0.726457399103139,
        "recall": 0.8140703517587939,
        "f1-score": 0.767772511848341,
        "support": 199.0
    },
    "UP": {
        "precision": 0.4307692307692308,
        "recall": 0.3146067415730337,
        "f1-score": 0.36363636363636365,
        "support": 89.0
    },
    "accuracy": 0.6597222222222222,
    "macro avg": {
        "precision": 0.578613314936185,
        "recall": 0.5643385466659139,
        "f1-score": 0.5657044377423524,
        "support": 288.0
    },
    "weighted avg": {
        "precision": 0.6350815415277299,
        "recall": 0.6597222222222222,
        "f1-score": 0.642883216046723,
        "support": 288.0
    }
}