{
    "R2": 0.9612342715184146,
    "RMSE": 15.428641834448092,
    "MSE": 238.04298885568178,
    "MAPE": 0.024990731700620987,
    "ACMAPE": 0.8076747143846036
}