{
    "R2": 0.7511151068585442,
    "RMSE": 13.241245165450032,
    "MSE": 175.33057353155382,
    "MAPE": 0.09405487200852106,
    "ACMAPE": 1.552782882833961
}