{
    "DOWN": {
        "precision": 0.9771997430956969,
        "recall": 0.7564006959980114,
        "f1-score": 0.8527392461818691,
        "support": 4023.0
    },
    "UP": {
        "precision": 0.10091743119266056,
        "recall": 0.6077348066298343,
        "f1-score": 0.17309205350118018,
        "support": 181.0
    },
    "accuracy": 0.75,
    "macro avg": {
        "precision": 0.5390585871441788,
        "recall": 0.6820677513139228,
        "f1-score": 0.5129156498415246,
        "support": 4204.0
    },
    "weighted avg": {
        "precision": 0.9394720793339345,
        "recall": 0.75,
        "f1-score": 0.8234775568680717,
        "support": 4204.0
    }
}