{
    "R2": 0.9692539827677894,
    "RMSE": 3.7566918293298563,
    "MSE": 14.112733500553704,
    "MAPE": 0.01724787518119435,
    "ACMAPE": 0.8085522230072814
}