{
    "DOWN": {
        "precision": 0.7732598208132323,
        "recall": 0.948169014084507,
        "f1-score": 0.8518284195874984,
        "support": 3550.0
    },
    "UP": {
        "precision": 0.264,
        "recall": 0.06267806267806268,
        "f1-score": 0.10130468150422102,
        "support": 1053.0
    },
    "accuracy": 0.7456006951987834,
    "macro avg": {
        "precision": 0.5186299104066161,
        "recall": 0.5054235383812848,
        "f1-score": 0.4765665505458597,
        "support": 4603.0
    },
    "weighted avg": {
        "precision": 0.6567595837251737,
        "recall": 0.7456006951987834,
        "f1-score": 0.6801357199999053,
        "support": 4603.0
    }
}