{
    "DOWN": {
        "precision": 0.73125,
        "recall": 0.7090909090909091,
        "f1-score": 0.72,
        "support": 825.0
    },
    "UP": {
        "precision": 0.3142857142857143,
        "recall": 0.3384615384615385,
        "f1-score": 0.32592592592592595,
        "support": 325.0
    },
    "accuracy": 0.6043478260869565,
    "macro avg": {
        "precision": 0.5227678571428571,
        "recall": 0.5237762237762238,
        "f1-score": 0.522962962962963,
        "support": 1150.0
    },
    "weighted avg": {
        "precision": 0.6134122670807454,
        "recall": 0.6043478260869565,
        "f1-score": 0.6086312399355878,
        "support": 1150.0
    }
}