{
    "R2": 0.984368765426574,
    "RMSE": 14.743309582556085,
    "MSE": 217.36517744709008,
    "MAPE": 0.018156521526201938,
    "ACMAPE": 1.045888984821471
}