{
    "R2": 0.9970850349169363,
    "RMSE": 11.338559416619374,
    "MSE": 128.56292964420788,
    "MAPE": 0.07634600907674076,
    "ACMAPE": 1.4606635308579605
}