{
    "R2": -0.6226649551984307,
    "RMSE": 17.382391909785184,
    "MSE": 302.1475485053655,
    "MAPE": 0.19373995318259707,
    "ACMAPE": 1.6028308622735064
}