{
    "R2": 0.9859562324299659,
    "RMSE": 16.735592109868566,
    "MSE": 280.08004326789506,
    "MAPE": 0.05913463182607273,
    "ACMAPE": 1.2386218113132523
}