{
    "DOWN": {
        "precision": 0.5,
        "recall": 0.021505376344086023,
        "f1-score": 0.04123711340206186,
        "support": 186.0
    },
    "UP": {
        "precision": 0.1689497716894977,
        "recall": 0.9024390243902439,
        "f1-score": 0.28461538461538455,
        "support": 41.0
    },
    "accuracy": 0.18061674008810572,
    "macro avg": {
        "precision": 0.3344748858447488,
        "recall": 0.46197220036716496,
        "f1-score": 0.1629262490087232,
        "support": 227.0
    },
    "weighted avg": {
        "precision": 0.44020678695713394,
        "recall": 0.18061674008810572,
        "f1-score": 0.08519530335689106,
        "support": 227.0
    }
}