{
    "R2": 0.9577997665883989,
    "RMSE": 12.184684167377496,
    "MSE": 148.46652825873983,
    "MAPE": 0.12644087343209479,
    "ACMAPE": 1.7652073932558834
}