{
    "R2": 0.9446818921457412,
    "RMSE": 4.981478128486815,
    "MSE": 24.815124344592498,
    "MAPE": 0.038424128378911675,
    "ACMAPE": 1.0644657950455783
}