{
    "DOWN": {
        "precision": 0.6601307189542484,
        "recall": 0.4105691056910569,
        "f1-score": 0.5062656641604011,
        "support": 246.0
    },
    "UP": {
        "precision": 0.3722943722943723,
        "recall": 0.6231884057971014,
        "f1-score": 0.4661246612466125,
        "support": 138.0
    },
    "accuracy": 0.4869791666666667,
    "macro avg": {
        "precision": 0.5162125456243103,
        "recall": 0.5168787557440792,
        "f1-score": 0.4861951627035068,
        "support": 384.0
    },
    "weighted avg": {
        "precision": 0.5566895318733553,
        "recall": 0.4869791666666667,
        "f1-score": 0.4918399912382583,
        "support": 384.0
    }
}