{
    "R2": 0.9600609921909274,
    "RMSE": 148.21713585719033,
    "MSE": 21968.31936170881,
    "MAPE": 0.014758873359974865,
    "ACMAPE": 0.7245250356708415
}