{
    "DOWN": {
        "precision": 0.8333333333333334,
        "recall": 0.7213114754098361,
        "f1-score": 0.773286467486819,
        "support": 610.0
    },
    "UP": {
        "precision": 0.1457286432160804,
        "recall": 0.24786324786324787,
        "f1-score": 0.18354430379746836,
        "support": 117.0
    },
    "accuracy": 0.6451169188445667,
    "macro avg": {
        "precision": 0.48953098827470687,
        "recall": 0.484587361636542,
        "f1-score": 0.47841538564214364,
        "support": 727.0
    },
    "weighted avg": {
        "precision": 0.7226734313474756,
        "recall": 0.6451169188445667,
        "f1-score": 0.6783761055175562,
        "support": 727.0
    }
}