{
    "DOWN": {
        "precision": 0.6475924633635729,
        "recall": 0.8552995391705069,
        "f1-score": 0.7370929308975378,
        "support": 1085.0
    },
    "UP": {
        "precision": 0.4141791044776119,
        "recall": 0.18019480519480519,
        "f1-score": 0.251131221719457,
        "support": 616.0
    },
    "accuracy": 0.6108171663727219,
    "macro avg": {
        "precision": 0.5308857839205924,
        "recall": 0.5177471721826561,
        "f1-score": 0.4941120763084974,
        "support": 1701.0
    },
    "weighted avg": {
        "precision": 0.563064168787587,
        "recall": 0.6108171663727219,
        "f1-score": 0.5611067975326361,
        "support": 1701.0
    }
}