{
    "DOWN": {
        "precision": 0.6048387096774194,
        "recall": 0.896414342629482,
        "f1-score": 0.7223113964686998,
        "support": 251.0
    },
    "UP": {
        "precision": 0.5094339622641509,
        "recall": 0.15517241379310345,
        "f1-score": 0.23788546255506607,
        "support": 174.0
    },
    "accuracy": 0.5929411764705882,
    "macro avg": {
        "precision": 0.5571363359707852,
        "recall": 0.5257933782112928,
        "f1-score": 0.4800984295118829,
        "support": 425.0
    },
    "weighted avg": {
        "precision": 0.5657788836776342,
        "recall": 0.5929411764705882,
        "f1-score": 0.5239817199958239,
        "support": 425.0
    }
}