{
    "R2": 0.9606762997009353,
    "RMSE": 25.65423129369392,
    "MSE": 658.1395832703444,
    "MAPE": 0.04882814576470416,
    "ACMAPE": 0.6724406583782259
}