{
    "DOWN": {
        "precision": 0.782235939643347,
        "recall": 0.6794757223711647,
        "f1-score": 0.7272437430256655,
        "support": 3357.0
    },
    "UP": {
        "precision": 0.30084470435347627,
        "recall": 0.4216757741347905,
        "f1-score": 0.3511566173682214,
        "support": 1098.0
    },
    "accuracy": 0.6159371492704826,
    "macro avg": {
        "precision": 0.5415403219984116,
        "recall": 0.5505757482529776,
        "f1-score": 0.5392001801969435,
        "support": 4455.0
    },
    "weighted avg": {
        "precision": 0.6635900190264495,
        "recall": 0.6159371492704826,
        "f1-score": 0.6345515625605985,
        "support": 4455.0
    }
}