{
    "R2": 0.9814036421853511,
    "RMSE": 5.064075905650972,
    "MSE": 25.64486477819471,
    "MAPE": 0.02358967364517526,
    "ACMAPE": 0.9535717203238108
}