{
    "R2": 0.98794259449075,
    "RMSE": 31.616260354478378,
    "MSE": 999.5879188021612,
    "MAPE": 0.2209456969303998,
    "ACMAPE": 1.6098745251115643
}