{
    "DOWN": {
        "precision": 0.8670618120237087,
        "recall": 0.27197875166002655,
        "f1-score": 0.4140719773554387,
        "support": 3765.0
    },
    "UP": {
        "precision": 0.0838903743315508,
        "recall": 0.6151960784313726,
        "f1-score": 0.14764705882352944,
        "support": 408.0
    },
    "accuracy": 0.3055355859094177,
    "macro avg": {
        "precision": 0.47547609317762973,
        "recall": 0.44358741504569954,
        "f1-score": 0.28085951808948406,
        "support": 4173.0
    },
    "weighted avg": {
        "precision": 0.7904900539172144,
        "recall": 0.3055355859094177,
        "f1-score": 0.38802324340839367,
        "support": 4173.0
    }
}