{
    "R2": 0.9933790973309429,
    "RMSE": 226.88427613247512,
    "MSE": 51476.474756157215,
    "MAPE": 0.21320584561455216,
    "ACMAPE": 0.9343137730262044
}