{
    "R2": 0.9973282343632304,
    "RMSE": 82.63840913543551,
    "MSE": 6829.1066644356315,
    "MAPE": 0.028713537078170506,
    "ACMAPE": 1.5213875297521633
}