{
    "DOWN": {
        "precision": 0.6451612903225806,
        "recall": 0.024271844660194174,
        "f1-score": 0.04678362573099415,
        "support": 824.0
    },
    "UP": {
        "precision": 0.24222431668237512,
        "recall": 0.9589552238805971,
        "f1-score": 0.3867569601203913,
        "support": 268.0
    },
    "accuracy": 0.25366300366300365,
    "macro avg": {
        "precision": 0.44369280350247786,
        "recall": 0.4916135342703956,
        "f1-score": 0.21677029292569272,
        "support": 1092.0
    },
    "weighted avg": {
        "precision": 0.5462719964255339,
        "recall": 0.25366300366300365,
        "f1-score": 0.13022030486685351,
        "support": 1092.0
    }
}