{
    "R2": 0.9889276240448591,
    "RMSE": 9.629564024183336,
    "MSE": 92.72850329584598,
    "MAPE": 0.07343195941062786,
    "ACMAPE": 0.8287589248771965
}