{
    "R2": 0.9887053948076641,
    "RMSE": 6.481805924238959,
    "MSE": 42.01380803949926,
    "MAPE": 0.04837148871833505,
    "ACMAPE": 1.2888098693937993
}