{
    "R2": 0.9509667141122261,
    "RMSE": 8.399892634360214,
    "MSE": 70.55819626877896,
    "MAPE": 0.04553091743954215,
    "ACMAPE": 0.7871975841062089
}