{
    "DOWN": {
        "precision": 0.735,
        "recall": 0.519434628975265,
        "f1-score": 0.6086956521739131,
        "support": 283.0
    },
    "UP": {
        "precision": 0.38181818181818183,
        "recall": 0.6131386861313869,
        "f1-score": 0.47058823529411764,
        "support": 137.0
    },
    "accuracy": 0.55,
    "macro avg": {
        "precision": 0.5584090909090909,
        "recall": 0.566286657553326,
        "f1-score": 0.5396419437340154,
        "support": 420.0
    },
    "weighted avg": {
        "precision": 0.6197954545454546,
        "recall": 0.55,
        "f1-score": 0.563646328096456,
        "support": 420.0
    }
}