{
    "DOWN": {
        "precision": 0.5922431865828093,
        "recall": 0.9277504105090312,
        "f1-score": 0.72296865003199,
        "support": 609.0
    },
    "UP": {
        "precision": 0.5056179775280899,
        "recall": 0.10368663594470046,
        "f1-score": 0.17208413001912046,
        "support": 434.0
    },
    "accuracy": 0.5848513902205177,
    "macro avg": {
        "precision": 0.5489305820554495,
        "recall": 0.5157185232268658,
        "f1-score": 0.4475263900255552,
        "support": 1043.0
    },
    "weighted avg": {
        "precision": 0.5561977975801744,
        "recall": 0.5848513902205177,
        "f1-score": 0.4937415343219369,
        "support": 1043.0
    }
}