{
    "R2": 0.9723350645596528,
    "RMSE": 29.291676213787706,
    "MSE": 858.0022954133766,
    "MAPE": 0.019795504976847313,
    "ACMAPE": 0.850092724535812
}