{
    "R2": 0.993115014968094,
    "RMSE": 29.67726984244159,
    "MSE": 880.740345301093,
    "MAPE": 0.02880594873624517,
    "ACMAPE": 1.2772250995944203
}