{
    "DOWN": {
        "precision": 0.7037037037037037,
        "recall": 0.20689655172413793,
        "f1-score": 0.3197755960729313,
        "support": 551.0
    },
    "UP": {
        "precision": 0.3684971098265896,
        "recall": 0.8415841584158416,
        "f1-score": 0.5125628140703518,
        "support": 303.0
    },
    "accuracy": 0.43208430913348944,
    "macro avg": {
        "precision": 0.5361004067651467,
        "recall": 0.5242403550699898,
        "f1-score": 0.41616920507164157,
        "support": 854.0
    },
    "weighted avg": {
        "precision": 0.5847720901852429,
        "recall": 0.43208430913348944,
        "f1-score": 0.3881766816153416,
        "support": 854.0
    }
}