{
    "R2": 0.9943744687265205,
    "RMSE": 34.56116191503753,
    "MSE": 1194.4739129174409,
    "MAPE": 0.04412510244403234,
    "ACMAPE": 1.1799564841770536
}