{
    "R2": 0.7596303650869841,
    "RMSE": 5.136472869645693,
    "MSE": 26.383353540606254,
    "MAPE": 0.01809521764556325,
    "ACMAPE": 0.7137473915586067
}