{
    "DOWN": {
        "precision": 0.6511627906976745,
        "recall": 0.9655172413793104,
        "f1-score": 0.7777777777777779,
        "support": 58.0
    },
    "UP": {
        "precision": 0.6666666666666666,
        "recall": 0.11764705882352941,
        "f1-score": 0.2,
        "support": 34.0
    },
    "accuracy": 0.6521739130434783,
    "macro avg": {
        "precision": 0.6589147286821706,
        "recall": 0.5415821501014199,
        "f1-score": 0.48888888888888893,
        "support": 92.0
    },
    "weighted avg": {
        "precision": 0.6568924839905629,
        "recall": 0.6521739130434783,
        "f1-score": 0.5642512077294688,
        "support": 92.0
    }
}