{
    "R2": 0.9535982701937267,
    "RMSE": 68.78644762601522,
    "MSE": 4731.575377006535,
    "MAPE": 0.026955237634441777,
    "ACMAPE": 1.0963996820788862
}