{
    "DOWN": {
        "precision": 0.8125,
        "recall": 0.26092089728453366,
        "f1-score": 0.39499553172475427,
        "support": 847.0
    },
    "UP": {
        "precision": 0.28944381384790013,
        "recall": 0.8333333333333334,
        "f1-score": 0.4296545914069082,
        "support": 306.0
    },
    "accuracy": 0.41283607979184733,
    "macro avg": {
        "precision": 0.55097190692395,
        "recall": 0.5471271153089335,
        "f1-score": 0.41232506156583126,
        "support": 1153.0
    },
    "weighted avg": {
        "precision": 0.6736837008130593,
        "recall": 0.41283607979184733,
        "f1-score": 0.4041938597930449,
        "support": 1153.0
    }
}