{
    "R2": 0.9727790901431086,
    "RMSE": 38.75919133698723,
    "MSE": 1502.2749130971858,
    "MAPE": 0.035934565960735555,
    "ACMAPE": 1.2029675329937024
}