{
    "R2": 0.9910809961348308,
    "RMSE": 27.130322628953145,
    "MSE": 736.0544059510871,
    "MAPE": 0.06401183781969927,
    "ACMAPE": 1.3275457757147253
}