{
    "DOWN": {
        "precision": 0.6253968253968254,
        "recall": 0.8755555555555555,
        "f1-score": 0.7296296296296295,
        "support": 225.0
    },
    "UP": {
        "precision": 0.28205128205128205,
        "recall": 0.08527131782945736,
        "f1-score": 0.13095238095238096,
        "support": 129.0
    },
    "accuracy": 0.5875706214689266,
    "macro avg": {
        "precision": 0.4537240537240537,
        "recall": 0.48041343669250647,
        "f1-score": 0.4302910052910052,
        "support": 354.0
    },
    "weighted avg": {
        "precision": 0.5002793816353138,
        "recall": 0.5875706214689266,
        "f1-score": 0.5114675813828355,
        "support": 354.0
    }
}