{
    "R2": 0.9949124825954783,
    "RMSE": 165.76492465762624,
    "MSE": 27478.010246748505,
    "MAPE": 0.05513730050700612,
    "ACMAPE": 0.9995817449514506
}