{
    "R2": 0.9847346941016383,
    "RMSE": 71.84951994951105,
    "MSE": 5162.353516975187,
    "MAPE": 0.032197848603370785,
    "ACMAPE": 1.1609812313926882
}