{
    "DOWN": {
        "precision": 0.6967943009795191,
        "recall": 0.9589460784313726,
        "f1-score": 0.8071170706549767,
        "support": 1632.0
    },
    "UP": {
        "precision": 0.6104651162790697,
        "recall": 0.13358778625954199,
        "f1-score": 0.21920668058455114,
        "support": 786.0
    },
    "accuracy": 0.6906534325889164,
    "macro avg": {
        "precision": 0.6536297086292944,
        "recall": 0.5462669323454573,
        "f1-score": 0.5131618756197639,
        "support": 2418.0
    },
    "weighted avg": {
        "precision": 0.6687319605433929,
        "recall": 0.6906534325889164,
        "f1-score": 0.616009723014218,
        "support": 2418.0
    }
}