{
    "DOWN": {
        "precision": 0.49635036496350365,
        "recall": 0.1088,
        "f1-score": 0.1784776902887139,
        "support": 625.0
    },
    "UP": {
        "precision": 0.40807651434643993,
        "recall": 0.847682119205298,
        "f1-score": 0.550932568149211,
        "support": 453.0
    },
    "accuracy": 0.41929499072356213,
    "macro avg": {
        "precision": 0.4522134396549718,
        "recall": 0.478241059602649,
        "f1-score": 0.3647051292189625,
        "support": 1078.0
    },
    "weighted avg": {
        "precision": 0.4592556948990047,
        "recall": 0.41929499072356213,
        "f1-score": 0.3349916602987373,
        "support": 1078.0
    }
}