{
    "R2": -2.2948187203814574,
    "RMSE": 5.933860541442635,
    "MSE": 35.210700925289885,
    "MAPE": 0.11446215137949581,
    "ACMAPE": 1.8887285170679835
}