{
    "DOWN": {
        "precision": 0.8350515463917526,
        "recall": 0.055517477724468814,
        "f1-score": 0.10411311053984576,
        "support": 1459.0
    },
    "UP": {
        "precision": 0.17780429594272076,
        "recall": 0.9490445859872612,
        "f1-score": 0.2994974874371859,
        "support": 314.0
    },
    "accuracy": 0.2137619853355894,
    "macro avg": {
        "precision": 0.5064279211672367,
        "recall": 0.502281031855865,
        "f1-score": 0.20180529898851585,
        "support": 1773.0
    },
    "weighted avg": {
        "precision": 0.71865242815092,
        "recall": 0.2137619853355894,
        "f1-score": 0.13871587102815078,
        "support": 1773.0
    }
}