{
    "R2": 0.9959064192954641,
    "RMSE": 46.82772110731551,
    "MSE": 2192.8354641045225,
    "MAPE": 0.02938102103936099,
    "ACMAPE": 1.2485768705854052
}