{
    "DOWN": {
        "precision": 0.5620300751879699,
        "recall": 0.29721669980119286,
        "f1-score": 0.388816644993498,
        "support": 1006.0
    },
    "UP": {
        "precision": 0.3,
        "recall": 0.5652985074626866,
        "f1-score": 0.39197930142302717,
        "support": 536.0
    },
    "accuracy": 0.39040207522697795,
    "macro avg": {
        "precision": 0.43101503759398496,
        "recall": 0.43125760363193977,
        "f1-score": 0.3903979732082626,
        "support": 1542.0
    },
    "weighted avg": {
        "precision": 0.47094828510966125,
        "recall": 0.39040207522697795,
        "f1-score": 0.3899159860092098,
        "support": 1542.0
    }
}