{
    "DOWN": {
        "precision": 0.6701328711727326,
        "recall": 0.39590443686006827,
        "f1-score": 0.4977472645355075,
        "support": 2930.0
    },
    "UP": {
        "precision": 0.37544107268877913,
        "recall": 0.6507645259938838,
        "f1-score": 0.4761691653613784,
        "support": 1635.0
    },
    "accuracy": 0.4871851040525739,
    "macro avg": {
        "precision": 0.5227869719307559,
        "recall": 0.523334481426976,
        "f1-score": 0.48695821494844294,
        "support": 4565.0
    },
    "weighted avg": {
        "precision": 0.5645860824495641,
        "recall": 0.4871851040525739,
        "f1-score": 0.490018854426044,
        "support": 4565.0
    }
}