{
    "DOWN": {
        "precision": 0.8581907090464548,
        "recall": 0.11770623742454728,
        "f1-score": 0.2070185785903863,
        "support": 2982.0
    },
    "UP": {
        "precision": 0.13850687622789784,
        "recall": 0.8794178794178794,
        "f1-score": 0.2393210749646393,
        "support": 481.0
    },
    "accuracy": 0.22350563095581866,
    "macro avg": {
        "precision": 0.4983487926371763,
        "recall": 0.49856205842121337,
        "f1-score": 0.2231698267775128,
        "support": 3463.0
    },
    "weighted avg": {
        "precision": 0.7582288483517606,
        "recall": 0.22350563095581866,
        "f1-score": 0.21150529552830596,
        "support": 3463.0
    }
}