{
    "DOWN": {
        "precision": 0.7106598984771574,
        "recall": 0.9395973154362416,
        "f1-score": 0.8092485549132948,
        "support": 596.0
    },
    "UP": {
        "precision": 0.5384615384615384,
        "recall": 0.15555555555555556,
        "f1-score": 0.24137931034482757,
        "support": 270.0
    },
    "accuracy": 0.6951501154734411,
    "macro avg": {
        "precision": 0.6245607184693479,
        "recall": 0.5475764354958985,
        "f1-score": 0.5253139326290612,
        "support": 866.0
    },
    "weighted avg": {
        "precision": 0.656972188079678,
        "recall": 0.6951501154734411,
        "f1-score": 0.6321992523342115,
        "support": 866.0
    }
}