{
    "DOWN": {
        "precision": 0.5,
        "recall": 0.0064,
        "f1-score": 0.012638230647709322,
        "support": 625.0
    },
    "UP": {
        "precision": 0.3857566765578635,
        "recall": 0.9898477157360406,
        "f1-score": 0.5551601423487544,
        "support": 394.0
    },
    "accuracy": 0.38665358194308147,
    "macro avg": {
        "precision": 0.44287833827893175,
        "recall": 0.49812385786802027,
        "f1-score": 0.28389918649823187,
        "support": 1019.0
    },
    "weighted avg": {
        "precision": 0.45582740977801595,
        "recall": 0.38665358194308147,
        "f1-score": 0.22240627108952657,
        "support": 1019.0
    }
}