{
    "R2": 0.9910428835489198,
    "RMSE": 86.79313692289446,
    "MSE": 7533.048616916307,
    "MAPE": 0.025197681219035373,
    "ACMAPE": 1.2518905173328725
}