{
    "DOWN": {
        "precision": 1.0,
        "recall": 0.0005797101449275362,
        "f1-score": 0.0011587485515643103,
        "support": 3450.0
    },
    "UP": {
        "precision": 0.15386503067484664,
        "recall": 1.0,
        "f1-score": 0.26669502339430035,
        "support": 627.0
    },
    "accuracy": 0.15428010792249203,
    "macro avg": {
        "precision": 0.5769325153374233,
        "recall": 0.5002898550724638,
        "f1-score": 0.13392688597293234,
        "support": 4077.0
    },
    "weighted avg": {
        "precision": 0.8698732828631662,
        "recall": 0.15428010792249203,
        "f1-score": 0.04199545307116095,
        "support": 4077.0
    }
}