{
    "R2": 0.9814406396021503,
    "RMSE": 8.176114662813331,
    "MSE": 66.84885097947115,
    "MAPE": 0.027865401413268747,
    "ACMAPE": 1.1057133124442275
}