{
    "R2": 0.998666837332577,
    "RMSE": 8.633213915358608,
    "MSE": 74.53238250834151,
    "MAPE": 0.06131140106346167,
    "ACMAPE": 0.9067790269627423
}