{
    "DOWN": {
        "precision": 0.737382378100941,
        "recall": 0.9707207207207207,
        "f1-score": 0.8381137578998542,
        "support": 1776.0
    },
    "UP": {
        "precision": 0.4090909090909091,
        "recall": 0.055384615384615386,
        "f1-score": 0.0975609756097561,
        "support": 650.0
    },
    "accuracy": 0.7254740313272877,
    "macro avg": {
        "precision": 0.5732366435959251,
        "recall": 0.513052668052668,
        "f1-score": 0.46783736675480514,
        "support": 2426.0
    },
    "weighted avg": {
        "precision": 0.6494229985228204,
        "recall": 0.7254740313272877,
        "f1-score": 0.6396968953736532,
        "support": 2426.0
    }
}