{
    "R2": 0.7534174646691483,
    "RMSE": 64.27498366410539,
    "MSE": 4131.273525021014,
    "MAPE": 0.07629878575394439,
    "ACMAPE": 0.8650776636417332
}