{
    "DOWN": {
        "precision": 0.700507614213198,
        "recall": 0.6571428571428571,
        "f1-score": 0.6781326781326781,
        "support": 210.0
    },
    "UP": {
        "precision": 0.5384615384615384,
        "recall": 0.5874125874125874,
        "f1-score": 0.5618729096989966,
        "support": 143.0
    },
    "accuracy": 0.6288951841359773,
    "macro avg": {
        "precision": 0.6194845763373682,
        "recall": 0.6222777222777223,
        "f1-score": 0.6200027939158373,
        "support": 353.0
    },
    "weighted avg": {
        "precision": 0.6348628866424124,
        "recall": 0.6288951841359773,
        "f1-score": 0.6310359447445295,
        "support": 353.0
    }
}