{
    "R2": 0.9855647521543858,
    "RMSE": 16.592735597132165,
    "MSE": 275.3188745963369,
    "MAPE": 0.017556892764856627,
    "ACMAPE": 0.8385643954443851
}