{
    "R2": 0.9467707786492959,
    "RMSE": 71.8847811401351,
    "MSE": 5167.421759565123,
    "MAPE": 0.019870444871588913,
    "ACMAPE": 0.9216336690529492
}