{
    "R2": 0.9864681406835518,
    "RMSE": 39.07763377960124,
    "MSE": 1527.061461812632,
    "MAPE": 0.06565366642385317,
    "ACMAPE": 1.2334718077209337
}