{
    "DOWN": {
        "precision": 0.8463810930576071,
        "recall": 1.0,
        "f1-score": 0.9168000000000001,
        "support": 573.0
    },
    "UP": {
        "precision": 0.0,
        "recall": 0.0,
        "f1-score": 0.0,
        "support": 104.0
    },
    "accuracy": 0.8463810930576071,
    "macro avg": {
        "precision": 0.42319054652880356,
        "recall": 0.5,
        "f1-score": 0.45840000000000003,
        "support": 677.0
    },
    "weighted avg": {
        "precision": 0.7163609546853897,
        "recall": 0.8463810930576071,
        "f1-score": 0.7759621861152143,
        "support": 677.0
    }
}