{
    "R2": 0.9990232925777989,
    "RMSE": 142.35457127177264,
    "MSE": 20264.8239619702,
    "MAPE": 0.029277005018870858,
    "ACMAPE": 1.0474412094267178
}