{
    "R2": 0.9653021806867684,
    "RMSE": 31.42657130744154,
    "MSE": 987.629384141708,
    "MAPE": 0.05314104219072452,
    "ACMAPE": 0.8839378192721927
}