{
    "DOWN": {
        "precision": 1.0,
        "recall": 0.0013850415512465374,
        "f1-score": 0.0027662517289073303,
        "support": 1444.0
    },
    "UP": {
        "precision": 0.24895833333333334,
        "recall": 1.0,
        "f1-score": 0.3986655546288574,
        "support": 478.0
    },
    "accuracy": 0.2497398543184183,
    "macro avg": {
        "precision": 0.6244791666666667,
        "recall": 0.5006925207756233,
        "f1-score": 0.20071590317888235,
        "support": 1922.0
    },
    "weighted avg": {
        "precision": 0.8132164845646895,
        "recall": 0.2497398543184183,
        "f1-score": 0.10122611998394174,
        "support": 1922.0
    }
}