{
    "R2": 0.7704864247153029,
    "RMSE": 16.001719190064748,
    "MSE": 256.0550170376864,
    "MAPE": 0.0626606306450717,
    "ACMAPE": 1.275050011176045
}