{
    "R2": 0.9907570983539558,
    "RMSE": 8.647251547474957,
    "MSE": 74.77495932530803,
    "MAPE": 0.0366419812127614,
    "ACMAPE": 0.6969039899463858
}