{
    "DOWN": {
        "precision": 0.6458897922312556,
        "recall": 0.9862068965517241,
        "f1-score": 0.7805676855895197,
        "support": 725.0
    },
    "UP": {
        "precision": 0.3333333333333333,
        "recall": 0.012594458438287154,
        "f1-score": 0.024271844660194174,
        "support": 397.0
    },
    "accuracy": 0.6417112299465241,
    "macro avg": {
        "precision": 0.48961156278229445,
        "recall": 0.4994006774950056,
        "f1-score": 0.40241976512485694,
        "support": 1122.0
    },
    "weighted avg": {
        "precision": 0.5352971770953597,
        "recall": 0.6417112299465241,
        "f1-score": 0.5129656812678243,
        "support": 1122.0
    }
}