{
    "DOWN": {
        "precision": 0.5,
        "recall": 0.013157894736842105,
        "f1-score": 0.025641025641025637,
        "support": 152.0
    },
    "UP": {
        "precision": 0.3055555555555556,
        "recall": 0.9705882352941176,
        "f1-score": 0.46478873239436624,
        "support": 68.0
    },
    "accuracy": 0.3090909090909091,
    "macro avg": {
        "precision": 0.4027777777777778,
        "recall": 0.4918730650154799,
        "f1-score": 0.24521487901769595,
        "support": 220.0
    },
    "weighted avg": {
        "precision": 0.43989898989898985,
        "recall": 0.3090909090909091,
        "f1-score": 0.16137758954660364,
        "support": 220.0
    }
}