{
    "DOWN": {
        "precision": 0.8079470198675497,
        "recall": 0.18973561430793157,
        "f1-score": 0.30730478589420657,
        "support": 643.0
    },
    "UP": {
        "precision": 0.2863013698630137,
        "recall": 0.8781512605042017,
        "f1-score": 0.43181818181818177,
        "support": 238.0
    },
    "accuracy": 0.3757094211123723,
    "macro avg": {
        "precision": 0.5471241948652816,
        "recall": 0.5339434374060666,
        "f1-score": 0.36956148385619414,
        "support": 881.0
    },
    "weighted avg": {
        "precision": 0.6670257205473685,
        "recall": 0.3757094211123723,
        "f1-score": 0.3409417759395029,
        "support": 881.0
    }
}