{
    "DOWN": {
        "precision": 0.7448648648648649,
        "recall": 0.6922304085733423,
        "f1-score": 0.7175837528206909,
        "support": 2986.0
    },
    "UP": {
        "precision": 0.3032600454890068,
        "recall": 0.36101083032490977,
        "f1-score": 0.32962505150391425,
        "support": 1108.0
    },
    "accuracy": 0.6025891548607719,
    "macro avg": {
        "precision": 0.5240624551769358,
        "recall": 0.5266206194491261,
        "f1-score": 0.5236044021623025,
        "support": 4094.0
    },
    "weighted avg": {
        "precision": 0.6253489538075979,
        "recall": 0.6025891548607719,
        "f1-score": 0.6125866250583586,
        "support": 4094.0
    }
}