{
    "R2": 0.9955521534959179,
    "RMSE": 77.96926102346829,
    "MSE": 6079.205664545732,
    "MAPE": 0.1400229346905292,
    "ACMAPE": 0.8732162120014536
}