{
    "DOWN": {
        "precision": 0.5,
        "recall": 0.024844720496894408,
        "f1-score": 0.04733727810650887,
        "support": 161.0
    },
    "UP": {
        "precision": 0.3173913043478261,
        "recall": 0.948051948051948,
        "f1-score": 0.4755700325732899,
        "support": 77.0
    },
    "accuracy": 0.3235294117647059,
    "macro avg": {
        "precision": 0.408695652173913,
        "recall": 0.48644833427442125,
        "f1-score": 0.2614536553398994,
        "support": 238.0
    },
    "weighted avg": {
        "precision": 0.440920716112532,
        "recall": 0.3235294117647059,
        "f1-score": 0.18588316925752624,
        "support": 238.0
    }
}