{
    "R2": 0.9926823948924552,
    "RMSE": 45.934863922165235,
    "MSE": 2110.0117235478374,
    "MAPE": 0.019843469607244108,
    "ACMAPE": 0.6604463900029106
}