{
    "R2": 0.9978332290680106,
    "RMSE": 1.9522158570819463,
    "MSE": 3.8111467526421983,
    "MAPE": 0.04326823890937806,
    "ACMAPE": 1.382165669175137
}