{
    "R2": 0.9809932672169973,
    "RMSE": 55.51041936223269,
    "MSE": 3081.406657770938,
    "MAPE": 0.019719013598969957,
    "ACMAPE": 0.8465346560570706
}