{
    "R2": 0.8922076358619506,
    "RMSE": 16.297906301623122,
    "MSE": 265.6217498164867,
    "MAPE": 0.05528277895752235,
    "ACMAPE": 0.6218063841077368
}