{
    "DOWN": {
        "precision": 0.6576492537313433,
        "recall": 0.9985835694050992,
        "f1-score": 0.7930258717660292,
        "support": 706.0
    },
    "UP": {
        "precision": 0.6666666666666666,
        "recall": 0.005420054200542005,
        "f1-score": 0.01075268817204301,
        "support": 369.0
    },
    "accuracy": 0.6576744186046511,
    "macro avg": {
        "precision": 0.662157960199005,
        "recall": 0.5020018118028206,
        "f1-score": 0.4018892799690361,
        "support": 1075.0
    },
    "weighted avg": {
        "precision": 0.6607445331482124,
        "recall": 0.6576744186046511,
        "f1-score": 0.5245060533974889,
        "support": 1075.0
    }
}