{
    "DOWN": {
        "precision": 0.9252252252252252,
        "recall": 0.9932301740812379,
        "f1-score": 0.9580223880597015,
        "support": 1034.0
    },
    "UP": {
        "precision": 0.0,
        "recall": 0.0,
        "f1-score": 0.0,
        "support": 83.0
    },
    "accuracy": 0.9194270367054611,
    "macro avg": {
        "precision": 0.4626126126126126,
        "recall": 0.49661508704061896,
        "f1-score": 0.47901119402985076,
        "support": 1117.0
    },
    "weighted avg": {
        "precision": 0.8564752756337357,
        "recall": 0.9194270367054611,
        "f1-score": 0.8868354066729914,
        "support": 1117.0
    }
}