{
    "R2": 0.957208130717666,
    "RMSE": 3.7890219158966283,
    "MSE": 14.356687079144956,
    "MAPE": 0.03845457740250969,
    "ACMAPE": 0.6422281623081701
}