{
    "DOWN": {
        "precision": 0.7113502935420744,
        "recall": 0.9667553191489362,
        "f1-score": 0.8196166854565953,
        "support": 752.0
    },
    "UP": {
        "precision": 0.34210526315789475,
        "recall": 0.04220779220779221,
        "f1-score": 0.07514450867052024,
        "support": 308.0
    },
    "accuracy": 0.6981132075471698,
    "macro avg": {
        "precision": 0.5267277783499845,
        "recall": 0.5044815556783642,
        "f1-score": 0.44738059706355776,
        "support": 1060.0
    },
    "weighted avg": {
        "precision": 0.6040602281096901,
        "recall": 0.6981132075471698,
        "f1-score": 0.603298354843283,
        "support": 1060.0
    }
}