{
    "R2": 0.984666424393666,
    "RMSE": 3.248638801421466,
    "MSE": 10.553654062101101,
    "MAPE": 0.03251545849052805,
    "ACMAPE": 1.2701392208667657
}