{
    "R2": 0.9884783086258148,
    "RMSE": 21.788806752104847,
    "MSE": 474.7520996805698,
    "MAPE": 0.02670706659339903,
    "ACMAPE": 1.0169983287293214
}