{
    "DOWN": {
        "precision": 0.6824324324324325,
        "recall": 0.39147286821705424,
        "f1-score": 0.49753694581280783,
        "support": 516.0
    },
    "UP": {
        "precision": 0.4053030303030303,
        "recall": 0.6948051948051948,
        "f1-score": 0.5119617224880383,
        "support": 308.0
    },
    "accuracy": 0.5048543689320388,
    "macro avg": {
        "precision": 0.5438677313677314,
        "recall": 0.5431390315111245,
        "f1-score": 0.504749334150423,
        "support": 824.0
    },
    "weighted avg": {
        "precision": 0.5788452287238695,
        "recall": 0.5048543689320388,
        "f1-score": 0.5029287312690833,
        "support": 824.0
    }
}