{
    "DOWN": {
        "precision": 0.6030042918454935,
        "recall": 0.8920634920634921,
        "f1-score": 0.7195902688860435,
        "support": 315.0
    },
    "UP": {
        "precision": 0.34615384615384615,
        "recall": 0.08866995073891626,
        "f1-score": 0.1411764705882353,
        "support": 203.0
    },
    "accuracy": 0.5772200772200772,
    "macro avg": {
        "precision": 0.47457906899966984,
        "recall": 0.4903667214012042,
        "f1-score": 0.4303833697371394,
        "support": 518.0
    },
    "weighted avg": {
        "precision": 0.5023466847501182,
        "recall": 0.5772200772200772,
        "f1-score": 0.4929145911747403,
        "support": 518.0
    }
}