{
    "R2": 0.9876918591962915,
    "RMSE": 159.8721829632898,
    "MSE": 25559.1148854476,
    "MAPE": 0.2584749221021697,
    "ACMAPE": 1.4297077988144986
}