{
    "DOWN": {
        "precision": 0.9285714285714286,
        "recall": 0.03591160220994475,
        "f1-score": 0.06914893617021277,
        "support": 362.0
    },
    "UP": {
        "precision": 0.31299212598425197,
        "recall": 0.99375,
        "f1-score": 0.4760479041916168,
        "support": 160.0
    },
    "accuracy": 0.32950191570881227,
    "macro avg": {
        "precision": 0.6207817772778403,
        "recall": 0.5148308011049724,
        "f1-score": 0.2725984201809148,
        "support": 522.0
    },
    "weighted avg": {
        "precision": 0.7398881174335967,
        "recall": 0.32950191570881227,
        "f1-score": 0.1938689263683443,
        "support": 522.0
    }
}