{
    "R2": 0.961658130959389,
    "RMSE": 15.121519142241489,
    "MSE": 228.66034116917578,
    "MAPE": 0.016317885717922177,
    "ACMAPE": 0.6556785250785616
}