{
    "DOWN": {
        "precision": 0.6672311600338696,
        "recall": 0.6349717969379532,
        "f1-score": 0.6507018992568124,
        "support": 1241.0
    },
    "UP": {
        "precision": 0.3968042609853529,
        "recall": 0.4312590448625181,
        "f1-score": 0.4133148404993065,
        "support": 691.0
    },
    "accuracy": 0.562111801242236,
    "macro avg": {
        "precision": 0.5320177105096112,
        "recall": 0.5331154209002357,
        "f1-score": 0.5320083698780594,
        "support": 1932.0
    },
    "weighted avg": {
        "precision": 0.5705101521443638,
        "recall": 0.562111801242236,
        "f1-score": 0.5657979356949923,
        "support": 1932.0
    }
}