{
    "R2": 0.9232527155616702,
    "RMSE": 4.89783771753981,
    "MSE": 23.988814307355575,
    "MAPE": 0.011011499259628067,
    "ACMAPE": 0.9551108781416157
}