{
    "R2": -2.803315649726116,
    "RMSE": 0.26056457779545245,
    "MSE": 0.0678938992017224,
    "MAPE": 0.004439152491496421,
    "ACMAPE": 0.0414761895285334
}