{
    "DOWN": {
        "precision": 0.7032967032967034,
        "recall": 0.14578587699316628,
        "f1-score": 0.24150943396226415,
        "support": 439.0
    },
    "UP": {
        "precision": 0.36655405405405406,
        "recall": 0.889344262295082,
        "f1-score": 0.5191387559808613,
        "support": 244.0
    },
    "accuracy": 0.41142020497803805,
    "macro avg": {
        "precision": 0.5349253786753787,
        "recall": 0.5175650696441242,
        "f1-score": 0.3803240949715627,
        "support": 683.0
    },
    "weighted avg": {
        "precision": 0.5829962546653615,
        "recall": 0.41142020497803805,
        "f1-score": 0.3406917979044863,
        "support": 683.0
    }
}