{
    "R2": 0.9220849236412331,
    "RMSE": 77.29133471676907,
    "MSE": 5973.950422299633,
    "MAPE": 0.07467671210286339,
    "ACMAPE": 0.930964137252564
}