{
    "DOWN": {
        "precision": 0.7586206896551724,
        "recall": 0.13924050632911392,
        "f1-score": 0.23529411764705882,
        "support": 158.0
    },
    "UP": {
        "precision": 0.38738738738738737,
        "recall": 0.9247311827956989,
        "f1-score": 0.5460317460317461,
        "support": 93.0
    },
    "accuracy": 0.4302788844621514,
    "macro avg": {
        "precision": 0.5730040385212799,
        "recall": 0.5319858445624064,
        "f1-score": 0.3906629318394025,
        "support": 251.0
    },
    "weighted avg": {
        "precision": 0.6210720955878257,
        "recall": 0.4302788844621514,
        "f1-score": 0.35042797995692304,
        "support": 251.0
    }
}