{
    "R2": 0.9880472969718826,
    "RMSE": 570.5886585934775,
    "MSE": 325571.417315504,
    "MAPE": 3.0543591238150367,
    "ACMAPE": 4.558584475927713
}