{
    "R2": -220.85522006796987,
    "RMSE": 561.5852349409832,
    "MSE": 315377.9761037194,
    "MAPE": 6.466328936085916,
    "ACMAPE": 7.80800603245638
}