{
    "DOWN": {
        "precision": 0.8571428571428571,
        "recall": 0.3049645390070922,
        "f1-score": 0.4498692240627724,
        "support": 846.0
    },
    "UP": {
        "precision": 0.20861372812920592,
        "recall": 0.7828282828282829,
        "f1-score": 0.32943676939426136,
        "support": 198.0
    },
    "accuracy": 0.3955938697318008,
    "macro avg": {
        "precision": 0.5328782926360315,
        "recall": 0.5438964109176876,
        "f1-score": 0.3896529967285169,
        "support": 1044.0
    },
    "weighted avg": {
        "precision": 0.734145953364406,
        "recall": 0.3955938697318008,
        "f1-score": 0.4270285861083996,
        "support": 1044.0
    }
}