{
    "R2": 0.9410702021915595,
    "RMSE": 5.8703546513027876,
    "MSE": 34.46106373207227,
    "MAPE": 0.03578309810623793,
    "ACMAPE": 1.4392918700360624
}