{
    "R2": 0.9437730230147766,
    "RMSE": 46.08281603612266,
    "MSE": 2123.625933819124,
    "MAPE": 0.04849497425431075,
    "ACMAPE": 0.870888796648133
}