{
    "DOWN": {
        "precision": 0.5905511811023622,
        "recall": 0.9836065573770492,
        "f1-score": 0.7380073800738006,
        "support": 305.0
    },
    "UP": {
        "precision": 0.5,
        "recall": 0.023474178403755867,
        "f1-score": 0.04484304932735426,
        "support": 213.0
    },
    "accuracy": 0.5888030888030888,
    "macro avg": {
        "precision": 0.545275590551181,
        "recall": 0.5035403678904025,
        "f1-score": 0.39142521470057745,
        "support": 518.0
    },
    "weighted avg": {
        "precision": 0.5533168151278387,
        "recall": 0.5888030888030888,
        "f1-score": 0.4529803483189877,
        "support": 518.0
    }
}