{
    "DOWN": {
        "precision": 0.6617647058823529,
        "recall": 0.660377358490566,
        "f1-score": 0.6610703043022035,
        "support": 477.0
    },
    "UP": {
        "precision": 0.35968379446640314,
        "recall": 0.3611111111111111,
        "f1-score": 0.3603960396039604,
        "support": 252.0
    },
    "accuracy": 0.5569272976680384,
    "macro avg": {
        "precision": 0.5107242501743781,
        "recall": 0.5107442348008385,
        "f1-score": 0.5107331719530819,
        "support": 729.0
    },
    "weighted avg": {
        "precision": 0.5573416747756048,
        "recall": 0.5569272976680384,
        "f1-score": 0.5571335214435515,
        "support": 729.0
    }
}