{
    "R2": 0.9596067488107207,
    "RMSE": 16.046620675522053,
    "MSE": 257.4940351040919,
    "MAPE": 0.038989839541763674,
    "ACMAPE": 0.9251352442056869
}