{
    "R2": 0.9977350830975563,
    "RMSE": 47.252416022232794,
    "MSE": 2232.7908199381627,
    "MAPE": 0.797931745663666,
    "ACMAPE": 2.1377418582713057
}