{
    "DOWN": {
        "precision": 0.6303939962476548,
        "recall": 0.49851632047477745,
        "f1-score": 0.5567522783761393,
        "support": 674.0
    },
    "UP": {
        "precision": 0.4357262103505843,
        "recall": 0.5698689956331878,
        "f1-score": 0.4938505203405866,
        "support": 458.0
    },
    "accuracy": 0.5273851590106007,
    "macro avg": {
        "precision": 0.5330601032991196,
        "recall": 0.5341926580539826,
        "f1-score": 0.525301399358363,
        "support": 1132.0
    },
    "weighted avg": {
        "precision": 0.551632648243363,
        "recall": 0.5273851590106007,
        "f1-score": 0.5313026271568079,
        "support": 1132.0
    }
}