{
    "DOWN": {
        "precision": 0.5977011494252874,
        "recall": 0.9936305732484076,
        "f1-score": 0.7464114832535886,
        "support": 157.0
    },
    "UP": {
        "precision": 0.5,
        "recall": 0.009433962264150943,
        "f1-score": 0.018518518518518517,
        "support": 106.0
    },
    "accuracy": 0.596958174904943,
    "macro avg": {
        "precision": 0.5488505747126438,
        "recall": 0.5015322677562793,
        "f1-score": 0.38246500088605356,
        "support": 263.0
    },
    "weighted avg": {
        "precision": 0.5583234998470347,
        "recall": 0.596958174904943,
        "f1-score": 0.453040174272914,
        "support": 263.0
    }
}