{
    "DOWN": {
        "precision": 0.669047619047619,
        "recall": 0.43498452012383904,
        "f1-score": 0.5272045028142589,
        "support": 646.0
    },
    "UP": {
        "precision": 0.4242902208201893,
        "recall": 0.6593137254901961,
        "f1-score": 0.5163147792706334,
        "support": 408.0
    },
    "accuracy": 0.5218216318785579,
    "macro avg": {
        "precision": 0.5466689199339041,
        "recall": 0.5471491228070176,
        "f1-score": 0.5217596410424461,
        "support": 1054.0
    },
    "weighted avg": {
        "precision": 0.5743028197337753,
        "recall": 0.5218216318785579,
        "f1-score": 0.522989125958662,
        "support": 1054.0
    }
}