{
    "DOWN": {
        "precision": 0.8918406072106262,
        "recall": 0.45366795366795365,
        "f1-score": 0.6014075495841331,
        "support": 1036.0
    },
    "UP": {
        "precision": 0.266839378238342,
        "recall": 0.7832699619771863,
        "f1-score": 0.39806763285024155,
        "support": 263.0
    },
    "accuracy": 0.5204003079291762,
    "macro avg": {
        "precision": 0.5793399927244841,
        "recall": 0.6184689578225699,
        "f1-score": 0.4997375912171873,
        "support": 1299.0
    },
    "weighted avg": {
        "precision": 0.7653007125072308,
        "recall": 0.5204003079291762,
        "f1-score": 0.5602386518928217,
        "support": 1299.0
    }
}