{
    "DOWN": {
        "precision": 0.6761433868974042,
        "recall": 0.9562937062937062,
        "f1-score": 0.7921795800144823,
        "support": 572.0
    },
    "UP": {
        "precision": 0.358974358974359,
        "recall": 0.050724637681159424,
        "f1-score": 0.08888888888888889,
        "support": 276.0
    },
    "accuracy": 0.6615566037735849,
    "macro avg": {
        "precision": 0.5175588729358815,
        "recall": 0.5035091719874328,
        "f1-score": 0.4405342344516856,
        "support": 848.0
    },
    "weighted avg": {
        "precision": 0.5729138447903753,
        "recall": 0.6615566037735849,
        "f1-score": 0.563278364506624,
        "support": 848.0
    }
}