{
    "R2": 0.9905023994581638,
    "RMSE": 3.758513141533203,
    "MSE": 14.126421035077788,
    "MAPE": 0.019864188743360614,
    "ACMAPE": 0.7702325942841799
}