{
    "DOWN": {
        "precision": 0.8961504028648165,
        "recall": 0.6579033848176142,
        "f1-score": 0.7587644494978207,
        "support": 3043.0
    },
    "UP": {
        "precision": 0.10181190681622088,
        "recall": 0.33714285714285713,
        "f1-score": 0.15639496355202118,
        "support": 350.0
    },
    "accuracy": 0.6248157972295904,
    "macro avg": {
        "precision": 0.4989811548405187,
        "recall": 0.49752312098023566,
        "f1-score": 0.45757970652492097,
        "support": 3393.0
    },
    "weighted avg": {
        "precision": 0.8142115659603048,
        "recall": 0.6248157972295904,
        "f1-score": 0.6966278977498014,
        "support": 3393.0
    }
}