{
    "DOWN": {
        "precision": 0.691358024691358,
        "recall": 0.20588235294117646,
        "f1-score": 0.3172804532577904,
        "support": 544.0
    },
    "UP": {
        "precision": 0.3609467455621302,
        "recall": 0.8299319727891157,
        "f1-score": 0.5030927835051546,
        "support": 294.0
    },
    "accuracy": 0.42482100238663484,
    "macro avg": {
        "precision": 0.5261523851267441,
        "recall": 0.517907162865146,
        "f1-score": 0.4101866183814725,
        "support": 838.0
    },
    "weighted avg": {
        "precision": 0.5754380771209606,
        "recall": 0.42482100238663484,
        "f1-score": 0.38246998200805904,
        "support": 838.0
    }
}