{
    "DOWN": {
        "precision": 0.5835225429776192,
        "recall": 0.8121896162528217,
        "f1-score": 0.6791241978104945,
        "support": 2215.0
    },
    "UP": {
        "precision": 0.44161073825503355,
        "recall": 0.20396776193428395,
        "f1-score": 0.27905004240882103,
        "support": 1613.0
    },
    "accuracy": 0.5559038662486938,
    "macro avg": {
        "precision": 0.5125666406163264,
        "recall": 0.5080786890935528,
        "f1-score": 0.47908712010965776,
        "support": 3828.0
    },
    "weighted avg": {
        "precision": 0.5237253274557983,
        "recall": 0.5559038662486938,
        "f1-score": 0.5105454066237393,
        "support": 3828.0
    }
}