{
    "DOWN": {
        "precision": 0.7017543859649122,
        "recall": 0.19607843137254902,
        "f1-score": 0.30651340996168586,
        "support": 408.0
    },
    "UP": {
        "precision": 0.3504950495049505,
        "recall": 0.8388625592417062,
        "f1-score": 0.49441340782122906,
        "support": 211.0
    },
    "accuracy": 0.41518578352180935,
    "macro avg": {
        "precision": 0.5261247177349313,
        "recall": 0.5174704953071276,
        "f1-score": 0.4004634088914575,
        "support": 619.0
    },
    "weighted avg": {
        "precision": 0.5820197817758139,
        "recall": 0.41518578352180935,
        "f1-score": 0.37056332845661905,
        "support": 619.0
    }
}