{
    "DOWN": {
        "precision": 0.7717391304347826,
        "recall": 0.019854586129753916,
        "f1-score": 0.03871319520174483,
        "support": 3576.0
    },
    "UP": {
        "precision": 0.12023092369477911,
        "recall": 0.958,
        "f1-score": 0.21364852809991078,
        "support": 500.0
    },
    "accuracy": 0.1349362119725221,
    "macro avg": {
        "precision": 0.4459850270647808,
        "recall": 0.4889272930648769,
        "f1-score": 0.1261808616508278,
        "support": 4076.0
    },
    "weighted avg": {
        "precision": 0.6918190854470492,
        "recall": 0.1349362119725221,
        "f1-score": 0.06017238716668177,
        "support": 4076.0
    }
}