{
    "R2": 0.9862701203687023,
    "RMSE": 115.90408253169876,
    "MSE": 13433.756347514838,
    "MAPE": 0.042675544614633826,
    "ACMAPE": 0.9633718695662778
}