{
    "DOWN": {
        "precision": 0.6690909090909091,
        "recall": 0.5558912386706949,
        "f1-score": 0.6072607260726072,
        "support": 662.0
    },
    "UP": {
        "precision": 0.3925619834710744,
        "recall": 0.510752688172043,
        "f1-score": 0.4439252336448598,
        "support": 372.0
    },
    "accuracy": 0.539651837524178,
    "macro avg": {
        "precision": 0.5308264462809917,
        "recall": 0.533321963421369,
        "f1-score": 0.5255929798587335,
        "support": 1034.0
    },
    "weighted avg": {
        "precision": 0.5696046805313554,
        "recall": 0.539651837524178,
        "f1-score": 0.548497860324907,
        "support": 1034.0
    }
}