{
    "R2": 0.9868656052424883,
    "RMSE": 19.4524403524363,
    "MSE": 378.3974356650922,
    "MAPE": 0.10890836713789172,
    "ACMAPE": 1.5524541452032428
}