{
    "DOWN": {
        "precision": 0.7619047619047619,
        "recall": 0.007136485280999108,
        "f1-score": 0.014140521431727797,
        "support": 2242.0
    },
    "UP": {
        "precision": 0.2749185667752443,
        "recall": 0.9941107184923439,
        "f1-score": 0.4307221229905588,
        "support": 849.0
    },
    "accuracy": 0.2782271109673245,
    "macro avg": {
        "precision": 0.5184116643400031,
        "recall": 0.5006236018866715,
        "f1-score": 0.22243132221114328,
        "support": 3091.0
    },
    "weighted avg": {
        "precision": 0.6281450467106627,
        "recall": 0.2782271109673245,
        "f1-score": 0.12856232011288196,
        "support": 3091.0
    }
}