{
    "DOWN": {
        "precision": 0.6979166666666666,
        "recall": 0.9766763848396501,
        "f1-score": 0.8140947752126367,
        "support": 343.0
    },
    "UP": {
        "precision": 0.3333333333333333,
        "recall": 0.026845637583892617,
        "f1-score": 0.049689440993788817,
        "support": 149.0
    },
    "accuracy": 0.6890243902439024,
    "macro avg": {
        "precision": 0.515625,
        "recall": 0.5017610112117714,
        "f1-score": 0.43189210810321277,
        "support": 492.0
    },
    "weighted avg": {
        "precision": 0.5875042344173441,
        "recall": 0.6890243902439024,
        "f1-score": 0.5825980378170914,
        "support": 492.0
    }
}