{
    "R2": 0.9899643580234219,
    "RMSE": 86.31695743455722,
    "MSE": 7450.617140759164,
    "MAPE": 0.020659343883089636,
    "ACMAPE": 0.9966373809455468
}