{
    "DOWN": {
        "precision": 0.5933333333333334,
        "recall": 0.1523972602739726,
        "f1-score": 0.24250681198910082,
        "support": 584.0
    },
    "UP": {
        "precision": 0.14507772020725387,
        "recall": 0.5793103448275863,
        "f1-score": 0.23204419889502761,
        "support": 145.0
    },
    "accuracy": 0.23731138545953362,
    "macro avg": {
        "precision": 0.3692055267702936,
        "recall": 0.36585380255077943,
        "f1-score": 0.23727550544206422,
        "support": 729.0
    },
    "weighted avg": {
        "precision": 0.504174123589463,
        "recall": 0.23731138545953362,
        "f1-score": 0.2404257709758764,
        "support": 729.0
    }
}