{
    "R2": 0.9944321263255261,
    "RMSE": 21.583150709041462,
    "MSE": 465.8323945291969,
    "MAPE": 0.023886517541132687,
    "ACMAPE": 1.1859958925411327
}