{
    "R2": 0.9741315020177567,
    "RMSE": 45.862628774971846,
    "MSE": 2103.3807181508755,
    "MAPE": 0.03294612666783652,
    "ACMAPE": 1.270751004716617
}