{
    "DOWN": {
        "precision": 0.623336745138178,
        "recall": 1.0,
        "f1-score": 0.7679697351828499,
        "support": 609.0
    },
    "UP": {
        "precision": 0.0,
        "recall": 0.0,
        "f1-score": 0.0,
        "support": 368.0
    },
    "accuracy": 0.623336745138178,
    "macro avg": {
        "precision": 0.311668372569089,
        "recall": 0.5,
        "f1-score": 0.38398486759142497,
        "support": 977.0
    },
    "weighted avg": {
        "precision": 0.38854869783945795,
        "recall": 0.623336745138178,
        "f1-score": 0.47870375509350627,
        "support": 977.0
    }
}