{
    "R2": 0.9895457527412241,
    "RMSE": 5.977611688187956,
    "MSE": 35.73184149476127,
    "MAPE": 0.02276301769780071,
    "ACMAPE": 0.7363180049100769
}