{
    "R2": 0.9409385316522215,
    "RMSE": 57.56047654586163,
    "MSE": 3313.208460186687,
    "MAPE": 0.030511371145979887,
    "ACMAPE": 0.981054193823905
}