{
    "DOWN": {
        "precision": 0.6666666666666666,
        "recall": 0.855072463768116,
        "f1-score": 0.7492063492063491,
        "support": 138.0
    },
    "UP": {
        "precision": 0.3333333333333333,
        "recall": 0.14492753623188406,
        "f1-score": 0.20202020202020202,
        "support": 69.0
    },
    "accuracy": 0.6183574879227053,
    "macro avg": {
        "precision": 0.5,
        "recall": 0.5,
        "f1-score": 0.47561327561327554,
        "support": 207.0
    },
    "weighted avg": {
        "precision": 0.5555555555555556,
        "recall": 0.6183574879227053,
        "f1-score": 0.5668109668109668,
        "support": 207.0
    }
}