{
    "DOWN": {
        "precision": 0.6862464183381088,
        "recall": 0.7788617886178861,
        "f1-score": 0.7296268088347296,
        "support": 615.0
    },
    "UP": {
        "precision": 0.423728813559322,
        "recall": 0.31347962382445144,
        "f1-score": 0.36036036036036034,
        "support": 319.0
    },
    "accuracy": 0.619914346895075,
    "macro avg": {
        "precision": 0.5549876159487155,
        "recall": 0.5461707062211688,
        "f1-score": 0.544993584597545,
        "support": 934.0
    },
    "weighted avg": {
        "precision": 0.5965856946502791,
        "recall": 0.619914346895075,
        "f1-score": 0.6035068976320275,
        "support": 934.0
    }
}