{
    "R2": -1.0893796326117502,
    "RMSE": 41.73915461350018,
    "MSE": 1742.1570278496736,
    "MAPE": 0.6763379053113889,
    "ACMAPE": 1.1564927939851546
}