{
    "DOWN": {
        "precision": 0.6209876543209877,
        "recall": 0.16716517115320703,
        "f1-score": 0.2634197433883215,
        "support": 3009.0
    },
    "UP": {
        "precision": 0.021475985942991018,
        "recall": 0.15193370165745856,
        "f1-score": 0.0376325692781389,
        "support": 362.0
    },
    "accuracy": 0.16552951646395728,
    "macro avg": {
        "precision": 0.32123182013198937,
        "recall": 0.1595494364053328,
        "f1-score": 0.15052615633323022,
        "support": 3371.0
    },
    "weighted avg": {
        "precision": 0.5566081752486547,
        "recall": 0.16552951646395728,
        "f1-score": 0.2391732417484858,
        "support": 3371.0
    }
}