{
    "R2": -7.190261398964891,
    "RMSE": 822.6648558701191,
    "MSE": 676777.4650838039,
    "MAPE": 15.42887949549047,
    "ACMAPE": 17.355332639025463
}