{
    "DOWN": {
        "precision": 0.8255813953488372,
        "recall": 0.37407797681770283,
        "f1-score": 0.5148658448150834,
        "support": 949.0
    },
    "UP": {
        "precision": 0.2315653298835705,
        "recall": 0.7047244094488189,
        "f1-score": 0.3485881207400195,
        "support": 254.0
    },
    "accuracy": 0.44389027431421446,
    "macro avg": {
        "precision": 0.5285733626162039,
        "recall": 0.5394011931332608,
        "f1-score": 0.4317269827775514,
        "support": 1203.0
    },
    "weighted avg": {
        "precision": 0.7001615444525964,
        "recall": 0.44389027431421446,
        "f1-score": 0.4797581624251696,
        "support": 1203.0
    }
}