{
    "R2": 0.9857950716156706,
    "RMSE": 15.409811348992362,
    "MSE": 237.46228581153377,
    "MAPE": 0.014941374109740951,
    "ACMAPE": 1.0932279324553835
}