{
    "R2": 0.9729913857059046,
    "RMSE": 6.613537652593612,
    "MSE": 43.73888028227342,
    "MAPE": 0.008301750223358165,
    "ACMAPE": 1.315994057915666
}