{
    "R2": 0.8700440435738241,
    "RMSE": 3.413673458320791,
    "MSE": 11.653166480043827,
    "MAPE": 0.023095055939451818,
    "ACMAPE": 0.7154027482471441
}