{
    "DOWN": {
        "precision": 0.6538461538461539,
        "recall": 1.0,
        "f1-score": 0.7906976744186047,
        "support": 85.0
    },
    "UP": {
        "precision": 0.0,
        "recall": 0.0,
        "f1-score": 0.0,
        "support": 45.0
    },
    "accuracy": 0.6538461538461539,
    "macro avg": {
        "precision": 0.3269230769230769,
        "recall": 0.5,
        "f1-score": 0.39534883720930236,
        "support": 130.0
    },
    "weighted avg": {
        "precision": 0.4275147928994083,
        "recall": 0.6538461538461539,
        "f1-score": 0.5169946332737031,
        "support": 130.0
    }
}