{
    "R2": 0.8447641959913319,
    "RMSE": 8.016532746113532,
    "MSE": 64.26479726951057,
    "MAPE": 0.054898771063227554,
    "ACMAPE": 1.325575462792551
}