{
    "DOWN": {
        "precision": 0.7638888888888888,
        "recall": 0.07902298850574713,
        "f1-score": 0.14322916666666666,
        "support": 696.0
    },
    "UP": {
        "precision": 0.3538306451612903,
        "recall": 0.9538043478260869,
        "f1-score": 0.5161764705882353,
        "support": 368.0
    },
    "accuracy": 0.3815789473684211,
    "macro avg": {
        "precision": 0.5588597670250895,
        "recall": 0.516413668165917,
        "f1-score": 0.329702818627451,
        "support": 1064.0
    },
    "weighted avg": {
        "precision": 0.6220642331635541,
        "recall": 0.3815789473684211,
        "f1-score": 0.272218459752322,
        "support": 1064.0
    }
}