{
    "R2": 0.9933892371073514,
    "RMSE": 6.996020860378007,
    "MSE": 48.94430787884422,
    "MAPE": 0.024952649465101902,
    "ACMAPE": 1.26179475472826
}