{
    "DOWN": {
        "precision": 0.0,
        "recall": 0.0,
        "f1-score": 0.0,
        "support": 169.0
    },
    "UP": {
        "precision": 0.36466165413533835,
        "recall": 1.0,
        "f1-score": 0.534435261707989,
        "support": 97.0
    },
    "accuracy": 0.36466165413533835,
    "macro avg": {
        "precision": 0.18233082706766918,
        "recall": 0.5,
        "f1-score": 0.2672176308539945,
        "support": 266.0
    },
    "weighted avg": {
        "precision": 0.13297812199672113,
        "recall": 0.36466165413533835,
        "f1-score": 0.19488804656268774,
        "support": 266.0
    }
}