{
    "DOWN": {
        "precision": 0.696,
        "recall": 0.6338797814207651,
        "f1-score": 0.663489037178265,
        "support": 1098.0
    },
    "UP": {
        "precision": 0.2872340425531915,
        "recall": 0.34763948497854075,
        "f1-score": 0.3145631067961165,
        "support": 466.0
    },
    "accuracy": 0.5485933503836317,
    "macro avg": {
        "precision": 0.49161702127659573,
        "recall": 0.4907596331996529,
        "f1-score": 0.4890260719871907,
        "support": 1564.0
    },
    "weighted avg": {
        "precision": 0.5742065625510149,
        "recall": 0.5485933503836317,
        "f1-score": 0.5595251730106939,
        "support": 1564.0
    }
}