{
    "DOWN": {
        "precision": 0.7069444444444445,
        "recall": 0.4895799935876884,
        "f1-score": 0.5785186588369009,
        "support": 3119.0
    },
    "UP": {
        "precision": 0.21266073194856577,
        "recall": 0.4045155221072437,
        "f1-score": 0.2787682333873582,
        "support": 1063.0
    },
    "accuracy": 0.4679579148732664,
    "macro avg": {
        "precision": 0.4598025881965051,
        "recall": 0.44704775784746603,
        "f1-score": 0.42864344611212957,
        "support": 4182.0
    },
    "weighted avg": {
        "precision": 0.5813051363662237,
        "recall": 0.4679579148732664,
        "f1-score": 0.5023267166434853,
        "support": 4182.0
    }
}