{
    "R2": 0.9804289907731976,
    "RMSE": 6.221020759933544,
    "MSE": 38.70109929552413,
    "MAPE": 0.023898193729926086,
    "ACMAPE": 1.4844791065929968
}