{
    "DOWN": {
        "precision": 0.6293634496919918,
        "recall": 0.9967479674796748,
        "f1-score": 0.7715544367526747,
        "support": 615.0
    },
    "UP": {
        "precision": 0.3333333333333333,
        "recall": 0.0027624309392265192,
        "f1-score": 0.005479452054794521,
        "support": 362.0
    },
    "accuracy": 0.6284544524053224,
    "macro avg": {
        "precision": 0.4813483915126625,
        "recall": 0.49975519920945066,
        "f1-score": 0.3885169444037346,
        "support": 977.0
    },
    "weighted avg": {
        "precision": 0.5196777771005543,
        "recall": 0.6284544524053224,
        "f1-score": 0.4877067965677897,
        "support": 977.0
    }
}