{
    "R2": 0.949185766232274,
    "RMSE": 12.402263948342606,
    "MSE": 153.81615104435872,
    "MAPE": 0.04435752462693658,
    "ACMAPE": 0.7874486198162918
}