{
    "R2": 0.9588726485315269,
    "RMSE": 16.1452528523965,
    "MSE": 260.6691896678173,
    "MAPE": 0.09173587463857767,
    "ACMAPE": 1.8489904797357264
}