{
    "R2": 0.8867819256232289,
    "RMSE": 4.197321315116962,
    "MSE": 17.617506222335187,
    "MAPE": 0.020256424548056262,
    "ACMAPE": 1.2177872887455872
}