{
    "R2": 0.9868053793488069,
    "RMSE": 3.9246498570017994,
    "MSE": 15.402876500064243,
    "MAPE": 0.010765026668436763,
    "ACMAPE": 1.2895952028066886
}