{
    "DOWN": {
        "precision": 0.926829268292683,
        "recall": 0.3486238532110092,
        "f1-score": 0.5066666666666667,
        "support": 2834.0
    },
    "UP": {
        "precision": 0.049922799794132784,
        "recall": 0.5542857142857143,
        "f1-score": 0.09159584513692162,
        "support": 175.0
    },
    "accuracy": 0.36058491193087405,
    "macro avg": {
        "precision": 0.4883760340434079,
        "recall": 0.45145478374836173,
        "f1-score": 0.2991312559017942,
        "support": 3009.0
    },
    "weighted avg": {
        "precision": 0.875829390596689,
        "recall": 0.36058491193087405,
        "f1-score": 0.4825266222107992,
        "support": 3009.0
    }
}