{
    "R2": 0.9926521002902274,
    "RMSE": 6.1103760247853325,
    "MSE": 37.336695164271404,
    "MAPE": 0.028596514581697405,
    "ACMAPE": 1.2146210660453423
}