{
    "R2": 0.994665954895076,
    "RMSE": 61.83402070737413,
    "MSE": 3823.446116839973,
    "MAPE": 0.018195601684485342,
    "ACMAPE": 1.065814649303533
}