{
    "DOWN": {
        "precision": 0.5743801652892562,
        "recall": 0.24645390070921985,
        "f1-score": 0.3449131513647642,
        "support": 564.0
    },
    "UP": {
        "precision": 0.4451697127937337,
        "recall": 0.7680180180180181,
        "f1-score": 0.5636363636363636,
        "support": 444.0
    },
    "accuracy": 0.47619047619047616,
    "macro avg": {
        "precision": 0.509774939041495,
        "recall": 0.507235959363619,
        "f1-score": 0.4542747575005639,
        "support": 1008.0
    },
    "weighted avg": {
        "precision": 0.5174660374043236,
        "recall": 0.47619047619047616,
        "f1-score": 0.44125551867487345,
        "support": 1008.0
    }
}