{
    "DOWN": {
        "precision": 0.8058252427184466,
        "recall": 0.26517571884984026,
        "f1-score": 0.3990384615384615,
        "support": 313.0
    },
    "UP": {
        "precision": 0.3313953488372093,
        "recall": 0.8507462686567164,
        "f1-score": 0.47698744769874474,
        "support": 134.0
    },
    "accuracy": 0.4407158836689038,
    "macro avg": {
        "precision": 0.568610295777828,
        "recall": 0.5579609937532783,
        "f1-score": 0.4380129546186031,
        "support": 447.0
    },
    "weighted avg": {
        "precision": 0.6636024109956595,
        "recall": 0.4407158836689038,
        "f1-score": 0.42240571913460906,
        "support": 447.0
    }
}