{
    "R2": 0.9869050594993632,
    "RMSE": 32.013398946369875,
    "MSE": 1024.8577120994357,
    "MAPE": 0.01872684198491403,
    "ACMAPE": 0.9101742104059667
}