{
    "DOWN": {
        "precision": 0.6541554959785523,
        "recall": 0.6321243523316062,
        "f1-score": 0.6429512516469038,
        "support": 386.0
    },
    "UP": {
        "precision": 0.39574468085106385,
        "recall": 0.4189189189189189,
        "f1-score": 0.40700218818380746,
        "support": 222.0
    },
    "accuracy": 0.5542763157894737,
    "macro avg": {
        "precision": 0.5249500884148081,
        "recall": 0.5255216356252626,
        "f1-score": 0.5249767199153557,
        "support": 608.0
    },
    "weighted avg": {
        "precision": 0.559801547033976,
        "recall": 0.5542763157894737,
        "f1-score": 0.5567987975534706,
        "support": 608.0
    }
}