{
    "R2": 0.9934436004604389,
    "RMSE": 9.66614622594944,
    "MSE": 93.43438286143662,
    "MAPE": 0.10738351550871773,
    "ACMAPE": 1.4470869751462796
}