{
    "DOWN": {
        "precision": 0.7831325301204819,
        "recall": 0.08485639686684072,
        "f1-score": 0.1531213191990577,
        "support": 766.0
    },
    "UP": {
        "precision": 0.25976768743400214,
        "recall": 0.9318181818181818,
        "f1-score": 0.4062758051197358,
        "support": 264.0
    },
    "accuracy": 0.30194174757281556,
    "macro avg": {
        "precision": 0.5214501087772421,
        "recall": 0.5083372893425112,
        "f1-score": 0.27969856215939676,
        "support": 1030.0
    },
    "weighted avg": {
        "precision": 0.6489885316066657,
        "recall": 0.30194174757281556,
        "f1-score": 0.2180075175321247,
        "support": 1030.0
    }
}