{
    "DOWN": {
        "precision": 0.6602739726027397,
        "recall": 0.4616858237547893,
        "f1-score": 0.5434047350620067,
        "support": 522.0
    },
    "UP": {
        "precision": 0.438,
        "recall": 0.6384839650145773,
        "f1-score": 0.5195729537366549,
        "support": 343.0
    },
    "accuracy": 0.5317919075144508,
    "macro avg": {
        "precision": 0.5491369863013699,
        "recall": 0.5500848943846832,
        "f1-score": 0.5314888443993309,
        "support": 865.0
    },
    "weighted avg": {
        "precision": 0.5721352759521735,
        "recall": 0.5317919075144508,
        "f1-score": 0.5339546761087169,
        "support": 865.0
    }
}