{
    "R2": 0.9907048057208971,
    "RMSE": 7.207888778260725,
    "MSE": 51.953660639776885,
    "MAPE": 0.06111971819936241,
    "ACMAPE": 1.433136564245221
}