{
    "R2": 0.9842959980469407,
    "RMSE": 22.133036646905047,
    "MSE": 489.8713112132419,
    "MAPE": 0.021742555920805557,
    "ACMAPE": 0.9302664644447141
}