{
    "R2": 0.9946932881243578,
    "RMSE": 20.591670156193697,
    "MSE": 424.0168798214782,
    "MAPE": 0.023563329173762224,
    "ACMAPE": 1.2620501712790255
}