{
    "R2": 0.9817005405113884,
    "RMSE": 4.538253434989066,
    "MSE": 20.59574424019006,
    "MAPE": 0.0433731174820701,
    "ACMAPE": 1.4199731623956118
}