{
    "DOWN": {
        "precision": 0.9467455621301775,
        "recall": 0.4253262445625906,
        "f1-score": 0.5869601467400366,
        "support": 4138.0
    },
    "UP": {
        "precision": 0.030179445350734094,
        "recall": 0.4277456647398844,
        "f1-score": 0.056380952380952386,
        "support": 173.0
    },
    "accuracy": 0.42542333565298074,
    "macro avg": {
        "precision": 0.4884625037404558,
        "recall": 0.4265359546512375,
        "f1-score": 0.3216705495604945,
        "support": 4311.0
    },
    "weighted avg": {
        "precision": 0.9099638552865579,
        "recall": 0.42542333565298074,
        "f1-score": 0.5656680565929427,
        "support": 4311.0
    }
}