{
    "DOWN": {
        "precision": 0.9374720857525681,
        "recall": 0.6608942065491183,
        "f1-score": 0.7752539242843952,
        "support": 3176.0
    },
    "UP": {
        "precision": 0.12652068126520682,
        "recall": 0.527027027027027,
        "f1-score": 0.20405493786788753,
        "support": 296.0
    },
    "accuracy": 0.6494815668202765,
    "macro avg": {
        "precision": 0.5319963835088874,
        "recall": 0.5939606167880727,
        "f1-score": 0.48965443107614137,
        "support": 3472.0
    },
    "weighted avg": {
        "precision": 0.8683356756925857,
        "recall": 0.6494815668202765,
        "f1-score": 0.7265572365023426,
        "support": 3472.0
    }
}