{
    "R2": 0.9926268354037536,
    "RMSE": 10.72730462577036,
    "MSE": 115.07506453407417,
    "MAPE": 0.06704510921200708,
    "ACMAPE": 1.3760364373726641
}