{
    "DOWN": {
        "precision": 0.6337448559670782,
        "recall": 0.28893058161350843,
        "f1-score": 0.39690721649484534,
        "support": 533.0
    },
    "UP": {
        "precision": 0.3857374392220421,
        "recall": 0.72782874617737,
        "f1-score": 0.5042372881355932,
        "support": 327.0
    },
    "accuracy": 0.4558139534883721,
    "macro avg": {
        "precision": 0.5097411475945601,
        "recall": 0.5083796638954392,
        "f1-score": 0.45057225231521925,
        "support": 860.0
    },
    "weighted avg": {
        "precision": 0.5394443614605354,
        "recall": 0.4558139534883721,
        "f1-score": 0.4377176042001064,
        "support": 860.0
    }
}