{
    "R2": 0.9932427007476341,
    "RMSE": 3.1661471952074756,
    "MSE": 10.024488061720163,
    "MAPE": 0.022194466184742002,
    "ACMAPE": 1.6870690181560681
}