{
    "DOWN": {
        "precision": 0.8791666666666667,
        "recall": 0.4020141535111595,
        "f1-score": 0.5517370190511767,
        "support": 3674.0
    },
    "UP": {
        "precision": 0.21141421392677673,
        "recall": 0.7436868686868687,
        "f1-score": 0.3292342090553381,
        "support": 792.0
    },
    "accuracy": 0.4626063591580833,
    "macro avg": {
        "precision": 0.5452904402967217,
        "recall": 0.5728505110990141,
        "f1-score": 0.44048561405325737,
        "support": 4466.0
    },
    "weighted avg": {
        "precision": 0.7607475124861935,
        "recall": 0.4626063591580833,
        "f1-score": 0.5122783926479738,
        "support": 4466.0
    }
}