{
    "R2": 0.9896934563061145,
    "RMSE": 9.143910999208375,
    "MSE": 83.6111083614439,
    "MAPE": 0.010510369355743225,
    "ACMAPE": 1.0115798880723206
}