{
    "R2": 0.9941108948900904,
    "RMSE": 17.841789225320248,
    "MSE": 318.32944276075375,
    "MAPE": 0.026191726261197375,
    "ACMAPE": 1.1647472575725655
}