{
    "R2": 0.9859212337934012,
    "RMSE": 31.458240572013555,
    "MSE": 989.6208998866797,
    "MAPE": 0.0420219585967717,
    "ACMAPE": 0.9626568792316924
}