{
    "R2": 0.9817551885762983,
    "RMSE": 21.150572762496587,
    "MSE": 447.3467281816625,
    "MAPE": 0.01095707159427501,
    "ACMAPE": 0.7568316590530209
}