{
    "R2": 0.6594431023517582,
    "RMSE": 34.74835868033937,
    "MSE": 1207.4484309775166,
    "MAPE": 0.024882739876610206,
    "ACMAPE": 1.1982160732099436
}