{
    "DOWN": {
        "precision": 0.7188405797101449,
        "recall": 0.4652908067542214,
        "f1-score": 0.5649202733485195,
        "support": 533.0
    },
    "UP": {
        "precision": 0.391025641025641,
        "recall": 0.6535714285714286,
        "f1-score": 0.48930481283422456,
        "support": 280.0
    },
    "accuracy": 0.5301353013530136,
    "macro avg": {
        "precision": 0.554933110367893,
        "recall": 0.559431117662825,
        "f1-score": 0.527112543091372,
        "support": 813.0
    },
    "weighted avg": {
        "precision": 0.6059399858212628,
        "recall": 0.5301353013530136,
        "f1-score": 0.5388780483251461,
        "support": 813.0
    }
}