{
    "DOWN": {
        "precision": 0.7226277372262774,
        "recall": 0.526595744680851,
        "f1-score": 0.6092307692307692,
        "support": 188.0
    },
    "UP": {
        "precision": 0.463855421686747,
        "recall": 0.6695652173913044,
        "f1-score": 0.5480427046263345,
        "support": 115.0
    },
    "accuracy": 0.5808580858085809,
    "macro avg": {
        "precision": 0.5932415794565122,
        "recall": 0.5980804810360777,
        "f1-score": 0.5786367369285519,
        "support": 303.0
    },
    "weighted avg": {
        "precision": 0.6244138220875117,
        "recall": 0.5808580858085809,
        "f1-score": 0.5860075763941026,
        "support": 303.0
    }
}