{
    "R2": 0.8173794950243923,
    "RMSE": 19.549484032267905,
    "MSE": 382.18232592789786,
    "MAPE": 0.03617842753545503,
    "ACMAPE": 1.1120404965009723
}