{
    "DOWN": {
        "precision": 0.6941176470588235,
        "recall": 0.15526315789473685,
        "f1-score": 0.2537634408602151,
        "support": 380.0
    },
    "UP": {
        "precision": 0.35020242914979755,
        "recall": 0.8693467336683417,
        "f1-score": 0.49927849927849927,
        "support": 199.0
    },
    "accuracy": 0.4006908462867012,
    "macro avg": {
        "precision": 0.5221600381043106,
        "recall": 0.5123049457815393,
        "f1-score": 0.37652097006935714,
        "support": 579.0
    },
    "weighted avg": {
        "precision": 0.5759153528206608,
        "recall": 0.4006908462867012,
        "f1-score": 0.3381459911628723,
        "support": 579.0
    }
}