{
    "R2": 0.9917974278246161,
    "RMSE": 2.6314002056457495,
    "MSE": 6.924267042272493,
    "MAPE": 0.019114500594401354,
    "ACMAPE": 0.561213693212625
}