{
    "DOWN": {
        "precision": 0.6593406593406593,
        "recall": 0.6185567010309279,
        "f1-score": 0.6382978723404256,
        "support": 194.0
    },
    "UP": {
        "precision": 0.3884297520661157,
        "recall": 0.43119266055045874,
        "f1-score": 0.408695652173913,
        "support": 109.0
    },
    "accuracy": 0.5511551155115512,
    "macro avg": {
        "precision": 0.5238852057033875,
        "recall": 0.5248746807906933,
        "f1-score": 0.5234967622571693,
        "support": 303.0
    },
    "weighted avg": {
        "precision": 0.5618842603541073,
        "recall": 0.5511551155115512,
        "f1-score": 0.5557016941287098,
        "support": 303.0
    }
}