{
    "DOWN": {
        "precision": 0.75,
        "recall": 0.008321775312066574,
        "f1-score": 0.016460905349794237,
        "support": 3605.0
    },
    "UP": {
        "precision": 0.12953494034575117,
        "recall": 0.981549815498155,
        "f1-score": 0.22886642288664233,
        "support": 542.0
    },
    "accuracy": 0.13551965276103206,
    "macro avg": {
        "precision": 0.4397674701728756,
        "recall": 0.4949357954051108,
        "f1-score": 0.12266366411821829,
        "support": 4147.0
    },
    "weighted avg": {
        "precision": 0.6689071467729436,
        "recall": 0.13551965276103206,
        "f1-score": 0.044221645765750744,
        "support": 4147.0
    }
}