{
    "R2": 0.9941876784526025,
    "RMSE": 16.93237791644262,
    "MSE": 286.7054219052337,
    "MAPE": 0.589373985127424,
    "ACMAPE": 1.372404288157727
}