{
    "DOWN": {
        "precision": 0.9859801788735799,
        "recall": 0.9912515188335358,
        "f1-score": 0.9886088221037324,
        "support": 4115.0
    },
    "UP": {
        "precision": 0.1,
        "recall": 0.06451612903225806,
        "f1-score": 0.0784313725490196,
        "support": 62.0
    },
    "accuracy": 0.9774958103902323,
    "macro avg": {
        "precision": 0.54299008943679,
        "recall": 0.5278838239328969,
        "f1-score": 0.533520097326376,
        "support": 4177.0
    },
    "weighted avg": {
        "precision": 0.972829407724391,
        "recall": 0.9774958103902323,
        "f1-score": 0.9750988862951635,
        "support": 4177.0
    }
}