{
    "R2": 0.994351321496999,
    "RMSE": 27.10802206261769,
    "MSE": 734.8448601473673,
    "MAPE": 0.13498840024978903,
    "ACMAPE": 0.6747699915134395
}