{
    "DOWN": {
        "precision": 0.6206896551724138,
        "recall": 0.48322147651006714,
        "f1-score": 0.5433962264150943,
        "support": 149.0
    },
    "UP": {
        "precision": 0.3474576271186441,
        "recall": 0.4823529411764706,
        "f1-score": 0.4039408866995074,
        "support": 85.0
    },
    "accuracy": 0.4829059829059829,
    "macro avg": {
        "precision": 0.484073641145529,
        "recall": 0.48278720884326887,
        "f1-score": 0.4736685565573009,
        "support": 234.0
    },
    "weighted avg": {
        "precision": 0.5214387048110017,
        "recall": 0.4829059829059829,
        "f1-score": 0.49273937224490255,
        "support": 234.0
    }
}