{
    "DOWN": {
        "precision": 0.6,
        "recall": 0.028037383177570093,
        "f1-score": 0.053571428571428575,
        "support": 107.0
    },
    "UP": {
        "precision": 0.41899441340782123,
        "recall": 0.974025974025974,
        "f1-score": 0.5859375,
        "support": 77.0
    },
    "accuracy": 0.42391304347826086,
    "macro avg": {
        "precision": 0.5094972067039106,
        "recall": 0.501031678601772,
        "f1-score": 0.3197544642857143,
        "support": 184.0
    },
    "weighted avg": {
        "precision": 0.5242530969152296,
        "recall": 0.42391304347826086,
        "f1-score": 0.2763550562888199,
        "support": 184.0
    }
}