{
    "R2": 0.9344518418427302,
    "RMSE": 37.920407238830904,
    "MSE": 1437.957285158779,
    "MAPE": 0.01947066056637135,
    "ACMAPE": 1.1716445736098495
}