{
    "R2": 0.9806433130345379,
    "RMSE": 66.37781419734006,
    "MSE": 4406.0142176166,
    "MAPE": 0.030121190407524062,
    "ACMAPE": 1.0098834775903058
}