{
    "DOWN": {
        "precision": 0.671242774566474,
        "recall": 0.46473236618309155,
        "f1-score": 0.5492166715932604,
        "support": 1999.0
    },
    "UP": {
        "precision": 0.38114517061885483,
        "recall": 0.5915619389587073,
        "f1-score": 0.4635947942314457,
        "support": 1114.0
    },
    "accuracy": 0.5101188564086091,
    "macro avg": {
        "precision": 0.5261939725926644,
        "recall": 0.5281471525708994,
        "f1-score": 0.506405732912353,
        "support": 3113.0
    },
    "weighted avg": {
        "precision": 0.5674301401952411,
        "recall": 0.5101188564086091,
        "f1-score": 0.5185765265945255,
        "support": 3113.0
    }
}