{
    "R2": 0.9672361900637843,
    "RMSE": 48.04049182139283,
    "MSE": 2307.888854441311,
    "MAPE": 0.020252419602243717,
    "ACMAPE": 0.9868333964659969
}