{
    "R2": 0.9897557759496276,
    "RMSE": 46.126748542351756,
    "MSE": 2127.67693108935,
    "MAPE": 0.059588680167657636,
    "ACMAPE": 1.2851577765116449
}