{
    "DOWN": {
        "precision": 0.7437956204379562,
        "recall": 0.3057305730573057,
        "f1-score": 0.4333404210078673,
        "support": 3333.0
    },
    "UP": {
        "precision": 0.22322927156764014,
        "recall": 0.6545275590551181,
        "f1-score": 0.33291614518147683,
        "support": 1016.0
    },
    "accuracy": 0.38721545182800643,
    "macro avg": {
        "precision": 0.4835124460027982,
        "recall": 0.48012906605621186,
        "f1-score": 0.38312828309467206,
        "support": 4349.0
    },
    "weighted avg": {
        "precision": 0.6221825115733342,
        "recall": 0.38721545182800643,
        "f1-score": 0.40987961065155254,
        "support": 4349.0
    }
}