{
    "DOWN": {
        "precision": 0.45454545454545453,
        "recall": 0.006067961165048544,
        "f1-score": 0.011976047904191616,
        "support": 824.0
    },
    "UP": {
        "precision": 0.23884758364312267,
        "recall": 0.9771863117870723,
        "f1-score": 0.38386855862584013,
        "support": 263.0
    },
    "accuracy": 0.24103035878564857,
    "macro avg": {
        "precision": 0.3466965190942886,
        "recall": 0.49162713647606043,
        "f1-score": 0.19792230326501586,
        "support": 1087.0
    },
    "weighted avg": {
        "precision": 0.402357285228699,
        "recall": 0.24103035878564857,
        "f1-score": 0.10195556061789314,
        "support": 1087.0
    }
}