{
    "R2": 0.8792045819244845,
    "RMSE": 6.0316046935682675,
    "MSE": 36.38025517947476,
    "MAPE": 0.04230722046604105,
    "ACMAPE": 1.6510028726399542
}