{
    "DOWN": {
        "precision": 0.6155555555555555,
        "recall": 0.9822695035460993,
        "f1-score": 0.7568306010928961,
        "support": 282.0
    },
    "UP": {
        "precision": 0.375,
        "recall": 0.017045454545454544,
        "f1-score": 0.03260869565217391,
        "support": 176.0
    },
    "accuracy": 0.611353711790393,
    "macro avg": {
        "precision": 0.49527777777777776,
        "recall": 0.49965747904577695,
        "f1-score": 0.39471964837253504,
        "support": 458.0
    },
    "weighted avg": {
        "precision": 0.5231149927219796,
        "recall": 0.611353711790393,
        "f1-score": 0.478526986775064,
        "support": 458.0
    }
}