{
    "R2": 0.9769206760345753,
    "RMSE": 8.46420912156049,
    "MSE": 71.64283605350779,
    "MAPE": 0.0419650911428239,
    "ACMAPE": 1.871829344536489
}