{
    "DOWN": {
        "precision": 0.7489270386266095,
        "recall": 0.09488852637302882,
        "f1-score": 0.16843629343629346,
        "support": 3678.0
    },
    "UP": {
        "precision": 0.1580677794638341,
        "recall": 0.8423180592991913,
        "f1-score": 0.2661839863713799,
        "support": 742.0
    },
    "accuracy": 0.22036199095022624,
    "macro avg": {
        "precision": 0.4534974090452218,
        "recall": 0.4686032928361101,
        "f1-score": 0.21731013990383669,
        "support": 4420.0
    },
    "weighted avg": {
        "precision": 0.6497375430838993,
        "recall": 0.22036199095022624,
        "f1-score": 0.18484552152630118,
        "support": 4420.0
    }
}