{
    "DOWN": {
        "precision": 0.6434898139946855,
        "recall": 0.9660904255319149,
        "f1-score": 0.772461456671983,
        "support": 1504.0
    },
    "UP": {
        "precision": 0.3625,
        "recall": 0.03477218225419664,
        "f1-score": 0.06345733041575492,
        "support": 834.0
    },
    "accuracy": 0.6338751069289992,
    "macro avg": {
        "precision": 0.5029949069973427,
        "recall": 0.5004313038930558,
        "f1-score": 0.41795939354386896,
        "support": 2338.0
    },
    "weighted avg": {
        "precision": 0.5432564928349046,
        "recall": 0.6338751069289992,
        "f1-score": 0.5195489497011985,
        "support": 2338.0
    }
}