{
    "DOWN": {
        "precision": 0.7407407407407407,
        "recall": 0.36923076923076925,
        "f1-score": 0.49281314168377827,
        "support": 325.0
    },
    "UP": {
        "precision": 0.4257703081232493,
        "recall": 0.7835051546391752,
        "f1-score": 0.5517241379310345,
        "support": 194.0
    },
    "accuracy": 0.5240847784200385,
    "macro avg": {
        "precision": 0.583255524431995,
        "recall": 0.5763679619349722,
        "f1-score": 0.5222686398074063,
        "support": 519.0
    },
    "weighted avg": {
        "precision": 0.6230061281631043,
        "recall": 0.5240847784200385,
        "f1-score": 0.5148338223619434,
        "support": 519.0
    }
}