{
    "R2": 0.9663565143572889,
    "RMSE": 62.679782291210174,
    "MSE": 3928.7551080735043,
    "MAPE": 0.014987681567298617,
    "ACMAPE": 1.5338122913009993
}