{
    "R2": 0.991455599041345,
    "RMSE": 275.3532303162628,
    "MSE": 75819.40144560086,
    "MAPE": 0.18037447464036735,
    "ACMAPE": 1.3430963681314916
}