{
    "R2": 0.9965456388620424,
    "RMSE": 99.21373990347934,
    "MSE": 9843.366185635248,
    "MAPE": 0.14830009428137514,
    "ACMAPE": 1.3666806430210583
}