{
    "R2": 0.9947680012383266,
    "RMSE": 81.26970647068566,
    "MSE": 6604.765189831406,
    "MAPE": 0.10076771825073835,
    "ACMAPE": 0.889968133619378
}