{
    "DOWN": {
        "precision": 0.6611226611226612,
        "recall": 1.0,
        "f1-score": 0.7959949937421777,
        "support": 318.0
    },
    "UP": {
        "precision": 0.0,
        "recall": 0.0,
        "f1-score": 0.0,
        "support": 163.0
    },
    "accuracy": 0.6611226611226612,
    "macro avg": {
        "precision": 0.3305613305613306,
        "recall": 0.5,
        "f1-score": 0.3979974968710889,
        "support": 481.0
    },
    "weighted avg": {
        "precision": 0.43708317304990907,
        "recall": 0.6611226611226612,
        "f1-score": 0.5262503285031445,
        "support": 481.0
    }
}