{
    "R2": 0.97323580688019,
    "RMSE": 51.20912541488661,
    "MSE": 2622.3745257575856,
    "MAPE": 0.03311731581332708,
    "ACMAPE": 1.3960662761157845
}