{
    "R2": 0.9722222350452483,
    "RMSE": 9.393405823336114,
    "MSE": 88.2360729618848,
    "MAPE": 0.03727870637738564,
    "ACMAPE": 1.1634213023554478
}