{
    "DOWN": {
        "precision": 0.6751824817518248,
        "recall": 0.2598314606741573,
        "f1-score": 0.3752535496957404,
        "support": 712.0
    },
    "UP": {
        "precision": 0.3573170731707317,
        "recall": 0.7670157068062827,
        "f1-score": 0.48752079866888515,
        "support": 382.0
    },
    "accuracy": 0.4369287020109689,
    "macro avg": {
        "precision": 0.5162497774612782,
        "recall": 0.51342358374022,
        "f1-score": 0.43138717418231276,
        "support": 1094.0
    },
    "weighted avg": {
        "precision": 0.5641910867993772,
        "recall": 0.4369287020109689,
        "f1-score": 0.41445472803919675,
        "support": 1094.0
    }
}