{
    "R2": 0.980310150799123,
    "RMSE": 257.25516621915835,
    "MSE": 66180.22054644678,
    "MAPE": 0.02262118107717985,
    "ACMAPE": 0.9855841440401428
}