{
    "DOWN": {
        "precision": 0.5741525423728814,
        "recall": 0.6945156330087134,
        "f1-score": 0.6286244490837393,
        "support": 1951.0
    },
    "UP": {
        "precision": 0.45768880800727935,
        "recall": 0.33355437665782495,
        "f1-score": 0.38588415803605686,
        "support": 1508.0
    },
    "accuracy": 0.537149465163342,
    "macro avg": {
        "precision": 0.5159206751900803,
        "recall": 0.5140350048332691,
        "f1-score": 0.5072543035598981,
        "support": 3459.0
    },
    "weighted avg": {
        "precision": 0.5233785292409565,
        "recall": 0.537149465163342,
        "f1-score": 0.5227983840649751,
        "support": 3459.0
    }
}