{
    "DOWN": {
        "precision": 0.6285714285714286,
        "recall": 0.2222222222222222,
        "f1-score": 0.32835820895522383,
        "support": 99.0
    },
    "UP": {
        "precision": 0.4726027397260274,
        "recall": 0.8414634146341463,
        "f1-score": 0.6052631578947368,
        "support": 82.0
    },
    "accuracy": 0.5027624309392266,
    "macro avg": {
        "precision": 0.5505870841487279,
        "recall": 0.5318428184281843,
        "f1-score": 0.46681068342498033,
        "support": 181.0
    },
    "weighted avg": {
        "precision": 0.5579115805862193,
        "recall": 0.5027624309392266,
        "f1-score": 0.45380685985599767,
        "support": 181.0
    }
}