{
    "R2": 0.956909799799165,
    "RMSE": 435.6778125289984,
    "MSE": 189815.15633005308,
    "MAPE": 0.02699347009297307,
    "ACMAPE": 1.6742880592713298
}