{
    "DOWN": {
        "precision": 0.611032531824611,
        "recall": 0.972972972972973,
        "f1-score": 0.7506516072980017,
        "support": 444.0
    },
    "UP": {
        "precision": 0.29411764705882354,
        "recall": 0.017857142857142856,
        "f1-score": 0.03367003367003367,
        "support": 280.0
    },
    "accuracy": 0.6035911602209945,
    "macro avg": {
        "precision": 0.4525750894417173,
        "recall": 0.49541505791505797,
        "f1-score": 0.3921608204840177,
        "support": 724.0
    },
    "weighted avg": {
        "precision": 0.48846876423563246,
        "recall": 0.6035911602209945,
        "f1-score": 0.47336591583967147,
        "support": 724.0
    }
}