{
    "DOWN": {
        "precision": 0.6126255380200861,
        "recall": 0.6832,
        "f1-score": 0.6459909228441756,
        "support": 625.0
    },
    "UP": {
        "precision": 0.4,
        "recall": 0.3283582089552239,
        "f1-score": 0.36065573770491804,
        "support": 402.0
    },
    "accuracy": 0.5443037974683544,
    "macro avg": {
        "precision": 0.5063127690100431,
        "recall": 0.505779104477612,
        "f1-score": 0.5033233302745468,
        "support": 1027.0
    },
    "weighted avg": {
        "precision": 0.5293972358934312,
        "recall": 0.5443037974683544,
        "f1-score": 0.5343017851363066,
        "support": 1027.0
    }
}