{
    "DOWN": {
        "precision": 0.5663811563169164,
        "recall": 0.9058219178082192,
        "f1-score": 0.6969696969696969,
        "support": 584.0
    },
    "UP": {
        "precision": 0.46601941747572817,
        "recall": 0.10596026490066225,
        "f1-score": 0.17266187050359713,
        "support": 453.0
    },
    "accuracy": 0.5564127290260367,
    "macro avg": {
        "precision": 0.5162002868963222,
        "recall": 0.5058910913544408,
        "f1-score": 0.43481578373664703,
        "support": 1037.0
    },
    "weighted avg": {
        "precision": 0.522539432406542,
        "recall": 0.5564127290260367,
        "f1-score": 0.4679326233061065,
        "support": 1037.0
    }
}