{
    "DOWN": {
        "precision": 0.524390243902439,
        "recall": 0.8269230769230769,
        "f1-score": 0.6417910447761194,
        "support": 52.0
    },
    "UP": {
        "precision": 0.4,
        "recall": 0.13333333333333333,
        "f1-score": 0.2,
        "support": 45.0
    },
    "accuracy": 0.5051546391752577,
    "macro avg": {
        "precision": 0.46219512195121953,
        "recall": 0.4801282051282051,
        "f1-score": 0.4208955223880597,
        "support": 97.0
    },
    "weighted avg": {
        "precision": 0.4666834297208951,
        "recall": 0.5051546391752577,
        "f1-score": 0.43683643637482683,
        "support": 97.0
    }
}