{
    "DOWN": {
        "precision": 0.6171284634760705,
        "recall": 0.9722222222222222,
        "f1-score": 0.7550077041602465,
        "support": 252.0
    },
    "UP": {
        "precision": 0.5333333333333333,
        "recall": 0.05,
        "f1-score": 0.09142857142857143,
        "support": 160.0
    },
    "accuracy": 0.6140776699029126,
    "macro avg": {
        "precision": 0.5752308984047019,
        "recall": 0.5111111111111111,
        "f1-score": 0.423218137794409,
        "support": 412.0
    },
    "weighted avg": {
        "precision": 0.5845866653623862,
        "recall": 0.6140776699029126,
        "f1-score": 0.4973070700896931,
        "support": 412.0
    }
}