{
    "R2": 0.81397923307168,
    "RMSE": 4.309101491530827,
    "MSE": 18.5683556643132,
    "MAPE": 0.014905365144445374,
    "ACMAPE": 0.7867500253386203
}