{
    "R2": 0.8499257684221604,
    "RMSE": 0.9412155821961585,
    "MSE": 0.8858867721688537,
    "MAPE": 0.02964202441976324,
    "ACMAPE": 1.7417632365409754
}