{
    "R2": 0.6329941910577828,
    "RMSE": 89.32651431755201,
    "MSE": 7979.226160123825,
    "MAPE": 0.011475952522131207,
    "ACMAPE": 1.3824436944576153
}