{
    "DOWN": {
        "precision": 0.8771929824561403,
        "recall": 0.051692943913155855,
        "f1-score": 0.09763241396143521,
        "support": 3869.0
    },
    "UP": {
        "precision": 0.12891737891737892,
        "recall": 0.9509632224168126,
        "f1-score": 0.2270541501149906,
        "support": 571.0
    },
    "accuracy": 0.16734234234234235,
    "macro avg": {
        "precision": 0.5030551806867596,
        "recall": 0.5013280831649842,
        "f1-score": 0.1623432820382129,
        "support": 4440.0
    },
    "weighted avg": {
        "precision": 0.7809620433523943,
        "recall": 0.16734234234234235,
        "f1-score": 0.11427651561541724,
        "support": 4440.0
    }
}