{
    "R2": 0.9040528990989092,
    "RMSE": 265.12933686824806,
    "MSE": 70293.56526819695,
    "MAPE": 0.044866129583721805,
    "ACMAPE": 1.9367580214756137
}