{
    "DOWN": {
        "precision": 0.7065217391304348,
        "recall": 0.6052141527001862,
        "f1-score": 0.6519558676028084,
        "support": 537.0
    },
    "UP": {
        "precision": 0.47911547911547914,
        "recall": 0.5909090909090909,
        "f1-score": 0.5291723202170964,
        "support": 330.0
    },
    "accuracy": 0.5997693194925029,
    "macro avg": {
        "precision": 0.592818609122957,
        "recall": 0.5980616218046386,
        "f1-score": 0.5905640939099523,
        "support": 867.0
    },
    "weighted avg": {
        "precision": 0.6199657232077873,
        "recall": 0.5997693194925029,
        "f1-score": 0.6052216454144751,
        "support": 867.0
    }
}