{
    "R2": 0.9825338049920436,
    "RMSE": 12.486910416888863,
    "MSE": 155.92293175940762,
    "MAPE": 0.028686710515181874,
    "ACMAPE": 0.6284505830063271
}