{
    "DOWN": {
        "precision": 0.6792058516196448,
        "recall": 0.9954058192955589,
        "f1-score": 0.8074534161490684,
        "support": 653.0
    },
    "UP": {
        "precision": 0.7,
        "recall": 0.022292993630573247,
        "f1-score": 0.043209876543209874,
        "support": 314.0
    },
    "accuracy": 0.6794208893485005,
    "macro avg": {
        "precision": 0.6896029258098224,
        "recall": 0.5088494064630661,
        "f1-score": 0.4253316463461391,
        "support": 967.0
    },
    "weighted avg": {
        "precision": 0.6859580363057166,
        "recall": 0.6794208893485005,
        "f1-score": 0.5592916049430295,
        "support": 967.0
    }
}