{
    "DOWN": {
        "precision": 0.6675324675324675,
        "recall": 0.8986013986013986,
        "f1-score": 0.7660208643815202,
        "support": 572.0
    },
    "UP": {
        "precision": 0.275,
        "recall": 0.07913669064748201,
        "f1-score": 0.12290502793296088,
        "support": 278.0
    },
    "accuracy": 0.6305882352941177,
    "macro avg": {
        "precision": 0.4712662337662338,
        "recall": 0.4888690446244403,
        "f1-score": 0.4444629461572405,
        "support": 850.0
    },
    "weighted avg": {
        "precision": 0.5391512605042017,
        "recall": 0.6305882352941177,
        "f1-score": 0.5556841555195209,
        "support": 850.0
    }
}