{
    "R2": 0.9836719635175715,
    "RMSE": 13.546903748332255,
    "MSE": 183.51860116657852,
    "MAPE": 0.033274996601083025,
    "ACMAPE": 0.7720985260128477
}