{
    "DOWN": {
        "precision": 0.6388888888888888,
        "recall": 0.4986449864498645,
        "f1-score": 0.5601217656012175,
        "support": 369.0
    },
    "UP": {
        "precision": 0.39144736842105265,
        "recall": 0.5336322869955157,
        "f1-score": 0.4516129032258065,
        "support": 223.0
    },
    "accuracy": 0.5118243243243243,
    "macro avg": {
        "precision": 0.5151681286549707,
        "recall": 0.5161386367226901,
        "f1-score": 0.5058673344135121,
        "support": 592.0
    },
    "weighted avg": {
        "precision": 0.5456803431721194,
        "recall": 0.5118243243243243,
        "f1-score": 0.5192476502131826,
        "support": 592.0
    }
}