{
    "R2": 0.9029986040225239,
    "RMSE": 1.8730979606831855,
    "MSE": 3.508495970315508,
    "MAPE": 0.010501826342733727,
    "ACMAPE": 1.9773755323468745
}