{
    "DOWN": {
        "precision": 0.8093112244897959,
        "recall": 0.3511344770337576,
        "f1-score": 0.48977228869162487,
        "support": 3614.0
    },
    "UP": {
        "precision": 0.14634146341463414,
        "recall": 0.5734664764621968,
        "f1-score": 0.23317865429234338,
        "support": 701.0
    },
    "accuracy": 0.3872537659327926,
    "macro avg": {
        "precision": 0.477826343952215,
        "recall": 0.46230047674797725,
        "f1-score": 0.3614754714919841,
        "support": 4315.0
    },
    "weighted avg": {
        "precision": 0.7016074463869713,
        "recall": 0.3872537659327926,
        "f1-score": 0.44808697288307414,
        "support": 4315.0
    }
}