{
    "R2": 0.9882560563072131,
    "RMSE": 10.440139946913025,
    "MSE": 108.9965221111291,
    "MAPE": 0.04350350228227746,
    "ACMAPE": 1.2689959704166922
}