{
    "DOWN": {
        "precision": 0.5384615384615384,
        "recall": 0.8218623481781376,
        "f1-score": 0.6506410256410257,
        "support": 247.0
    },
    "UP": {
        "precision": 0.4634146341463415,
        "recall": 0.1792452830188679,
        "f1-score": 0.2585034013605442,
        "support": 212.0
    },
    "accuracy": 0.5250544662309368,
    "macro avg": {
        "precision": 0.50093808630394,
        "recall": 0.5005538155985028,
        "f1-score": 0.4545722135007849,
        "support": 459.0
    },
    "weighted avg": {
        "precision": 0.5037993517190074,
        "recall": 0.5250544662309368,
        "f1-score": 0.46952299438293843,
        "support": 459.0
    }
}