{
    "R2": 0.9897657234569771,
    "RMSE": 30.34639430053655,
    "MSE": 920.9036470436371,
    "MAPE": 0.01923411632127887,
    "ACMAPE": 0.9691251838594054
}