{
    "R2": 0.9459653247601858,
    "RMSE": 36.23404234511584,
    "MSE": 1312.905824667648,
    "MAPE": 0.04848236041707607,
    "ACMAPE": 0.585355516759259
}