{
    "R2": 0.9752422914493332,
    "RMSE": 23.09435329473948,
    "MSE": 533.3491541022444,
    "MAPE": 0.014502371422239388,
    "ACMAPE": 0.9947003912242196
}