{
    "DOWN": {
        "precision": 0.8716452742123687,
        "recall": 0.7830188679245284,
        "f1-score": 0.8249585864163446,
        "support": 1908.0
    },
    "UP": {
        "precision": 0.315702479338843,
        "recall": 0.46472019464720193,
        "f1-score": 0.375984251968504,
        "support": 411.0
    },
    "accuracy": 0.7266062958171625,
    "macro avg": {
        "precision": 0.5936738767756058,
        "recall": 0.6238695312858651,
        "f1-score": 0.6004714191924243,
        "support": 2319.0
    },
    "weighted avg": {
        "precision": 0.7731146624430633,
        "recall": 0.7266062958171625,
        "f1-score": 0.7453861623292111,
        "support": 2319.0
    }
}