{
    "DOWN": {
        "precision": 0.7687400318979266,
        "recall": 0.5724465558194775,
        "f1-score": 0.6562287270251872,
        "support": 842.0
    },
    "UP": {
        "precision": 0.14285714285714285,
        "recall": 0.2926829268292683,
        "f1-score": 0.192,
        "support": 205.0
    },
    "accuracy": 0.5176695319961796,
    "macro avg": {
        "precision": 0.45579858737753476,
        "recall": 0.43256474132437284,
        "f1-score": 0.4241143635125936,
        "support": 1047.0
    },
    "weighted avg": {
        "precision": 0.6461937164696929,
        "recall": 0.5176695319961796,
        "f1-score": 0.5653338950861582,
        "support": 1047.0
    }
}