{
    "R2": 0.9745486258000038,
    "RMSE": 5.615421336558603,
    "MSE": 31.532956787077605,
    "MAPE": 0.05128804871782448,
    "ACMAPE": 1.6818489771510934
}