{
    "R2": 0.983828637355062,
    "RMSE": 217.28462349701817,
    "MSE": 47212.60760824094,
    "MAPE": 0.03322126526908559,
    "ACMAPE": 1.8791719694944375
}