{
    "DOWN": {
        "precision": 0.9647058823529412,
        "recall": 0.5040983606557377,
        "f1-score": 0.6621803499327051,
        "support": 488.0
    },
    "UP": {
        "precision": 0.2268370607028754,
        "recall": 0.8875,
        "f1-score": 0.361323155216285,
        "support": 80.0
    },
    "accuracy": 0.5580985915492958,
    "macro avg": {
        "precision": 0.5957714715279083,
        "recall": 0.6957991803278688,
        "f1-score": 0.511751752574495,
        "support": 568.0
    },
    "weighted avg": {
        "precision": 0.8607806962050447,
        "recall": 0.5580985915492958,
        "f1-score": 0.6198060971557446,
        "support": 568.0
    }
}