{
    "R2": 0.7731674349722559,
    "RMSE": 13.821776393911923,
    "MSE": 191.0415026833009,
    "MAPE": 0.02745689042039832,
    "ACMAPE": 0.8318524948160028
}