{
    "R2": 0.8495372586361203,
    "RMSE": 8.391080286375304,
    "MSE": 70.41022837239628,
    "MAPE": 0.009226396067667697,
    "ACMAPE": 0.9776474486992466
}