{
    "R2": 0.9975948786843516,
    "RMSE": 13.038154685425162,
    "MSE": 169.99347760107412,
    "MAPE": 0.015581585624677569,
    "ACMAPE": 0.9618554157806568
}