{
    "R2": -0.923494722294929,
    "RMSE": 1.5816099604111644,
    "MSE": 2.5014900668718054,
    "MAPE": 0.025882054876370075,
    "ACMAPE": 0.044400573394888676
}