{
    "DOWN": {
        "precision": 0.673469387755102,
        "recall": 0.4125,
        "f1-score": 0.5116279069767442,
        "support": 160.0
    },
    "UP": {
        "precision": 0.3935483870967742,
        "recall": 0.6559139784946236,
        "f1-score": 0.4919354838709678,
        "support": 93.0
    },
    "accuracy": 0.5019762845849802,
    "macro avg": {
        "precision": 0.5335088874259382,
        "recall": 0.5342069892473118,
        "f1-score": 0.501781695423856,
        "support": 253.0
    },
    "weighted avg": {
        "precision": 0.5705735258530289,
        "recall": 0.5019762845849802,
        "f1-score": 0.5043891901829213,
        "support": 253.0
    }
}