{
    "R2": 0.979116029737017,
    "RMSE": 38.60872542967783,
    "MSE": 1490.6336793042515,
    "MAPE": 0.14914963994663735,
    "ACMAPE": 1.8278397206300736
}