{
    "R2": 0.7380257296894585,
    "RMSE": 228.11873770519503,
    "MSE": 52038.158492211565,
    "MAPE": 0.1324535208333971,
    "ACMAPE": 0.6813614030746128
}