{
    "R2": 0.9980942141377748,
    "RMSE": 231.1622759302296,
    "MSE": 53435.99781324361,
    "MAPE": 0.027940353616158445,
    "ACMAPE": 0.9292430694474678
}