{
    "DOWN": {
        "precision": 0.6346153846153846,
        "recall": 0.3333333333333333,
        "f1-score": 0.4370860927152318,
        "support": 99.0
    },
    "UP": {
        "precision": 0.40540540540540543,
        "recall": 0.703125,
        "f1-score": 0.5142857142857143,
        "support": 64.0
    },
    "accuracy": 0.4785276073619632,
    "macro avg": {
        "precision": 0.520010395010395,
        "recall": 0.5182291666666666,
        "f1-score": 0.4756859035004731,
        "support": 163.0
    },
    "weighted avg": {
        "precision": 0.5446188283611596,
        "recall": 0.4785276073619632,
        "f1-score": 0.4673976005711268,
        "support": 163.0
    }
}