{
    "DOWN": {
        "precision": 0.0,
        "recall": 0.0,
        "f1-score": 0.0,
        "support": 94.0
    },
    "UP": {
        "precision": 0.29850746268656714,
        "recall": 0.9523809523809523,
        "f1-score": 0.45454545454545453,
        "support": 42.0
    },
    "accuracy": 0.29411764705882354,
    "macro avg": {
        "precision": 0.14925373134328357,
        "recall": 0.47619047619047616,
        "f1-score": 0.22727272727272727,
        "support": 136.0
    },
    "weighted avg": {
        "precision": 0.09218612818261632,
        "recall": 0.29411764705882354,
        "f1-score": 0.14037433155080214,
        "support": 136.0
    }
}