{
    "R2": 0.9058847543837869,
    "RMSE": 207.4109277047719,
    "MSE": 43019.29293135412,
    "MAPE": 0.04132876159371968,
    "ACMAPE": 1.2390031801983707
}