{
    "R2": 0.9958101768880501,
    "RMSE": 147.76676767467967,
    "MSE": 21835.017629022757,
    "MAPE": 0.23357348069748562,
    "ACMAPE": 1.418435198310295
}