{
    "R2": 0.9689702264444584,
    "RMSE": 26.192930859071055,
    "MSE": 686.0696269880767,
    "MAPE": 0.027722156422802246,
    "ACMAPE": 0.7480495779780547
}