{
    "R2": 0.9711681023402366,
    "RMSE": 40.08455729917206,
    "MSE": 1606.771733870608,
    "MAPE": 0.036243358525134224,
    "ACMAPE": 0.7759226488697266
}