{
    "DOWN": {
        "precision": 0.9230769230769231,
        "recall": 0.012569832402234637,
        "f1-score": 0.024801929038925252,
        "support": 2864.0
    },
    "UP": {
        "precision": 0.09475032010243278,
        "recall": 0.9899665551839465,
        "f1-score": 0.172947706690038,
        "support": 299.0
    },
    "accuracy": 0.10496364211191907,
    "macro avg": {
        "precision": 0.5089136215896779,
        "recall": 0.5012681937930905,
        "f1-score": 0.09887481786448163,
        "support": 3163.0
    },
    "weighted avg": {
        "precision": 0.8447747876708616,
        "recall": 0.10496364211191907,
        "f1-score": 0.03880622480803139,
        "support": 3163.0
    }
}