{
    "DOWN": {
        "precision": 0.9878603945371776,
        "recall": 0.30069284064665125,
        "f1-score": 0.4610481586402267,
        "support": 4330.0
    },
    "UP": {
        "precision": 0.03505417463352454,
        "recall": 0.873015873015873,
        "f1-score": 0.06740196078431372,
        "support": 126.0
    },
    "accuracy": 0.31687612208258525,
    "macro avg": {
        "precision": 0.511457284585351,
        "recall": 0.5868543568312621,
        "f1-score": 0.2642250597122702,
        "support": 4456.0
    },
    "weighted avg": {
        "precision": 0.96091838742141,
        "recall": 0.31687612208258525,
        "f1-score": 0.4499172293471735,
        "support": 4456.0
    }
}