{
    "R2": 0.972291130797063,
    "RMSE": 6.134884419742193,
    "MSE": 37.6368068435955,
    "MAPE": 0.011996986787614667,
    "ACMAPE": 1.378244742622444
}