{
    "R2": 0.961951627004238,
    "RMSE": 3.437219342237406,
    "MSE": 11.814476806650948,
    "MAPE": 0.030858935522497657,
    "ACMAPE": 0.528231965294827
}