{
    "DOWN": {
        "precision": 0.76,
        "recall": 0.9766355140186916,
        "f1-score": 0.8548057259713701,
        "support": 856.0
    },
    "UP": {
        "precision": 0.5238095238095238,
        "recall": 0.07692307692307693,
        "f1-score": 0.13414634146341461,
        "support": 286.0
    },
    "accuracy": 0.7513134851138353,
    "macro avg": {
        "precision": 0.641904761904762,
        "recall": 0.5267792954708843,
        "f1-score": 0.49447603371739235,
        "support": 1142.0
    },
    "weighted avg": {
        "precision": 0.7008489700608791,
        "recall": 0.7513134851138353,
        "f1-score": 0.6743253547198155,
        "support": 1142.0
    }
}