{
    "DOWN": {
        "precision": 0.5950864422202001,
        "recall": 0.989409984871407,
        "f1-score": 0.7431818181818182,
        "support": 661.0
    },
    "UP": {
        "precision": 0.5882352941176471,
        "recall": 0.02197802197802198,
        "f1-score": 0.0423728813559322,
        "support": 455.0
    },
    "accuracy": 0.5949820788530465,
    "macro avg": {
        "precision": 0.5916608681689236,
        "recall": 0.5056940034247145,
        "f1-score": 0.3927773497688752,
        "support": 1116.0
    },
    "weighted avg": {
        "precision": 0.5922931873934424,
        "recall": 0.5949820788530465,
        "f1-score": 0.4574577444759238,
        "support": 1116.0
    }
}