{
    "R2": 0.06347963602666917,
    "RMSE": 2369.785110025336,
    "MSE": 5615881.467697795,
    "MAPE": 0.2831968156648748,
    "ACMAPE": 1.0932326579587817
}