{
    "R2": 0.15159500620753363,
    "RMSE": 19.06468541340117,
    "MSE": 363.4622299119513,
    "MAPE": 0.0280692068637077,
    "ACMAPE": 1.5498083372984903
}