{
    "R2": 0.9377728840701384,
    "RMSE": 145.06141949896048,
    "MSE": 21042.815427053392,
    "MAPE": 0.03661966118109041,
    "ACMAPE": 1.1654406218797806
}