{
    "R2": 0.9889400378712631,
    "RMSE": 102.95930860985946,
    "MSE": 10600.619229420281,
    "MAPE": 0.06628805963331547,
    "ACMAPE": 1.2464266277626457
}