{
    "R2": 0.987918900771398,
    "RMSE": 9.34810272066741,
    "MSE": 87.38702447614942,
    "MAPE": 0.11306692990377715,
    "ACMAPE": 1.4789346746337801
}