{
    "R2": 0.9591972116457367,
    "RMSE": 61.08869297624232,
    "MSE": 3731.828409545598,
    "MAPE": 0.05502162508117535,
    "ACMAPE": 1.346923696644264
}