{
    "DOWN": {
        "precision": 1.0,
        "recall": 0.005980066445182724,
        "f1-score": 0.011889035667107,
        "support": 1505.0
    },
    "UP": {
        "precision": 0.2923368022705771,
        "recall": 1.0,
        "f1-score": 0.45241581259150804,
        "support": 618.0
    },
    "accuracy": 0.29533678756476683,
    "macro avg": {
        "precision": 0.6461684011352886,
        "recall": 0.5029900332225914,
        "f1-score": 0.23215242412930753,
        "support": 2123.0
    },
    "weighted avg": {
        "precision": 0.7940010097989716,
        "recall": 0.29533678756476683,
        "f1-score": 0.14012528066912294,
        "support": 2123.0
    }
}