{
    "R2": 0.996473523773406,
    "RMSE": 11.61817265118734,
    "MSE": 134.98193575279745,
    "MAPE": 0.049711985202738125,
    "ACMAPE": 0.8363584191936335
}