{
    "R2": 0.7979769568620917,
    "RMSE": 52.11969831102365,
    "MSE": 2716.462952032121,
    "MAPE": 0.042979202747861545,
    "ACMAPE": 1.2751773451627222
}