{
    "R2": 0.9830812653754986,
    "RMSE": 24.578756867951583,
    "MSE": 604.1152891738772,
    "MAPE": 0.0736182486393354,
    "ACMAPE": 1.0306494986393353
}