{
    "DOWN": {
        "precision": 0.7571574642126789,
        "recall": 0.9820954907161804,
        "f1-score": 0.855080831408776,
        "support": 1508.0
    },
    "UP": {
        "precision": 0.425531914893617,
        "recall": 0.04040404040404041,
        "f1-score": 0.07380073800738009,
        "support": 495.0
    },
    "accuracy": 0.7493759360958562,
    "macro avg": {
        "precision": 0.591344689553148,
        "recall": 0.5112497655601104,
        "f1-score": 0.46444078470807804,
        "support": 2003.0
    },
    "weighted avg": {
        "precision": 0.6752030723440141,
        "recall": 0.7493759360958562,
        "f1-score": 0.6620036241028894,
        "support": 2003.0
    }
}