{
    "DOWN": {
        "precision": 0.748489594987693,
        "recall": 0.9976140769460184,
        "f1-score": 0.8552799795448733,
        "support": 3353.0
    },
    "UP": {
        "precision": 0.42857142857142855,
        "recall": 0.005309734513274336,
        "f1-score": 0.01048951048951049,
        "support": 1130.0
    },
    "accuracy": 0.7474905197412447,
    "macro avg": {
        "precision": 0.5885305117795607,
        "recall": 0.5014619057296464,
        "f1-score": 0.43288474501719193,
        "support": 4483.0
    },
    "weighted avg": {
        "precision": 0.667849950095795,
        "recall": 0.7474905197412447,
        "f1-score": 0.6423392634992432,
        "support": 4483.0
    }
}