{
    "DOWN": {
        "precision": 0.6696428571428571,
        "recall": 0.9986684420772304,
        "f1-score": 0.8017103153393907,
        "support": 751.0
    },
    "UP": {
        "precision": 0.0,
        "recall": 0.0,
        "f1-score": 0.0,
        "support": 370.0
    },
    "accuracy": 0.6690454950936664,
    "macro avg": {
        "precision": 0.33482142857142855,
        "recall": 0.4993342210386152,
        "f1-score": 0.40085515766969537,
        "support": 1121.0
    },
    "weighted avg": {
        "precision": 0.44861889894227086,
        "recall": 0.6690454950936664,
        "f1-score": 0.5370958490810727,
        "support": 1121.0
    }
}