{
    "R2": 0.9835772624594618,
    "RMSE": 13.248490731642443,
    "MSE": 175.5225066664157,
    "MAPE": 0.030146714964607562,
    "ACMAPE": 0.9497608628745753
}