{
    "R2": 0.9301585685399585,
    "RMSE": 12.311578009146823,
    "MSE": 151.57495307530766,
    "MAPE": 0.04856274419896595,
    "ACMAPE": 0.8530740223944546
}