{
    "R2": 0.9734936395504269,
    "RMSE": 7.430694586289031,
    "MSE": 55.21522203470511,
    "MAPE": 0.015222714881029116,
    "ACMAPE": 0.5276815771283259
}