{
    "R2": 0.8562857426151668,
    "RMSE": 8.63544641172801,
    "MSE": 74.57093472982616,
    "MAPE": 0.02390776241573968,
    "ACMAPE": 0.8239077624157397
}