{
    "DOWN": {
        "precision": 0.6613756613756614,
        "recall": 0.9858044164037855,
        "f1-score": 0.7916402786573781,
        "support": 634.0
    },
    "UP": {
        "precision": 0.4375,
        "recall": 0.021406727828746176,
        "f1-score": 0.04081632653061224,
        "support": 327.0
    },
    "accuracy": 0.6576482830385015,
    "macro avg": {
        "precision": 0.5494378306878307,
        "recall": 0.5036055721162658,
        "f1-score": 0.4162283025939952,
        "support": 961.0
    },
    "weighted avg": {
        "precision": 0.5851973666099577,
        "recall": 0.6576482830385015,
        "f1-score": 0.5361569983811528,
        "support": 961.0
    }
}