{
    "R2": 0.9873165328190544,
    "RMSE": 6.04386240133058,
    "MSE": 36.52827272621745,
    "MAPE": 0.0128279237925985,
    "ACMAPE": 0.8591742701389448
}