{
    "R2": 0.9959493234465708,
    "RMSE": 46.76481486412986,
    "MSE": 2186.9479092763413,
    "MAPE": 0.035337219458646506,
    "ACMAPE": 1.0832863817925575
}