{
    "R2": 0.9586109047177807,
    "RMSE": 99.71237325913147,
    "MSE": 9942.557380968357,
    "MAPE": 0.045443646768289866,
    "ACMAPE": 1.1037769801016233
}