{
    "DOWN": {
        "precision": 0.7784090909090909,
        "recall": 0.20478325859491778,
        "f1-score": 0.32426035502958583,
        "support": 669.0
    },
    "UP": {
        "precision": 0.3205619412515964,
        "recall": 0.8655172413793103,
        "f1-score": 0.4678471575023299,
        "support": 290.0
    },
    "accuracy": 0.4045881126173097,
    "macro avg": {
        "precision": 0.5494855160803437,
        "recall": 0.535150249987114,
        "f1-score": 0.39605375626595785,
        "support": 959.0
    },
    "weighted avg": {
        "precision": 0.6399568767269498,
        "recall": 0.4045881126173097,
        "f1-score": 0.3676807645364636,
        "support": 959.0
    }
}