{
    "DOWN": {
        "precision": 0.7083194119612429,
        "recall": 0.916955017301038,
        "f1-score": 0.7992459943449575,
        "support": 2312.0
    },
    "UP": {
        "precision": 0.30685920577617326,
        "recall": 0.08872651356993737,
        "f1-score": 0.13765182186234817,
        "support": 958.0
    },
    "accuracy": 0.6743119266055045,
    "macro avg": {
        "precision": 0.5075893088687081,
        "recall": 0.5028407654354877,
        "f1-score": 0.4684489081036528,
        "support": 3270.0
    },
    "weighted avg": {
        "precision": 0.5907050763265956,
        "recall": 0.6743119266055045,
        "f1-score": 0.6054211572690127,
        "support": 3270.0
    }
}