{
    "R2": 0.9983842002370688,
    "RMSE": 14.286831708098585,
    "MSE": 204.11356025553113,
    "MAPE": 0.028932163203758843,
    "ACMAPE": 0.6803083099927497
}