{
    "R2": 0.898828004692957,
    "RMSE": 16.92523844531818,
    "MSE": 286.46369643087655,
    "MAPE": 0.009377815444141652,
    "ACMAPE": 0.7308968027859138
}