{
    "DOWN": {
        "precision": 1.0,
        "recall": 0.020242914979757085,
        "f1-score": 0.03968253968253968,
        "support": 247.0
    },
    "UP": {
        "precision": 0.41545893719806765,
        "recall": 1.0,
        "f1-score": 0.5870307167235495,
        "support": 172.0
    },
    "accuracy": 0.4224343675417661,
    "macro avg": {
        "precision": 0.7077294685990339,
        "recall": 0.5101214574898786,
        "f1-score": 0.31335662820304455,
        "support": 419.0
    },
    "weighted avg": {
        "precision": 0.7600451961767725,
        "recall": 0.4224343675417661,
        "f1-score": 0.26436961951799004,
        "support": 419.0
    }
}