{
    "DOWN": {
        "precision": 0.6317103620474407,
        "recall": 0.933579335793358,
        "f1-score": 0.753536857781087,
        "support": 542.0
    },
    "UP": {
        "precision": 0.4375,
        "recall": 0.08668730650154799,
        "f1-score": 0.14470284237726097,
        "support": 323.0
    },
    "accuracy": 0.6173410404624278,
    "macro avg": {
        "precision": 0.5346051810237203,
        "recall": 0.510133321147453,
        "f1-score": 0.449119850079174,
        "support": 865.0
    },
    "weighted avg": {
        "precision": 0.5591901921730784,
        "recall": 0.6173410404624278,
        "f1-score": 0.5261919017401208,
        "support": 865.0
    }
}