{
    "R2": 0.919065053578964,
    "RMSE": 1037.3689916180213,
    "MSE": 1076134.4247705902,
    "MAPE": 0.1205438253880658,
    "ACMAPE": 0.7789068147119091
}