{
    "DOWN": {
        "precision": 0.8799322198015008,
        "recall": 0.9320512820512821,
        "f1-score": 0.905242186527207,
        "support": 3900.0
    },
    "UP": {
        "precision": 0.273972602739726,
        "recall": 0.16778523489932887,
        "f1-score": 0.2081165452653486,
        "support": 596.0
    },
    "accuracy": 0.8307384341637011,
    "macro avg": {
        "precision": 0.5769524112706135,
        "recall": 0.5499182584753055,
        "f1-score": 0.5566793658962778,
        "support": 4496.0
    },
    "weighted avg": {
        "precision": 0.7996048328422442,
        "recall": 0.8307384341637011,
        "f1-score": 0.8128296237620674,
        "support": 4496.0
    }
}