{
    "R2": 0.9705998200365575,
    "RMSE": 3.0108058626750256,
    "MSE": 9.064951942718304,
    "MAPE": 0.018952545466260403,
    "ACMAPE": 0.5739525454662603
}