{
    "R2": -0.10113763490666239,
    "RMSE": 1.395693017841505,
    "MSE": 1.9479590000515277,
    "MAPE": 0.016390890461973184,
    "ACMAPE": 0.5963908904619732
}