{
    "R2": 0.9775225277790651,
    "RMSE": 18.373226027303907,
    "MSE": 337.5754346503977,
    "MAPE": 0.04746588020296808,
    "ACMAPE": 1.0488421532555416
}