{
    "DOWN": {
        "precision": 0.6049382716049383,
        "recall": 0.2033195020746888,
        "f1-score": 0.30434782608695654,
        "support": 2651.0
    },
    "UP": {
        "precision": 0.23227917121046893,
        "recall": 0.644803229061554,
        "f1-score": 0.34152859433458044,
        "support": 991.0
    },
    "accuracy": 0.3234486545853926,
    "macro avg": {
        "precision": 0.4186087214077036,
        "recall": 0.42406136556812135,
        "f1-score": 0.3229382102107685,
        "support": 3642.0
    },
    "weighted avg": {
        "precision": 0.5035365229803037,
        "recall": 0.3234486545853926,
        "f1-score": 0.31446483359200744,
        "support": 3642.0
    }
}