{
    "R2": -80.46487778078149,
    "RMSE": 221.08765281936212,
    "MSE": 48879.7502291748,
    "MAPE": 2.244893283680467,
    "ACMAPE": 3.4624757012628846
}