{
    "DOWN": {
        "precision": 0.3333333333333333,
        "recall": 0.0011645962732919255,
        "f1-score": 0.002321083172147002,
        "support": 2576.0
    },
    "UP": {
        "precision": 0.4286031534532534,
        "recall": 0.996900826446281,
        "f1-score": 0.5994719676968474,
        "support": 1936.0
    },
    "accuracy": 0.4284131205673759,
    "macro avg": {
        "precision": 0.3809682433932934,
        "recall": 0.49903271135978644,
        "f1-score": 0.3008965254344972,
        "support": 4512.0
    },
    "weighted avg": {
        "precision": 0.37421151856209334,
        "recall": 0.4284131205673759,
        "f1-score": 0.25854539887246175,
        "support": 4512.0
    }
}