{
    "DOWN": {
        "precision": 0.625,
        "recall": 0.2879581151832461,
        "f1-score": 0.39426523297491045,
        "support": 191.0
    },
    "UP": {
        "precision": 0.42857142857142855,
        "recall": 0.7555555555555555,
        "f1-score": 0.5469168900804289,
        "support": 135.0
    },
    "accuracy": 0.4815950920245399,
    "macro avg": {
        "precision": 0.5267857142857143,
        "recall": 0.5217568353694009,
        "f1-score": 0.47059106152766966,
        "support": 326.0
    },
    "weighted avg": {
        "precision": 0.5436568799298861,
        "recall": 0.4815950920245399,
        "f1-score": 0.4574798762548031,
        "support": 326.0
    }
}