{
    "DOWN": {
        "precision": 0.6371681415929203,
        "recall": 0.7058823529411765,
        "f1-score": 0.6697674418604652,
        "support": 306.0
    },
    "UP": {
        "precision": 0.3617021276595745,
        "recall": 0.29310344827586204,
        "f1-score": 0.32380952380952377,
        "support": 174.0
    },
    "accuracy": 0.55625,
    "macro avg": {
        "precision": 0.49943513462624745,
        "recall": 0.49949290060851925,
        "f1-score": 0.4967884828349945,
        "support": 480.0
    },
    "weighted avg": {
        "precision": 0.5373117115420825,
        "recall": 0.55625,
        "f1-score": 0.544357696566999,
        "support": 480.0
    }
}