{
    "R2": 0.9271477585181831,
    "RMSE": 9.742051727128118,
    "MSE": 94.90757185403994,
    "MAPE": 0.031916211947312756,
    "ACMAPE": 0.9194162119473127
}