{
    "DOWN": {
        "precision": 0.659477866061294,
        "recall": 0.6058394160583942,
        "f1-score": 0.6315217391304349,
        "support": 959.0
    },
    "UP": {
        "precision": 0.3782894736842105,
        "recall": 0.4339622641509434,
        "f1-score": 0.40421792618629176,
        "support": 530.0
    },
    "accuracy": 0.544660846205507,
    "macro avg": {
        "precision": 0.5188836698727523,
        "recall": 0.5199008401046687,
        "f1-score": 0.5178698326583633,
        "support": 1489.0
    },
    "weighted avg": {
        "precision": 0.5593906612527955,
        "recall": 0.544660846205507,
        "f1-score": 0.5506144047715391,
        "support": 1489.0
    }
}