{
    "R2": 0.9525765848901051,
    "RMSE": 7.789766870914455,
    "MSE": 60.68046790319639,
    "MAPE": 0.03990520865290054,
    "ACMAPE": 0.9505835162418865
}