{
    "DOWN": {
        "precision": 0.6336633663366337,
        "recall": 0.28193832599118945,
        "f1-score": 0.3902439024390244,
        "support": 227.0
    },
    "UP": {
        "precision": 0.3985239852398524,
        "recall": 0.7448275862068966,
        "f1-score": 0.5192307692307693,
        "support": 145.0
    },
    "accuracy": 0.46236559139784944,
    "macro avg": {
        "precision": 0.5160936757882431,
        "recall": 0.513382956099043,
        "f1-score": 0.45473733583489684,
        "support": 372.0
    },
    "weighted avg": {
        "precision": 0.542009575317727,
        "recall": 0.46236559139784944,
        "f1-score": 0.4405210413766669,
        "support": 372.0
    }
}