{
    "R2": 0.6969092128317442,
    "RMSE": 2.384929651159636,
    "MSE": 5.687889440980423,
    "MAPE": 0.03916801280589252,
    "ACMAPE": 1.8612320697453941
}