{
    "R2": 0.9874495738163488,
    "RMSE": 9.607508163829227,
    "MSE": 92.30421311804524,
    "MAPE": 0.15364237169447773,
    "ACMAPE": 1.8020202342898977
}