{
    "DOWN": {
        "precision": 0.6,
        "recall": 0.0008680555555555555,
        "f1-score": 0.0017336030049118752,
        "support": 3456.0
    },
    "UP": {
        "precision": 0.17530451397181754,
        "recall": 0.9972826086956522,
        "f1-score": 0.2981921592524883,
        "support": 736.0
    },
    "accuracy": 0.17581106870229007,
    "macro avg": {
        "precision": 0.38765225698590877,
        "recall": 0.4990753321256039,
        "f1-score": 0.1499628811287001,
        "support": 4192.0
    },
    "weighted avg": {
        "precision": 0.5254351436744412,
        "recall": 0.17581106870229007,
        "f1-score": 0.05378357852929552,
        "support": 4192.0
    }
}