{
    "R2": 0.9103891228790053,
    "RMSE": 7.398227649824507,
    "MSE": 54.73377235862785,
    "MAPE": 0.03066218349876073,
    "ACMAPE": 0.905833651262821
}