{
    "DOWN": {
        "precision": 0.707740916271722,
        "recall": 0.6054054054054054,
        "f1-score": 0.652585579024035,
        "support": 740.0
    },
    "UP": {
        "precision": 0.34085778781038373,
        "recall": 0.4494047619047619,
        "f1-score": 0.38767650834403083,
        "support": 336.0
    },
    "accuracy": 0.5566914498141264,
    "macro avg": {
        "precision": 0.5242993520410528,
        "recall": 0.5274050836550837,
        "f1-score": 0.520131043684033,
        "support": 1076.0
    },
    "weighted avg": {
        "precision": 0.5931751809901146,
        "recall": 0.5566914498141264,
        "f1-score": 0.5698630439418032,
        "support": 1076.0
    }
}