{
    "R2": 0.9733877616777202,
    "RMSE": 11.384390546932588,
    "MSE": 129.60434812508808,
    "MAPE": 0.05551571325243091,
    "ACMAPE": 1.1590921182686873
}