{
    "R2": 0.929359271798646,
    "RMSE": 4.9741868786864085,
    "MSE": 24.74253510409603,
    "MAPE": 0.018838523660440695,
    "ACMAPE": 0.6749650058738794
}