{
    "DOWN": {
        "precision": 0.6101694915254238,
        "recall": 0.9230769230769231,
        "f1-score": 0.7346938775510206,
        "support": 39.0
    },
    "UP": {
        "precision": 0.25,
        "recall": 0.041666666666666664,
        "f1-score": 0.07142857142857142,
        "support": 24.0
    },
    "accuracy": 0.5873015873015873,
    "macro avg": {
        "precision": 0.4300847457627119,
        "recall": 0.4823717948717949,
        "f1-score": 0.403061224489796,
        "support": 63.0
    },
    "weighted avg": {
        "precision": 0.47296206618240516,
        "recall": 0.5873015873015873,
        "f1-score": 0.4820213799805637,
        "support": 63.0
    }
}