{
    "DOWN": {
        "precision": 0.6428571428571429,
        "recall": 0.9264705882352942,
        "f1-score": 0.7590361445783133,
        "support": 272.0
    },
    "UP": {
        "precision": 0.5454545454545454,
        "recall": 0.14634146341463414,
        "f1-score": 0.23076923076923073,
        "support": 164.0
    },
    "accuracy": 0.6330275229357798,
    "macro avg": {
        "precision": 0.5941558441558441,
        "recall": 0.5364060258249641,
        "f1-score": 0.494902687673772,
        "support": 436.0
    },
    "weighted avg": {
        "precision": 0.6062194686047897,
        "recall": 0.6330275229357798,
        "f1-score": 0.5603302412189336,
        "support": 436.0
    }
}