{
    "R2": 0.9897260075304106,
    "RMSE": 26.18118763210756,
    "MSE": 685.4545858276217,
    "MAPE": 0.03786032024903771,
    "ACMAPE": 0.7718052743774781
}