{
    "R2": 0.9933421537542632,
    "RMSE": 12.841660795054473,
    "MSE": 164.90825197523907,
    "MAPE": 0.03066047421808601,
    "ACMAPE": 1.3377470883913143
}