{
    "R2": 0.7483344142152262,
    "RMSE": 8.229687302482896,
    "MSE": 67.72775309664821,
    "MAPE": 0.03961665504831655,
    "ACMAPE": 0.8906804848355505
}