{
    "R2": 0.9749985739645115,
    "RMSE": 4.38152499108379,
    "MSE": 19.19776124749181,
    "MAPE": 0.019822475198973708,
    "ACMAPE": 1.251326055151241
}