{
    "DOWN": {
        "precision": 0.6119402985074627,
        "recall": 0.04823529411764706,
        "f1-score": 0.08942202835332606,
        "support": 850.0
    },
    "UP": {
        "precision": 0.3454692556634304,
        "recall": 0.9426048565121413,
        "f1-score": 0.5056246299585554,
        "support": 453.0
    },
    "accuracy": 0.3591711435149655,
    "macro avg": {
        "precision": 0.47870477708544656,
        "recall": 0.4954200753148942,
        "f1-score": 0.2975233291559407,
        "support": 1303.0
    },
    "weighted avg": {
        "precision": 0.5192991761679795,
        "recall": 0.3591711435149655,
        "f1-score": 0.23411871179704744,
        "support": 1303.0
    }
}