{
    "DOWN": {
        "precision": 0.6243589743589744,
        "recall": 0.4051580698835274,
        "f1-score": 0.491422805247225,
        "support": 1202.0
    },
    "UP": {
        "precision": 0.4302788844621514,
        "recall": 0.6482593037214885,
        "f1-score": 0.5172413793103448,
        "support": 833.0
    },
    "accuracy": 0.5046683046683047,
    "macro avg": {
        "precision": 0.5273189294105629,
        "recall": 0.5267086868025079,
        "f1-score": 0.5043320922787848,
        "support": 2035.0
    },
    "weighted avg": {
        "precision": 0.5449148884208646,
        "recall": 0.5046683046683047,
        "f1-score": 0.5019912928121286,
        "support": 2035.0
    }
}