{
    "DOWN": {
        "precision": 0.6357427433124644,
        "recall": 0.988495575221239,
        "f1-score": 0.7738136473848285,
        "support": 1130.0
    },
    "UP": {
        "precision": 0.3157894736842105,
        "recall": 0.009287925696594427,
        "f1-score": 0.01804511278195489,
        "support": 646.0
    },
    "accuracy": 0.6323198198198198,
    "macro avg": {
        "precision": 0.47576610849833745,
        "recall": 0.4988917504589167,
        "f1-score": 0.3959293800833917,
        "support": 1776.0
    },
    "weighted avg": {
        "precision": 0.5193633445625477,
        "recall": 0.6323198198198198,
        "f1-score": 0.4989113538299544,
        "support": 1776.0
    }
}