{
    "R2": 0.9905413374094165,
    "RMSE": 24.19606487552016,
    "MSE": 585.4495554603805,
    "MAPE": 0.03163389125229704,
    "ACMAPE": 0.7669942516126576
}