{
    "R2": 0.9852988326928963,
    "RMSE": 14.891760984964499,
    "MSE": 221.76454523331083,
    "MAPE": 0.0650188756281534,
    "ACMAPE": 1.3164540076603002
}