{
    "DOWN": {
        "precision": 0.6879432624113475,
        "recall": 0.2980030721966206,
        "f1-score": 0.41586280814576637,
        "support": 651.0
    },
    "UP": {
        "precision": 0.22410865874363328,
        "recall": 0.6,
        "f1-score": 0.3263288009888752,
        "support": 220.0
    },
    "accuracy": 0.3742824339839265,
    "macro avg": {
        "precision": 0.4560259605774904,
        "recall": 0.4490015360983103,
        "f1-score": 0.3710958045673208,
        "support": 871.0
    },
    "weighted avg": {
        "precision": 0.5707864164792038,
        "recall": 0.3742824339839265,
        "f1-score": 0.39324801873759635,
        "support": 871.0
    }
}