{
    "R2": 0.9266235251764353,
    "RMSE": 45.40010192525447,
    "MSE": 2061.1692548234946,
    "MAPE": 0.05359877152822694,
    "ACMAPE": 0.8671122850417403
}