{
    "DOWN": {
        "precision": 0.7328918322295805,
        "recall": 0.6484375,
        "f1-score": 0.6880829015544041,
        "support": 512.0
    },
    "UP": {
        "precision": 0.37282229965156793,
        "recall": 0.4692982456140351,
        "f1-score": 0.4155339805825242,
        "support": 228.0
    },
    "accuracy": 0.5932432432432433,
    "macro avg": {
        "precision": 0.5528570659405743,
        "recall": 0.5588678728070176,
        "f1-score": 0.5518084410684642,
        "support": 740.0
    },
    "weighted avg": {
        "precision": 0.6219514897595984,
        "recall": 0.5932432432432433,
        "f1-score": 0.604108369146852,
        "support": 740.0
    }
}