{
    "DOWN": {
        "precision": 0.4444444444444444,
        "recall": 0.02576489533011272,
        "f1-score": 0.0487062404870624,
        "support": 621.0
    },
    "UP": {
        "precision": 0.21428571428571427,
        "recall": 0.8918918918918919,
        "f1-score": 0.34554973821989526,
        "support": 185.0
    },
    "accuracy": 0.22456575682382135,
    "macro avg": {
        "precision": 0.32936507936507936,
        "recall": 0.4588283936110023,
        "f1-score": 0.19712798935347883,
        "support": 806.0
    },
    "weighted avg": {
        "precision": 0.39161644806806095,
        "recall": 0.22456575682382135,
        "f1-score": 0.11684029393690616,
        "support": 806.0
    }
}