{
    "DOWN": {
        "precision": 0.8571428571428571,
        "recall": 0.030780505679736166,
        "f1-score": 0.059426954368588615,
        "support": 2729.0
    },
    "UP": {
        "precision": 0.15468200703100032,
        "recall": 0.9718875502008032,
        "f1-score": 0.26688723462917013,
        "support": 498.0
    },
    "accuracy": 0.17601487449643632,
    "macro avg": {
        "precision": 0.5059124320869287,
        "recall": 0.5013340279402697,
        "f1-score": 0.16315709449887938,
        "support": 3227.0
    },
    "weighted avg": {
        "precision": 0.7487370612470701,
        "recall": 0.17601487449643632,
        "f1-score": 0.09144282656250544,
        "support": 3227.0
    }
}