{
    "R2": 0.8851383727345568,
    "RMSE": 5.723174120737637,
    "MSE": 32.75472201628102,
    "MAPE": 0.0864642047344824,
    "ACMAPE": 1.7114642047344824
}