{
    "R2": 0.9955637319673812,
    "RMSE": 9.331776474898096,
    "MSE": 87.08205217746153,
    "MAPE": 0.021720788084366453,
    "ACMAPE": 0.9784825176151853
}