{
    "DOWN": {
        "precision": 0.6412121212121212,
        "recall": 0.9814471243042672,
        "f1-score": 0.7756598240469208,
        "support": 539.0
    },
    "UP": {
        "precision": 0.5,
        "recall": 0.032679738562091505,
        "f1-score": 0.06134969325153375,
        "support": 306.0
    },
    "accuracy": 0.6378698224852071,
    "macro avg": {
        "precision": 0.5706060606060606,
        "recall": 0.5070634314331793,
        "f1-score": 0.41850475864922726,
        "support": 845.0
    },
    "weighted avg": {
        "precision": 0.5900749506903353,
        "recall": 0.6378698224852071,
        "f1-score": 0.5169865695813723,
        "support": 845.0
    }
}