{
    "DOWN": {
        "precision": 0.5522518583296896,
        "recall": 0.4935521688159437,
        "f1-score": 0.5212546430045398,
        "support": 2559.0
    },
    "UP": {
        "precision": 0.3840304182509506,
        "recall": 0.4410480349344978,
        "f1-score": 0.41056910569105687,
        "support": 1832.0
    },
    "accuracy": 0.4716465497608745,
    "macro avg": {
        "precision": 0.4681411382903201,
        "recall": 0.46730010187522075,
        "f1-score": 0.46591187434779835,
        "support": 4391.0
    },
    "weighted avg": {
        "precision": 0.4820670079028506,
        "recall": 0.4716465497608745,
        "f1-score": 0.4750747513264937,
        "support": 4391.0
    }
}