{
    "DOWN": {
        "precision": 0.5277983691623425,
        "recall": 0.279874213836478,
        "f1-score": 0.36578474184433596,
        "support": 2544.0
    },
    "UP": {
        "precision": 0.3937789543348776,
        "recall": 0.6513409961685823,
        "f1-score": 0.49082285007217985,
        "support": 1827.0
    },
    "accuracy": 0.4351407000686342,
    "macro avg": {
        "precision": 0.46078866174861,
        "recall": 0.4656076050025302,
        "f1-score": 0.4283037959582579,
        "support": 4371.0
    },
    "weighted avg": {
        "precision": 0.47178064532574254,
        "recall": 0.4351407000686342,
        "f1-score": 0.41804843979269346,
        "support": 4371.0
    }
}