{
    "DOWN": {
        "precision": 0.5695611577964519,
        "recall": 0.9728867623604466,
        "f1-score": 0.7184923439340402,
        "support": 627.0
    },
    "UP": {
        "precision": 0.37037037037037035,
        "recall": 0.021231422505307854,
        "f1-score": 0.04016064257028112,
        "support": 471.0
    },
    "accuracy": 0.5646630236794171,
    "macro avg": {
        "precision": 0.4699657640834111,
        "recall": 0.4970590924328772,
        "f1-score": 0.3793264932521606,
        "support": 1098.0
    },
    "weighted avg": {
        "precision": 0.48411592931040054,
        "recall": 0.5646630236794171,
        "f1-score": 0.4275139911632474,
        "support": 1098.0
    }
}