{
    "R2": 0.022611642625657735,
    "RMSE": 151.1151893655401,
    "MSE": 22835.800456983045,
    "MAPE": 0.3458795779618648,
    "ACMAPE": 1.4421362624538434
}