{
    "R2": 0.9749687324444196,
    "RMSE": 8.496211081082377,
    "MSE": 72.18560273430697,
    "MAPE": 0.06435949613312783,
    "ACMAPE": 0.5281082432096397
}