{
    "R2": 0.9818583112362519,
    "RMSE": 7.011948230193547,
    "MSE": 49.167417982914415,
    "MAPE": 0.028916943180949475,
    "ACMAPE": 0.8449277067194627
}