{
    "DOWN": {
        "precision": 0.7813333333333333,
        "recall": 0.12772449869224062,
        "f1-score": 0.2195578868490071,
        "support": 2294.0
    },
    "UP": {
        "precision": 0.23421354764638347,
        "recall": 0.8818443804034583,
        "f1-score": 0.3701239794375567,
        "support": 694.0
    },
    "accuracy": 0.30287817938420347,
    "macro avg": {
        "precision": 0.5077734404898584,
        "recall": 0.5047844395478495,
        "f1-score": 0.2948409331432819,
        "support": 2988.0
    },
    "weighted avg": {
        "precision": 0.6542579881972077,
        "recall": 0.30287817938420347,
        "f1-score": 0.2545287262922646,
        "support": 2988.0
    }
}