{
    "R2": 0.9731832990826386,
    "RMSE": 25.030943112162223,
    "MSE": 626.5481130843015,
    "MAPE": 0.059618072267718536,
    "ACMAPE": 1.2334148637115687
}