{
    "R2": 0.9978038798785968,
    "RMSE": 124.34507616780333,
    "MSE": 15461.69796717681,
    "MAPE": 0.09126638652931664,
    "ACMAPE": 1.352430754076663
}