{
    "R2": 0.8636941744657073,
    "RMSE": 239.45920041116588,
    "MSE": 57340.708661554905,
    "MAPE": 0.03124860774941777,
    "ACMAPE": 0.2405944021419412
}