{
    "DOWN": {
        "precision": 0.5,
        "recall": 0.008171603677221655,
        "f1-score": 0.01608040201005025,
        "support": 979.0
    },
    "UP": {
        "precision": 0.07874762808349146,
        "recall": 0.9120879120879121,
        "f1-score": 0.14497816593886464,
        "support": 91.0
    },
    "accuracy": 0.08504672897196262,
    "macro avg": {
        "precision": 0.2893738140417457,
        "recall": 0.4601297578825669,
        "f1-score": 0.08052928397445745,
        "support": 1070.0
    },
    "weighted avg": {
        "precision": 0.46417386369682034,
        "recall": 0.08504672897196262,
        "f1-score": 0.027042735203996145,
        "support": 1070.0
    }
}