{
    "R2": 0.9974281106224112,
    "RMSE": 134.59840606514575,
    "MSE": 18116.730915277865,
    "MAPE": 0.2655524327714277,
    "ACMAPE": 0.5464513091759221
}