{
    "R2": -1.4729820061112404,
    "RMSE": 1738.9623359815157,
    "MSE": 3023990.00596229,
    "MAPE": 0.6018437972017229,
    "ACMAPE": 1.5554152257731513
}