{
    "DOWN": {
        "precision": 0.8121712997746056,
        "recall": 0.6066217732884399,
        "f1-score": 0.6945069065210409,
        "support": 1782.0
    },
    "UP": {
        "precision": 0.22967032967032966,
        "recall": 0.4553376906318083,
        "f1-score": 0.30533235938641345,
        "support": 459.0
    },
    "accuracy": 0.5756358768406962,
    "macro avg": {
        "precision": 0.5209208147224677,
        "recall": 0.5309797319601242,
        "f1-score": 0.49991963295372716,
        "support": 2241.0
    },
    "weighted avg": {
        "precision": 0.6928638721628865,
        "recall": 0.5756358768406962,
        "f1-score": 0.6147964571079244,
        "support": 2241.0
    }
}