{
    "DOWN": {
        "precision": 0.5417721518987342,
        "recall": 0.66875,
        "f1-score": 0.5986013986013986,
        "support": 320.0
    },
    "UP": {
        "precision": 0.3575757575757576,
        "recall": 0.24583333333333332,
        "f1-score": 0.291358024691358,
        "support": 240.0
    },
    "accuracy": 0.4875,
    "macro avg": {
        "precision": 0.4496739547372459,
        "recall": 0.45729166666666665,
        "f1-score": 0.4449797116463783,
        "support": 560.0
    },
    "weighted avg": {
        "precision": 0.4628308400460299,
        "recall": 0.4875,
        "f1-score": 0.46692566692566684,
        "support": 560.0
    }
}