{
    "R2": 0.9876051997954056,
    "RMSE": 42.315507950048705,
    "MSE": 1790.602213070635,
    "MAPE": 0.028908026885145526,
    "ACMAPE": 1.018326016303135
}