{
    "R2": 0.9401959370621096,
    "RMSE": 115.10470888488081,
    "MSE": 13249.094007473157,
    "MAPE": 0.3953404365099477,
    "ACMAPE": 1.5371562085444077
}