{
    "R2": 0.993709475624368,
    "RMSE": 37.34666480882132,
    "MSE": 1394.7733723424528,
    "MAPE": 0.17940903248613307,
    "ACMAPE": 1.0044173024166656
}