{
    "R2": 0.26127966752342335,
    "RMSE": 326.6779484008337,
    "MSE": 106718.48197137778,
    "MAPE": 0.3146144880875501,
    "ACMAPE": 1.1426568161298782
}