{
    "DOWN": {
        "precision": 0.6333333333333333,
        "recall": 0.2844759653270292,
        "f1-score": 0.39260467645459485,
        "support": 1269.0
    },
    "UP": {
        "precision": 0.324907063197026,
        "recall": 0.6764705882352942,
        "f1-score": 0.4389753892516323,
        "support": 646.0
    },
    "accuracy": 0.416710182767624,
    "macro avg": {
        "precision": 0.47912019826517965,
        "recall": 0.4804732767811617,
        "f1-score": 0.41579003285311356,
        "support": 1915.0
    },
    "weighted avg": {
        "precision": 0.5292897978199889,
        "recall": 0.416710182767624,
        "f1-score": 0.4082472250012717,
        "support": 1915.0
    }
}