{
    "R2": 0.9305086509597064,
    "RMSE": 307.2575071879637,
    "MSE": 94407.17572336158,
    "MAPE": 0.5290989348322629,
    "ACMAPE": 1.7290989348322627
}