{
    "R2": 0.924060692888638,
    "RMSE": 1.5732442480297912,
    "MSE": 2.4750974639588232,
    "MAPE": 0.014451615529671637,
    "ACMAPE": 1.059677746182938
}