{
    "DOWN": {
        "precision": 0.625,
        "recall": 0.14285714285714285,
        "f1-score": 0.23255813953488372,
        "support": 35.0
    },
    "UP": {
        "precision": 0.3181818181818182,
        "recall": 0.8235294117647058,
        "f1-score": 0.45901639344262296,
        "support": 17.0
    },
    "accuracy": 0.36538461538461536,
    "macro avg": {
        "precision": 0.47159090909090906,
        "recall": 0.4831932773109243,
        "f1-score": 0.34578726648875335,
        "support": 52.0
    },
    "weighted avg": {
        "precision": 0.5246940559440559,
        "recall": 0.36538461538461536,
        "f1-score": 0.3065925686970292,
        "support": 52.0
    }
}