{
    "R2": 0.9412616843277213,
    "RMSE": 1.7133261085038125,
    "MSE": 2.9354863540808176,
    "MAPE": 0.014643810828978584,
    "ACMAPE": 0.6079452462356771
}