{
    "R2": 0.9182287855572593,
    "RMSE": 1.8042818652595773,
    "MSE": 3.25543304930458,
    "MAPE": 0.01630537053528158,
    "ACMAPE": 1.0457171352411638
}