{
    "DOWN": {
        "precision": 0.9032258064516129,
        "recall": 0.36129032258064514,
        "f1-score": 0.5161290322580645,
        "support": 155.0
    },
    "UP": {
        "precision": 0.3028169014084507,
        "recall": 0.8775510204081632,
        "f1-score": 0.450261780104712,
        "support": 49.0
    },
    "accuracy": 0.4852941176470588,
    "macro avg": {
        "precision": 0.6030213539300318,
        "recall": 0.6194206714944042,
        "f1-score": 0.48319540618138823,
        "support": 204.0
    },
    "weighted avg": {
        "precision": 0.759009942004971,
        "recall": 0.4852941176470588,
        "f1-score": 0.5003079765937789,
        "support": 204.0
    }
}