{
    "R2": 0.9904605557443494,
    "RMSE": 65.20328040557496,
    "MSE": 4251.467775648036,
    "MAPE": 0.03130122899738324,
    "ACMAPE": 0.6295134682822788
}