{
    "R2": 0.9767768130381007,
    "RMSE": 101.9052686412629,
    "MSE": 10384.683776847958,
    "MAPE": 0.052901302715847996,
    "ACMAPE": 0.6418950858150883
}