{
    "R2": 0.9119003415747432,
    "RMSE": 676.700396460048,
    "MSE": 457923.42656918615,
    "MAPE": 0.08475614460081586,
    "ACMAPE": 0.8976001812980636
}