{
    "DOWN": {
        "precision": 0.7273706896551724,
        "recall": 0.8606949314631814,
        "f1-score": 0.7884362680683311,
        "support": 3137.0
    },
    "UP": {
        "precision": 0.3235294117647059,
        "recall": 0.17117117117117117,
        "f1-score": 0.22388859132297806,
        "support": 1221.0
    },
    "accuracy": 0.6675080312069757,
    "macro avg": {
        "precision": 0.5254500507099391,
        "recall": 0.5159330513171763,
        "f1-score": 0.5061624296956546,
        "support": 4358.0
    },
    "weighted avg": {
        "precision": 0.6142247051888439,
        "recall": 0.6675080312069757,
        "f1-score": 0.6302644660247158,
        "support": 4358.0
    }
}