{
    "R2": -0.3941175287519101,
    "RMSE": 2691.900558129698,
    "MSE": 7246328.614858979,
    "MAPE": 0.4364637049541922,
    "ACMAPE": 1.489674714128504
}