{
    "DOWN": {
        "precision": 0.5982658959537572,
        "recall": 0.9627906976744186,
        "f1-score": 0.7379679144385027,
        "support": 645.0
    },
    "UP": {
        "precision": 0.5384615384615384,
        "recall": 0.06292134831460675,
        "f1-score": 0.11267605633802819,
        "support": 445.0
    },
    "accuracy": 0.5954128440366973,
    "macro avg": {
        "precision": 0.5683637172076479,
        "recall": 0.5128560229945127,
        "f1-score": 0.4253219853882655,
        "support": 1090.0
    },
    "weighted avg": {
        "precision": 0.5738503555096862,
        "recall": 0.5954128440366973,
        "f1-score": 0.48268821090207054,
        "support": 1090.0
    }
}