{
    "R2": 0.9619747178929585,
    "RMSE": 444.575515764896,
    "MSE": 197647.3892176233,
    "MAPE": 0.049547638070332585,
    "ACMAPE": 0.8587219499969381
}