{
    "DOWN": {
        "precision": 0.5617391304347826,
        "recall": 0.5007751937984496,
        "f1-score": 0.5295081967213114,
        "support": 645.0
    },
    "UP": {
        "precision": 0.37475728155339805,
        "recall": 0.4337078651685393,
        "f1-score": 0.40208333333333335,
        "support": 445.0
    },
    "accuracy": 0.47339449541284406,
    "macro avg": {
        "precision": 0.46824820599409034,
        "recall": 0.46724152948349446,
        "f1-score": 0.4657957650273224,
        "support": 1090.0
    },
    "weighted avg": {
        "precision": 0.4854025040566027,
        "recall": 0.47339449541284406,
        "f1-score": 0.4774861194665864,
        "support": 1090.0
    }
}