{
    "R2": 0.996767151338354,
    "RMSE": 45.97280563696996,
    "MSE": 2113.4988581346165,
    "MAPE": 0.049261101706401286,
    "ACMAPE": 0.8500030200953785
}