{
    "R2": 0.9892423997035081,
    "RMSE": 83.83122687612774,
    "MSE": 7027.674599556803,
    "MAPE": 0.04299574517256189,
    "ACMAPE": 0.9196208446684494
}