{
    "DOWN": {
        "precision": 0.5988372093023255,
        "recall": 0.4021691973969631,
        "f1-score": 0.48118349338178035,
        "support": 2305.0
    },
    "UP": {
        "precision": 0.37815884476534295,
        "recall": 0.5743660041124058,
        "f1-score": 0.4560544217687075,
        "support": 1459.0
    },
    "accuracy": 0.46891604675876725,
    "macro avg": {
        "precision": 0.48849802703383427,
        "recall": 0.48826760075468445,
        "f1-score": 0.4686189575752439,
        "support": 3764.0
    },
    "weighted avg": {
        "precision": 0.5132979601366886,
        "recall": 0.46891604675876725,
        "f1-score": 0.4714429738590722,
        "support": 3764.0
    }
}