{
    "DOWN": {
        "precision": 0.6510791366906474,
        "recall": 0.6182163187855787,
        "f1-score": 0.63422230874051,
        "support": 2635.0
    },
    "UP": {
        "precision": 0.19840637450199203,
        "recall": 0.22192513368983957,
        "f1-score": 0.20950778291964658,
        "support": 1122.0
    },
    "accuracy": 0.49986691509182857,
    "macro avg": {
        "precision": 0.42474275559631974,
        "recall": 0.42007072623770914,
        "f1-score": 0.4218650458300783,
        "support": 3757.0
    },
    "weighted avg": {
        "precision": 0.5158917959465241,
        "recall": 0.4998669150918285,
        "f1-score": 0.507384486549664,
        "support": 3757.0
    }
}