{
    "R2": -0.5615487421088909,
    "RMSE": 1134.995311587656,
    "MSE": 1288214.3573259606,
    "MAPE": 0.10606753313597558,
    "ACMAPE": 0.9772070432531216
}