{
    "R2": 0.9434224811331225,
    "RMSE": 435.26102008309454,
    "MSE": 189452.15560377602,
    "MAPE": 488525194386783.75,
    "ACMAPE": 488525194386784.75
}