{
    "DOWN": {
        "precision": 0.597574421168688,
        "recall": 0.9626998223801065,
        "f1-score": 0.7374149659863944,
        "support": 563.0
    },
    "UP": {
        "precision": 0.34375,
        "recall": 0.02925531914893617,
        "f1-score": 0.053921568627450976,
        "support": 376.0
    },
    "accuracy": 0.5889243876464324,
    "macro avg": {
        "precision": 0.470662210584344,
        "recall": 0.49597757076452137,
        "f1-score": 0.3956682673069227,
        "support": 939.0
    },
    "weighted avg": {
        "precision": 0.4959365272821846,
        "recall": 0.5889243876464324,
        "f1-score": 0.463726449046072,
        "support": 939.0
    }
}