{
    "DOWN": {
        "precision": 0.5703564727954972,
        "recall": 0.5399644760213144,
        "f1-score": 0.5547445255474452,
        "support": 563.0
    },
    "UP": {
        "precision": 0.3620689655172414,
        "recall": 0.39095744680851063,
        "f1-score": 0.37595907928388744,
        "support": 376.0
    },
    "accuracy": 0.4802981895633653,
    "macro avg": {
        "precision": 0.4662127191563693,
        "recall": 0.4654609614149125,
        "f1-score": 0.4653518024156663,
        "support": 939.0
    },
    "weighted avg": {
        "precision": 0.4869527425115524,
        "recall": 0.4802981895633653,
        "f1-score": 0.4831541871075115,
        "support": 939.0
    }
}