{
    "R2": -0.004732371306877647,
    "RMSE": 910.4193772552923,
    "MSE": 828863.4424819141,
    "MAPE": 0.08820158999664678,
    "ACMAPE": 1.1276052108699162
}