{
    "R2": 0.7964113266564279,
    "RMSE": 409.81995502940407,
    "MSE": 167952.39554030276,
    "MAPE": 0.05007309222762536,
    "ACMAPE": 0.8722243169347605
}