{
    "R2": 0.9828355342770548,
    "RMSE": 7.636500010691189,
    "MSE": 58.316132413286525,
    "MAPE": 0.028693281147406387,
    "ACMAPE": 1.242633261786322
}