{
    "R2": 0.980734437379217,
    "RMSE": 8.090401226204566,
    "MSE": 65.45459200097235,
    "MAPE": 0.04125288944617204,
    "ACMAPE": 1.2590650869292312
}