{
    "R2": 0.9915497238702148,
    "RMSE": 12.77829992111833,
    "MSE": 163.28494887405273,
    "MAPE": 0.029562094287070313,
    "ACMAPE": 1.1523180380037126
}