{
    "DOWN": {
        "precision": 0.6619718309859155,
        "recall": 0.06942392909896603,
        "f1-score": 0.12566844919786097,
        "support": 677.0
    },
    "UP": {
        "precision": 0.34511434511434513,
        "recall": 0.9325842696629213,
        "f1-score": 0.503793626707132,
        "support": 356.0
    },
    "accuracy": 0.36689254598257504,
    "macro avg": {
        "precision": 0.5035430880501304,
        "recall": 0.5010040993809437,
        "f1-score": 0.31473103795249646,
        "support": 1033.0
    },
    "weighted avg": {
        "precision": 0.5527740914212698,
        "recall": 0.36689254598257504,
        "f1-score": 0.2559807078554607,
        "support": 1033.0
    }
}