{
    "R2": 0.9523343011881983,
    "RMSE": 92.51742442365187,
    "MSE": 8559.473821986136,
    "MAPE": 0.03850416136204064,
    "ACMAPE": 0.8200167664040575
}