{
    "R2": 0.720378994520487,
    "RMSE": 109.64595398527157,
    "MSE": 12022.235225340291,
    "MAPE": 0.07121125396466586,
    "ACMAPE": 1.359346847185005
}