{
    "DOWN": {
        "precision": 0.6823529411764706,
        "recall": 0.47540983606557374,
        "f1-score": 0.5603864734299516,
        "support": 122.0
    },
    "UP": {
        "precision": 0.518796992481203,
        "recall": 0.71875,
        "f1-score": 0.6026200873362446,
        "support": 96.0
    },
    "accuracy": 0.5825688073394495,
    "macro avg": {
        "precision": 0.6005749668288368,
        "recall": 0.5970799180327868,
        "f1-score": 0.5815032803830982,
        "support": 218.0
    },
    "weighted avg": {
        "precision": 0.6103283032189216,
        "recall": 0.5825688073394495,
        "f1-score": 0.5789847621226311,
        "support": 218.0
    }
}