{
    "R2": 0.8522250850496457,
    "RMSE": 152.0413406189092,
    "MSE": 23116.569257195173,
    "MAPE": 0.06388958427359288,
    "ACMAPE": 0.9394260649602881
}