{
    "R2": -0.8002169495196676,
    "RMSE": 278.2083350483244,
    "MSE": 77399.87769036072,
    "MAPE": 0.18613912485672285,
    "ACMAPE": 1.5420713282465532
}