{
    "R2": 0.9927518732349643,
    "RMSE": 25.461876759564376,
    "MSE": 648.3071681192446,
    "MAPE": 0.022556172547578468,
    "ACMAPE": 0.8888552766137396
}