{
    "R2": 0.7698569515509146,
    "RMSE": 143.71916332911258,
    "MSE": 20655.197908020138,
    "MAPE": 0.19602042408172246,
    "ACMAPE": 1.1801144766405054
}