{
    "DOWN": {
        "precision": 0.5976544880469102,
        "recall": 0.7972322503008423,
        "f1-score": 0.6831657643722608,
        "support": 1662.0
    },
    "UP": {
        "precision": 0.4932330827067669,
        "recall": 0.26885245901639343,
        "f1-score": 0.3480106100795756,
        "support": 1220.0
    },
    "accuracy": 0.573560027758501,
    "macro avg": {
        "precision": 0.5454437853768386,
        "recall": 0.5330423546586178,
        "f1-score": 0.5155881872259183,
        "support": 2882.0
    },
    "weighted avg": {
        "precision": 0.5534511172922347,
        "recall": 0.573560027758501,
        "f1-score": 0.5412888427077654,
        "support": 2882.0
    }
}