{
    "R2": 0.9463881251350672,
    "RMSE": 13.618800844530359,
    "MSE": 185.4717364429808,
    "MAPE": 0.022536054301770553,
    "ACMAPE": 0.8175282295756359
}