{
    "R2": 0.9190731357156214,
    "RMSE": 16.79351741979543,
    "MSE": 282.0222273289725,
    "MAPE": 0.03045534394081437,
    "ACMAPE": 0.7967510514129925
}