{
    "DOWN": {
        "precision": 0.8463687150837989,
        "recall": 0.6558441558441559,
        "f1-score": 0.7390243902439025,
        "support": 462.0
    },
    "UP": {
        "precision": 0.44405594405594406,
        "recall": 0.6978021978021978,
        "f1-score": 0.5427350427350428,
        "support": 182.0
    },
    "accuracy": 0.6677018633540373,
    "macro avg": {
        "precision": 0.6452123295698715,
        "recall": 0.6768231768231768,
        "f1-score": 0.6408797164894726,
        "support": 644.0
    },
    "weighted avg": {
        "precision": 0.7326716276194052,
        "recall": 0.6677018633540373,
        "f1-score": 0.6835513137740074,
        "support": 644.0
    }
}