{
    "DOWN": {
        "precision": 0.8497267759562842,
        "recall": 0.6941964285714286,
        "f1-score": 0.7641277641277641,
        "support": 448.0
    },
    "UP": {
        "precision": 0.4689922480620155,
        "recall": 0.6875,
        "f1-score": 0.5576036866359447,
        "support": 176.0
    },
    "accuracy": 0.6923076923076923,
    "macro avg": {
        "precision": 0.6593595120091499,
        "recall": 0.6908482142857143,
        "f1-score": 0.6608657253818544,
        "support": 624.0
    },
    "weighted avg": {
        "precision": 0.7423401142425161,
        "recall": 0.6923076923076923,
        "f1-score": 0.7058773832967381,
        "support": 624.0
    }
}