{
    "DOWN": {
        "precision": 0.8601694915254238,
        "recall": 0.44713656387665196,
        "f1-score": 0.5884057971014492,
        "support": 454.0
    },
    "UP": {
        "precision": 0.3693467336683417,
        "recall": 0.8166666666666667,
        "f1-score": 0.5086505190311419,
        "support": 180.0
    },
    "accuracy": 0.5520504731861199,
    "macro avg": {
        "precision": 0.6147581125968827,
        "recall": 0.6319016152716593,
        "f1-score": 0.5485281580662955,
        "support": 634.0
    },
    "weighted avg": {
        "precision": 0.7208191817237285,
        "recall": 0.5520504731861199,
        "f1-score": 0.5657623427597216,
        "support": 634.0
    }
}