{
    "DOWN": {
        "precision": 1.0,
        "recall": 0.010416666666666666,
        "f1-score": 0.020618556701030924,
        "support": 96.0
    },
    "UP": {
        "precision": 0.40625,
        "recall": 1.0,
        "f1-score": 0.5777777777777777,
        "support": 65.0
    },
    "accuracy": 0.40993788819875776,
    "macro avg": {
        "precision": 0.703125,
        "recall": 0.5052083333333334,
        "f1-score": 0.29919816723940434,
        "support": 161.0
    },
    "weighted avg": {
        "precision": 0.7602872670807453,
        "recall": 0.40993788819875776,
        "f1-score": 0.2455586148997175,
        "support": 161.0
    }
}