{
    "DOWN": {
        "precision": 0.5454545454545454,
        "recall": 0.9886363636363636,
        "f1-score": 0.7030303030303029,
        "support": 176.0
    },
    "UP": {
        "precision": 0.6,
        "recall": 0.02027027027027027,
        "f1-score": 0.0392156862745098,
        "support": 148.0
    },
    "accuracy": 0.5462962962962963,
    "macro avg": {
        "precision": 0.5727272727272728,
        "recall": 0.504453316953317,
        "f1-score": 0.37112299465240634,
        "support": 324.0
    },
    "weighted avg": {
        "precision": 0.5703703703703704,
        "recall": 0.5462962962962963,
        "f1-score": 0.39980634229000234,
        "support": 324.0
    }
}