{
    "DOWN": {
        "precision": 0.6614583333333334,
        "recall": 0.1504739336492891,
        "f1-score": 0.24517374517374518,
        "support": 844.0
    },
    "UP": {
        "precision": 0.3523035230352303,
        "recall": 0.8571428571428571,
        "f1-score": 0.49935979513444295,
        "support": 455.0
    },
    "accuracy": 0.39799846035411857,
    "macro avg": {
        "precision": 0.5068809281842819,
        "recall": 0.5038083953960731,
        "f1-score": 0.37226677015409404,
        "support": 1299.0
    },
    "weighted avg": {
        "precision": 0.5531708516661764,
        "recall": 0.39799846035411857,
        "f1-score": 0.3342073500483545,
        "support": 1299.0
    }
}