{
    "R2": 0.9880957140927675,
    "RMSE": 34.00705876118916,
    "MSE": 1156.480045586972,
    "MAPE": 0.03115448928446941,
    "ACMAPE": 1.2351575685762324
}