{
    "R2": 0.9786938604267942,
    "RMSE": 45.49645191752199,
    "MSE": 2069.92713708339,
    "MAPE": 0.03529844190374852,
    "ACMAPE": 1.0414808221201317
}