{
    "DOWN": {
        "precision": 0.6757322175732218,
        "recall": 0.39009661835748793,
        "f1-score": 0.4946401225114855,
        "support": 828.0
    },
    "UP": {
        "precision": 0.36953807740324596,
        "recall": 0.656319290465632,
        "f1-score": 0.4728434504792333,
        "support": 451.0
    },
    "accuracy": 0.4839718530101642,
    "macro avg": {
        "precision": 0.5226351474882338,
        "recall": 0.52320795441156,
        "f1-score": 0.48374178649535937,
        "support": 1279.0
    },
    "weighted avg": {
        "precision": 0.567762274479665,
        "recall": 0.4839718530101642,
        "f1-score": 0.4869541967205975,
        "support": 1279.0
    }
}