{
    "R2": 0.48641095892878405,
    "RMSE": 221.72161841163523,
    "MSE": 49160.47607107479,
    "MAPE": 0.09830944867570701,
    "ACMAPE": 1.0118896955892873
}