{
    "DOWN": {
        "precision": 0.7037037037037037,
        "recall": 0.03535541496092296,
        "f1-score": 0.0673281360737066,
        "support": 2687.0
    },
    "UP": {
        "precision": 0.23517261729123634,
        "recall": 0.9522102747909199,
        "f1-score": 0.3771888310459063,
        "support": 837.0
    },
    "accuracy": 0.25312145289443816,
    "macro avg": {
        "precision": 0.46943816049747,
        "recall": 0.49378284487592145,
        "f1-score": 0.22225848355980643,
        "support": 3524.0
    },
    "weighted avg": {
        "precision": 0.5924209229638527,
        "recall": 0.25312145289443816,
        "f1-score": 0.14092444756398217,
        "support": 3524.0
    }
}