{
    "DOWN": {
        "precision": 0.665680473372781,
        "recall": 0.8411214953271028,
        "f1-score": 0.7431874483897605,
        "support": 1070.0
    },
    "UP": {
        "precision": 0.39285714285714285,
        "recall": 0.19572953736654805,
        "f1-score": 0.2612826603325416,
        "support": 562.0
    },
    "accuracy": 0.6188725490196079,
    "macro avg": {
        "precision": 0.5292688081149619,
        "recall": 0.5184255163468254,
        "f1-score": 0.502235054361151,
        "support": 1632.0
    },
    "weighted avg": {
        "precision": 0.5717302823496262,
        "recall": 0.6188725490196079,
        "f1-score": 0.5772373926984878,
        "support": 1632.0
    }
}