{
    "DOWN": {
        "precision": 0.7379576107899807,
        "recall": 0.3569431500465983,
        "f1-score": 0.48115577889447236,
        "support": 1073.0
    },
    "UP": {
        "precision": 0.3828264758497317,
        "recall": 0.7588652482269503,
        "f1-score": 0.5089179548156957,
        "support": 564.0
    },
    "accuracy": 0.4954184483811851,
    "macro avg": {
        "precision": 0.5603920433198561,
        "recall": 0.5579041991367744,
        "f1-score": 0.495036866855084,
        "support": 1637.0
    },
    "weighted avg": {
        "precision": 0.6156033285014649,
        "recall": 0.4954184483811851,
        "f1-score": 0.490720755815407,
        "support": 1637.0
    }
}