{
    "DOWN": {
        "precision": 0.7534883720930232,
        "recall": 0.45892351274787535,
        "f1-score": 0.5704225352112676,
        "support": 1059.0
    },
    "UP": {
        "precision": 0.4104938271604938,
        "recall": 0.7150537634408602,
        "f1-score": 0.5215686274509803,
        "support": 558.0
    },
    "accuracy": 0.5473098330241187,
    "macro avg": {
        "precision": 0.5819910996267585,
        "recall": 0.5869886380943679,
        "f1-score": 0.5459955813311239,
        "support": 1617.0
    },
    "weighted avg": {
        "precision": 0.6351266181830966,
        "recall": 0.5473098330241187,
        "f1-score": 0.5535638583218179,
        "support": 1617.0
    }
}