{
    "R2": 0.9813460718646047,
    "RMSE": 16.555671509643297,
    "MSE": 274.0902591352148,
    "MAPE": 0.052348863796605985,
    "ACMAPE": 1.061511967034236
}