{
    "R2": 0.9833068051450213,
    "RMSE": 15.731127478833251,
    "MSE": 247.4683717553026,
    "MAPE": 0.044158659684885734,
    "ACMAPE": 0.9495389936366483
}