{
    "DOWN": {
        "precision": 0.708994708994709,
        "recall": 0.12558575445173384,
        "f1-score": 0.21337579617834398,
        "support": 1067.0
    },
    "UP": {
        "precision": 0.35118219749652296,
        "recall": 0.9017857142857143,
        "f1-score": 0.5055055055055055,
        "support": 560.0
    },
    "accuracy": 0.3927473878303626,
    "macro avg": {
        "precision": 0.5300884532456159,
        "recall": 0.5136857343687241,
        "f1-score": 0.3594406508419248,
        "support": 1627.0
    },
    "weighted avg": {
        "precision": 0.5858385894870358,
        "recall": 0.3927473878303626,
        "f1-score": 0.3139244361434395,
        "support": 1627.0
    }
}