{
    "R2": 0.9808937742183819,
    "RMSE": 3.7447332123452637,
    "MSE": 14.023026831641678,
    "MAPE": 0.04177193866354698,
    "ACMAPE": 1.1932711496051567
}