{
    "R2": 0.9227814145503831,
    "RMSE": 7.5315877148116135,
    "MSE": 56.72481350590122,
    "MAPE": 0.10438393911815431,
    "ACMAPE": 0.978758445307251
}