{
    "DOWN": {
        "precision": 0.8723509117792015,
        "recall": 0.9493161705551086,
        "f1-score": 0.9092076537819443,
        "support": 3729.0
    },
    "UP": {
        "precision": 0.30514705882352944,
        "recall": 0.13810316139767054,
        "f1-score": 0.19014891179839633,
        "support": 601.0
    },
    "accuracy": 0.8367205542725173,
    "macro avg": {
        "precision": 0.5887489853013654,
        "recall": 0.5437096659763896,
        "f1-score": 0.5496782827901703,
        "support": 4330.0
    },
    "weighted avg": {
        "precision": 0.7936235409647999,
        "recall": 0.8367205542725173,
        "f1-score": 0.8094029646521261,
        "support": 4330.0
    }
}