{
    "DOWN": {
        "precision": 0.7998129092609916,
        "recall": 0.9941860465116279,
        "f1-score": 0.8864696734059098,
        "support": 860.0
    },
    "UP": {
        "precision": 0.6153846153846154,
        "recall": 0.036036036036036036,
        "f1-score": 0.06808510638297872,
        "support": 222.0
    },
    "accuracy": 0.7975970425138632,
    "macro avg": {
        "precision": 0.7075987623228035,
        "recall": 0.515111041273832,
        "f1-score": 0.47727738989444424,
        "support": 1082.0
    },
    "weighted avg": {
        "precision": 0.7619727232715687,
        "recall": 0.7975970425138632,
        "f1-score": 0.7185571282311495,
        "support": 1082.0
    }
}