{
    "R2": 0.9750144092752171,
    "RMSE": 15.369628770021368,
    "MSE": 236.22548852826853,
    "MAPE": 0.1085664114598305,
    "ACMAPE": 0.4351253029147958
}