{
    "DOWN": {
        "precision": 0.8861963190184049,
        "recall": 0.7753623188405797,
        "f1-score": 0.8270827369023761,
        "support": 3726.0
    },
    "UP": {
        "precision": 0.2140845070422535,
        "recall": 0.3806343906510851,
        "f1-score": 0.2740384615384615,
        "support": 599.0
    },
    "accuracy": 0.7206936416184971,
    "macro avg": {
        "precision": 0.5501404130303292,
        "recall": 0.5779983547458324,
        "f1-score": 0.5505605992204188,
        "support": 4325.0
    },
    "weighted avg": {
        "precision": 0.7931107755793958,
        "recall": 0.7206936416184971,
        "f1-score": 0.7504877031583334,
        "support": 4325.0
    }
}