{
    "R2": 0.9662489259991467,
    "RMSE": 17.630076435565062,
    "MSE": 310.81959512386646,
    "MAPE": 0.04516361145785386,
    "ACMAPE": 0.564572114230497
}