{
    "DOWN": {
        "precision": 0.7634201221472195,
        "recall": 0.8061778682959946,
        "f1-score": 0.7842166088822851,
        "support": 2946.0
    },
    "UP": {
        "precision": 0.3931987247608927,
        "recall": 0.3345388788426763,
        "f1-score": 0.361504640937958,
        "support": 1106.0
    },
    "accuracy": 0.6774432379072063,
    "macro avg": {
        "precision": 0.5783094234540561,
        "recall": 0.5703583735693354,
        "f1-score": 0.5728606249101216,
        "support": 4052.0
    },
    "weighted avg": {
        "precision": 0.6623675887046535,
        "recall": 0.6774432379072063,
        "f1-score": 0.668836688707945,
        "support": 4052.0
    }
}