{
    "R2": 0.7290997385006055,
    "RMSE": 27.561091531415435,
    "MSE": 759.6137664030596,
    "MAPE": 0.04497920813065516,
    "ACMAPE": 0.5420206282489984
}