{
    "R2": 0.9978775908987536,
    "RMSE": 31.478062632413423,
    "MSE": 990.8684270901423,
    "MAPE": 0.02998795477078548,
    "ACMAPE": 0.6797291428407879
}