{
    "DOWN": {
        "precision": 0.8148148148148148,
        "recall": 0.0069269521410579345,
        "f1-score": 0.013737121448641898,
        "support": 3176.0
    },
    "UP": {
        "precision": 0.12824765063571034,
        "recall": 0.9893390191897654,
        "f1-score": 0.22706141424027404,
        "support": 469.0
    },
    "accuracy": 0.13333333333333333,
    "macro avg": {
        "precision": 0.47153123272526254,
        "recall": 0.4981329856654117,
        "f1-score": 0.12039926784445797,
        "support": 3645.0
    },
    "weighted avg": {
        "precision": 0.7264746227709191,
        "recall": 0.13333333333333333,
        "f1-score": 0.04118543237299731,
        "support": 3645.0
    }
}