{
    "R2": 0.9877501262274367,
    "RMSE": 25.94369924640239,
    "MSE": 673.0755305877799,
    "MAPE": 0.04010554766704628,
    "ACMAPE": 1.2223170861285848
}