{
    "DOWN": {
        "precision": 0.881316098707403,
        "recall": 0.19794140934283452,
        "f1-score": 0.3232758620689655,
        "support": 3789.0
    },
    "UP": {
        "precision": 0.08298129149064574,
        "recall": 0.7313829787234043,
        "f1-score": 0.14905149051490515,
        "support": 376.0
    },
    "accuracy": 0.2460984393757503,
    "macro avg": {
        "precision": 0.48214869509902436,
        "recall": 0.4646621940331194,
        "f1-score": 0.23616367629193535,
        "support": 4165.0
    },
    "weighted avg": {
        "precision": 0.8092455374796718,
        "recall": 0.2460984393757503,
        "f1-score": 0.3075475634604838,
        "support": 4165.0
    }
}