{
    "DOWN": {
        "precision": 0.6486486486486487,
        "recall": 0.22826086956521738,
        "f1-score": 0.33768844221105526,
        "support": 736.0
    },
    "UP": {
        "precision": 0.27365728900255754,
        "recall": 0.7016393442622951,
        "f1-score": 0.39374425022999077,
        "support": 305.0
    },
    "accuracy": 0.366954851104707,
    "macro avg": {
        "precision": 0.4611529688256031,
        "recall": 0.46495010691375627,
        "f1-score": 0.365716346220523,
        "support": 1041.0
    },
    "weighted avg": {
        "precision": 0.5387808631615615,
        "recall": 0.366954851104707,
        "f1-score": 0.35411209393610366,
        "support": 1041.0
    }
}