{
    "R2": 0.970978252211868,
    "RMSE": 71.47402505147481,
    "MSE": 5108.5362570588495,
    "MAPE": 0.05783585826192721,
    "ACMAPE": 1.2682104980313795
}