{
    "DOWN": {
        "precision": 0.574757281553398,
        "recall": 0.6128364389233955,
        "f1-score": 0.593186372745491,
        "support": 483.0
    },
    "UP": {
        "precision": 0.4672364672364672,
        "recall": 0.4281984334203655,
        "f1-score": 0.44686648501362397,
        "support": 383.0
    },
    "accuracy": 0.5311778290993071,
    "macro avg": {
        "precision": 0.5209968743949326,
        "recall": 0.5205174361718805,
        "f1-score": 0.5200264288795575,
        "support": 866.0
    },
    "weighted avg": {
        "precision": 0.5272047736049171,
        "recall": 0.5311778290993071,
        "f1-score": 0.5284744593490649,
        "support": 866.0
    }
}