{
    "R2": 0.07745192562191572,
    "RMSE": 304.54514516156246,
    "MSE": 92747.74544147716,
    "MAPE": 0.38898245199728704,
    "ACMAPE": 1.368197232597749
}