{
    "DOWN": {
        "precision": 0.5892857142857143,
        "recall": 0.4654669260700389,
        "f1-score": 0.520108695652174,
        "support": 2056.0
    },
    "UP": {
        "precision": 0.40076335877862596,
        "recall": 0.5242510699001427,
        "f1-score": 0.45426452410383183,
        "support": 1402.0
    },
    "accuracy": 0.4893001735106998,
    "macro avg": {
        "precision": 0.49502453653217016,
        "recall": 0.4948589979850908,
        "f1-score": 0.4871866098780029,
        "support": 3458.0
    },
    "weighted avg": {
        "precision": 0.5128518385133205,
        "recall": 0.4893001735106998,
        "f1-score": 0.49341305409324526,
        "support": 3458.0
    }
}