{
    "DOWN": {
        "precision": 0.5449010654490106,
        "recall": 0.7412008281573499,
        "f1-score": 0.6280701754385964,
        "support": 483.0
    },
    "UP": {
        "precision": 0.4019138755980861,
        "recall": 0.2193211488250653,
        "f1-score": 0.28378378378378377,
        "support": 383.0
    },
    "accuracy": 0.5103926096997691,
    "macro avg": {
        "precision": 0.47340747052354837,
        "recall": 0.4802609884912076,
        "f1-score": 0.4559269796111901,
        "support": 866.0
    },
    "weighted avg": {
        "precision": 0.48166308194681196,
        "recall": 0.5103926096997691,
        "f1-score": 0.4758049467968028,
        "support": 866.0
    }
}