{
    "DOWN": {
        "precision": 0.9753858990404672,
        "recall": 0.8511103021477976,
        "f1-score": 0.9090202177293935,
        "support": 2747.0
    },
    "UP": {
        "precision": 0.3194675540765391,
        "recall": 0.7649402390438247,
        "f1-score": 0.4507042253521127,
        "support": 251.0
    },
    "accuracy": 0.8438959306204136,
    "macro avg": {
        "precision": 0.6474267265585032,
        "recall": 0.8080252705958111,
        "f1-score": 0.679862221540753,
        "support": 2998.0
    },
    "weighted avg": {
        "precision": 0.9204707874374166,
        "recall": 0.8438959306204136,
        "f1-score": 0.8706488654656518,
        "support": 2998.0
    }
}