{
    "DOWN": {
        "precision": 0.6328125,
        "recall": 0.1575875486381323,
        "f1-score": 0.2523364485981308,
        "support": 514.0
    },
    "UP": {
        "precision": 0.3060897435897436,
        "recall": 0.8025210084033614,
        "f1-score": 0.4431554524361949,
        "support": 238.0
    },
    "accuracy": 0.3617021276595745,
    "macro avg": {
        "precision": 0.4694511217948718,
        "recall": 0.48005427852074684,
        "f1-score": 0.34774595051716284,
        "support": 752.0
    },
    "weighted avg": {
        "precision": 0.5294082233701582,
        "recall": 0.3617021276595745,
        "f1-score": 0.31272863332347556,
        "support": 752.0
    }
}