{
    "R2": 0.7642883624756717,
    "RMSE": 87.16579403537588,
    "MSE": 7597.875649817569,
    "MAPE": 0.12363797134912917,
    "ACMAPE": 1.4374677585831717
}