{
    "DOWN": {
        "precision": 0.8223350253807107,
        "recall": 0.058759521218716,
        "f1-score": 0.1096817874069059,
        "support": 2757.0
    },
    "UP": {
        "precision": 0.0768409818569904,
        "recall": 0.8605577689243028,
        "f1-score": 0.1410842586544742,
        "support": 251.0
    },
    "accuracy": 0.12566489361702127,
    "macro avg": {
        "precision": 0.44958800361885054,
        "recall": 0.4596586450715094,
        "f1-score": 0.12538302303069004,
        "support": 3008.0
    },
    "weighted avg": {
        "precision": 0.7601279093818897,
        "recall": 0.12566489361702127,
        "f1-score": 0.11230213989465179,
        "support": 3008.0
    }
}