{
    "DOWN": {
        "precision": 0.7981981981981981,
        "recall": 0.48521358159912376,
        "f1-score": 0.603542234332425,
        "support": 1826.0
    },
    "UP": {
        "precision": 0.21926910299003322,
        "recall": 0.5409836065573771,
        "f1-score": 0.3120567375886525,
        "support": 488.0
    },
    "accuracy": 0.4969749351771824,
    "macro avg": {
        "precision": 0.5087336505941157,
        "recall": 0.5130985940782504,
        "f1-score": 0.45779948596053877,
        "support": 2314.0
    },
    "weighted avg": {
        "precision": 0.6761077062096137,
        "recall": 0.4969749351771824,
        "f1-score": 0.5420707899024505,
        "support": 2314.0
    }
}