{
    "R2": 0.8708975851437617,
    "RMSE": 37.24563141351452,
    "MSE": 1387.23705939138,
    "MAPE": 0.03781653508853345,
    "ACMAPE": 1.2426882184291164
}