{
    "R2": -2.350565297959406e-09,
    "RMSE": 104.81145190013738,
    "MSE": 10985.440449414813,
    "MAPE": 0.16611768684022324,
    "ACMAPE": 1.1001409727393177
}