{
    "R2": -0.0579416621652058,
    "RMSE": 107.21027935586145,
    "MSE": 11494.04399956185,
    "MAPE": 0.17219151865776405,
    "ACMAPE": 1.2453833766049274
}