{
    "DOWN": {
        "precision": 0.6824395373291272,
        "recall": 0.9076923076923077,
        "f1-score": 0.7791116446578631,
        "support": 715.0
    },
    "UP": {
        "precision": 0.3888888888888889,
        "recall": 0.12209302325581395,
        "f1-score": 0.18584070796460178,
        "support": 344.0
    },
    "accuracy": 0.6525023607176582,
    "macro avg": {
        "precision": 0.535664213109008,
        "recall": 0.5148926654740609,
        "f1-score": 0.4824761763112324,
        "support": 1059.0
    },
    "weighted avg": {
        "precision": 0.5870840859000036,
        "recall": 0.6525023607176582,
        "f1-score": 0.5863966283948961,
        "support": 1059.0
    }
}