{
    "DOWN": {
        "precision": 0.9584395716471188,
        "recall": 0.9418692057128539,
        "f1-score": 0.9500821433084797,
        "support": 3991.0
    },
    "UP": {
        "precision": 0.26813880126182965,
        "recall": 0.34274193548387094,
        "f1-score": 0.3008849557522124,
        "support": 248.0
    },
    "accuracy": 0.9068176456711489,
    "macro avg": {
        "precision": 0.6132891864544743,
        "recall": 0.6423055705983625,
        "f1-score": 0.6254835495303461,
        "support": 4239.0
    },
    "weighted avg": {
        "precision": 0.9180539639435209,
        "recall": 0.9068176456711489,
        "f1-score": 0.9121012745861503,
        "support": 4239.0
    }
}