{
    "DOWN": {
        "precision": 0.6751652502360718,
        "recall": 1.0,
        "f1-score": 0.80608793686584,
        "support": 715.0
    },
    "UP": {
        "precision": 0.0,
        "recall": 0.0,
        "f1-score": 0.0,
        "support": 344.0
    },
    "accuracy": 0.6751652502360718,
    "macro avg": {
        "precision": 0.3375826251180359,
        "recall": 0.5,
        "f1-score": 0.40304396843292,
        "support": 1059.0
    },
    "weighted avg": {
        "precision": 0.45584811512633744,
        "recall": 0.6751652502360718,
        "f1-score": 0.5442425636063037,
        "support": 1059.0
    }
}