{
    "DOWN": {
        "precision": 0.7891156462585034,
        "recall": 0.17083946980854198,
        "f1-score": 0.2808716707021791,
        "support": 679.0
    },
    "UP": {
        "precision": 0.3580387685290764,
        "recall": 0.9101449275362319,
        "f1-score": 0.513911620294599,
        "support": 345.0
    },
    "accuracy": 0.419921875,
    "macro avg": {
        "precision": 0.5735772073937899,
        "recall": 0.540492198672387,
        "f1-score": 0.39739164549838907,
        "support": 1024.0
    },
    "weighted avg": {
        "precision": 0.6438797841328664,
        "recall": 0.419921875,
        "f1-score": 0.3593861068441565,
        "support": 1024.0
    }
}