{
    "DOWN": {
        "precision": 0.7510373443983402,
        "recall": 0.5331369661266568,
        "f1-score": 0.6236003445305771,
        "support": 679.0
    },
    "UP": {
        "precision": 0.4151291512915129,
        "recall": 0.6521739130434783,
        "f1-score": 0.5073280721533258,
        "support": 345.0
    },
    "accuracy": 0.5732421875,
    "macro avg": {
        "precision": 0.5830832478449266,
        "recall": 0.5926554395850676,
        "f1-score": 0.5654642083419514,
        "support": 1024.0
    },
    "weighted avg": {
        "precision": 0.6378651504316846,
        "recall": 0.5732421875,
        "f1-score": 0.5844265808878508,
        "support": 1024.0
    }
}