{
    "R2": 0.9335968801630488,
    "RMSE": 29.59229322714199,
    "MSE": 875.7038184411537,
    "MAPE": 307981786426343.4,
    "ACMAPE": 307981786426344.4
}