{
    "R2": 0.9847944489035747,
    "RMSE": 11.815097245928817,
    "MSE": 139.5965229307547,
    "MAPE": 0.022625604784589942,
    "ACMAPE": 0.4949921612323934
}