{
<<<<<<< HEAD
    "R2": 0.9844403727744327,
    "RMSE": 11.990799321100669,
    "MSE": 143.77926835890827,
    "MAPE": 0.018783382862361097,
    "ACMAPE": 0.6572229642134553
=======
    "R2": 0.9857241385580667,
    "RMSE": 11.48549461978,
    "MSE": 131.91658666099536,
    "MAPE": 0.01669765396613351,
    "ACMAPE": 0.6665549327482457
>>>>>>> d5f42532be6a9c18a5da3fb21b671ebbe5b6efbf
}