{
    "DOWN": {
        "precision": 0.801595744680851,
        "recall": 0.9222766217870257,
        "f1-score": 0.8577120091064314,
        "support": 1634.0
    },
    "UP": {
        "precision": 0.4641350210970464,
        "recall": 0.2277432712215321,
        "f1-score": 0.3055555555555556,
        "support": 483.0
    },
    "accuracy": 0.7638167217760983,
    "macro avg": {
        "precision": 0.6328653828889488,
        "recall": 0.575009946504279,
        "f1-score": 0.5816337823309935,
        "support": 2117.0
    },
    "weighted avg": {
        "precision": 0.7246030524319244,
        "recall": 0.7638167217760983,
        "f1-score": 0.7317358319382343,
        "support": 2117.0
    }
}