{
    "R2": 0.9789112263539963,
    "RMSE": 14.351272121541793,
    "MSE": 205.9590115065427,
    "MAPE": 0.07906198735901686,
    "ACMAPE": 0.9318921760382621
}