{
    "DOWN": {
        "precision": 0.9777777777777777,
        "recall": 0.10328638497652583,
        "f1-score": 0.18683651804670912,
        "support": 426.0
    },
    "UP": {
        "precision": 0.21237113402061855,
        "recall": 0.9903846153846154,
        "f1-score": 0.34974533106960953,
        "support": 104.0
    },
    "accuracy": 0.27735849056603773,
    "macro avg": {
        "precision": 0.5950744558991982,
        "recall": 0.5468355001805706,
        "f1-score": 0.26829092455815934,
        "support": 530.0
    },
    "weighted avg": {
        "precision": 0.8275847759839201,
        "recall": 0.27735849056603773,
        "f1-score": 0.21880353041346695,
        "support": 530.0
    }
}