{
    "DOWN": {
<<<<<<< HEAD
        "precision": 0.8128693368351937,
        "recall": 0.7623152709359606,
        "f1-score": 0.7867810613282491,
        "support": 1624.0
    },
    "UP": {
        "precision": 0.3333333333333333,
        "recall": 0.40376569037656906,
        "f1-score": 0.36518448438978235,
        "support": 478.0
    },
    "accuracy": 0.6807802093244529,
    "macro avg": {
        "precision": 0.5731013350842635,
        "recall": 0.5830404806562648,
        "f1-score": 0.5759827728590157,
        "support": 2102.0
    },
    "weighted avg": {
        "precision": 0.7038216633461883,
        "recall": 0.6807802093244529,
        "f1-score": 0.6909089567723085,
=======
        "precision": 0.8260568260568261,
        "recall": 0.7339901477832512,
        "f1-score": 0.7773068144766873,
        "support": 1624.0
    },
    "UP": {
        "precision": 0.34446130500758726,
        "recall": 0.47489539748953974,
        "f1-score": 0.3992963940193492,
        "support": 478.0
    },
    "accuracy": 0.6750713606089439,
    "macro avg": {
        "precision": 0.5852590655322066,
        "recall": 0.6044427726363955,
        "f1-score": 0.5883016042480183,
        "support": 2102.0
    },
    "weighted avg": {
        "precision": 0.7165408131826414,
        "recall": 0.6750713606089439,
        "f1-score": 0.6913463097294905,
>>>>>>> d5f42532be6a9c18a5da3fb21b671ebbe5b6efbf
        "support": 2102.0
    }
}