{
    "DOWN": {
        "precision": 0.8372093023255814,
        "recall": 0.15450643776824036,
        "f1-score": 0.2608695652173913,
        "support": 1631.0
    },
    "UP": {
        "precision": 0.23854224185532855,
        "recall": 0.8981288981288982,
        "f1-score": 0.3769633507853403,
        "support": 481.0
    },
    "accuracy": 0.32386363636363635,
    "macro avg": {
        "precision": 0.537875772090455,
        "recall": 0.5263176679485693,
        "f1-score": 0.3189164580013658,
        "support": 2112.0
    },
    "weighted avg": {
        "precision": 0.7008651469817407,
        "recall": 0.32386363636363635,
        "f1-score": 0.2873094851313039,
        "support": 2112.0
    }
}