{
    "R2": 0.9444862195571005,
    "RMSE": 19.89574993626886,
    "MSE": 395.84086552654236,
    "MAPE": 0.27839622980169826,
    "ACMAPE": 1.3485871255432549
}