{
    "DOWN": {
        "precision": 0.7457627118644068,
        "recall": 0.68317247167436,
        "f1-score": 0.7130968024529127,
        "support": 2383.0
    },
    "UP": {
        "precision": 0.38467807660961695,
        "recall": 0.4595910418695229,
        "f1-score": 0.4188110026619344,
        "support": 1027.0
    },
    "accuracy": 0.6158357771260997,
    "macro avg": {
        "precision": 0.5652203942370119,
        "recall": 0.5713817567719415,
        "f1-score": 0.5659539025574236,
        "support": 3410.0
    },
    "weighted avg": {
        "precision": 0.6370137615985214,
        "recall": 0.6158357771260997,
        "f1-score": 0.624465859231407,
        "support": 3410.0
    }
}