{
    "DOWN": {
        "precision": 0.6847682119205298,
        "recall": 0.9298561151079137,
        "f1-score": 0.7887109077040427,
        "support": 556.0
    },
    "UP": {
        "precision": 0.5979381443298969,
        "recall": 0.19594594594594594,
        "f1-score": 0.29516539440203565,
        "support": 296.0
    },
    "accuracy": 0.6748826291079812,
    "macro avg": {
        "precision": 0.6413531781252133,
        "recall": 0.5629010305269297,
        "f1-score": 0.5419381510530392,
        "support": 852.0
    },
    "weighted avg": {
        "precision": 0.6546018973585259,
        "recall": 0.6748826291079812,
        "f1-score": 0.6172443913455989,
        "support": 852.0
    }
}