{
    "DOWN": {
        "precision": 0.6625916870415648,
        "recall": 0.9748201438848921,
        "f1-score": 0.7889374090247452,
        "support": 556.0
    },
    "UP": {
        "precision": 0.5882352941176471,
        "recall": 0.06756756756756757,
        "f1-score": 0.12121212121212122,
        "support": 296.0
    },
    "accuracy": 0.6596244131455399,
    "macro avg": {
        "precision": 0.6254134905796059,
        "recall": 0.5211938557262299,
        "f1-score": 0.4550747651184332,
        "support": 852.0
    },
    "weighted avg": {
        "precision": 0.6367589495938187,
        "recall": 0.6596244131455399,
        "f1-score": 0.5569577315687162,
        "support": 852.0
    }
}