{
    "R2": -9.961041913872196,
    "RMSE": 227.87802536684384,
    "MSE": 51928.39444509193,
    "MAPE": 0.3028426072660117,
    "ACMAPE": 0.779033083456488
}