{
    "R2": -15.028742684402022,
    "RMSE": 275.5663963020064,
    "MSE": 75936.83877087444,
    "MAPE": 0.3611652061627375,
    "ACMAPE": 0.9053828932375674
}