{
    "R2": 0.23980195408855665,
    "RMSE": 60.01224902559791,
    "MSE": 3601.4700331103772,
    "MAPE": 0.06832297699173344,
    "ACMAPE": 0.7485950858352709
}