{
    "DOWN": {
        "precision": 0.6826086956521739,
        "recall": 0.3801452784503632,
        "f1-score": 0.48833592534992215,
        "support": 413.0
    },
    "UP": {
        "precision": 0.26436781609195403,
        "recall": 0.5575757575757576,
        "f1-score": 0.35867446393762187,
        "support": 165.0
    },
    "accuracy": 0.43079584775086505,
    "macro avg": {
        "precision": 0.47348825587206395,
        "recall": 0.4688605180130604,
        "f1-score": 0.423505194643772,
        "support": 578.0
    },
    "weighted avg": {
        "precision": 0.5632146729403464,
        "recall": 0.43079584775086505,
        "f1-score": 0.45132184034468065,
        "support": 578.0
    }
}