{
<<<<<<< HEAD
    "R2": -15.309652063309972,
    "RMSE": 277.9706076202246,
    "MSE": 77267.65870075686,
    "MAPE": 0.36530594055742566,
    "ACMAPE": 0.9095236276322556
=======
    "R2": -15.028742684402022,
    "RMSE": 275.5663963020064,
    "MSE": 75936.83877087444,
    "MAPE": 0.3611652061627375,
    "ACMAPE": 0.9053828932375674
>>>>>>> d5f42532be6a9c18a5da3fb21b671ebbe5b6efbf
}