{
    "DOWN": {
        "precision": 0.7549019607843137,
        "recall": 0.6875,
        "f1-score": 0.7196261682242991,
        "support": 112.0
    },
    "UP": {
        "precision": 0.2222222222222222,
        "recall": 0.2857142857142857,
        "f1-score": 0.25,
        "support": 35.0
    },
    "accuracy": 0.5918367346938775,
    "macro avg": {
        "precision": 0.48856209150326796,
        "recall": 0.48660714285714285,
        "f1-score": 0.4848130841121496,
        "support": 147.0
    },
    "weighted avg": {
        "precision": 0.6280734516028633,
        "recall": 0.5918367346938775,
        "f1-score": 0.6078104138851803,
        "support": 147.0
    }
}