{
    "R2": 0.9945452310150041,
    "RMSE": 9.30114087413443,
    "MSE": 86.5112215604942,
    "MAPE": 0.01723881316025268,
    "ACMAPE": 0.7043136430922255
}