{
    "R2": 0.3990006280365932,
    "RMSE": 53.359719431203395,
    "MSE": 2847.259657776745,
    "MAPE": 0.042583744605970406,
    "ACMAPE": 0.8589102752182153
}