{
<<<<<<< HEAD
    "R2": 0.8078147848824658,
    "RMSE": 54.516192316568834,
    "MSE": 2972.015224697119,
    "MAPE": 0.150974328745712,
    "ACMAPE": 1.538298272407684
=======
    "R2": 0.8036899454645833,
    "RMSE": 55.09812242591595,
    "MSE": 3035.8030948612227,
    "MAPE": 0.1527146813886339,
    "ACMAPE": 1.5365174982900425
>>>>>>> d5f42532be6a9c18a5da3fb21b671ebbe5b6efbf
}