{
    "DOWN": {
        "precision": 0.52,
        "recall": 0.1566265060240964,
        "f1-score": 0.24074074074074076,
        "support": 83.0
    },
    "UP": {
        "precision": 0.46564885496183206,
        "recall": 0.8356164383561644,
        "f1-score": 0.5980392156862746,
        "support": 73.0
    },
    "accuracy": 0.47435897435897434,
    "macro avg": {
        "precision": 0.49282442748091604,
        "recall": 0.49612147219013036,
        "f1-score": 0.41938997821350765,
        "support": 156.0
    },
    "weighted avg": {
        "precision": 0.49456645136034455,
        "recall": 0.47435897435897434,
        "f1-score": 0.4079381040165354,
        "support": 156.0
    }
}