{
    "DOWN": {
<<<<<<< HEAD
        "precision": 0.7510917030567685,
        "recall": 0.44675324675324674,
        "f1-score": 0.5602605863192183,
        "support": 385.0
    },
    "UP": {
        "precision": 0.43351063829787234,
        "recall": 0.740909090909091,
        "f1-score": 0.546979865771812,
        "support": 220.0
    },
    "accuracy": 0.5537190082644629,
    "macro avg": {
        "precision": 0.5923011706773205,
        "recall": 0.5938311688311688,
        "f1-score": 0.5536202260455152,
        "support": 605.0
    },
    "weighted avg": {
        "precision": 0.6356076795080791,
        "recall": 0.5537190082644629,
        "f1-score": 0.5554312333928888,
=======
        "precision": 0.73568281938326,
        "recall": 0.43376623376623374,
        "f1-score": 0.545751633986928,
        "support": 385.0
    },
    "UP": {
        "precision": 0.42328042328042326,
        "recall": 0.7272727272727273,
        "f1-score": 0.5351170568561874,
        "support": 220.0
    },
    "accuracy": 0.540495867768595,
    "macro avg": {
        "precision": 0.5794816213318417,
        "recall": 0.5805194805194805,
        "f1-score": 0.5404343454215577,
        "support": 605.0
    },
    "weighted avg": {
        "precision": 0.6220819480731375,
        "recall": 0.540495867768595,
        "f1-score": 0.5418845150302951,
>>>>>>> d5f42532be6a9c18a5da3fb21b671ebbe5b6efbf
        "support": 605.0
    }
}