{
    "R2": 0.8848742187789447,
    "RMSE": 13.196415043602926,
    "MSE": 174.14537000302963,
    "MAPE": 0.04074374831628672,
    "ACMAPE": 1.1433078508803893
}