{
    "DOWN": {
        "precision": 0.5,
        "recall": 0.012048192771084338,
        "f1-score": 0.023529411764705882,
        "support": 83.0
    },
    "UP": {
        "precision": 0.4675324675324675,
        "recall": 0.9863013698630136,
        "f1-score": 0.6343612334801763,
        "support": 73.0
    },
    "accuracy": 0.46794871794871795,
    "macro avg": {
        "precision": 0.48376623376623373,
        "recall": 0.499174781317049,
        "f1-score": 0.3289453226224411,
        "support": 156.0
    },
    "weighted avg": {
        "precision": 0.4848068598068598,
        "recall": 0.46794871794871795,
        "f1-score": 0.30936737961874006,
        "support": 156.0
    }
}