{
    "DOWN": {
        "precision": 0.7012658227848101,
        "recall": 0.6959798994974874,
        "f1-score": 0.6986128625472887,
        "support": 398.0
    },
    "UP": {
        "precision": 0.47391304347826085,
        "recall": 0.4801762114537445,
        "f1-score": 0.47702407002188185,
        "support": 227.0
    },
    "accuracy": 0.6176,
    "macro avg": {
        "precision": 0.5875894331315354,
        "recall": 0.588078055475616,
        "f1-score": 0.5878184662845853,
        "support": 625.0
    },
    "weighted avg": {
        "precision": 0.6186912933406714,
        "recall": 0.6176,
        "f1-score": 0.6181318131020609,
        "support": 625.0
    }
}