{
    "R2": 0.8850379896927831,
    "RMSE": 13.18702549562675,
    "MSE": 173.89764142230996,
    "MAPE": 0.03935415044078984,
    "ACMAPE": 1.0906362017228413
}