{
    "R2": 0.9274510039850983,
    "RMSE": 10.475756002206897,
    "MSE": 109.74146381777382,
    "MAPE": 0.02826480853504382,
    "ACMAPE": 1.015444295714531
}