{
    "R2": 0.9408433563059548,
    "RMSE": 21.561908805983272,
    "MSE": 464.9159113575389,
    "MAPE": 0.050705197229032585,
    "ACMAPE": 1.135951098868377
}