{
    "DOWN": {
        "precision": 0.7136100893326327,
        "recall": 0.45847400405131666,
        "f1-score": 0.5582733812949641,
        "support": 2962.0
    },
    "UP": {
        "precision": 0.2797485406376291,
        "recall": 0.5333904109589042,
        "f1-score": 0.3670103092783505,
        "support": 1168.0
    },
    "accuracy": 0.47966101694915253,
    "macro avg": {
        "precision": 0.4966793149851309,
        "recall": 0.4959322075051104,
        "f1-score": 0.4626418452866573,
        "support": 4130.0
    },
    "weighted avg": {
        "precision": 0.5909102615176778,
        "recall": 0.47966101694915253,
        "f1-score": 0.5041825173445028,
        "support": 4130.0
    }
}