{
    "DOWN": {
        "precision": 0.7365042311059236,
        "recall": 0.8486886348352387,
        "f1-score": 0.7886267770660834,
        "support": 2974.0
    },
    "UP": {
        "precision": 0.3775933609958506,
        "recall": 0.23214285714285715,
        "f1-score": 0.28751974723538704,
        "support": 1176.0
    },
    "accuracy": 0.6739759036144578,
    "macro avg": {
        "precision": 0.5570487960508871,
        "recall": 0.540415745989048,
        "f1-score": 0.5380732621507353,
        "support": 4150.0
    },
    "weighted avg": {
        "precision": 0.6347984038169004,
        "recall": 0.6739759036144578,
        "f1-score": 0.6466263271670716,
        "support": 4150.0
    }
}