{
    "DOWN": {
        "precision": 0.8545454545454545,
        "recall": 0.1934156378600823,
        "f1-score": 0.3154362416107382,
        "support": 243.0
    },
    "UP": {
        "precision": 0.36156351791530944,
        "recall": 0.9327731092436975,
        "f1-score": 0.5211267605633803,
        "support": 119.0
    },
    "accuracy": 0.43646408839779005,
    "macro avg": {
        "precision": 0.6080544862303819,
        "recall": 0.5630943735518898,
        "f1-score": 0.4182815010870592,
        "support": 362.0
    },
    "weighted avg": {
        "precision": 0.692487856592451,
        "recall": 0.43646408839779005,
        "f1-score": 0.38305273817251834,
        "support": 362.0
    }
}