{
    "R2": 0.28777515321259883,
    "RMSE": 28.624395290420132,
    "MSE": 819.3560057422263,
    "MAPE": 0.14832081586726537,
    "ACMAPE": 1.0820224733258288
}