{
    "DOWN": {
        "precision": 0.7404661016949152,
        "recall": 0.706060606060606,
        "f1-score": 0.7228541882109617,
        "support": 990.0
    },
    "UP": {
        "precision": 0.39751552795031053,
        "recall": 0.43935926773455375,
        "f1-score": 0.417391304347826,
        "support": 437.0
    },
    "accuracy": 0.6243868255080589,
    "macro avg": {
        "precision": 0.5689908148226128,
        "recall": 0.5727099368975799,
        "f1-score": 0.5701227462793939,
        "support": 1427.0
    },
    "weighted avg": {
        "precision": 0.6354419946687118,
        "recall": 0.6243868255080589,
        "f1-score": 0.629310193643204,
        "support": 1427.0
    }
}