{
    "R2": -0.19400535390251505,
    "RMSE": 37.06217458665545,
    "MSE": 1373.6047850917294,
    "MAPE": 0.07510998448104163,
    "ACMAPE": 1.2021818076854616
}