{
<<<<<<< HEAD
    "R2": 0.9586382820155203,
    "RMSE": 18.99774398096927,
    "MSE": 360.91427636645403,
    "MAPE": 0.05752419717796279,
    "ACMAPE": 0.8087505461618449
=======
    "R2": 0.954443055949353,
    "RMSE": 19.93792867913958,
    "MSE": 397.52100001445655,
    "MAPE": 0.0617528361162486,
    "ACMAPE": 0.8129791851001308
>>>>>>> d5f42532be6a9c18a5da3fb21b671ebbe5b6efbf
}