{
    "R2": 0.9411903545258266,
    "RMSE": 23.01781744825797,
    "MSE": 529.819920081329,
    "MAPE": 0.07056700704150407,
    "ACMAPE": 1.3826335812440005
}