{
    "DOWN": {
        "precision": 0.4444444444444444,
        "recall": 0.06060606060606061,
        "f1-score": 0.10666666666666667,
        "support": 66.0
    },
    "UP": {
        "precision": 0.39215686274509803,
        "recall": 0.8888888888888888,
        "f1-score": 0.5442176870748299,
        "support": 45.0
    },
    "accuracy": 0.3963963963963964,
    "macro avg": {
        "precision": 0.4183006535947712,
        "recall": 0.4747474747474747,
        "f1-score": 0.3254421768707483,
        "support": 111.0
    },
    "weighted avg": {
        "precision": 0.4232467761879527,
        "recall": 0.3963963963963964,
        "f1-score": 0.2840522154807869,
        "support": 111.0
    }
}