{
    "DOWN": {
        "precision": 0.7549019607843137,
        "recall": 0.5833333333333334,
        "f1-score": 0.6581196581196581,
        "support": 264.0
    },
    "UP": {
        "precision": 0.4977168949771689,
        "recall": 0.6855345911949685,
        "f1-score": 0.5767195767195766,
        "support": 159.0
    },
    "accuracy": 0.6217494089834515,
    "macro avg": {
        "precision": 0.6263094278807413,
        "recall": 0.6344339622641509,
        "f1-score": 0.6174196174196174,
        "support": 423.0
    },
    "weighted avg": {
        "precision": 0.6582295601617699,
        "recall": 0.6217494089834515,
        "f1-score": 0.627522464401897,
        "support": 423.0
    }
}