{
    "R2": 0.8946656653434402,
    "RMSE": 37.183556858604085,
    "MSE": 1382.616900657043,
    "MAPE": 0.022960242720400252,
    "ACMAPE": 1.0319692517294092
}