{
    "DOWN": {
        "precision": 0.6666666666666666,
        "recall": 0.21212121212121213,
        "f1-score": 0.3218390804597701,
        "support": 66.0
    },
    "UP": {
        "precision": 0.4222222222222222,
        "recall": 0.8444444444444444,
        "f1-score": 0.562962962962963,
        "support": 45.0
    },
    "accuracy": 0.46846846846846846,
    "macro avg": {
        "precision": 0.5444444444444444,
        "recall": 0.5282828282828282,
        "f1-score": 0.4424010217113665,
        "support": 111.0
    },
    "weighted avg": {
        "precision": 0.5675675675675675,
        "recall": 0.46846846846846846,
        "f1-score": 0.4195920057989024,
        "support": 111.0
    }
}