{
    "R2": 0.8269138424663437,
    "RMSE": 47.66472819620435,
    "MSE": 2271.9263140180383,
    "MAPE": 0.032222344569057294,
    "ACMAPE": 1.2394295517762646
}