{
    "R2": 0.5646640838464912,
    "RMSE": 75.59241180039206,
    "MSE": 5714.212721800053,
    "MAPE": 0.05185223537658206,
    "ACMAPE": 1.096897280421627
}