{
    "R2": 0.9551417824418074,
    "RMSE": 40.1861275164608,
    "MSE": 1614.9248447692478,
    "MAPE": 0.0198409389533261,
    "ACMAPE": 0.9123643034393074
}