{
    "R2": 0.9730218093196514,
    "RMSE": 118.84664642045071,
    "MSE": 14124.52536538763,
    "MAPE": 0.038252073342694023,
    "ACMAPE": 1.04971339139427
}