{
    "R2": -2.588506041846478,
    "RMSE": 1370.6840602539062,
    "MSE": 1878774.7930341337,
    "MAPE": 0.5286123661296869,
    "ACMAPE": 1.3796152314591998
}