{
    "R2": 0.9036619160003865,
    "RMSE": 224.58436776384877,
    "MSE": 50438.138243887675,
    "MAPE": 0.0673970827987981,
    "ACMAPE": 0.9040733005638412
}