{
    "R2": -2.456693587622865,
    "RMSE": 251.44145228102025,
    "MSE": 63222.80392518858,
    "MAPE": 0.15536388714414087,
    "ACMAPE": 1.2455278215703705
}