{
    "DOWN": {
        "precision": 0.8461538461538461,
        "recall": 0.03536977491961415,
        "f1-score": 0.06790123456790123,
        "support": 311.0
    },
    "UP": {
        "precision": 0.3684210526315789,
        "recall": 0.9887005649717514,
        "f1-score": 0.5368098159509203,
        "support": 177.0
    },
    "accuracy": 0.38114754098360654,
    "macro avg": {
        "precision": 0.6072874493927125,
        "recall": 0.5120351699456828,
        "f1-score": 0.30235552525941073,
        "support": 488.0
    },
    "weighted avg": {
        "precision": 0.6728778124377779,
        "recall": 0.38114754098360654,
        "f1-score": 0.2379766831432995,
        "support": 488.0
    }
}