{
    "R2": 0.9918557971604279,
    "RMSE": 32.82567067305236,
    "MSE": 1077.5246551356897,
    "MAPE": 0.021372159233497272,
    "ACMAPE": 0.57359553048479
}