{
    "R2": 0.9917193659042579,
    "RMSE": 32.93150949755463,
    "MSE": 1084.484317787531,
    "MAPE": 0.02799675581965972,
    "ACMAPE": 0.8232884651338871
}