{
    "R2": -20.77317046901074,
    "RMSE": 631.055085334695,
    "MSE": 398230.52072677924,
    "MAPE": 0.6034620211505908,
    "ACMAPE": 1.5501833326260006
}