{
    "DOWN": {
        "precision": 0.7,
        "recall": 0.29260450160771706,
        "f1-score": 0.41269841269841273,
        "support": 311.0
    },
    "UP": {
        "precision": 0.3854748603351955,
        "recall": 0.7796610169491526,
        "f1-score": 0.5158878504672897,
        "support": 177.0
    },
    "accuracy": 0.4692622950819672,
    "macro avg": {
        "precision": 0.5427374301675978,
        "recall": 0.5361327592784348,
        "f1-score": 0.46429313158285124,
        "support": 488.0
    },
    "weighted avg": {
        "precision": 0.5859201849986262,
        "recall": 0.4692622950819672,
        "f1-score": 0.4501257292662226,
        "support": 488.0
    }
}