{
    "DOWN": {
<<<<<<< HEAD
        "precision": 0.7,
        "recall": 0.29260450160771706,
        "f1-score": 0.41269841269841273,
        "support": 311.0
    },
    "UP": {
        "precision": 0.3854748603351955,
        "recall": 0.7796610169491526,
        "f1-score": 0.5158878504672897,
        "support": 177.0
    },
    "accuracy": 0.4692622950819672,
    "macro avg": {
        "precision": 0.5427374301675978,
        "recall": 0.5361327592784348,
        "f1-score": 0.46429313158285124,
        "support": 488.0
    },
    "weighted avg": {
        "precision": 0.5859201849986262,
        "recall": 0.4692622950819672,
        "f1-score": 0.4501257292662226,
=======
        "precision": 0.7064220183486238,
        "recall": 0.24758842443729903,
        "f1-score": 0.36666666666666664,
        "support": 311.0
    },
    "UP": {
        "precision": 0.38258575197889183,
        "recall": 0.8192090395480226,
        "f1-score": 0.5215827338129496,
        "support": 177.0
    },
    "accuracy": 0.45491803278688525,
    "macro avg": {
        "precision": 0.5445038851637578,
        "recall": 0.5333987319926609,
        "f1-score": 0.4441247002398081,
        "support": 488.0
    },
    "weighted avg": {
        "precision": 0.5889650118989465,
        "recall": 0.45491803278688525,
        "f1-score": 0.4228554861029209,
>>>>>>> d5f42532be6a9c18a5da3fb21b671ebbe5b6efbf
        "support": 488.0
    }
}