{
    "DOWN": {
        "precision": 0.6187717265353418,
        "recall": 0.2541646834840552,
        "f1-score": 0.3603238866396761,
        "support": 2101.0
    },
    "UP": {
        "precision": 0.394980694980695,
        "recall": 0.7566568047337278,
        "f1-score": 0.5190258751902588,
        "support": 1352.0
    },
    "accuracy": 0.45091225021720244,
    "macro avg": {
        "precision": 0.5068762107580185,
        "recall": 0.5054107441088915,
        "f1-score": 0.4396748809149674,
        "support": 3453.0
    },
    "weighted avg": {
        "precision": 0.5311477836851007,
        "recall": 0.45091225021720244,
        "f1-score": 0.422462632229131,
        "support": 3453.0
    }
}