{
    "DOWN": {
        "precision": 0.6285278413424866,
        "recall": 0.3908918406072106,
        "f1-score": 0.4820122842936531,
        "support": 2108.0
    },
    "UP": {
        "precision": 0.4033457249070632,
        "recall": 0.640590405904059,
        "f1-score": 0.4950099800399201,
        "support": 1355.0
    },
    "accuracy": 0.4885937048801617,
    "macro avg": {
        "precision": 0.515936783124775,
        "recall": 0.5157411232556348,
        "f1-score": 0.4885111321667866,
        "support": 3463.0
    },
    "weighted avg": {
        "precision": 0.540418754490047,
        "recall": 0.4885937048801617,
        "f1-score": 0.48709801277652687,
        "support": 3463.0
    }
}