{
    "DOWN": {
        "precision": 0.5891472868217055,
        "recall": 0.29980276134122286,
        "f1-score": 0.3973856209150327,
        "support": 507.0
    },
    "UP": {
        "precision": 0.41515650741350907,
        "recall": 0.7039106145251397,
        "f1-score": 0.522279792746114,
        "support": 358.0
    },
    "accuracy": 0.46705202312138727,
    "macro avg": {
        "precision": 0.5021518971176073,
        "recall": 0.5018566879331813,
        "f1-score": 0.45983270683057337,
        "support": 865.0
    },
    "weighted avg": {
        "precision": 0.5171372301417814,
        "recall": 0.46705202312138727,
        "f1-score": 0.44907592555726056,
        "support": 865.0
    }
}