{
    "R2": -0.04747042722524508,
    "RMSE": 488.0003782249373,
    "MSE": 238144.3691476819,
    "MAPE": 0.5274379358993677,
    "ACMAPE": 1.6066744888201312
}