{
    "R2": 0.931461305852359,
    "RMSE": 194.70411557071324,
    "MSE": 37909.692620173664,
    "MAPE": 0.05442244700524328,
    "ACMAPE": 1.1203184007624687
}