{
    "DOWN": {
        "precision": 0.623960880195599,
        "recall": 0.6096512183468705,
        "f1-score": 0.6167230546157564,
        "support": 2093.0
    },
    "UP": {
        "precision": 0.4155937052932761,
        "recall": 0.43037037037037035,
        "f1-score": 0.4228529839883552,
        "support": 1350.0
    },
    "accuracy": 0.5393552134766192,
    "macro avg": {
        "precision": 0.5197772927444375,
        "recall": 0.5200107943586204,
        "f1-score": 0.5197880193020558,
        "support": 3443.0
    },
    "weighted avg": {
        "precision": 0.5422601290721207,
        "recall": 0.5393552134766192,
        "f1-score": 0.5407066168152941,
        "support": 3443.0
    }
}