{
    "DOWN": {
        "precision": 0.606951871657754,
        "recall": 0.32336182336182334,
        "f1-score": 0.4219330855018587,
        "support": 2106.0
    },
    "UP": {
        "precision": 0.3899828767123288,
        "recall": 0.6738165680473372,
        "f1-score": 0.49403470715835146,
        "support": 1352.0
    },
    "accuracy": 0.46038172353961826,
    "macro avg": {
        "precision": 0.4984673741850414,
        "recall": 0.49858919570458027,
        "f1-score": 0.45798389633010506,
        "support": 3458.0
    },
    "weighted avg": {
        "precision": 0.5221218886715727,
        "recall": 0.46038172353961826,
        "f1-score": 0.4501231932171792,
        "support": 3458.0
    }
}