{
    "R2": 0.9901184405650587,
    "RMSE": 47.26201009346542,
    "MSE": 2233.697598074827,
    "MAPE": 0.0402784778289701,
    "ACMAPE": 0.9615680508757317
}