{
    "R2": 0.9899897320027962,
    "RMSE": 47.74850664105658,
    "MSE": 2279.9198864510245,
    "MAPE": 0.02902368624524763,
    "ACMAPE": 1.0518362764849243
}