{
    "DOWN": {
        "precision": 1.0,
        "recall": 0.014112903225806451,
        "f1-score": 0.02783300198807157,
        "support": 496.0
    },
    "UP": {
        "precision": 0.34185733512786004,
        "recall": 1.0,
        "f1-score": 0.5095285857572719,
        "support": 254.0
    },
    "accuracy": 0.348,
    "macro avg": {
        "precision": 0.67092866756393,
        "recall": 0.5070564516129032,
        "f1-score": 0.26868079387267174,
        "support": 750.0
    },
    "weighted avg": {
        "precision": 0.7771090174966353,
        "recall": 0.348,
        "f1-score": 0.19096723969124074,
        "support": 750.0
    }
}