{
    "DOWN": {
        "precision": 0.6499133448873483,
        "recall": 0.7560483870967742,
        "f1-score": 0.6989748369058714,
        "support": 496.0
    },
    "UP": {
        "precision": 0.30057803468208094,
        "recall": 0.2047244094488189,
        "f1-score": 0.24355971896955503,
        "support": 254.0
    },
    "accuracy": 0.5693333333333334,
    "macro avg": {
        "precision": 0.4752456897847146,
        "recall": 0.48038639827279656,
        "f1-score": 0.47126727793771317,
        "support": 750.0
    },
    "weighted avg": {
        "precision": 0.5316051198311644,
        "recall": 0.5693333333333334,
        "f1-score": 0.5447409169647722,
        "support": 750.0
    }
}