{
    "DOWN": {
        "precision": 0.6604026845637584,
        "recall": 0.9919354838709677,
        "f1-score": 0.7929089443996777,
        "support": 496.0
    },
    "UP": {
        "precision": 0.2,
        "recall": 0.003937007874015748,
        "f1-score": 0.007722007722007721,
        "support": 254.0
    },
    "accuracy": 0.6573333333333333,
    "macro avg": {
        "precision": 0.43020134228187923,
        "recall": 0.49793624587249175,
        "f1-score": 0.4003154760608427,
        "support": 750.0
    },
    "weighted avg": {
        "precision": 0.5044796420581655,
        "recall": 0.6573333333333333,
        "f1-score": 0.5269923018448401,
        "support": 750.0
    }
}