{
    "DOWN": {
        "precision": 0.9202020202020202,
        "recall": 0.6826526789059573,
        "f1-score": 0.783824478382448,
        "support": 2669.0
    },
    "UP": {
        "precision": 0.15469061876247506,
        "recall": 0.4952076677316294,
        "f1-score": 0.23574144486692017,
        "support": 313.0
    },
    "accuracy": 0.6629778672032193,
    "macro avg": {
        "precision": 0.5374463194822476,
        "recall": 0.5889301733187933,
        "f1-score": 0.5097829616246841,
        "support": 2982.0
    },
    "weighted avg": {
        "precision": 0.839851561231337,
        "recall": 0.6629778672032193,
        "f1-score": 0.7262959775473171,
        "support": 2982.0
    }
}