{
    "R2": 0.825313109836222,
    "RMSE": 92.44078596998268,
    "MSE": 8545.298910748146,
    "MAPE": 0.32029784078785656,
    "ACMAPE": 1.0056311741211899
}