{
    "R2": 0.9625534826984664,
    "RMSE": 34.15444776290236,
    "MSE": 1166.5263019888257,
    "MAPE": 0.028296952067810348,
    "ACMAPE": 0.8621731735661816
}