{
    "DOWN": {
        "precision": 0.6070087609511889,
        "recall": 0.8738738738738738,
        "f1-score": 0.7163958641063515,
        "support": 555.0
    },
    "UP": {
        "precision": 0.4262295081967213,
        "recall": 0.14207650273224043,
        "f1-score": 0.21311475409836064,
        "support": 366.0
    },
    "accuracy": 0.5830618892508144,
    "macro avg": {
        "precision": 0.5166191345739551,
        "recall": 0.5079751883030571,
        "f1-score": 0.4647553091023561,
        "support": 921.0
    },
    "weighted avg": {
        "precision": 0.535168145850065,
        "recall": 0.5830618892508144,
        "f1-score": 0.5163949018230457,
        "support": 921.0
    }
}