{
    "DOWN": {
        "precision": 0.6021505376344086,
        "recall": 0.5045045045045045,
        "f1-score": 0.5490196078431372,
        "support": 555.0
    },
    "UP": {
        "precision": 0.3969298245614035,
        "recall": 0.49453551912568305,
        "f1-score": 0.44038929440389296,
        "support": 366.0
    },
    "accuracy": 0.500542888165038,
    "macro avg": {
        "precision": 0.4995401810979061,
        "recall": 0.49952001181509376,
        "f1-score": 0.4947044511235151,
        "support": 921.0
    },
    "weighted avg": {
        "precision": 0.520597029507677,
        "recall": 0.500542888165038,
        "f1-score": 0.505850558202786,
        "support": 921.0
    }
}