{
    "R2": 0.9603673946710553,
    "RMSE": 35.13725760852086,
    "MSE": 1234.6268722475572,
    "MAPE": 0.029202549255900146,
    "ACMAPE": 0.9130244819377676
}