{
    "DOWN": {
        "precision": 0.7690483249332938,
        "recall": 0.9280858676207513,
        "f1-score": 0.8411154345006484,
        "support": 2795.0
    },
    "UP": {
        "precision": 0.35987261146496813,
        "recall": 0.1266816143497758,
        "f1-score": 0.18739635157545606,
        "support": 892.0
    },
    "accuracy": 0.7342012476267968,
    "macro avg": {
        "precision": 0.564460468199131,
        "recall": 0.5273837409852635,
        "f1-score": 0.5142558930380522,
        "support": 3687.0
    },
    "weighted avg": {
        "precision": 0.6700559906740731,
        "recall": 0.7342012476267968,
        "f1-score": 0.6829604515960453,
        "support": 3687.0
    }
}