{
    "R2": 0.9949594233958745,
    "RMSE": 11.27351425346108,
    "MSE": 127.09212362299013,
    "MAPE": 0.04037273484452123,
    "ACMAPE": 1.4390690955180683
}