{
    "R2": 0.9584287036302375,
    "RMSE": 13.60819926388506,
    "MSE": 185.18308720560188,
    "MAPE": 0.03463027087744613,
    "ACMAPE": 0.9567988162343973
}