{
    "DOWN": {
        "precision": 0.7637457044673539,
        "recall": 0.603530210454854,
        "f1-score": 0.6742510428517253,
        "support": 1473.0
    },
    "UP": {
        "precision": 0.16452074391988555,
        "recall": 0.2948717948717949,
        "f1-score": 0.21120293847566576,
        "support": 390.0
    },
    "accuracy": 0.5389157273215244,
    "macro avg": {
        "precision": 0.46413322419361974,
        "recall": 0.4492010026633244,
        "f1-score": 0.44272699066369553,
        "support": 1863.0
    },
    "weighted avg": {
        "precision": 0.6383040863173203,
        "recall": 0.5389157273215244,
        "f1-score": 0.577316657072518,
        "support": 1863.0
    }
}