{
    "R2": -10.934653661119782,
    "RMSE": 54.3374562730811,
    "MSE": 2952.559154229001,
    "MAPE": 0.06710505561496968,
    "ACMAPE": 0.914416883571959
}