{
    "R2": 0.9772364571494726,
    "RMSE": 10.082614762209031,
    "MSE": 101.6591204431155,
    "MAPE": 0.0285275607180604,
    "ACMAPE": 0.8638343422035286
}