{
    "DOWN": {
        "precision": 0.7209302325581395,
        "recall": 0.10580204778156997,
        "f1-score": 0.18452380952380953,
        "support": 293.0
    },
    "UP": {
        "precision": 0.3791469194312796,
        "recall": 0.9302325581395349,
        "f1-score": 0.5387205387205387,
        "support": 172.0
    },
    "accuracy": 0.410752688172043,
    "macro avg": {
        "precision": 0.5500385759947095,
        "recall": 0.5180173029605524,
        "f1-score": 0.3616221741221741,
        "support": 465.0
    },
    "weighted avg": {
        "precision": 0.594507157595086,
        "recall": 0.410752688172043,
        "f1-score": 0.31553851365679325,
        "support": 465.0
    }
}