{
    "R2": 0.9535052533599115,
    "RMSE": 6.436152232792472,
    "MSE": 41.424055563679524,
    "MAPE": 0.1419762333407765,
    "ACMAPE": 1.4413307848653703
}