{
    "R2": 0.8907310443744563,
    "RMSE": 17.44665940946276,
    "MSE": 304.38592454979545,
    "MAPE": 0.07064364017050852,
    "ACMAPE": 0.7178067607378843
}