{
    "R2": 0.9873748449264914,
    "RMSE": 3.3632043504195654,
    "MSE": 11.311143502681091,
    "MAPE": 0.04994122527422232,
    "ACMAPE": 0.6694847661561191
}