{
    "DOWN": {
        "precision": 0.6904522613065327,
        "recall": 0.9027595269382391,
        "f1-score": 0.7824601366742596,
        "support": 761.0
    },
    "UP": {
        "precision": 0.44360902255639095,
        "recall": 0.16076294277929154,
        "f1-score": 0.236,
        "support": 367.0
    },
    "accuracy": 0.6613475177304965,
    "macro avg": {
        "precision": 0.5670306419314618,
        "recall": 0.5317612348587654,
        "f1-score": 0.5092300683371298,
        "support": 1128.0
    },
    "weighted avg": {
        "precision": 0.6101406756493502,
        "recall": 0.6613475177304965,
        "f1-score": 0.6046668120648152,
        "support": 1128.0
    }
}