{
    "R2": 0.9417353321268997,
    "RMSE": 7.211827853481621,
    "MSE": 52.01046098825332,
    "MAPE": 0.08229534639643404,
    "ACMAPE": 0.8666786649412432
}