{
    "DOWN": {
        "precision": 0.8113615313368323,
        "recall": 0.7695461200585652,
        "f1-score": 0.7899008115419297,
        "support": 3415.0
    },
    "UP": {
        "precision": 0.38226059654631084,
        "recall": 0.4435336976320583,
        "f1-score": 0.4106239460370995,
        "support": 1098.0
    },
    "accuracy": 0.6902282295590516,
    "macro avg": {
        "precision": 0.5968110639415716,
        "recall": 0.6065399088453117,
        "f1-score": 0.6002623787895146,
        "support": 4513.0
    },
    "weighted avg": {
        "precision": 0.7069625004482898,
        "recall": 0.6902282295590516,
        "f1-score": 0.6976238342930257,
        "support": 4513.0
    }
}