{
    "R2": 0.7956815771579573,
    "RMSE": 11.262673786446726,
    "MSE": 126.84782081991425,
    "MAPE": 0.043965987092005485,
    "ACMAPE": 1.2890640263076918
}