{
    "DOWN": {
        "precision": 0.5362318840579711,
        "recall": 0.09487179487179487,
        "f1-score": 0.16122004357298475,
        "support": 390.0
    },
    "UP": {
        "precision": 0.34990791896869244,
        "recall": 0.8558558558558559,
        "f1-score": 0.49673202614379086,
        "support": 222.0
    },
    "accuracy": 0.3709150326797386,
    "macro avg": {
        "precision": 0.44306990151333175,
        "recall": 0.4753638253638254,
        "f1-score": 0.3289760348583878,
        "support": 612.0
    },
    "weighted avg": {
        "precision": 0.46864377907460536,
        "recall": 0.3709150326797386,
        "f1-score": 0.28292537058396344,
        "support": 612.0
    }
}