{
    "R2": 0.8535081314969932,
    "RMSE": 32.57085402060481,
    "MSE": 1060.8605316315488,
    "MAPE": 0.13149826100325065,
    "ACMAPE": 1.2709665636617373
}