{
    "R2": 0.5371376648762282,
    "RMSE": 16.95171579454924,
    "MSE": 287.36066837917014,
    "MAPE": 0.0640321996072326,
    "ACMAPE": 0.8189341603915463
}