{
    "DOWN": {
        "precision": 0.8461538461538461,
        "recall": 0.028205128205128206,
        "f1-score": 0.05459057071960298,
        "support": 390.0
    },
    "UP": {
        "precision": 0.3672787979966611,
        "recall": 0.990990990990991,
        "f1-score": 0.535931790499391,
        "support": 222.0
    },
    "accuracy": 0.37745098039215685,
    "macro avg": {
        "precision": 0.6067163220752536,
        "recall": 0.5095980595980596,
        "f1-score": 0.29526118060949696,
        "support": 612.0
    },
    "weighted avg": {
        "precision": 0.6724442698615339,
        "recall": 0.37745098039215685,
        "f1-score": 0.22919473867893783,
        "support": 612.0
    }
}