{
    "DOWN": {
        "precision": 0.6469500924214417,
        "recall": 0.8974358974358975,
        "f1-score": 0.7518796992481203,
        "support": 390.0
    },
    "UP": {
        "precision": 0.43661971830985913,
        "recall": 0.13963963963963963,
        "f1-score": 0.21160409556313992,
        "support": 222.0
    },
    "accuracy": 0.6225490196078431,
    "macro avg": {
        "precision": 0.5417849053656505,
        "recall": 0.5185377685377686,
        "f1-score": 0.4817418974056301,
        "support": 612.0
    },
    "weighted avg": {
        "precision": 0.5706537802437108,
        "recall": 0.6225490196078431,
        "f1-score": 0.5558973724212156,
        "support": 612.0
    }
}