{
    "R2": 0.9849505350844416,
    "RMSE": 10.42154074574105,
    "MSE": 108.60851151514092,
    "MAPE": 0.03266795805268721,
    "ACMAPE": 0.7413099333613291
}