{
    "DOWN": {
        "precision": 0.5729166666666666,
        "recall": 0.14102564102564102,
        "f1-score": 0.22633744855967075,
        "support": 390.0
    },
    "UP": {
        "precision": 0.3507751937984496,
        "recall": 0.8153153153153153,
        "f1-score": 0.4905149051490515,
        "support": 222.0
    },
    "accuracy": 0.38562091503267976,
    "macro avg": {
        "precision": 0.46184593023255816,
        "recall": 0.4781704781704782,
        "f1-score": 0.3584261768543611,
        "support": 612.0
    },
    "weighted avg": {
        "precision": 0.49233593631250944,
        "recall": 0.38562091503267976,
        "f1-score": 0.3221665259499363,
        "support": 612.0
    }
}