{
    "DOWN": {
        "precision": 0.7219251336898396,
        "recall": 0.6338028169014085,
        "f1-score": 0.675,
        "support": 213.0
    },
    "UP": {
        "precision": 0.44285714285714284,
        "recall": 0.543859649122807,
        "f1-score": 0.4881889763779528,
        "support": 114.0
    },
    "accuracy": 0.6024464831804281,
    "macro avg": {
        "precision": 0.5823911382734912,
        "recall": 0.5888312330121077,
        "f1-score": 0.5815944881889764,
        "support": 327.0
    },
    "weighted avg": {
        "precision": 0.6246353754178903,
        "recall": 0.6024464831804281,
        "f1-score": 0.609873221122589,
        "support": 327.0
    }
}