{
    "R2": 0.9387871309316642,
    "RMSE": 26.861353862118364,
    "MSE": 721.532331305941,
    "MAPE": 0.04568898805423369,
    "ACMAPE": 0.8966206650728672
}