{
    "DOWN": {
        "precision": 0.6839622641509434,
        "recall": 0.6621004566210046,
        "f1-score": 0.6728538283062646,
        "support": 219.0
    },
    "UP": {
        "precision": 0.408,
        "recall": 0.4322033898305085,
        "f1-score": 0.41975308641975306,
        "support": 118.0
    },
    "accuracy": 0.5816023738872403,
    "macro avg": {
        "precision": 0.5459811320754717,
        "recall": 0.5471519232257566,
        "f1-score": 0.5463034573630088,
        "support": 337.0
    },
    "weighted avg": {
        "precision": 0.5873345277420078,
        "recall": 0.5816023738872403,
        "f1-score": 0.58423101660713,
        "support": 337.0
    }
}