{
    "R2": 0.9818136782226938,
    "RMSE": 15.194696212636075,
    "MSE": 230.87879299429707,
    "MAPE": 0.021367992729217928,
    "ACMAPE": 0.8346210047774106
}