{
    "DOWN": {
        "precision": 0.6829268292682927,
        "recall": 0.5283018867924528,
        "f1-score": 0.5957446808510638,
        "support": 53.0
    },
    "UP": {
        "precision": 0.4318181818181818,
        "recall": 0.59375,
        "f1-score": 0.5,
        "support": 32.0
    },
    "accuracy": 0.5529411764705883,
    "macro avg": {
        "precision": 0.5573725055432373,
        "recall": 0.5610259433962264,
        "f1-score": 0.5478723404255319,
        "support": 85.0
    },
    "weighted avg": {
        "precision": 0.5883918090517803,
        "recall": 0.5529411764705883,
        "f1-score": 0.5596996245306634,
        "support": 85.0
    }
}