{
    "DOWN": {
        "precision": 0.9604221635883905,
        "recall": 0.46846846846846846,
        "f1-score": 0.629757785467128,
        "support": 777.0
    },
    "UP": {
        "precision": 0.3082077051926298,
        "recall": 0.9246231155778895,
        "f1-score": 0.4623115577889448,
        "support": 199.0
    },
    "accuracy": 0.5614754098360656,
    "macro avg": {
        "precision": 0.6343149343905101,
        "recall": 0.696545792023179,
        "f1-score": 0.5460346716280364,
        "support": 976.0
    },
    "weighted avg": {
        "precision": 0.8274399123376155,
        "recall": 0.5614754098360656,
        "f1-score": 0.5956165976515968,
        "support": 976.0
    }
}