{
    "R2": 0.9891100313541339,
    "RMSE": 19.488635015748635,
    "MSE": 379.8068947770638,
    "MAPE": 0.013188016886561026,
    "ACMAPE": 0.043413426722626505
}