{
    "DOWN": {
        "precision": 0.9885568976478067,
        "recall": 0.4026411185914034,
        "f1-score": 0.5722171113155473,
        "support": 3862.0
    },
    "UP": {
        "precision": 0.00816852966466036,
        "recall": 0.5135135135135135,
        "f1-score": 0.016081252644942867,
        "support": 37.0
    },
    "accuracy": 0.40369325468068734,
    "macro avg": {
        "precision": 0.4983627136562335,
        "recall": 0.45807731605245844,
        "f1-score": 0.2941491819802451,
        "support": 3899.0
    },
    "weighted avg": {
        "precision": 0.9792533917192671,
        "recall": 0.40369325468068734,
        "f1-score": 0.5669395973963854,
        "support": 3899.0
    }
}