{
    "R2": 0.9627727828648298,
    "RMSE": 78.95932737780986,
    "MSE": 6234.5753799561535,
    "MAPE": 0.035430779846349215,
    "ACMAPE": 1.2157586486988081
}