{
    "DOWN": {
        "precision": 0.7811704834605598,
        "recall": 0.1750285062713797,
        "f1-score": 0.28598043782021426,
        "support": 1754.0
    },
    "UP": {
        "precision": 0.21529284164859003,
        "recall": 0.8219461697722568,
        "f1-score": 0.3412118607649334,
        "support": 483.0
    },
    "accuracy": 0.3147071971390255,
    "macro avg": {
        "precision": 0.49823166255457496,
        "recall": 0.4984873380218182,
        "f1-score": 0.31359614929257384,
        "support": 2237.0
    },
    "weighted avg": {
        "precision": 0.6589894816746048,
        "recall": 0.3147071971390255,
        "f1-score": 0.2979056847054621,
        "support": 2237.0
    }
}