{
    "R2": -41.36450669985386,
    "RMSE": 413.1250688225975,
    "MSE": 170672.32248967592,
    "MAPE": 1.622164861588799,
    "ACMAPE": 3.0015974857022742
}