{
    "R2": 0.9477172891096068,
    "RMSE": 78.86591305012811,
    "MSE": 6219.832241230368,
    "MAPE": 0.11447475457371191,
    "ACMAPE": 1.3347234224245113
}