{
    "R2": 0.9870539748669702,
    "RMSE": 83.81645259655019,
    "MSE": 7025.197725869746,
    "MAPE": 0.22527084820846174,
    "ACMAPE": 1.4745783274328383
}