{
    "R2": 0.994578369766235,
    "RMSE": 54.137336698314904,
    "MSE": 2930.851224786714,
    "MAPE": 0.32600207926205643,
    "ACMAPE": 1.6987668660571045
}