{
    "DOWN": {
<<<<<<< HEAD
        "precision": 0.7142857142857143,
        "recall": 0.0333889816360601,
        "f1-score": 0.06379585326953748,
        "support": 599.0
    },
    "UP": {
        "precision": 0.14727540500736377,
        "recall": 0.9259259259259259,
        "f1-score": 0.25412960609911056,
        "support": 108.0
    },
    "accuracy": 0.16973125884016974,
    "macro avg": {
        "precision": 0.43078055964653905,
        "recall": 0.479657453780993,
        "f1-score": 0.158962729684324,
        "support": 707.0
    },
    "weighted avg": {
        "precision": 0.6276702780734628,
        "recall": 0.16973125884016974,
        "f1-score": 0.09287088199032091,
=======
        "precision": 0.6785714285714286,
        "recall": 0.03171953255425709,
        "f1-score": 0.0606060606060606,
        "support": 599.0
    },
    "UP": {
        "precision": 0.14580265095729014,
        "recall": 0.9166666666666666,
        "f1-score": 0.25158831003811943,
        "support": 108.0
    },
    "accuracy": 0.1669024045261669,
    "macro avg": {
        "precision": 0.4121870397643594,
        "recall": 0.47419309961046185,
        "f1-score": 0.15609718532209002,
        "support": 707.0
    },
    "weighted avg": {
        "precision": 0.597186664805761,
        "recall": 0.1669024045261669,
        "f1-score": 0.08978015245706816,
>>>>>>> d5f42532be6a9c18a5da3fb21b671ebbe5b6efbf
        "support": 707.0
    }
}