{
    "R2": 0.9946711644783889,
    "RMSE": 53.88549211652739,
    "MSE": 2903.6462606403356,
    "MAPE": 0.24979567070238562,
    "ACMAPE": 1.5663926023620787
}