{
<<<<<<< HEAD
    "R2": 0.9889853470385658,
    "RMSE": 77.69265944759218,
    "MSE": 6036.149332039535,
    "MAPE": 0.7270255354898795,
    "ACMAPE": 2.38756301780954
=======
    "R2": 0.9894388750100997,
    "RMSE": 76.07635035181865,
    "MSE": 5787.611082852658,
    "MAPE": 0.6846069139117626,
    "ACMAPE": 2.350802104859429
>>>>>>> d5f42532be6a9c18a5da3fb21b671ebbe5b6efbf
}