{
    "DOWN": {
        "precision": 0.6785714285714286,
        "recall": 0.03171953255425709,
        "f1-score": 0.0606060606060606,
        "support": 599.0
    },
    "UP": {
        "precision": 0.14580265095729014,
        "recall": 0.9166666666666666,
        "f1-score": 0.25158831003811943,
        "support": 108.0
    },
    "accuracy": 0.1669024045261669,
    "macro avg": {
        "precision": 0.4121870397643594,
        "recall": 0.47419309961046185,
        "f1-score": 0.15609718532209002,
        "support": 707.0
    },
    "weighted avg": {
        "precision": 0.597186664805761,
        "recall": 0.1669024045261669,
        "f1-score": 0.08978015245706816,
        "support": 707.0
    }
}