{
    "R2": -198.6120184712258,
    "RMSE": 21.04652483226195,
    "MSE": 442.95620751501895,
    "MAPE": 0.40844381501987315,
    "ACMAPE": 2.375294643749155
}