{
    "R2": 0.4394556157512314,
    "RMSE": 170.71719422613407,
    "MSE": 29144.36040444358,
    "MAPE": 0.15173597126458618,
    "ACMAPE": 1.041479561008176
}