{
    "DOWN": {
        "precision": 0.618657937806874,
        "recall": 0.7682926829268293,
        "f1-score": 0.6854034451495921,
        "support": 492.0
    },
    "UP": {
        "precision": 0.3254437869822485,
        "recall": 0.1909722222222222,
        "f1-score": 0.24070021881838075,
        "support": 288.0
    },
    "accuracy": 0.5551282051282052,
    "macro avg": {
        "precision": 0.47205086239456123,
        "recall": 0.47963245257452575,
        "f1-score": 0.4630518319839864,
        "support": 780.0
    },
    "weighted avg": {
        "precision": 0.5103942513485508,
        "recall": 0.5551282051282052,
        "f1-score": 0.5212053308119141,
        "support": 780.0
    }
}