{
    "DOWN": {
        "precision": 0.6504559270516718,
        "recall": 0.20970112689857912,
        "f1-score": 0.3171545016672842,
        "support": 2041.0
    },
    "UP": {
        "precision": 0.34324104234527686,
        "recall": 0.7856477166821995,
        "f1-score": 0.4777557381694531,
        "support": 1073.0
    },
    "accuracy": 0.40815671162491973,
    "macro avg": {
        "precision": 0.4968484846984743,
        "recall": 0.4976744217903893,
        "f1-score": 0.3974551199183687,
        "support": 3114.0
    },
    "weighted avg": {
        "precision": 0.5445980043509776,
        "recall": 0.40815671162491973,
        "f1-score": 0.37249333492573866,
        "support": 3114.0
    }
}