{
    "R2": 0.9907667144855977,
    "RMSE": 80.53857068069352,
    "MSE": 6486.461367289066,
    "MAPE": 0.056365254096659184,
    "ACMAPE": 1.1776376199018284
}