{
    "R2": 0.816064441988498,
    "RMSE": 58.75235438944821,
    "MSE": 3451.839146303314,
    "MAPE": 0.19256211904458007,
    "ACMAPE": 1.8511836666932489
}