{
    "DOWN": {
        "precision": 0.8690783807062877,
        "recall": 0.2970267883426553,
        "f1-score": 0.4427380430013164,
        "support": 3397.0
    },
    "UP": {
        "precision": 0.1600422089342244,
        "recall": 0.7495881383855024,
        "f1-score": 0.263768115942029,
        "support": 607.0
    },
    "accuracy": 0.36563436563436563,
    "macro avg": {
        "precision": 0.5145602948202561,
        "recall": 0.5233074633640789,
        "f1-score": 0.3532530794716727,
        "support": 4004.0
    },
    "weighted avg": {
        "precision": 0.7615896303901932,
        "recall": 0.36563436563436563,
        "f1-score": 0.41560648812494594,
        "support": 4004.0
    }
}