{
    "DOWN": {
        "precision": 0.5279503105590062,
        "recall": 0.08994708994708994,
        "f1-score": 0.15370705244122962,
        "support": 945.0
    },
    "UP": {
        "precision": 0.31254996003197444,
        "recall": 0.8372591006423983,
        "f1-score": 0.45518044237485455,
        "support": 467.0
    },
    "accuracy": 0.3371104815864023,
    "macro avg": {
        "precision": 0.4202501352954903,
        "recall": 0.4636030952947441,
        "f1-score": 0.3044437474080421,
        "support": 1412.0
    },
    "weighted avg": {
        "precision": 0.45670954306883355,
        "recall": 0.3371104815864023,
        "f1-score": 0.2534153195085121,
        "support": 1412.0
    }
}