{
    "DOWN": {
<<<<<<< HEAD
        "precision": 0.5344827586206896,
        "recall": 0.14285714285714285,
        "f1-score": 0.22545454545454544,
        "support": 217.0
    },
    "UP": {
        "precision": 0.38,
        "recall": 0.8085106382978723,
        "f1-score": 0.5170068027210885,
        "support": 141.0
    },
    "accuracy": 0.40502793296089384,
    "macro avg": {
        "precision": 0.4572413793103448,
        "recall": 0.4756838905775076,
        "f1-score": 0.37123067408781696,
        "support": 358.0
    },
    "weighted avg": {
        "precision": 0.47363899056058556,
        "recall": 0.40502793296089384,
        "f1-score": 0.34028378644499957,
=======
        "precision": 0.6041666666666666,
        "recall": 0.2672811059907834,
        "f1-score": 0.3706070287539936,
        "support": 217.0
    },
    "UP": {
        "precision": 0.3931297709923664,
        "recall": 0.7304964539007093,
        "f1-score": 0.5111662531017369,
        "support": 141.0
    },
    "accuracy": 0.44972067039106145,
    "macro avg": {
        "precision": 0.4986482188295165,
        "recall": 0.4988887799457463,
        "f1-score": 0.4408866409278652,
        "support": 358.0
    },
    "weighted avg": {
        "precision": 0.5210487831748333,
        "recall": 0.44972067039106145,
        "f1-score": 0.42596694672335617,
>>>>>>> d5f42532be6a9c18a5da3fb21b671ebbe5b6efbf
        "support": 358.0
    }
}