{
    "R2": 0.9959547861380753,
    "RMSE": 258.5877683064984,
    "MSE": 66867.63391773531,
    "MAPE": 0.27902369232545365,
    "ACMAPE": 1.5786017513971837
}