{
    "DOWN": {
<<<<<<< HEAD
        "precision": 0.5279503105590062,
        "recall": 0.08994708994708994,
        "f1-score": 0.15370705244122962,
        "support": 945.0
    },
    "UP": {
        "precision": 0.31254996003197444,
        "recall": 0.8372591006423983,
        "f1-score": 0.45518044237485455,
        "support": 467.0
    },
    "accuracy": 0.3371104815864023,
    "macro avg": {
        "precision": 0.4202501352954903,
        "recall": 0.4636030952947441,
        "f1-score": 0.3044437474080421,
        "support": 1412.0
    },
    "weighted avg": {
        "precision": 0.45670954306883355,
        "recall": 0.3371104815864023,
        "f1-score": 0.2534153195085121,
=======
        "precision": 0.5141509433962265,
        "recall": 0.11534391534391535,
        "f1-score": 0.18841832324978394,
        "support": 945.0
    },
    "UP": {
        "precision": 0.30333333333333334,
        "recall": 0.7794432548179872,
        "f1-score": 0.4367126574685063,
        "support": 467.0
    },
    "accuracy": 0.334985835694051,
    "macro avg": {
        "precision": 0.4087421383647799,
        "recall": 0.44739358508095123,
        "f1-score": 0.3125654903591451,
        "support": 1412.0
    },
    "weighted avg": {
        "precision": 0.44442585564879655,
        "recall": 0.334985835694051,
        "f1-score": 0.27053833322155685,
>>>>>>> d5f42532be6a9c18a5da3fb21b671ebbe5b6efbf
        "support": 1412.0
    }
}