{
    "R2": 0.9965491539545254,
    "RMSE": 238.2115573602847,
    "MSE": 56744.746060012214,
    "MAPE": 0.058074702555647666,
    "ACMAPE": 1.1251138087008992
}