{
    "DOWN": {
        "precision": 0.5555555555555556,
        "recall": 0.14195583596214512,
        "f1-score": 0.22613065326633167,
        "support": 951.0
    },
    "UP": {
        "precision": 0.30788804071246817,
        "recall": 0.7707006369426752,
        "f1-score": 0.44,
        "support": 471.0
    },
    "accuracy": 0.350210970464135,
    "macro avg": {
        "precision": 0.4317217981340119,
        "recall": 0.45632823645241016,
        "f1-score": 0.33306532663316585,
        "support": 1422.0
    },
    "weighted avg": {
        "precision": 0.47352222258010257,
        "recall": 0.350210970464135,
        "f1-score": 0.2969692343574412,
        "support": 1422.0
    }
}