{
<<<<<<< HEAD
    "R2": 0.8829127179643793,
    "RMSE": 1733.1681575285718,
    "MSE": 3003871.8622709843,
    "MAPE": 0.19864270287243346,
    "ACMAPE": 1.3885868369506458
=======
    "R2": 0.8828218366998274,
    "RMSE": 1733.840655678182,
    "MSE": 3006203.419282548,
    "MAPE": 0.1999442258995714,
    "ACMAPE": 1.3005028851174485
>>>>>>> d5f42532be6a9c18a5da3fb21b671ebbe5b6efbf
}