{
    "DOWN": {
        "precision": 0.7841530054644809,
        "recall": 0.33102652825836215,
        "f1-score": 0.46553122465531227,
        "support": 3468.0
    },
    "UP": {
        "precision": 0.17201998572448252,
        "recall": 0.6040100250626567,
        "f1-score": 0.2677777777777778,
        "support": 798.0
    },
    "accuracy": 0.3820909517112049,
    "macro avg": {
        "precision": 0.4780864955944817,
        "recall": 0.4675182766605094,
        "f1-score": 0.366654501216545,
        "support": 4266.0
    },
    "weighted avg": {
        "precision": 0.6696471100700788,
        "recall": 0.3820909517112049,
        "f1-score": 0.428539370316758,
        "support": 4266.0
    }
}