{
    "R2": 0.9492734836482556,
    "RMSE": 18.369296860976206,
    "MSE": 337.4310671666703,
    "MAPE": 0.040966075653865064,
    "ACMAPE": 1.398643978275588
}