{
    "R2": 0.9812907486710082,
    "RMSE": 35.65981177973066,
    "MSE": 1271.6221761658178,
    "MAPE": 0.268188043750757,
    "ACMAPE": 1.3399918966404245
}