{
    "R2": 0.9941234065147478,
    "RMSE": 19.984528479433866,
    "MSE": 399.3813785453033,
    "MAPE": 0.1005606260828433,
    "ACMAPE": 0.4467530108523825
}