{
    "DOWN": {
        "precision": 0.8507619548081976,
        "recall": 0.9634037488842606,
        "f1-score": 0.9035858797265244,
        "support": 3361.0
    },
    "UP": {
        "precision": 0.3387096774193548,
        "recall": 0.09984152139461172,
        "f1-score": 0.15422276621787026,
        "support": 631.0
    },
    "accuracy": 0.8269038076152304,
    "macro avg": {
        "precision": 0.5947358161137762,
        "recall": 0.5316226351394362,
        "f1-score": 0.5289043229721974,
        "support": 3992.0
    },
    "weighted avg": {
        "precision": 0.7698238318040994,
        "recall": 0.8269038076152304,
        "f1-score": 0.7851369507125061,
        "support": 3992.0
    }
}