{
    "DOWN": {
        "precision": 0.6548410938654841,
        "recall": 0.3916887709991158,
        "f1-score": 0.49017980636237896,
        "support": 2262.0
    },
    "UP": {
        "precision": 0.34538534728829684,
        "recall": 0.6085498742665549,
        "f1-score": 0.4406676783004552,
        "support": 1193.0
    },
    "accuracy": 0.4665701881331404,
    "macro avg": {
        "precision": 0.5001132205768904,
        "recall": 0.5001193226328353,
        "f1-score": 0.4654237423314171,
        "support": 3455.0
    },
    "weighted avg": {
        "precision": 0.5479870545987446,
        "recall": 0.4665701881331404,
        "f1-score": 0.4730834333441807,
        "support": 3455.0
    }
}