{
    "DOWN": {
        "precision": 0.656793893129771,
        "recall": 0.9496688741721855,
        "f1-score": 0.7765342960288808,
        "support": 2265.0
    },
    "UP": {
        "precision": 0.3837837837837838,
        "recall": 0.059414225941422594,
        "f1-score": 0.10289855072463767,
        "support": 1195.0
    },
    "accuracy": 0.6421965317919075,
    "macro avg": {
        "precision": 0.5202888384567774,
        "recall": 0.504541550056804,
        "f1-score": 0.43971642337675926,
        "support": 3460.0
    },
    "weighted avg": {
        "precision": 0.562502829352761,
        "recall": 0.6421965317919075,
        "f1-score": 0.5438768637633979,
        "support": 3460.0
    }
}