{
    "DOWN": {
        "precision": 0.6568758344459279,
        "recall": 0.8785714285714286,
        "f1-score": 0.7517188693659284,
        "support": 560.0
    },
    "UP": {
        "precision": 0.41379310344827586,
        "recall": 0.15737704918032788,
        "f1-score": 0.2280285035629454,
        "support": 305.0
    },
    "accuracy": 0.6242774566473989,
    "macro avg": {
        "precision": 0.5353344689471019,
        "recall": 0.5179742388758782,
        "f1-score": 0.48987368646443685,
        "support": 865.0
    },
    "weighted avg": {
        "precision": 0.5711645824756575,
        "recall": 0.6242774566473989,
        "f1-score": 0.5670650409614083,
        "support": 865.0
    }
}