{
    "R2": 0.8914242891043399,
    "RMSE": 34.0635396673458,
    "MSE": 1160.3247346688406,
    "MAPE": 0.0349282008815834,
    "ACMAPE": 0.7378183742919882
}