{
    "DOWN": {
        "precision": 0.6460084033613446,
        "recall": 0.5449712007089056,
        "f1-score": 0.5912040374909877,
        "support": 2257.0
    },
    "UP": {
        "precision": 0.3357050452781371,
        "recall": 0.4350377200335289,
        "f1-score": 0.37897042716319823,
        "support": 1193.0
    },
    "accuracy": 0.5069565217391304,
    "macro avg": {
        "precision": 0.4908567243197408,
        "recall": 0.49000446037121725,
        "f1-score": 0.48508723232709294,
        "support": 3450.0
    },
    "weighted avg": {
        "precision": 0.5387064015661949,
        "recall": 0.5069565217391304,
        "f1-score": 0.5178142702095231,
        "support": 3450.0
    }
}