{
    "R2": 0.9802838630153204,
    "RMSE": 10.532026890762076,
    "MSE": 110.92359042773548,
    "MAPE": 0.04776155374973125,
    "ACMAPE": 0.8128622248906708
}