{
    "R2": 0.9811042612469568,
    "RMSE": 11.025978858635678,
    "MSE": 121.57220979108095,
    "MAPE": 0.0450295017229419,
    "ACMAPE": 0.764541696844893
}