{
    "DOWN": {
        "precision": 0.7227722772277227,
        "recall": 0.7087378640776699,
        "f1-score": 0.7156862745098039,
        "support": 103.0
    },
    "UP": {
        "precision": 0.4827586206896552,
        "recall": 0.5,
        "f1-score": 0.49122807017543857,
        "support": 56.0
    },
    "accuracy": 0.6352201257861635,
    "macro avg": {
        "precision": 0.602765448958689,
        "recall": 0.604368932038835,
        "f1-score": 0.6034571723426212,
        "support": 159.0
    },
    "weighted avg": {
        "precision": 0.6382391654910449,
        "recall": 0.6352201257861635,
        "f1-score": 0.6366318126058765,
        "support": 159.0
    }
}