{
    "R2": -3.909126305411565,
    "RMSE": 6.131240313788923,
    "MSE": 37.592107785430485,
    "MAPE": 0.055510917348083166,
    "ACMAPE": 0.6408767710066199
}