{
    "DOWN": {
        "precision": 0.7435897435897436,
        "recall": 0.9354838709677419,
        "f1-score": 0.8285714285714285,
        "support": 31.0
    },
    "UP": {
        "precision": 0.0,
        "recall": 0.0,
        "f1-score": 0.0,
        "support": 10.0
    },
    "accuracy": 0.7073170731707317,
    "macro avg": {
        "precision": 0.3717948717948718,
        "recall": 0.46774193548387094,
        "f1-score": 0.41428571428571426,
        "support": 41.0
    },
    "weighted avg": {
        "precision": 0.5622263914946841,
        "recall": 0.7073170731707317,
        "f1-score": 0.6264808362369337,
        "support": 41.0
    }
}