{
    "DOWN": {
        "precision": 0.5668589407446251,
        "recall": 0.43309294871794873,
        "f1-score": 0.49102884397002045,
        "support": 2496.0
    },
    "UP": {
        "precision": 0.4496304939712174,
        "recall": 0.5832492431886983,
        "f1-score": 0.50779705688557,
        "support": 1982.0
    },
    "accuracy": 0.4995533720410898,
    "macro avg": {
        "precision": 0.5082447173579212,
        "recall": 0.5081710959533235,
        "f1-score": 0.4994129504277952,
        "support": 4478.0
    },
    "weighted avg": {
        "precision": 0.5149726563531793,
        "recall": 0.4995533720410898,
        "f1-score": 0.498450594304683,
        "support": 4478.0
    }
}