{
    "R2": 0.5909351486610865,
    "RMSE": 583.5450646918034,
    "MSE": 340524.842526161,
    "MAPE": 0.08164598559288534,
    "ACMAPE": 0.9550862707978766
}