{
    "R2": 0.44702150188044776,
    "RMSE": 678.4727983405277,
    "MSE": 460325.3380880263,
    "MAPE": 0.09960110066767916,
    "ACMAPE": 0.9356082307924563
}