{
    "DOWN": {
        "precision": 0.907794015309673,
        "recall": 0.9071627260083449,
        "f1-score": 0.9074782608695652,
        "support": 2876.0
    },
    "UP": {
        "precision": 0.3240506329113924,
        "recall": 0.3256997455470738,
        "f1-score": 0.3248730964467006,
        "support": 393.0
    },
    "accuracy": 0.8372591006423983,
    "macro avg": {
        "precision": 0.6159223241105327,
        "recall": 0.6164312357777093,
        "f1-score": 0.6161756786581329,
        "support": 3269.0
    },
    "weighted avg": {
        "precision": 0.8376162394508402,
        "recall": 0.8372591006423983,
        "f1-score": 0.837437321861249,
        "support": 3269.0
    }
}