{
    "R2": 0.03784571026677186,
    "RMSE": 41.47376046341743,
    "MSE": 1720.0728069769268,
    "MAPE": 0.24078257780774062,
    "ACMAPE": 1.3794687091946018
}