{
    "DOWN": {
        "precision": 0.6508728179551122,
        "recall": 0.9775280898876404,
        "f1-score": 0.7814371257485029,
        "support": 534.0
    },
    "UP": {
        "precision": 0.4,
        "recall": 0.027777777777777776,
        "f1-score": 0.051948051948051945,
        "support": 288.0
    },
    "accuracy": 0.6447688564476886,
    "macro avg": {
        "precision": 0.5254364089775561,
        "recall": 0.502652933832709,
        "f1-score": 0.4166925888482774,
        "support": 822.0
    },
    "weighted avg": {
        "precision": 0.5629757722482116,
        "recall": 0.6447688564476886,
        "f1-score": 0.5258497130300968,
        "support": 822.0
    }
}