{
    "R2": 0.9766077840550808,
    "RMSE": 21.02434872698913,
    "MSE": 442.02323939404937,
    "MAPE": 1508686878998.9626,
    "ACMAPE": 1508686878999.2258
}