{
    "R2": 0.9049682152240016,
    "RMSE": 42.40475421616186,
    "MSE": 1798.163180133097,
    "MAPE": 1634384843606.2986,
    "ACMAPE": 1634384843606.8604
}