{
    "R2": 0.9685554642055726,
    "RMSE": 64.56770719582576,
    "MSE": 4168.988812525889,
    "MAPE": 0.18979269905517476,
    "ACMAPE": 1.155005288784606
}