{
    "DOWN": {
        "precision": 0.75,
        "recall": 0.00946372239747634,
        "f1-score": 0.018691588785046728,
        "support": 317.0
    },
    "UP": {
        "precision": 0.30376940133037694,
        "recall": 0.9927536231884058,
        "f1-score": 0.46519524617996605,
        "support": 138.0
    },
    "accuracy": 0.3076923076923077,
    "macro avg": {
        "precision": 0.5268847006651884,
        "recall": 0.501108672792941,
        "f1-score": 0.2419434174825064,
        "support": 455.0
    },
    "weighted avg": {
        "precision": 0.6146597305133891,
        "recall": 0.3076923076923077,
        "f1-score": 0.15411467608284643,
        "support": 455.0
    }
}