{
<<<<<<< HEAD
    "R2": 0.9880171149269074,
    "RMSE": 12.459661754918876,
    "MSE": 155.24317104698812,
    "MAPE": 0.08529568411709154,
    "ACMAPE": 1.2825512587311567
=======
    "R2": 0.9877059109850144,
    "RMSE": 12.620417791771136,
    "MSE": 159.27494523885343,
    "MAPE": 0.08642466649341685,
    "ACMAPE": 1.2630970507129708
>>>>>>> d5f42532be6a9c18a5da3fb21b671ebbe5b6efbf
}