{
    "R2": 0.4963441212548225,
    "RMSE": 7.710271610791092,
    "MSE": 59.44828831217106,
    "MAPE": 0.05600992611532254,
    "ACMAPE": 1.181837740684859
}