{
<<<<<<< HEAD
    "R2": 0.3516843770070365,
    "RMSE": 8.747742028447362,
    "MSE": 76.52299059626438,
    "MAPE": 0.05749774701016847,
    "ACMAPE": 1.0376301973412942
=======
    "R2": 0.35080293232056226,
    "RMSE": 8.7536866882718,
    "MSE": 76.62703063642692,
    "MAPE": 0.05868924078318075,
    "ACMAPE": 1.0388216911143064
>>>>>>> d5f42532be6a9c18a5da3fb21b671ebbe5b6efbf
}