{
    "R2": 0.9875101214123855,
    "RMSE": 13.18269067175859,
    "MSE": 173.7833333472709,
    "MAPE": 0.10712767296286459,
    "ACMAPE": 1.411475499049821
}