{
    "DOWN": {
<<<<<<< HEAD
        "precision": 0.676829268292683,
        "recall": 0.2727272727272727,
        "f1-score": 0.38879159369527144,
        "support": 407.0
    },
    "UP": {
        "precision": 0.2935560859188544,
        "recall": 0.6988636363636364,
        "f1-score": 0.41344537815126053,
        "support": 176.0
    },
    "accuracy": 0.4013722126929674,
    "macro avg": {
        "precision": 0.4851926771057687,
        "recall": 0.48579545454545453,
        "f1-score": 0.401118485923266,
        "support": 583.0
    },
    "weighted avg": {
        "precision": 0.5611241566326594,
        "recall": 0.4013722126929674,
        "f1-score": 0.39623424560651344,
=======
        "precision": 0.6951219512195121,
        "recall": 0.2800982800982801,
        "f1-score": 0.39929947460595444,
        "support": 407.0
    },
    "UP": {
        "precision": 0.30071599045346065,
        "recall": 0.7159090909090909,
        "f1-score": 0.4235294117647059,
        "support": 176.0
    },
    "accuracy": 0.411663807890223,
    "macro avg": {
        "precision": 0.4979189708364864,
        "recall": 0.4980036855036855,
        "f1-score": 0.41141444318533016,
        "support": 583.0
    },
    "weighted avg": {
        "precision": 0.576056000799572,
        "recall": 0.411663807890223,
        "f1-score": 0.4066141726161435,
>>>>>>> d5f42532be6a9c18a5da3fb21b671ebbe5b6efbf
        "support": 583.0
    }
}