{
    "DOWN": {
        "precision": 0.6644295302013423,
        "recall": 0.9801980198019802,
        "f1-score": 0.7919999999999999,
        "support": 101.0
    },
    "UP": {
        "precision": 0.0,
        "recall": 0.0,
        "f1-score": 0.0,
        "support": 50.0
    },
    "accuracy": 0.6556291390728477,
    "macro avg": {
        "precision": 0.33221476510067116,
        "recall": 0.4900990099009901,
        "f1-score": 0.39599999999999996,
        "support": 151.0
    },
    "weighted avg": {
        "precision": 0.4444197519889773,
        "recall": 0.6556291390728477,
        "f1-score": 0.5297483443708608,
        "support": 151.0
    }
}