{
    "R2": 0.9923283678249462,
    "RMSE": 16.752212256888246,
    "MSE": 280.63661549983675,
    "MAPE": 0.03491383931817891,
    "ACMAPE": 0.9435820558575345
}