{
    "R2": 0.543866938244464,
    "RMSE": 23.944325189701427,
    "MSE": 573.3307087901703,
    "MAPE": 0.04977482909112657,
    "ACMAPE": 0.9979820004058677
}