{
<<<<<<< HEAD
    "R2": 0.98845830223788,
    "RMSE": 20.565646889244146,
    "MSE": 422.9458319730775,
    "MAPE": 0.038949650423847605,
    "ACMAPE": 1.125542763095195
=======
    "R2": 0.988647609669788,
    "RMSE": 20.396290249049812,
    "MSE": 416.0086559234845,
    "MAPE": 0.04052878391335353,
    "ACMAPE": 1.1003749891958676
>>>>>>> d5f42532be6a9c18a5da3fb21b671ebbe5b6efbf
}