{
    "R2": 0.29082607339115074,
    "RMSE": 29.856108886178003,
    "MSE": 891.387237823317,
    "MAPE": 0.11898285007095791,
    "ACMAPE": 1.306233846086894
}