{
<<<<<<< HEAD
    "R2": 0.543866938244464,
    "RMSE": 23.944325189701427,
    "MSE": 573.3307087901703,
    "MAPE": 0.04977482909112657,
    "ACMAPE": 0.9979820004058677
=======
    "R2": 0.5559907913901687,
    "RMSE": 23.623966310305146,
    "MSE": 558.0917842304325,
    "MAPE": 0.04948235070114991,
    "ACMAPE": 0.9339445020955723
>>>>>>> d5f42532be6a9c18a5da3fb21b671ebbe5b6efbf
}