{
    "DOWN": {
        "precision": 0.7521489971346705,
        "recall": 0.794251134644478,
        "f1-score": 0.7726269315673289,
        "support": 661.0
    },
    "UP": {
        "precision": 0.19047619047619047,
        "recall": 0.15609756097560976,
        "f1-score": 0.17158176943699732,
        "support": 205.0
    },
    "accuracy": 0.6431870669745958,
    "macro avg": {
        "precision": 0.4713125938054305,
        "recall": 0.4751743478100439,
        "f1-score": 0.4721043505021631,
        "support": 866.0
    },
    "weighted avg": {
        "precision": 0.6191894990226747,
        "recall": 0.6431870669745958,
        "f1-score": 0.6303471876450217,
        "support": 866.0
    }
}