{
    "R2": 0.6404318673927838,
    "RMSE": 61.67991562796966,
    "MSE": 3804.4119918734564,
    "MAPE": 0.035124216173065125,
    "ACMAPE": 0.47623276120770724
}