{
    "DOWN": {
        "precision": 0.8993766696349065,
        "recall": 0.3251770766258854,
        "f1-score": 0.4776542917947506,
        "support": 3106.0
    },
    "UP": {
        "precision": 0.10427350427350428,
        "recall": 0.6834733893557423,
        "f1-score": 0.18094178717093068,
        "support": 357.0
    },
    "accuracy": 0.36211377418423335,
    "macro avg": {
        "precision": 0.5018250869542054,
        "recall": 0.5043252329908139,
        "f1-score": 0.32929803948284064,
        "support": 3463.0
    },
    "weighted avg": {
        "precision": 0.8174096381494832,
        "recall": 0.36211377418423335,
        "f1-score": 0.44706625709919656,
        "support": 3463.0
    }
}