{
    "R2": 0.9351434000626565,
    "RMSE": 57.708084295280564,
    "MSE": 3330.222993031207,
    "MAPE": 0.25345859447722624,
    "ACMAPE": 1.4032877794455034
}