{
    "R2": 0.9742774810053458,
    "RMSE": 141.36746860383334,
    "MSE": 19984.761179455803,
    "MAPE": 0.04708183065471923,
    "ACMAPE": 0.8618966454695342
}