{
    "DOWN": {
        "precision": 0.6763925729442971,
        "recall": 0.3920061491160646,
        "f1-score": 0.49635036496350365,
        "support": 1301.0
    },
    "UP": {
        "precision": 0.39153846153846156,
        "recall": 0.6759628154050464,
        "f1-score": 0.49585971748660507,
        "support": 753.0
    },
    "accuracy": 0.4961051606621227,
    "macro avg": {
        "precision": 0.5339655172413793,
        "recall": 0.5339844822605555,
        "f1-score": 0.4961050412250544,
        "support": 2054.0
    },
    "weighted avg": {
        "precision": 0.5719645564454684,
        "recall": 0.4961051606621227,
        "f1-score": 0.4961704927385257,
        "support": 2054.0
    }
}