{
    "DOWN": {
        "precision": 0.7126948775055679,
        "recall": 0.2482544608223429,
        "f1-score": 0.3682393555811277,
        "support": 1289.0
    },
    "UP": {
        "precision": 0.3886435331230284,
        "recall": 0.8268456375838926,
        "f1-score": 0.5287553648068669,
        "support": 745.0
    },
    "accuracy": 0.46017699115044247,
    "macro avg": {
        "precision": 0.5506692053142982,
        "recall": 0.5375500492031178,
        "f1-score": 0.44849736019399733,
        "support": 2034.0
    },
    "weighted avg": {
        "precision": 0.5940035050547361,
        "recall": 0.46017699115044247,
        "f1-score": 0.4270320924902603,
        "support": 2034.0
    }
}