{
    "R2": 0.9547770204927044,
    "RMSE": 187.44433486257068,
    "MSE": 35135.37867207153,
    "MAPE": 0.08047800531204458,
    "ACMAPE": 1.2500686485868984
}