{
    "DOWN": {
        "precision": 0.6850393700787402,
        "recall": 0.46954510408635314,
        "f1-score": 0.5571820677035682,
        "support": 1297.0
    },
    "UP": {
        "precision": 0.4043290043290043,
        "recall": 0.6251673360107095,
        "f1-score": 0.4910620399579391,
        "support": 747.0
    },
    "accuracy": 0.5264187866927593,
    "macro avg": {
        "precision": 0.5446841872038722,
        "recall": 0.5473562200485314,
        "f1-score": 0.5241220538307536,
        "support": 2044.0
    },
    "weighted avg": {
        "precision": 0.5824509927719629,
        "recall": 0.5264187866927593,
        "f1-score": 0.5330178501272546,
        "support": 2044.0
    }
}