{
<<<<<<< HEAD
    "R2": 0.9939888019425132,
    "RMSE": 17.617607060037823,
    "MSE": 310.3800785218945,
    "MAPE": 0.045091205194642665,
    "ACMAPE": 1.1532524637983792
=======
    "R2": 0.9946119016077507,
    "RMSE": 16.6795434698867,
    "MSE": 278.20717036384,
    "MAPE": 0.04454781375045097,
    "ACMAPE": 1.1241938314495659
>>>>>>> d5f42532be6a9c18a5da3fb21b671ebbe5b6efbf
}