{
    "DOWN": {
        "precision": 0.7701149425287356,
        "recall": 0.6860068259385665,
        "f1-score": 0.7256317689530686,
        "support": 293.0
    },
    "UP": {
        "precision": 0.43902439024390244,
        "recall": 0.5454545454545454,
        "f1-score": 0.48648648648648646,
        "support": 132.0
    },
    "accuracy": 0.6423529411764706,
    "macro avg": {
        "precision": 0.604569666386319,
        "recall": 0.615730685696556,
        "f1-score": 0.6060591277197775,
        "support": 425.0
    },
    "weighted avg": {
        "precision": 0.6672821121720345,
        "recall": 0.6423529411764706,
        "f1-score": 0.6513560576928595,
        "support": 425.0
    }
}