{
    "R2": 0.34065830883493364,
    "RMSE": 10.662983991654853,
    "MSE": 113.69922760628765,
    "MAPE": 0.12385615126642444,
    "ACMAPE": 1.5292615566718297
}