{
    "R2": 0.5265167157579087,
    "RMSE": 80.80486079666315,
    "MSE": 6529.425528368109,
    "MAPE": 0.16107268676146144,
    "ACMAPE": 1.4613337833672055
}