{
    "DOWN": {
        "precision": 0.8666666666666667,
        "recall": 0.05179282868525897,
        "f1-score": 0.09774436090225565,
        "support": 251.0
    },
    "UP": {
        "precision": 0.3532608695652174,
        "recall": 0.9848484848484849,
        "f1-score": 0.5200000000000001,
        "support": 132.0
    },
    "accuracy": 0.3733681462140992,
    "macro avg": {
        "precision": 0.609963768115942,
        "recall": 0.5183206567668719,
        "f1-score": 0.3088721804511279,
        "support": 383.0
    },
    "weighted avg": {
        "precision": 0.6897226321565066,
        "recall": 0.3733681462140992,
        "f1-score": 0.2432737195469091,
        "support": 383.0
    }
}