{
    "DOWN": {
        "precision": 0.8450980392156863,
        "recall": 0.4016775396085741,
        "f1-score": 0.5445356917245735,
        "support": 1073.0
    },
    "UP": {
        "precision": 0.35864135864135865,
        "recall": 0.819634703196347,
        "f1-score": 0.49895760945100764,
        "support": 438.0
    },
    "accuracy": 0.5228325612177366,
    "macro avg": {
        "precision": 0.6018696989285225,
        "recall": 0.6106561214024606,
        "f1-score": 0.5217466505877906,
        "support": 1511.0
    },
    "weighted avg": {
        "precision": 0.7040867711206793,
        "recall": 0.5228325612177366,
        "f1-score": 0.5313237790602309,
        "support": 1511.0
    }
}