{
<<<<<<< HEAD
    "R2": 0.5265167157579087,
    "RMSE": 80.80486079666315,
    "MSE": 6529.425528368109,
    "MAPE": 0.16107268676146144,
    "ACMAPE": 1.4613337833672055
=======
    "R2": 0.6594185055461392,
    "RMSE": 68.53235946316944,
    "MSE": 4696.68429358907,
    "MAPE": 0.13308915071952845,
    "ACMAPE": 1.4072405867508602
>>>>>>> d5f42532be6a9c18a5da3fb21b671ebbe5b6efbf
}