{
    "DOWN": {
        "precision": 0.650088809946714,
        "recall": 0.1228600201409869,
        "f1-score": 0.20666290231507622,
        "support": 2979.0
    },
    "UP": {
        "precision": 0.3261990716864363,
        "recall": 0.8652530779753762,
        "f1-score": 0.47378277153558057,
        "support": 1462.0
    },
    "accuracy": 0.367259626210313,
    "macro avg": {
        "precision": 0.4881439408165752,
        "recall": 0.4940565490581815,
        "f1-score": 0.3402228369253284,
        "support": 4441.0
    },
    "weighted avg": {
        "precision": 0.54346264526837,
        "recall": 0.367259626210313,
        "f1-score": 0.29460013465022084,
        "support": 4441.0
    }
}