{
    "R2": 0.9670214896263665,
    "RMSE": 37.831879751298644,
    "MSE": 1431.2511255167205,
    "MAPE": 0.02931609985209113,
    "ACMAPE": 1.2206907629248676
}