{
    "R2": -0.7511046825913201,
    "RMSE": 275.6756821332306,
    "MSE": 75997.081719622,
    "MAPE": 0.17594136246467829,
    "ACMAPE": 1.0474597811529085
}