{
    "R2": 0.9319947435224388,
    "RMSE": 16.10948445567956,
    "MSE": 259.51548942778135,
    "MAPE": 0.015789465390625416,
    "ACMAPE": 0.6132998388346089
}