{
    "DOWN": {
        "precision": 0.6580645161290323,
        "recall": 0.6845637583892618,
        "f1-score": 0.6710526315789475,
        "support": 149.0
    },
    "UP": {
        "precision": 0.5104166666666666,
        "recall": 0.4803921568627451,
        "f1-score": 0.494949494949495,
        "support": 102.0
    },
    "accuracy": 0.601593625498008,
    "macro avg": {
        "precision": 0.5842405913978495,
        "recall": 0.5824779576260034,
        "f1-score": 0.5830010632642212,
        "support": 251.0
    },
    "weighted avg": {
        "precision": 0.5980641948335689,
        "recall": 0.601593625498008,
        "f1-score": 0.5994888071319189,
        "support": 251.0
    }
}