{
    "R2": 0.9183110536412519,
    "RMSE": 18.069755297455483,
    "MSE": 326.51605650992053,
    "MAPE": 0.016761637649557633,
    "ACMAPE": 0.8135743866535416
}