{
    "R2": 0.20317740177636667,
    "RMSE": 23.64650142839885,
    "MSE": 559.1570298032689,
    "MAPE": 0.030604440756344567,
    "ACMAPE": 0.9829853931372969
}