{
    "R2": 0.7633590257306332,
    "RMSE": 12.886383320528836,
    "MSE": 166.05887508360377,
    "MAPE": 0.015688714864490347,
    "ACMAPE": 1.2537839529597286
}