{
    "R2": 0.9838415826811281,
    "RMSE": 13.055897550992603,
    "MSE": 170.45646086201464,
    "MAPE": 0.10666278714544583,
    "ACMAPE": 0.5947173946539782
}