{
    "R2": 0.9870483777974417,
    "RMSE": 11.624812219217612,
    "MSE": 135.13625913207107,
    "MAPE": 0.0329606867962675,
    "ACMAPE": 0.5753899713220578
}