{
    "DOWN": {
        "precision": 0.7338709677419355,
        "recall": 0.8198198198198198,
        "f1-score": 0.774468085106383,
        "support": 111.0
    },
    "UP": {
        "precision": 0.25925925925925924,
        "recall": 0.175,
        "f1-score": 0.208955223880597,
        "support": 40.0
    },
    "accuracy": 0.6490066225165563,
    "macro avg": {
        "precision": 0.4965651135005974,
        "recall": 0.49740990990990985,
        "f1-score": 0.49171165449348997,
        "support": 151.0
    },
    "weighted avg": {
        "precision": 0.6081460118524848,
        "recall": 0.6490066225165563,
        "f1-score": 0.6246633536558437,
        "support": 151.0
    }
}