{
    "DOWN": {
<<<<<<< HEAD
        "precision": 0.732824427480916,
        "recall": 0.8648648648648649,
        "f1-score": 0.7933884297520661,
        "support": 111.0
    },
    "UP": {
        "precision": 0.25,
        "recall": 0.125,
        "f1-score": 0.16666666666666666,
        "support": 40.0
    },
    "accuracy": 0.6688741721854304,
    "macro avg": {
        "precision": 0.491412213740458,
        "recall": 0.49493243243243246,
        "f1-score": 0.4800275482093664,
        "support": 151.0
    },
    "weighted avg": {
        "precision": 0.604923916889945,
        "recall": 0.6688741721854304,
        "f1-score": 0.6273694196632186,
=======
        "precision": 0.7286821705426356,
        "recall": 0.8468468468468469,
        "f1-score": 0.7833333333333333,
        "support": 111.0
    },
    "UP": {
        "precision": 0.22727272727272727,
        "recall": 0.125,
        "f1-score": 0.16129032258064516,
        "support": 40.0
    },
    "accuracy": 0.6556291390728477,
    "macro avg": {
        "precision": 0.47797744890768146,
        "recall": 0.48592342342342343,
        "f1-score": 0.4723118279569892,
        "support": 151.0
    },
    "weighted avg": {
        "precision": 0.595858476961203,
        "recall": 0.6556291390728477,
        "f1-score": 0.6185537278359325,
>>>>>>> d5f42532be6a9c18a5da3fb21b671ebbe5b6efbf
        "support": 151.0
    }
}