{
    "DOWN": {
        "precision": 0.639080459770115,
        "recall": 0.35917312661498707,
        "f1-score": 0.45988420181968565,
        "support": 774.0
    },
    "UP": {
        "precision": 0.06941838649155722,
        "recall": 0.19072164948453607,
        "f1-score": 0.10178817056396149,
        "support": 194.0
    },
    "accuracy": 0.32541322314049587,
    "macro avg": {
        "precision": 0.35424942313083607,
        "recall": 0.2749473880497616,
        "f1-score": 0.28083618619182354,
        "support": 968.0
    },
    "weighted avg": {
        "precision": 0.5249126475634619,
        "recall": 0.32541322314049587,
        "f1-score": 0.38811702200190623,
        "support": 968.0
    }
}