{
    "DOWN": {
        "precision": 0.8221680876979294,
        "recall": 0.872093023255814,
        "f1-score": 0.8463949843260188,
        "support": 774.0
    },
    "UP": {
        "precision": 0.32653061224489793,
        "recall": 0.24742268041237114,
        "f1-score": 0.28152492668621704,
        "support": 194.0
    },
    "accuracy": 0.746900826446281,
    "macro avg": {
        "precision": 0.5743493499714136,
        "recall": 0.5597578518340925,
        "f1-score": 0.5639599555061179,
        "support": 968.0
    },
    "weighted avg": {
        "precision": 0.7228357837331689,
        "recall": 0.746900826446281,
        "f1-score": 0.7331875554188684,
        "support": 968.0
    }
}