{
    "R2": 0.9789259562764465,
    "RMSE": 3.9638336667399883,
    "MSE": 15.71197733758138,
    "MAPE": 75924268240757.19,
    "ACMAPE": 75924268240757.6
}