{
    "DOWN": {
        "precision": 0.8378378378378378,
        "recall": 0.19118100524205983,
        "f1-score": 0.31132312327391415,
        "support": 3243.0
    },
    "UP": {
        "precision": 0.1601024655779699,
        "recall": 0.8064516129032258,
        "f1-score": 0.26716537536735235,
        "support": 620.0
    },
    "accuracy": 0.28993010613512815,
    "macro avg": {
        "precision": 0.4989701517079039,
        "recall": 0.4988163090726428,
        "f1-score": 0.28924424932063325,
        "support": 3863.0
    },
    "weighted avg": {
        "precision": 0.7290633281818404,
        "recall": 0.28993010613512815,
        "f1-score": 0.3042359361908004,
        "support": 3863.0
    }
}