{
    "R2": 0.8899368318927867,
    "RMSE": 31.286667940271997,
    "MSE": 978.8555908048436,
    "MAPE": 0.10448757967782626,
    "ACMAPE": 1.5197768358761732
}