{
    "DOWN": {
        "precision": 0.8631778058007566,
        "recall": 0.4231839258114374,
        "f1-score": 0.5679319643227546,
        "support": 3235.0
    },
    "UP": {
        "precision": 0.1768857520952801,
        "recall": 0.6488673139158576,
        "f1-score": 0.27798960138648177,
        "support": 618.0
    },
    "accuracy": 0.45938229950687776,
    "macro avg": {
        "precision": 0.5200317789480183,
        "recall": 0.5360256198636475,
        "f1-score": 0.4229607828546182,
        "support": 3853.0
    },
    "weighted avg": {
        "precision": 0.7531003365067042,
        "recall": 0.45938229950687776,
        "f1-score": 0.5214268046304067,
        "support": 3853.0
    }
}