{
    "R2": 0.9022938594703961,
    "RMSE": 22.83425111245072,
    "MSE": 521.4030238664569,
    "MAPE": 0.16124846483854677,
    "ACMAPE": 1.6045542499625136
}