{
    "DOWN": {
        "precision": 0.7590534241663679,
        "recall": 0.9330101366240635,
        "f1-score": 0.8370897587979438,
        "support": 2269.0
    },
    "UP": {
        "precision": 0.40625,
        "recall": 0.13402061855670103,
        "f1-score": 0.20155038759689925,
        "support": 776.0
    },
    "accuracy": 0.729392446633826,
    "macro avg": {
        "precision": 0.582651712083184,
        "recall": 0.5335153775903823,
        "f1-score": 0.5193200731974215,
        "support": 3045.0
    },
    "weighted avg": {
        "precision": 0.6691435860208501,
        "recall": 0.729392446633826,
        "f1-score": 0.6751263591092704,
        "support": 3045.0
    }
}