{
<<<<<<< HEAD
    "R2": 0.9432083891396477,
    "RMSE": 17.4087639703945,
    "MSE": 303.0650629769056,
    "MAPE": 0.1266507660357825,
    "ACMAPE": 1.4747499395895014
=======
    "R2": 0.9022938594703961,
    "RMSE": 22.83425111245072,
    "MSE": 521.4030238664569,
    "MAPE": 0.16124846483854677,
    "ACMAPE": 1.6045542499625136
>>>>>>> d5f42532be6a9c18a5da3fb21b671ebbe5b6efbf
}