{
    "DOWN": {
        "precision": 0.7234927234927235,
        "recall": 0.1543921916592724,
        "f1-score": 0.2544789762340036,
        "support": 2254.0
    },
    "UP": {
        "precision": 0.2507861635220126,
        "recall": 0.8274967574578469,
        "f1-score": 0.38491704374057323,
        "support": 771.0
    },
    "accuracy": 0.3259504132231405,
    "macro avg": {
        "precision": 0.48713944350736804,
        "recall": 0.49094447455855966,
        "f1-score": 0.3196980099872884,
        "support": 3025.0
    },
    "weighted avg": {
        "precision": 0.6030111506869655,
        "recall": 0.3259504132231405,
        "f1-score": 0.28772451343981026,
        "support": 3025.0
    }
}