{
    "R2": 0.99245656891475,
    "RMSE": 6.332310331232008,
    "MSE": 40.09815413102762,
    "MAPE": 0.03456243228251419,
    "ACMAPE": 0.5757775390148623
}