{
    "DOWN": {
        "precision": 0.6309523809523809,
        "recall": 0.046861184792219276,
        "f1-score": 0.08724279835390948,
        "support": 2262.0
    },
    "UP": {
        "precision": 0.24799441925357515,
        "recall": 0.9197930142302717,
        "f1-score": 0.3906593406593406,
        "support": 773.0
    },
    "accuracy": 0.26919275123558484,
    "macro avg": {
        "precision": 0.43947340010297803,
        "recall": 0.4833270995112455,
        "f1-score": 0.23895106950662504,
        "support": 3035.0
    },
    "weighted avg": {
        "precision": 0.533414817725634,
        "recall": 0.26919275123558484,
        "f1-score": 0.16452154207782982,
        "support": 3035.0
    }
}