{
<<<<<<< HEAD
    "R2": -0.5903400094405624,
    "RMSE": 181.61630833642835,
    "MSE": 32984.48345375261,
    "MAPE": 0.33267151975359566,
    "ACMAPE": 0.9476518088468939
=======
    "R2": -0.7123455519215318,
    "RMSE": 188.45408514227583,
    "MSE": 35514.94220681215,
    "MAPE": 0.3296537357101419,
    "ACMAPE": 0.9682871128454902
>>>>>>> d5f42532be6a9c18a5da3fb21b671ebbe5b6efbf
}