{
<<<<<<< HEAD
    "R2": 0.8856088114408938,
    "RMSE": 33.628464373650864,
    "MSE": 1130.8736161299053,
    "MAPE": 0.10615558378016111,
    "ACMAPE": 1.2961197414862544
=======
    "R2": 0.8443930854088313,
    "RMSE": 39.22158999537048,
    "MSE": 1538.3331217649454,
    "MAPE": 0.14155227702533613,
    "ACMAPE": 1.3386848935127913
>>>>>>> d5f42532be6a9c18a5da3fb21b671ebbe5b6efbf
}