{
    "R2": 0.9803115860063759,
    "RMSE": 46.08412102602931,
    "MSE": 2123.7462107417164,
    "MAPE": 0.1724972653990908,
    "ACMAPE": 1.4889529616016224
}