{
    "DOWN": {
        "precision": 0.6506550218340611,
        "recall": 0.09867549668874172,
        "f1-score": 0.17136285221391603,
        "support": 1510.0
    },
    "UP": {
        "precision": 0.313666162380232,
        "recall": 0.886039886039886,
        "f1-score": 0.46331471135940405,
        "support": 702.0
    },
    "accuracy": 0.3485533453887884,
    "macro avg": {
        "precision": 0.48216059210714657,
        "recall": 0.4923576913643139,
        "f1-score": 0.31733878178666003,
        "support": 2212.0
    },
    "weighted avg": {
        "precision": 0.5437082861484427,
        "recall": 0.3485533453887884,
        "f1-score": 0.26401665199697777,
        "support": 2212.0
    }
}