{
    "DOWN": {
        "precision": 0.6455938697318008,
        "recall": 0.9361111111111111,
        "f1-score": 0.764172335600907,
        "support": 360.0
    },
    "UP": {
        "precision": 0.3611111111111111,
        "recall": 0.06565656565656566,
        "f1-score": 0.11111111111111112,
        "support": 198.0
    },
    "accuracy": 0.6272401433691757,
    "macro avg": {
        "precision": 0.5033524904214559,
        "recall": 0.5008838383838384,
        "f1-score": 0.4376417233560091,
        "support": 558.0
    },
    "weighted avg": {
        "precision": 0.5446483747373625,
        "recall": 0.6272401433691757,
        "f1-score": 0.5324409333625924,
        "support": 558.0
    }
}