{
    "DOWN": {
        "precision": 0.6878680800942285,
        "recall": 0.3847167325428195,
        "f1-score": 0.4934516265314744,
        "support": 1518.0
    },
    "UP": {
        "precision": 0.32220609579100146,
        "recall": 0.6262341325811002,
        "f1-score": 0.42549113560134166,
        "support": 709.0
    },
    "accuracy": 0.46160754378087115,
    "macro avg": {
        "precision": 0.5050370879426149,
        "recall": 0.5054754325619598,
        "f1-score": 0.45947138106640806,
        "support": 2227.0
    },
    "weighted avg": {
        "precision": 0.571453914458401,
        "recall": 0.46160754378087115,
        "f1-score": 0.471815349894984,
        "support": 2227.0
    }
}