{
    "R2": 0.8443930854088313,
    "RMSE": 39.22158999537048,
    "MSE": 1538.3331217649454,
    "MAPE": 0.14155227702533613,
    "ACMAPE": 1.3386848935127913
}