{
    "R2": 0.9925846613438555,
    "RMSE": 28.15627353471884,
    "MSE": 792.7757393619084,
    "MAPE": 0.05784697157300689,
    "ACMAPE": 0.6976319178095661
}