{
    "DOWN": {
<<<<<<< HEAD
        "precision": 0.6186440677966102,
        "recall": 0.20277777777777778,
        "f1-score": 0.3054393305439331,
        "support": 360.0
    },
    "UP": {
        "precision": 0.3477272727272727,
        "recall": 0.7727272727272727,
        "f1-score": 0.47962382445141066,
        "support": 198.0
    },
    "accuracy": 0.4050179211469534,
    "macro avg": {
        "precision": 0.4831856702619415,
        "recall": 0.4877525252525252,
        "f1-score": 0.39253157749767187,
        "support": 558.0
    },
    "weighted avg": {
        "precision": 0.5225123018042646,
        "recall": 0.4050179211469534,
        "f1-score": 0.36724673160787674,
=======
        "precision": 0.6274509803921569,
        "recall": 0.17777777777777778,
        "f1-score": 0.27705627705627706,
        "support": 360.0
    },
    "UP": {
        "precision": 0.3508771929824561,
        "recall": 0.8080808080808081,
        "f1-score": 0.4892966360856268,
        "support": 198.0
    },
    "accuracy": 0.4014336917562724,
    "macro avg": {
        "precision": 0.4891640866873065,
        "recall": 0.49292929292929294,
        "f1-score": 0.3831764565709519,
        "support": 558.0
    },
    "weighted avg": {
        "precision": 0.5293118945371017,
        "recall": 0.4014336917562724,
        "f1-score": 0.3523673721957237,
>>>>>>> d5f42532be6a9c18a5da3fb21b671ebbe5b6efbf
        "support": 558.0
    }
}