{
    "DOWN": {
<<<<<<< HEAD
        "precision": 0.6506550218340611,
        "recall": 0.09867549668874172,
        "f1-score": 0.17136285221391603,
        "support": 1510.0
    },
    "UP": {
        "precision": 0.313666162380232,
        "recall": 0.886039886039886,
        "f1-score": 0.46331471135940405,
        "support": 702.0
    },
    "accuracy": 0.3485533453887884,
    "macro avg": {
        "precision": 0.48216059210714657,
        "recall": 0.4923576913643139,
        "f1-score": 0.31733878178666003,
        "support": 2212.0
    },
    "weighted avg": {
        "precision": 0.5437082861484427,
        "recall": 0.3485533453887884,
        "f1-score": 0.26401665199697777,
=======
        "precision": 0.6377551020408163,
        "recall": 0.08278145695364239,
        "f1-score": 0.14654161781946076,
        "support": 1510.0
    },
    "UP": {
        "precision": 0.31299603174603174,
        "recall": 0.8988603988603988,
        "f1-score": 0.46431199411331864,
        "support": 702.0
    },
    "accuracy": 0.34177215189873417,
    "macro avg": {
        "precision": 0.47537556689342403,
        "recall": 0.4908209279070206,
        "f1-score": 0.3054268059663897,
        "support": 2212.0
    },
    "weighted avg": {
        "precision": 0.5346896104734842,
        "recall": 0.34177215189873417,
        "f1-score": 0.24738917846968148,
>>>>>>> d5f42532be6a9c18a5da3fb21b671ebbe5b6efbf
        "support": 2212.0
    }
}