{
    "R2": 0.8856088114408938,
    "RMSE": 33.628464373650864,
    "MSE": 1130.8736161299053,
    "MAPE": 0.10615558378016111,
    "ACMAPE": 1.2961197414862544
}