{
    "R2": 0.9880113234368492,
    "RMSE": 35.960983762685714,
    "MSE": 1293.1923531801458,
    "MAPE": 0.1295964712774928,
    "ACMAPE": 1.4324897804999162
}