{
    "DOWN": {
<<<<<<< HEAD
        "precision": 0.6346153846153846,
        "recall": 0.12313432835820895,
        "f1-score": 0.20625,
        "support": 268.0
    },
    "UP": {
        "precision": 0.4050632911392405,
        "recall": 0.8938547486033519,
        "f1-score": 0.5574912891986062,
        "support": 179.0
    },
    "accuracy": 0.4317673378076063,
    "macro avg": {
        "precision": 0.5198393378773125,
        "recall": 0.5084945384807804,
        "f1-score": 0.3818706445993031,
        "support": 447.0
    },
    "weighted avg": {
        "precision": 0.5426918393531256,
        "recall": 0.4317673378076063,
        "f1-score": 0.3469036706186812,
=======
        "precision": 0.6538461538461539,
        "recall": 0.12686567164179105,
        "f1-score": 0.2125,
        "support": 268.0
    },
    "UP": {
        "precision": 0.40759493670886077,
        "recall": 0.8994413407821229,
        "f1-score": 0.5609756097560976,
        "support": 179.0
    },
    "accuracy": 0.436241610738255,
    "macro avg": {
        "precision": 0.5307205452775073,
        "recall": 0.513153506211957,
        "f1-score": 0.3867378048780488,
        "support": 447.0
    },
    "weighted avg": {
        "precision": 0.5552354874757389,
        "recall": 0.436241610738255,
        "f1-score": 0.35204616140121137,
>>>>>>> d5f42532be6a9c18a5da3fb21b671ebbe5b6efbf
        "support": 447.0
    }
}