{
    "DOWN": {
        "precision": 0.7113702623906706,
        "recall": 0.3967479674796748,
        "f1-score": 0.5093945720250521,
        "support": 1230.0
    },
    "UP": {
        "precision": 0.3154981549815498,
        "recall": 0.6333333333333333,
        "f1-score": 0.4211822660098522,
        "support": 540.0
    },
    "accuracy": 0.4689265536723164,
    "macro avg": {
        "precision": 0.5134342086861102,
        "recall": 0.515040650406504,
        "f1-score": 0.46528841901745216,
        "support": 1770.0
    },
    "weighted avg": {
        "precision": 0.59059572114721,
        "recall": 0.4689265536723164,
        "f1-score": 0.4824823430712623,
        "support": 1770.0
    }
}