{
    "R2": 0.9502427828132511,
    "RMSE": 85.62975088356382,
    "MSE": 7332.454236381197,
    "MAPE": 0.06456186684336669,
    "ACMAPE": 0.7278671889722184
}