{
    "R2": 0.9843605663292379,
    "RMSE": 47.55016405879166,
    "MSE": 2261.018102018002,
    "MAPE": 0.050432430252028176,
    "ACMAPE": 1.1125793229073955
}