{
    "DOWN": {
        "precision": 0.6940298507462687,
        "recall": 0.45,
        "f1-score": 0.5459882583170255,
        "support": 1240.0
    },
    "UP": {
        "precision": 0.3012295081967213,
        "recall": 0.5444444444444444,
        "f1-score": 0.38786279683377306,
        "support": 540.0
    },
    "accuracy": 0.4786516853932584,
    "macro avg": {
        "precision": 0.49762967947149495,
        "recall": 0.49722222222222223,
        "f1-score": 0.4669255275753993,
        "support": 1780.0
    },
    "weighted avg": {
        "precision": 0.5748657018829229,
        "recall": 0.4786516853932584,
        "f1-score": 0.4980176126985107,
        "support": 1780.0
    }
}