{
    "R2": 0.9752277506116656,
    "RMSE": 60.23127222832103,
    "MSE": 3627.806154242116,
    "MAPE": 0.05077018567196227,
    "ACMAPE": 1.0934668148854454
}