{
    "DOWN": {
        "precision": 0.5922330097087378,
        "recall": 0.22761194029850745,
        "f1-score": 0.32884097035040427,
        "support": 268.0
    },
    "UP": {
        "precision": 0.39825581395348836,
        "recall": 0.7653631284916201,
        "f1-score": 0.5239005736137667,
        "support": 179.0
    },
    "accuracy": 0.4429530201342282,
    "macro avg": {
        "precision": 0.4952444118311131,
        "recall": 0.49648753439506377,
        "f1-score": 0.4263707719820855,
        "support": 447.0
    },
    "weighted avg": {
        "precision": 0.514555340715025,
        "recall": 0.4429530201342282,
        "f1-score": 0.40695208664602367,
        "support": 447.0
    }
}