{
    "DOWN": {
        "precision": 0.6,
        "recall": 0.8481012658227848,
        "f1-score": 0.7027972027972027,
        "support": 237.0
    },
    "UP": {
        "precision": 0.5135135135135135,
        "recall": 0.22093023255813954,
        "f1-score": 0.3089430894308943,
        "support": 172.0
    },
    "accuracy": 0.5843520782396088,
    "macro avg": {
        "precision": 0.5567567567567567,
        "recall": 0.5345157491904622,
        "f1-score": 0.5058701461140485,
        "support": 409.0
    },
    "weighted avg": {
        "precision": 0.5636291548271988,
        "recall": 0.5843520782396088,
        "f1-score": 0.5371666221150388,
        "support": 409.0
    }
}