{
    "R2": 0.32078830538237046,
    "RMSE": 76.2537232293713,
    "MSE": 5814.63030634156,
    "MAPE": 0.04169137604120378,
    "ACMAPE": 0.898834233184061
}