{
    "DOWN": {
        "precision": 0.6122448979591837,
        "recall": 0.9523809523809523,
        "f1-score": 0.7453416149068324,
        "support": 63.0
    },
    "UP": {
        "precision": 0.5714285714285714,
        "recall": 0.09523809523809523,
        "f1-score": 0.16326530612244897,
        "support": 42.0
    },
    "accuracy": 0.6095238095238096,
    "macro avg": {
        "precision": 0.5918367346938775,
        "recall": 0.5238095238095237,
        "f1-score": 0.45430346051464066,
        "support": 105.0
    },
    "weighted avg": {
        "precision": 0.5959183673469387,
        "recall": 0.6095238095238096,
        "f1-score": 0.5125110913930789,
        "support": 105.0
    }
}