{
    "R2": 0.5838302712896133,
    "RMSE": 59.68891987120646,
    "MSE": 3562.767155391305,
    "MAPE": 0.03393812971059302,
    "ACMAPE": 0.9291762249486882
}