{
    "R2": 0.976196640034409,
    "RMSE": 101.61594354684794,
    "MSE": 10325.799982916189,
    "MAPE": 0.03200772625565965,
    "ACMAPE": 0.9532487763749914
}