{
    "R2": 0.8984807314895259,
    "RMSE": 20.123358770441683,
    "MSE": 404.9495682039122,
    "MAPE": 0.21519172559447744,
    "ACMAPE": 1.5527400220468837
}