{
    "R2": -0.3127525016874477,
    "RMSE": 34.94876835443832,
    "MSE": 1221.4164094921896,
    "MAPE": 0.15115782325966973,
    "ACMAPE": 1.7365919969291375
}