{
    "DOWN": {
        "precision": 0.8350857775318207,
        "recall": 0.6586643387167176,
        "f1-score": 0.7364568081991214,
        "support": 2291.0
    },
    "UP": {
        "precision": 0.2516746411483254,
        "recall": 0.46880570409982175,
        "f1-score": 0.3275217932752179,
        "support": 561.0
    },
    "accuracy": 0.6213183730715287,
    "macro avg": {
        "precision": 0.543380209340073,
        "recall": 0.5637350214082697,
        "f1-score": 0.5319893007371697,
        "support": 2852.0
    },
    "weighted avg": {
        "precision": 0.7203264340847166,
        "recall": 0.6213183730715287,
        "f1-score": 0.6560176274935429,
        "support": 2852.0
    }
}