{
    "R2": 0.30249582102819383,
    "RMSE": 25.47498018430063,
    "MSE": 648.9746153905098,
    "MAPE": 0.09417456925310733,
    "ACMAPE": 0.7244266700934434
}