{
    "R2": 0.9908686145443087,
    "RMSE": 6.019623747778408,
    "MSE": 36.235870064817775,
    "MAPE": 0.044025480349313154,
    "ACMAPE": 1.585089985107861
}