{
    "R2": 0.9904387827399228,
    "RMSE": 31.790151487582133,
    "MSE": 1010.6137316034205,
    "MAPE": 612785021650.8207,
    "ACMAPE": 612785021651.9146
}