{
    "R2": 0.9977025538468567,
    "RMSE": 15.585291755339949,
    "MSE": 242.9013190990674,
    "MAPE": 538481794103.197,
    "ACMAPE": 538481794103.6237
}