{
    "R2": 0.04351771818907646,
    "RMSE": 1068.5607058737453,
    "MSE": 1141821.9821373967,
    "MAPE": 0.10941147725096548,
    "ACMAPE": 1.042887872100751
}