{
    "R2": 0.9759702317133693,
    "RMSE": 169.36962526966886,
    "MSE": 28686.06996398805,
    "MAPE": 0.021032115439476605,
    "ACMAPE": 1.0017188107184465
}