{
    "R2": -3.2203187672530547,
    "RMSE": 2244.5710785778842,
    "MSE": 5038099.326788286,
    "MAPE": 0.2808879950765881,
    "ACMAPE": 1.2122184671795924
}