{
    "R2": 0.9799823765814502,
    "RMSE": 77.08372774649095,
    "MSE": 5941.90108329514,
    "MAPE": 0.14831666243391556,
    "ACMAPE": 0.7879443220083837
}