{
    "DOWN": {
        "precision": 0.7111280487804879,
        "recall": 0.9040697674418605,
        "f1-score": 0.7960750853242321,
        "support": 1032.0
    },
    "UP": {
        "precision": 0.45604395604395603,
        "recall": 0.17965367965367965,
        "f1-score": 0.2577639751552795,
        "support": 462.0
    },
    "accuracy": 0.6800535475234271,
    "macro avg": {
        "precision": 0.5835860024122219,
        "recall": 0.5418617235477701,
        "f1-score": 0.5269195302397558,
        "support": 1494.0
    },
    "weighted avg": {
        "precision": 0.6322466225125644,
        "recall": 0.6800535475234271,
        "f1-score": 0.6296094006535118,
        "support": 1494.0
    }
}