{
    "DOWN": {
<<<<<<< HEAD
        "precision": 0.711864406779661,
        "recall": 0.8953488372093024,
        "f1-score": 0.7931330472103004,
        "support": 1032.0
    },
    "UP": {
        "precision": 0.4489795918367347,
        "recall": 0.19047619047619047,
        "f1-score": 0.2674772036474164,
        "support": 462.0
    },
    "accuracy": 0.677376171352075,
    "macro avg": {
        "precision": 0.5804219993081978,
        "recall": 0.5429125138427464,
        "f1-score": 0.5303051254288584,
        "support": 1494.0
    },
    "weighted avg": {
        "precision": 0.6305707089860654,
        "recall": 0.677376171352075,
        "f1-score": 0.6305808385583243,
=======
        "precision": 0.7111280487804879,
        "recall": 0.9040697674418605,
        "f1-score": 0.7960750853242321,
        "support": 1032.0
    },
    "UP": {
        "precision": 0.45604395604395603,
        "recall": 0.17965367965367965,
        "f1-score": 0.2577639751552795,
        "support": 462.0
    },
    "accuracy": 0.6800535475234271,
    "macro avg": {
        "precision": 0.5835860024122219,
        "recall": 0.5418617235477701,
        "f1-score": 0.5269195302397558,
        "support": 1494.0
    },
    "weighted avg": {
        "precision": 0.6322466225125644,
        "recall": 0.6800535475234271,
        "f1-score": 0.6296094006535118,
>>>>>>> d5f42532be6a9c18a5da3fb21b671ebbe5b6efbf
        "support": 1494.0
    }
}