{
    "DOWN": {
        "precision": 0.6460807600950119,
        "recall": 0.49725776965265084,
        "f1-score": 0.5619834710743802,
        "support": 547.0
    },
    "UP": {
        "precision": 0.32098765432098764,
        "recall": 0.4659498207885305,
        "f1-score": 0.38011695906432746,
        "support": 279.0
    },
    "accuracy": 0.48668280871670705,
    "macro avg": {
        "precision": 0.4835342072079998,
        "recall": 0.48160379522059066,
        "f1-score": 0.47105021506935385,
        "support": 826.0
    },
    "weighted avg": {
        "precision": 0.5362732824788463,
        "recall": 0.48668280871670705,
        "f1-score": 0.5005539833615416,
        "support": 826.0
    }
}