{
    "DOWN": {
        "precision": 0.6451612903225806,
        "recall": 0.03656307129798903,
        "f1-score": 0.06920415224913494,
        "support": 547.0
    },
    "UP": {
        "precision": 0.3371069182389937,
        "recall": 0.9605734767025089,
        "f1-score": 0.49906890130353815,
        "support": 279.0
    },
    "accuracy": 0.3486682808716707,
    "macro avg": {
        "precision": 0.4911341042807872,
        "recall": 0.498568274000249,
        "f1-score": 0.28413652677633655,
        "support": 826.0
    },
    "weighted avg": {
        "precision": 0.5411090266284877,
        "recall": 0.3486682808716707,
        "f1-score": 0.21440059896363675,
        "support": 826.0
    }
}