{
    "R2": -0.5247426847523551,
    "RMSE": 177.05931076547265,
    "MSE": 31349.999528744218,
    "MAPE": 0.22059627955263722,
    "ACMAPE": 1.5111531802790295
}