{
    "DOWN": {
        "precision": 0.8451612903225807,
        "recall": 0.489367816091954,
        "f1-score": 0.6198362147406733,
        "support": 3480.0
    },
    "UP": {
        "precision": 0.17540603248259862,
        "recall": 0.5478260869565217,
        "f1-score": 0.2657293497363796,
        "support": 690.0
    },
    "accuracy": 0.4990407673860911,
    "macro avg": {
        "precision": 0.5102836614025896,
        "recall": 0.5185969515242379,
        "f1-score": 0.44278278223852646,
        "support": 4170.0
    },
    "weighted avg": {
        "precision": 0.7343384778742383,
        "recall": 0.4990407673860911,
        "f1-score": 0.5612429924737758,
        "support": 4170.0
    }
}