{
    "R2": 0.9923884006163433,
    "RMSE": 30.948435091996526,
    "MSE": 957.805634643522,
    "MAPE": 0.05073922597479489,
    "ACMAPE": 1.0526576912026129
}