{
    "DOWN": {
        "precision": 0.858217940999398,
        "recall": 0.818077474892396,
        "f1-score": 0.837667107389452,
        "support": 3485.0
    },
    "UP": {
        "precision": 0.2567409144196952,
        "recall": 0.3173913043478261,
        "f1-score": 0.2838626053143227,
        "support": 690.0
    },
    "accuracy": 0.7353293413173653,
    "macro avg": {
        "precision": 0.5574794277095466,
        "recall": 0.567734389620111,
        "f1-score": 0.5607648563518874,
        "support": 4175.0
    },
    "weighted avg": {
        "precision": 0.7588121569658662,
        "recall": 0.7353293413173653,
        "f1-score": 0.7461401357890115,
        "support": 4175.0
    }
}