{
    "R2": 0.9462647231711944,
    "RMSE": 16.135659557212186,
    "MSE": 260.35950934625293,
    "MAPE": 0.02264717740099733,
    "ACMAPE": 1.1548310854469743
}