{
    "DOWN": {
        "precision": 0.6822429906542056,
        "recall": 0.21597633136094674,
        "f1-score": 0.32808988764044944,
        "support": 338.0
    },
    "UP": {
        "precision": 0.289544235924933,
        "recall": 0.7605633802816901,
        "f1-score": 0.41941747572815535,
        "support": 142.0
    },
    "accuracy": 0.3770833333333333,
    "macro avg": {
        "precision": 0.48589361328956926,
        "recall": 0.48826985582131843,
        "f1-score": 0.3737536816843024,
        "support": 480.0
    },
    "weighted avg": {
        "precision": 0.5660696090467957,
        "recall": 0.3770833333333333,
        "f1-score": 0.35510763244972915,
        "support": 480.0
    }
}