{
    "DOWN": {
        "precision": 0.72,
        "recall": 0.9053254437869822,
        "f1-score": 0.8020969855832241,
        "support": 338.0
    },
    "UP": {
        "precision": 0.41818181818181815,
        "recall": 0.1619718309859155,
        "f1-score": 0.233502538071066,
        "support": 142.0
    },
    "accuracy": 0.6854166666666667,
    "macro avg": {
        "precision": 0.5690909090909091,
        "recall": 0.5336486373864489,
        "f1-score": 0.517799761827145,
        "support": 480.0
    },
    "weighted avg": {
        "precision": 0.6307121212121213,
        "recall": 0.6854166666666667,
        "f1-score": 0.6338877948608773,
        "support": 480.0
    }
}