{
    "R2": 0.977920736945225,
    "RMSE": 40.05018287956516,
    "MSE": 1604.0171486866147,
    "MAPE": 0.013077049778538552,
    "ACMAPE": 0.5075536410462923
}