{
    "R2": -0.0006946409832078171,
    "RMSE": 268.23107148453386,
    "MSE": 71947.90770974112,
    "MAPE": 0.09261051065989102,
    "ACMAPE": 1.3992216506911248
}