{
    "DOWN": {
        "precision": 0.8868880135059088,
        "recall": 0.9459783913565426,
        "f1-score": 0.9154806854487366,
        "support": 1666.0
    },
    "UP": {
        "precision": 0.35251798561151076,
        "recall": 0.196,
        "f1-score": 0.25192802056555275,
        "support": 250.0
    },
    "accuracy": 0.8481210855949896,
    "macro avg": {
        "precision": 0.6197029995587098,
        "recall": 0.5709891956782713,
        "f1-score": 0.5837043530071446,
        "support": 1916.0
    },
    "weighted avg": {
        "precision": 0.8171633230186439,
        "recall": 0.8481210855949896,
        "f1-score": 0.8289002229117868,
        "support": 1916.0
    }
}