{
    "R2": 0.9976463188815287,
    "RMSE": 114.31560479677057,
    "MSE": 13068.057500051436,
    "MAPE": 0.04087731519265977,
    "ACMAPE": 0.5258852057765631
}