{
    "DOWN": {
        "precision": 0.8163396590543583,
        "recall": 0.8785046728971962,
        "f1-score": 0.8462820940313439,
        "support": 2889.0
    },
    "UP": {
        "precision": 0.4935064935064935,
        "recall": 0.37458926615553123,
        "f1-score": 0.4259028642590287,
        "support": 913.0
    },
    "accuracy": 0.7574960547080484,
    "macro avg": {
        "precision": 0.6549230762804259,
        "recall": 0.6265469695263637,
        "f1-score": 0.6360924791451863,
        "support": 3802.0
    },
    "weighted avg": {
        "precision": 0.7388155453917595,
        "recall": 0.7574960547080484,
        "f1-score": 0.745333583567871,
        "support": 3802.0
    }
}