{
    "R2": 0.9704077532723693,
    "RMSE": 285.6956094847745,
    "MSE": 81621.98127887676,
    "MAPE": 0.029838550762212826,
    "ACMAPE": 1.0036605402910086
}