{
    "DOWN": {
        "precision": 0.545929018789144,
        "recall": 0.9942965779467681,
        "f1-score": 0.7048517520215634,
        "support": 526.0
    },
    "UP": {
        "precision": 0.25,
        "recall": 0.0022935779816513763,
        "f1-score": 0.004545454545454546,
        "support": 436.0
    },
    "accuracy": 0.5446985446985447,
    "macro avg": {
        "precision": 0.397964509394572,
        "recall": 0.49829507796420974,
        "f1-score": 0.35469860328350894,
        "support": 962.0
    },
    "weighted avg": {
        "precision": 0.4118073429138147,
        "recall": 0.5446985446985447,
        "f1-score": 0.38745721387230825,
        "support": 962.0
    }
}