{
    "DOWN": {
        "precision": 0.5385572139303483,
        "recall": 0.4033535165346996,
        "f1-score": 0.4612516644474035,
        "support": 2147.0
    },
    "UP": {
        "precision": 0.4268456375838926,
        "recall": 0.5625,
        "f1-score": 0.48537267870770795,
        "support": 1696.0
    },
    "accuracy": 0.47358834244080145,
    "macro avg": {
        "precision": 0.48270142575712044,
        "recall": 0.48292675826734976,
        "f1-score": 0.47331217157755573,
        "support": 3843.0
    },
    "weighted avg": {
        "precision": 0.4892564505986832,
        "recall": 0.47358834244080145,
        "f1-score": 0.47189679590342126,
        "support": 3843.0
    }
}