{
    "DOWN": {
        "precision": 0.5412026726057907,
        "recall": 0.566962202519832,
        "f1-score": 0.5537830446672745,
        "support": 2143.0
    },
    "UP": {
        "precision": 0.4174513496547395,
        "recall": 0.39233038348082594,
        "f1-score": 0.40450121654501214,
        "support": 1695.0
    },
    "accuracy": 0.4898384575299635,
    "macro avg": {
        "precision": 0.4793270111302651,
        "recall": 0.47964629300032896,
        "f1-score": 0.4791421306061433,
        "support": 3838.0
    },
    "weighted avg": {
        "precision": 0.48654960006748127,
        "recall": 0.4898384575299635,
        "f1-score": 0.4878547750822732,
        "support": 3838.0
    }
}