{
    "R2": 0.960398525807068,
    "RMSE": 110.58410592827802,
    "MSE": 12228.844483956613,
    "MAPE": 0.023797119261512914,
    "ACMAPE": 0.9219260173904111
}