{
    "DOWN": {
        "precision": 0.5673714105396024,
        "recall": 0.8366682177757097,
        "f1-score": 0.67619405791651,
        "support": 2149.0
    },
    "UP": {
        "precision": 0.48306332842415317,
        "recall": 0.19305473808122425,
        "f1-score": 0.27586206896551724,
        "support": 1699.0
    },
    "accuracy": 0.5524948024948025,
    "macro avg": {
        "precision": 0.5252173694818778,
        "recall": 0.5148614779284669,
        "f1-score": 0.4760280634410136,
        "support": 3848.0
    },
    "weighted avg": {
        "precision": 0.5301470260504786,
        "recall": 0.5524948024948025,
        "f1-score": 0.49943624886564286,
        "support": 3848.0
    }
}