{
    "DOWN": {
        "precision": 0.5483641536273115,
        "recall": 0.3607861488067384,
        "f1-score": 0.43522438611346315,
        "support": 2137.0
    },
    "UP": {
        "precision": 0.4360033030553262,
        "recall": 0.6244825547013602,
        "f1-score": 0.513493800145879,
        "support": 1691.0
    },
    "accuracy": 0.4772727272727273,
    "macro avg": {
        "precision": 0.49218372834131885,
        "recall": 0.4926343517540493,
        "f1-score": 0.47435909312967106,
        "support": 3828.0
    },
    "weighted avg": {
        "precision": 0.49872930558205886,
        "recall": 0.4772727272727273,
        "f1-score": 0.46979951127773045,
        "support": 3828.0
    }
}