{
    "R2": -4.499320417546919,
    "RMSE": 1303.1414133699466,
    "MSE": 1698177.543239822,
    "MAPE": 0.3170127630466109,
    "ACMAPE": 1.2276156736495214
}