{
    "R2": 0.9358842368069974,
    "RMSE": 6.1917253720890555,
    "MSE": 38.337463083371354,
    "MAPE": 0.14764821438687328,
    "ACMAPE": 1.0841561508948099
}