{
<<<<<<< HEAD
    "R2": 0.6669697377239447,
    "RMSE": 4.966387824484754,
    "MSE": 24.665008023190413,
    "MAPE": 0.03595056546969588,
    "ACMAPE": 0.7276501702127789
=======
    "R2": 0.6585993297982259,
    "RMSE": 5.0284132894617635,
    "MSE": 25.28494020963567,
    "MAPE": 0.03561690409137488,
    "ACMAPE": 0.7115062321546161
>>>>>>> d5f42532be6a9c18a5da3fb21b671ebbe5b6efbf
}