{
    "R2": 0.9871359145977329,
    "RMSE": 2.762274341620319,
    "MSE": 7.630159538373965,
    "MAPE": 0.04050648893196931,
    "ACMAPE": 0.9218624211353592
}