{
    "R2": 0.8605377270572816,
    "RMSE": 3.2138614500398273,
    "MSE": 10.3289054200521,
    "MAPE": 0.025057924167582832,
    "ACMAPE": 0.4993662245628397
}