{
    "R2": 0.9896976278198718,
    "RMSE": 2.490660834522689,
    "MSE": 6.2033913926252575,
    "MAPE": 0.03770868942179368,
    "ACMAPE": 0.37038391153433076
}