{
    "DOWN": {
        "precision": 0.8809746954076851,
        "recall": 0.5529411764705883,
        "f1-score": 0.6794362125045176,
        "support": 1700.0
    },
    "UP": {
        "precision": 0.1906283280085197,
        "recall": 0.5849673202614379,
        "f1-score": 0.28755020080321286,
        "support": 306.0
    },
    "accuracy": 0.557826520438684,
    "macro avg": {
        "precision": 0.5358015117081024,
        "recall": 0.568954248366013,
        "f1-score": 0.4834932066538652,
        "support": 2006.0
    },
    "weighted avg": {
        "precision": 0.7756676224145921,
        "recall": 0.557826520438684,
        "f1-score": 0.6196569903805896,
        "support": 2006.0
    }
}