{
    "DOWN": {
        "precision": 0.8810840707964602,
        "recall": 0.928862973760933,
        "f1-score": 0.9043428895827421,
        "support": 1715.0
    },
    "UP": {
        "precision": 0.44036697247706424,
        "recall": 0.3086816720257235,
        "f1-score": 0.3629489603024575,
        "support": 311.0
    },
    "accuracy": 0.8336623889437315,
    "macro avg": {
        "precision": 0.6607255216367622,
        "recall": 0.6187723228933282,
        "f1-score": 0.6336459249425999,
        "support": 2026.0
    },
    "weighted avg": {
        "precision": 0.8134320384285766,
        "recall": 0.8336623889437315,
        "f1-score": 0.8212365164306352,
        "support": 2026.0
    }
}