{
    "R2": 0.8940605193786663,
    "RMSE": 587.4993532754373,
    "MSE": 345155.4900990571,
    "MAPE": 0.24307182578835265,
    "ACMAPE": 1.3683284992996463
}