{
    "R2": 0.9498914848812582,
    "RMSE": 400.21781559181443,
    "MSE": 160174.29991708358,
    "MAPE": 0.1679177316209621,
    "ACMAPE": 1.0143907606666054
}