{
    "DOWN": {
<<<<<<< HEAD
        "precision": 0.63,
        "recall": 0.22743682310469315,
        "f1-score": 0.3342175066312998,
        "support": 277.0
    },
    "UP": {
        "precision": 0.4323607427055703,
        "recall": 0.815,
        "f1-score": 0.5649913344887348,
        "support": 200.0
    },
    "accuracy": 0.47379454926624737,
    "macro avg": {
        "precision": 0.5311803713527852,
        "recall": 0.5212184115523466,
        "f1-score": 0.4496044205600173,
        "support": 477.0
    },
    "weighted avg": {
        "precision": 0.5471323868786457,
        "recall": 0.47379454926624737,
        "f1-score": 0.4309780214562202,
=======
        "precision": 0.6285714285714286,
        "recall": 0.23826714801444043,
        "f1-score": 0.34554973821989526,
        "support": 277.0
    },
    "UP": {
        "precision": 0.4327956989247312,
        "recall": 0.805,
        "f1-score": 0.562937062937063,
        "support": 200.0
    },
    "accuracy": 0.4758909853249476,
    "macro avg": {
        "precision": 0.5306835637480799,
        "recall": 0.5216335740072202,
        "f1-score": 0.4542434005784791,
        "support": 477.0
    },
    "weighted avg": {
        "precision": 0.5464851687614926,
        "recall": 0.4758909853249476,
        "f1-score": 0.4366974634681836,
>>>>>>> d5f42532be6a9c18a5da3fb21b671ebbe5b6efbf
        "support": 477.0
    }
}