{
    "DOWN": {
        "precision": 0.5238095238095238,
        "recall": 0.2357142857142857,
        "f1-score": 0.32512315270935965,
        "support": 280.0
    },
    "UP": {
        "precision": 0.407202216066482,
        "recall": 0.7101449275362319,
        "f1-score": 0.517605633802817,
        "support": 207.0
    },
    "accuracy": 0.43737166324435317,
    "macro avg": {
        "precision": 0.4655058699380029,
        "recall": 0.47292960662525885,
        "f1-score": 0.4213643932560883,
        "support": 487.0
    },
    "weighted avg": {
        "precision": 0.4742454320173069,
        "recall": 0.43737166324435317,
        "f1-score": 0.40693808820493593,
        "support": 487.0
    }
}