{
    "DOWN": {
        "precision": 0.6575342465753424,
        "recall": 0.6575342465753424,
        "f1-score": 0.6575342465753424,
        "support": 73.0
    },
    "UP": {
        "precision": 0.5098039215686274,
        "recall": 0.5098039215686274,
        "f1-score": 0.5098039215686274,
        "support": 51.0
    },
    "accuracy": 0.5967741935483871,
    "macro avg": {
        "precision": 0.5836690840719849,
        "recall": 0.5836690840719849,
        "f1-score": 0.5836690840719849,
        "support": 124.0
    },
    "weighted avg": {
        "precision": 0.5967741935483871,
        "recall": 0.5967741935483871,
        "f1-score": 0.5967741935483871,
        "support": 124.0
    }
}