{
    "R2": 0.9633875004197732,
    "RMSE": 348.72064551468884,
    "MSE": 121606.08860818126,
    "MAPE": 0.14620759689455784,
    "ACMAPE": 0.9592157269758587
}