{
    "DOWN": {
        "precision": 0.7272727272727273,
        "recall": 0.5161290322580645,
        "f1-score": 0.6037735849056604,
        "support": 93.0
    },
    "UP": {
        "precision": 0.4155844155844156,
        "recall": 0.64,
        "f1-score": 0.5039370078740157,
        "support": 50.0
    },
    "accuracy": 0.5594405594405595,
    "macro avg": {
        "precision": 0.5714285714285714,
        "recall": 0.5780645161290323,
        "f1-score": 0.553855296389838,
        "support": 143.0
    },
    "weighted avg": {
        "precision": 0.618290800108982,
        "recall": 0.5594405594405595,
        "f1-score": 0.5688656908386517,
        "support": 143.0
    }
}