{
    "DOWN": {
        "precision": 0.6776859504132231,
        "recall": 0.8817204301075269,
        "f1-score": 0.7663551401869158,
        "support": 93.0
    },
    "UP": {
        "precision": 0.5,
        "recall": 0.22,
        "f1-score": 0.3055555555555556,
        "support": 50.0
    },
    "accuracy": 0.6503496503496503,
    "macro avg": {
        "precision": 0.5888429752066116,
        "recall": 0.5508602150537635,
        "f1-score": 0.5359553478712357,
        "support": 143.0
    },
    "weighted avg": {
        "precision": 0.615557995723285,
        "recall": 0.6503496503496503,
        "f1-score": 0.6052364043018247,
        "support": 143.0
    }
}