{
    "DOWN": {
        "precision": 0.7623762376237624,
        "recall": 0.18872549019607843,
        "f1-score": 0.30255402750491156,
        "support": 408.0
    },
    "UP": {
        "precision": 0.2644444444444444,
        "recall": 0.8321678321678322,
        "f1-score": 0.40134907251264756,
        "support": 143.0
    },
    "accuracy": 0.35571687840290384,
    "macro avg": {
        "precision": 0.5134103410341034,
        "recall": 0.5104466611819554,
        "f1-score": 0.35195155000877953,
        "support": 551.0
    },
    "weighted avg": {
        "precision": 0.6331489301380229,
        "recall": 0.35571687840290384,
        "f1-score": 0.32819412085537664,
        "support": 551.0
    }
}