{
    "R2": -0.1412368952163967,
    "RMSE": 5.984936199432225,
    "MSE": 35.81946131127424,
    "MAPE": 0.07076153392363752,
    "ACMAPE": 0.9518804150425185
}