{
    "R2": 0.8378471927300148,
    "RMSE": 283.5929543564291,
    "MSE": 80424.9637606077,
    "MAPE": 0.1499342709133838,
    "ACMAPE": 1.163287952714223
}