{
    "R2": 0.94790946722743,
    "RMSE": 44.43544126402539,
    "MSE": 1974.5084403286503,
    "MAPE": 0.02141632827900524,
    "ACMAPE": 1.0701968160838833
}