{
    "DOWN": {
        "precision": 0.5694444444444444,
        "recall": 0.21354166666666666,
        "f1-score": 0.3106060606060606,
        "support": 384.0
    },
    "UP": {
        "precision": 0.41015625,
        "recall": 0.7720588235294118,
        "f1-score": 0.5357142857142857,
        "support": 272.0
    },
    "accuracy": 0.4451219512195122,
    "macro avg": {
        "precision": 0.4898003472222222,
        "recall": 0.4928002450980392,
        "f1-score": 0.4231601731601732,
        "support": 656.0
    },
    "weighted avg": {
        "precision": 0.5033981199186991,
        "recall": 0.4451219512195122,
        "f1-score": 0.40394361735825157,
        "support": 656.0
    }
}