{
    "DOWN": {
        "precision": 0.597799511002445,
        "recall": 0.32002617801047123,
        "f1-score": 0.4168797953964195,
        "support": 1528.0
    },
    "UP": {
        "precision": 0.42533185840707965,
        "recall": 0.7003642987249544,
        "f1-score": 0.5292498279421886,
        "support": 1098.0
    },
    "accuracy": 0.47905559786747903,
    "macro avg": {
        "precision": 0.5115656847047623,
        "recall": 0.5101952383677129,
        "f1-score": 0.47306481166930403,
        "support": 2626.0
    },
    "weighted avg": {
        "precision": 0.5256862274724712,
        "recall": 0.47905559786747903,
        "f1-score": 0.4638646757221066,
        "support": 2626.0
    }
}