{
    "DOWN": {
        "precision": 0.5803571428571429,
        "recall": 0.3385416666666667,
        "f1-score": 0.4276315789473684,
        "support": 384.0
    },
    "UP": {
        "precision": 0.41203703703703703,
        "recall": 0.6544117647058824,
        "f1-score": 0.5056818181818182,
        "support": 272.0
    },
    "accuracy": 0.4695121951219512,
    "macro avg": {
        "precision": 0.49619708994709,
        "recall": 0.4964767156862745,
        "f1-score": 0.46665669856459335,
        "support": 656.0
    },
    "weighted avg": {
        "precision": 0.5105658794683186,
        "recall": 0.4695121951219512,
        "f1-score": 0.4599938732640915,
        "support": 656.0
    }
}