{
    "DOWN": {
<<<<<<< HEAD
        "precision": 0.5704225352112676,
        "recall": 0.421875,
        "f1-score": 0.48502994011976047,
        "support": 384.0
    },
    "UP": {
        "precision": 0.4032258064516129,
        "recall": 0.5514705882352942,
        "f1-score": 0.46583850931677023,
        "support": 272.0
    },
    "accuracy": 0.47560975609756095,
    "macro avg": {
        "precision": 0.48682417083144025,
        "recall": 0.4866727941176471,
        "f1-score": 0.47543422471826535,
        "support": 656.0
    },
    "weighted avg": {
        "precision": 0.501097062310923,
        "recall": 0.47560975609756095,
        "f1-score": 0.47707251759169134,
=======
        "precision": 0.5803571428571429,
        "recall": 0.3385416666666667,
        "f1-score": 0.4276315789473684,
        "support": 384.0
    },
    "UP": {
        "precision": 0.41203703703703703,
        "recall": 0.6544117647058824,
        "f1-score": 0.5056818181818182,
        "support": 272.0
    },
    "accuracy": 0.4695121951219512,
    "macro avg": {
        "precision": 0.49619708994709,
        "recall": 0.4964767156862745,
        "f1-score": 0.46665669856459335,
        "support": 656.0
    },
    "weighted avg": {
        "precision": 0.5105658794683186,
        "recall": 0.4695121951219512,
        "f1-score": 0.4599938732640915,
>>>>>>> d5f42532be6a9c18a5da3fb21b671ebbe5b6efbf
        "support": 656.0
    }
}