{
<<<<<<< HEAD
    "R2": 0.9524088964076454,
    "RMSE": 22.90522445830349,
    "MSE": 524.6493074852644,
    "MAPE": 0.07071277225890416,
    "ACMAPE": 1.1797586210817048
=======
    "R2": 0.9488472359010715,
    "RMSE": 23.74686138667372,
    "MSE": 563.9134257178954,
    "MAPE": 0.05498121960134734,
    "ACMAPE": 1.1826144290189433
>>>>>>> d5f42532be6a9c18a5da3fb21b671ebbe5b6efbf
}