{
    "R2": 0.9260249358609588,
    "RMSE": 163.03553756586797,
    "MSE": 26580.586509391545,
    "MAPE": 0.0725015516222111,
    "ACMAPE": 0.9205407673084857
}