{
    "R2": 0.8162677643672488,
    "RMSE": 45.36348854006598,
    "MSE": 2057.8460925246977,
    "MAPE": 0.17823993326084672,
    "ACMAPE": 1.0487126158882254
}