{
    "R2": 0.9524088964076454,
    "RMSE": 22.90522445830349,
    "MSE": 524.6493074852644,
    "MAPE": 0.07071277225890416,
    "ACMAPE": 1.1797586210817048
}