{
    "DOWN": {
        "precision": 0.6862539349422875,
        "recall": 0.6146616541353384,
        "f1-score": 0.6484878532473971,
        "support": 1064.0
    },
    "UP": {
        "precision": 0.39349112426035504,
        "recall": 0.47079646017699117,
        "f1-score": 0.42868654311039484,
        "support": 565.0
    },
    "accuracy": 0.5647636586863106,
    "macro avg": {
        "precision": 0.5398725296013213,
        "recall": 0.5427290571561647,
        "f1-score": 0.538587198178896,
        "support": 1629.0
    },
    "weighted avg": {
        "precision": 0.5847125058230169,
        "recall": 0.5647636586863106,
        "f1-score": 0.572252285274772,
        "support": 1629.0
    }
}