{
    "R2": 0.9835323977065591,
    "RMSE": 13.548545642673952,
    "MSE": 183.56308903161934,
    "MAPE": 0.03252909535667879,
    "ACMAPE": 1.1864699820561861
}