{
    "DOWN": {
        "precision": 0.6987951807228916,
        "recall": 0.37809647979139505,
        "f1-score": 0.49069373942470385,
        "support": 767.0
    },
    "UP": {
        "precision": 0.2912332838038633,
        "recall": 0.6105919003115264,
        "f1-score": 0.3943661971830986,
        "support": 321.0
    },
    "accuracy": 0.44669117647058826,
    "macro avg": {
        "precision": 0.4950142322633775,
        "recall": 0.49434419005146074,
        "f1-score": 0.44252996830390123,
        "support": 1088.0
    },
    "weighted avg": {
        "precision": 0.5785494372385092,
        "recall": 0.44669117647058826,
        "f1-score": 0.4622735730096714,
        "support": 1088.0
    }
}