{
    "DOWN": {
        "precision": 0.7093333333333334,
        "recall": 0.6936114732724902,
        "f1-score": 0.7013843111404087,
        "support": 767.0
    },
    "UP": {
        "precision": 0.3047337278106509,
        "recall": 0.32087227414330216,
        "f1-score": 0.3125948406676783,
        "support": 321.0
    },
    "accuracy": 0.5836397058823529,
    "macro avg": {
        "precision": 0.5070335305719922,
        "recall": 0.5072418737078962,
        "f1-score": 0.5069895759040435,
        "support": 1088.0
    },
    "weighted avg": {
        "precision": 0.5899615747186449,
        "recall": 0.5836397058823529,
        "f1-score": 0.5866771236204211,
        "support": 1088.0
    }
}