{
    "R2": -5.444820519345919,
    "RMSE": 123.60547962340645,
    "MSE": 15278.31459293235,
    "MAPE": 0.26677967909758304,
    "ACMAPE": 1.099500267332877
}