{
    "DOWN": {
        "precision": 0.8786808009422851,
        "recall": 0.9859899550621201,
        "f1-score": 0.9292476332835078,
        "support": 3783.0
    },
    "UP": {
        "precision": 0.4044943820224719,
        "recall": 0.06533575317604355,
        "f1-score": 0.11249999999999999,
        "support": 551.0
    },
    "accuracy": 0.8689432395016151,
    "macro avg": {
        "precision": 0.6415875914823785,
        "recall": 0.5256628541190818,
        "f1-score": 0.5208738166417539,
        "support": 4334.0
    },
    "weighted avg": {
        "precision": 0.8183954486522949,
        "recall": 0.8689432395016151,
        "f1-score": 0.8254110052403115,
        "support": 4334.0
    }
}