{
    "DOWN": {
        "precision": 0.8378787878787879,
        "recall": 0.13448443579766536,
        "f1-score": 0.23176865046102266,
        "support": 4112.0
    },
    "UP": {
        "precision": 0.08320453374549201,
        "recall": 0.7511627906976744,
        "f1-score": 0.14981447124304267,
        "support": 430.0
    },
    "accuracy": 0.1928665785997358,
    "macro avg": {
        "precision": 0.46054166081213993,
        "recall": 0.4428236132476699,
        "f1-score": 0.19079156085203267,
        "support": 4542.0
    },
    "weighted avg": {
        "precision": 0.7664323041101139,
        "recall": 0.1928665785997358,
        "f1-score": 0.22400988844787176,
        "support": 4542.0
    }
}