{
    "R2": 0.9428528009543141,
    "RMSE": 1051745.769936465,
    "MSE": 1106169164579.2476,
    "MAPE": 0.05751955626106603,
    "ACMAPE": 1.4628417467163113
}