{
    "R2": -0.42206740204680204,
    "RMSE": 2949589.9536351594,
    "MSE": 8700080894585.461,
    "MAPE": 9748.587321055835,
    "ACMAPE": 9750.374667277276
}