{
    "R2": 0.8656982735592684,
    "RMSE": 906446.8676318261,
    "MSE": 821645923839.5492,
    "MAPE": 2917.5907974034267,
    "ACMAPE": 2919.378143624868
}