{
    "R2": 0.9919845507193378,
    "RMSE": 391085.66719641665,
    "MSE": 152947999086.46637,
    "MAPE": 0.04830446123186076,
    "ACMAPE": 1.6625713040323893
}