{
    "R2": 0.3730953275461468,
    "RMSE": 1958404.0930445797,
    "MSE": 3835346591653.763,
    "MAPE": 6436.125680423454,
    "ACMAPE": 6437.913026644895
}