{
    "DOWN": {
        "precision": 0.7308411214953271,
        "recall": 0.8319148936170213,
        "f1-score": 0.7781094527363184,
        "support": 470.0
    },
    "UP": {
        "precision": 0.3524590163934426,
        "recall": 0.22994652406417113,
        "f1-score": 0.2783171521035599,
        "support": 187.0
    },
    "accuracy": 0.6605783866057838,
    "macro avg": {
        "precision": 0.5416500689443848,
        "recall": 0.5309307088405962,
        "f1-score": 0.5282133024199391,
        "support": 657.0
    },
    "weighted avg": {
        "precision": 0.6231433229351255,
        "recall": 0.6605783866057838,
        "f1-score": 0.6358550231802669,
        "support": 657.0
    }
}