{
    "R2": 0.9943492495045165,
    "RMSE": 21.10564012185291,
    "MSE": 445.4480449531674,
    "MAPE": 0.04775130830919914,
    "ACMAPE": 0.6361659424555406
}