{
    "DOWN": {
        "precision": 0.6476190476190476,
        "recall": 0.14468085106382977,
        "f1-score": 0.23652173913043475,
        "support": 470.0
    },
    "UP": {
        "precision": 0.2717391304347826,
        "recall": 0.8021390374331551,
        "f1-score": 0.4059539918809202,
        "support": 187.0
    },
    "accuracy": 0.3318112633181126,
    "macro avg": {
        "precision": 0.4596790890269151,
        "recall": 0.4734099442484924,
        "f1-score": 0.32123786550567746,
        "support": 657.0
    },
    "weighted avg": {
        "precision": 0.5406334395315933,
        "recall": 0.3318112633181126,
        "f1-score": 0.28474674866520006,
        "support": 657.0
    }
}