{
    "DOWN": {
        "precision": 0.6363636363636364,
        "recall": 0.008860759493670886,
        "f1-score": 0.01747815230961298,
        "support": 2370.0
    },
    "UP": {
        "precision": 0.41024353502385136,
        "recall": 0.9927095990279465,
        "f1-score": 0.5805649316041926,
        "support": 1646.0
    },
    "accuracy": 0.41210159362549803,
    "macro avg": {
        "precision": 0.5233035856937438,
        "recall": 0.5007851792608087,
        "f1-score": 0.29902154195690284,
        "support": 4016.0
    },
    "weighted avg": {
        "precision": 0.5436859255057465,
        "recall": 0.41210159362549803,
        "f1-score": 0.24826521374359659,
        "support": 4016.0
    }
}