{
    "DOWN": {
        "precision": 0.615606936416185,
        "recall": 0.3469055374592834,
        "f1-score": 0.44375,
        "support": 614.0
    },
    "UP": {
        "precision": 0.3905775075987842,
        "recall": 0.658974358974359,
        "f1-score": 0.49045801526717553,
        "support": 390.0
    },
    "accuracy": 0.4681274900398406,
    "macro avg": {
        "precision": 0.5030922220074846,
        "recall": 0.5029399482168212,
        "f1-score": 0.4671040076335877,
        "support": 1004.0
    },
    "weighted avg": {
        "precision": 0.5281951064970752,
        "recall": 0.4681274900398406,
        "f1-score": 0.4618935517472096,
        "support": 1004.0
    }
}