{
    "R2": 0.9867783872705381,
    "RMSE": 136.44326871285156,
    "MSE": 18616.76557704742,
    "MAPE": 4271048724080775.0,
    "ACMAPE": 4271048724080776.0
}