{
    "R2": 0.7871063131043364,
    "RMSE": 546.0569059568803,
    "MSE": 298178.14454320126,
    "MAPE": 3753204265578630.5,
    "ACMAPE": 3753204265578631.5
}