{
    "R2": 0.9835966473040284,
    "RMSE": 47.9519481885498,
    "MSE": 2299.389335077364,
    "MAPE": 0.0756629307912919,
    "ACMAPE": 1.0469423041594381
}