{
    "DOWN": {
        "precision": 0.75,
        "recall": 0.2926829268292683,
        "f1-score": 0.4210526315789473,
        "support": 82.0
    },
    "UP": {
        "precision": 0.13432835820895522,
        "recall": 0.5294117647058824,
        "f1-score": 0.21428571428571425,
        "support": 17.0
    },
    "accuracy": 0.3333333333333333,
    "macro avg": {
        "precision": 0.4421641791044776,
        "recall": 0.4110473457675753,
        "f1-score": 0.31766917293233077,
        "support": 99.0
    },
    "weighted avg": {
        "precision": 0.6442786069651741,
        "recall": 0.3333333333333333,
        "f1-score": 0.38554720133667497,
        "support": 99.0
    }
}