{
    "R2": 0.8834128105852438,
    "RMSE": 29.661978462466635,
    "MSE": 879.8329663078345,
    "MAPE": 0.02560528966515299,
    "ACMAPE": 1.3589386229984866
}