{
    "R2": 0.9814229789842761,
    "RMSE": 51.64035780620463,
    "MSE": 2666.7265543528392,
    "MAPE": 0.12163357196735056,
    "ACMAPE": 1.0936437500843987
}