{
    "R2": 0.6352806455391187,
    "RMSE": 52.46311871976519,
    "MSE": 2752.378825804177,
    "MAPE": 0.072017876289492,
    "ACMAPE": 1.7083815126531283
}