{
    "DOWN": {
        "precision": 0.8983050847457628,
        "recall": 0.6463414634146342,
        "f1-score": 0.7517730496453902,
        "support": 82.0
    },
    "UP": {
        "precision": 0.275,
        "recall": 0.6470588235294118,
        "f1-score": 0.3859649122807018,
        "support": 17.0
    },
    "accuracy": 0.6464646464646465,
    "macro avg": {
        "precision": 0.5866525423728814,
        "recall": 0.646700143472023,
        "f1-score": 0.568868980963046,
        "support": 99.0
    },
    "weighted avg": {
        "precision": 0.7912728984762882,
        "recall": 0.6464646464646465,
        "f1-score": 0.6889575109059992,
        "support": 99.0
    }
}