{
    "R2": 0.9705088316475553,
    "RMSE": 64.70178064975613,
    "MSE": 4186.320419249158,
    "MAPE": 0.2647300124190723,
    "ACMAPE": 1.2956578474706186
}