{
    "DOWN": {
        "precision": 0.56353591160221,
        "recall": 0.49514563106796117,
        "f1-score": 0.5271317829457365,
        "support": 206.0
    },
    "UP": {
        "precision": 0.4720812182741117,
        "recall": 0.5406976744186046,
        "f1-score": 0.5040650406504065,
        "support": 172.0
    },
    "accuracy": 0.5158730158730159,
    "macro avg": {
        "precision": 0.5178085649381609,
        "recall": 0.5179216527432828,
        "f1-score": 0.5155984117980714,
        "support": 378.0
    },
    "weighted avg": {
        "precision": 0.5219216067015938,
        "recall": 0.5158730158730159,
        "f1-score": 0.5166358049700837,
        "support": 378.0
    }
}