{
    "DOWN": {
        "precision": 0.5631578947368421,
        "recall": 0.4885844748858447,
        "f1-score": 0.5232273838630805,
        "support": 219.0
    },
    "UP": {
        "precision": 0.46153846153846156,
        "recall": 0.5363128491620112,
        "f1-score": 0.49612403100775193,
        "support": 179.0
    },
    "accuracy": 0.5100502512562815,
    "macro avg": {
        "precision": 0.5123481781376518,
        "recall": 0.5124486620239279,
        "f1-score": 0.5096757074354162,
        "support": 398.0
    },
    "weighted avg": {
        "precision": 0.5174546823184749,
        "recall": 0.5100502512562815,
        "f1-score": 0.5110376849658347,
        "support": 398.0
    }
}