{
    "DOWN": {
<<<<<<< HEAD
        "precision": 0.7352941176470589,
        "recall": 0.8620689655172413,
        "f1-score": 0.7936507936507937,
        "support": 145.0
    },
    "UP": {
        "precision": 0.4594594594594595,
        "recall": 0.27419354838709675,
        "f1-score": 0.3434343434343434,
        "support": 62.0
    },
    "accuracy": 0.6859903381642513,
    "macro avg": {
        "precision": 0.5973767885532592,
        "recall": 0.568131256952169,
        "f1-score": 0.5685425685425686,
        "support": 207.0
    },
    "weighted avg": {
        "precision": 0.6526769736488407,
        "recall": 0.6859903381642513,
        "f1-score": 0.6588033544555285,
=======
        "precision": 0.7241379310344828,
        "recall": 0.14482758620689656,
        "f1-score": 0.2413793103448276,
        "support": 145.0
    },
    "UP": {
        "precision": 0.30337078651685395,
        "recall": 0.8709677419354839,
        "f1-score": 0.45000000000000007,
        "support": 62.0
    },
    "accuracy": 0.36231884057971014,
    "macro avg": {
        "precision": 0.5137543587756683,
        "recall": 0.5078976640711902,
        "f1-score": 0.34568965517241385,
        "support": 207.0
    },
    "weighted avg": {
        "precision": 0.598111056831135,
        "recall": 0.36231884057971014,
        "f1-score": 0.30386473429951694,
>>>>>>> d5f42532be6a9c18a5da3fb21b671ebbe5b6efbf
        "support": 207.0
    }
}