{
    "R2": 0.9907427486631183,
    "RMSE": 9.736894390925345,
    "MSE": 94.80711238003346,
    "MAPE": 0.04268775147823021,
    "ACMAPE": 1.1329226093274267
}