{
    "DOWN": {
        "precision": 0.5,
        "recall": 0.013793103448275862,
        "f1-score": 0.026845637583892617,
        "support": 145.0
    },
    "UP": {
        "precision": 0.2955665024630542,
        "recall": 0.967741935483871,
        "f1-score": 0.45283018867924535,
        "support": 62.0
    },
    "accuracy": 0.2995169082125604,
    "macro avg": {
        "precision": 0.39778325123152714,
        "recall": 0.49076751946607344,
        "f1-score": 0.239837913131569,
        "support": 207.0
    },
    "weighted avg": {
        "precision": 0.43876871088265396,
        "recall": 0.2995169082125604,
        "f1-score": 0.1544352132742881,
        "support": 207.0
    }
}