{
    "DOWN": {
        "precision": 0.7241379310344828,
        "recall": 0.14482758620689656,
        "f1-score": 0.2413793103448276,
        "support": 145.0
    },
    "UP": {
        "precision": 0.30337078651685395,
        "recall": 0.8709677419354839,
        "f1-score": 0.45000000000000007,
        "support": 62.0
    },
    "accuracy": 0.36231884057971014,
    "macro avg": {
        "precision": 0.5137543587756683,
        "recall": 0.5078976640711902,
        "f1-score": 0.34568965517241385,
        "support": 207.0
    },
    "weighted avg": {
        "precision": 0.598111056831135,
        "recall": 0.36231884057971014,
        "f1-score": 0.30386473429951694,
        "support": 207.0
    }
}