{
    "DOWN": {
        "precision": 0.7263157894736842,
        "recall": 0.12190812720848057,
        "f1-score": 0.2087745839636914,
        "support": 566.0
    },
    "UP": {
        "precision": 0.3228882833787466,
        "recall": 0.9011406844106464,
        "f1-score": 0.47542627883650956,
        "support": 263.0
    },
    "accuracy": 0.3691194209891435,
    "macro avg": {
        "precision": 0.5246020364262154,
        "recall": 0.5115244058095635,
        "f1-score": 0.3421004314001005,
        "support": 829.0
    },
    "weighted avg": {
        "precision": 0.5983285348259537,
        "recall": 0.3691194209891435,
        "f1-score": 0.2933697537484335,
        "support": 829.0
    }
}