{
    "DOWN": {
        "precision": 0.9289473684210526,
        "recall": 0.34985133795837464,
        "f1-score": 0.5082793376529878,
        "support": 1009.0
    },
    "UP": {
        "precision": 0.06685633001422475,
        "recall": 0.6351351351351351,
        "f1-score": 0.12097812097812098,
        "support": 74.0
    },
    "accuracy": 0.36934441366574333,
    "macro avg": {
        "precision": 0.4979018492176387,
        "recall": 0.49249323654675486,
        "f1-score": 0.3146287293155544,
        "support": 1083.0
    },
    "weighted avg": {
        "precision": 0.8700417942362831,
        "recall": 0.36934441366574333,
        "f1-score": 0.48181554260779846,
        "support": 1083.0
    }
}