{
    "R2": 0.6566655171917506,
    "RMSE": 17.05388407442431,
    "MSE": 290.8349620239031,
    "MAPE": 0.03546739294274764,
    "ACMAPE": 0.26261420734717983
}