{
    "DOWN": {
        "precision": 0.8544698544698545,
        "recall": 0.12052785923753666,
        "f1-score": 0.2112567463377024,
        "support": 3410.0
    },
    "UP": {
        "precision": 0.21982310093652446,
        "recall": 0.9234972677595629,
        "f1-score": 0.35511662113889475,
        "support": 915.0
    },
    "accuracy": 0.29040462427745667,
    "macro avg": {
        "precision": 0.5371464777031895,
        "recall": 0.5220125634985497,
        "f1-score": 0.2831866837382986,
        "support": 4325.0
    },
    "weighted avg": {
        "precision": 0.7202035470749418,
        "recall": 0.29040462427745667,
        "f1-score": 0.24169184123783904,
        "support": 4325.0
    }
}