{
    "R2": 0.9363212458698634,
    "RMSE": 33.32956838590263,
    "MSE": 1110.86012879056,
    "MAPE": 0.0830290955168917,
    "ACMAPE": 1.0720400845278808
}