{
    "R2": 0.9572106220770913,
    "RMSE": 9.788027050755074,
    "MSE": 95.8054735463131,
    "MAPE": 0.08045613038250757,
    "ACMAPE": 1.0590607815452981
}