{
    "DOWN": {
        "precision": 0.6270491803278688,
        "recall": 0.864406779661017,
        "f1-score": 0.7268408551068883,
        "support": 177.0
    },
    "UP": {
        "precision": 0.1724137931034483,
        "recall": 0.052083333333333336,
        "f1-score": 0.08,
        "support": 96.0
    },
    "accuracy": 0.5787545787545788,
    "macro avg": {
        "precision": 0.39973148671565856,
        "recall": 0.4582450564971752,
        "f1-score": 0.40342042755344415,
        "support": 273.0
    },
    "weighted avg": {
        "precision": 0.4671773958093912,
        "recall": 0.5787545787545788,
        "f1-score": 0.49938033462974085,
        "support": 273.0
    }
}