{
    "DOWN": {
<<<<<<< HEAD
        "precision": 0.6311475409836066,
        "recall": 0.8700564971751412,
        "f1-score": 0.7315914489311165,
        "support": 177.0
    },
    "UP": {
        "precision": 0.20689655172413793,
        "recall": 0.0625,
        "f1-score": 0.09600000000000002,
        "support": 96.0
    },
    "accuracy": 0.5860805860805861,
    "macro avg": {
        "precision": 0.41902204635387225,
        "recall": 0.4662782485875706,
        "f1-score": 0.41379572446555823,
        "support": 273.0
    },
    "weighted avg": {
        "precision": 0.4819603799253319,
        "recall": 0.5860805860805861,
        "f1-score": 0.5080867635927019,
=======
        "precision": 0.6326530612244898,
        "recall": 0.8757062146892656,
        "f1-score": 0.7345971563981043,
        "support": 177.0
    },
    "UP": {
        "precision": 0.21428571428571427,
        "recall": 0.0625,
        "f1-score": 0.09677419354838708,
        "support": 96.0
    },
    "accuracy": 0.5897435897435898,
    "macro avg": {
        "precision": 0.42346938775510207,
        "recall": 0.4691031073446328,
        "f1-score": 0.4156856749732457,
        "support": 273.0
    },
    "weighted avg": {
        "precision": 0.4855348732899753,
        "recall": 0.5897435897435898,
        "f1-score": 0.5103077628685334,
>>>>>>> d5f42532be6a9c18a5da3fb21b671ebbe5b6efbf
        "support": 273.0
    }
}