{
    "DOWN": {
        "precision": 0.625,
        "recall": 0.1174934725848564,
        "f1-score": 0.19780219780219782,
        "support": 766.0
    },
    "UP": {
        "precision": 0.2891692954784437,
        "recall": 0.8358662613981763,
        "f1-score": 0.4296875,
        "support": 329.0
    },
    "accuracy": 0.3333333333333333,
    "macro avg": {
        "precision": 0.45708464773922186,
        "recall": 0.4766798669915164,
        "f1-score": 0.3137448489010989,
        "support": 1095.0
    },
    "weighted avg": {
        "precision": 0.5240974412898702,
        "recall": 0.3333333333333333,
        "f1-score": 0.2674736721611721,
        "support": 1095.0
    }
}