{
<<<<<<< HEAD
    "R2": 0.9572106220770913,
    "RMSE": 9.788027050755074,
    "MSE": 95.8054735463131,
    "MAPE": 0.08045613038250757,
    "ACMAPE": 1.0590607815452981
=======
    "R2": 0.9633865052071741,
    "RMSE": 9.054151704110955,
    "MSE": 81.97766308105531,
    "MAPE": 0.08273829573040896,
    "ACMAPE": 1.0036685282885485
>>>>>>> d5f42532be6a9c18a5da3fb21b671ebbe5b6efbf
}