{
    "R2": 0.967544210631119,
    "RMSE": 8.560414557990239,
    "MSE": 73.2806974046512,
    "MAPE": 0.07555201907083473,
    "ACMAPE": 1.3234782863519408
}