{
    "DOWN": {
        "precision": 0.758893280632411,
        "recall": 0.5072655217965654,
        "f1-score": 0.6080760095011876,
        "support": 757.0
    },
    "UP": {
        "precision": 0.3444639718804921,
        "recall": 0.6163522012578616,
        "f1-score": 0.4419391206313416,
        "support": 318.0
    },
    "accuracy": 0.5395348837209303,
    "macro avg": {
        "precision": 0.5516786262564516,
        "recall": 0.5618088615272134,
        "f1-score": 0.5250075650662646,
        "support": 1075.0
    },
    "weighted avg": {
        "precision": 0.6362993083690527,
        "recall": 0.5395348837209303,
        "f1-score": 0.5589303995843401,
        "support": 1075.0
    }
}