{
    "R2": 0.751233752159201,
    "RMSE": 12.013712552612484,
    "MSE": 144.32928929679878,
    "MAPE": 0.04998124079601708,
    "ACMAPE": 1.0094407002554766
}