{
    "R2": 0.9897389465262042,
    "RMSE": 44.708829298170684,
    "MSE": 1998.879417212965,
    "MAPE": 0.059533232597289876,
    "ACMAPE": 1.0268309950757752
}