{
    "R2": -30.22683041413774,
    "RMSE": 134.60012432720973,
    "MSE": 18117.193468900317,
    "MAPE": 0.7284510754284705,
    "ACMAPE": 1.9581808051582004
}