{
    "R2": 0.9901423800304682,
    "RMSE": 43.66080533334071,
    "MSE": 1906.2659223558726,
    "MAPE": 0.050702712573503596,
    "ACMAPE": 1.0693152337240956
}