{
    "R2": 0.9242833594770796,
    "RMSE": 121.73930720597932,
    "MSE": 14820.458918991806,
    "MAPE": 0.11085388380920619,
    "ACMAPE": 0.9754372171425394
}