{
    "R2": 0.9519214427946411,
    "RMSE": 97.23654120439537,
    "MSE": 9454.944945394078,
    "MAPE": 0.19765627134894273,
    "ACMAPE": 1.311491647881342
}