{
    "DOWN": {
        "precision": 0.5733333333333334,
        "recall": 0.6398809523809523,
        "f1-score": 0.6047819971870604,
        "support": 336.0
    },
    "UP": {
        "precision": 0.41262135922330095,
        "recall": 0.3469387755102041,
        "f1-score": 0.376940133037694,
        "support": 245.0
    },
    "accuracy": 0.5163511187607573,
    "macro avg": {
        "precision": 0.49297734627831713,
        "recall": 0.4934098639455782,
        "f1-score": 0.4908610651123772,
        "support": 581.0
    },
    "weighted avg": {
        "precision": 0.5055632237688619,
        "recall": 0.5163511187607573,
        "f1-score": 0.5087041026662432,
        "support": 581.0
    }
}