{
    "DOWN": {
        "precision": 0.5941043083900227,
        "recall": 0.7891566265060241,
        "f1-score": 0.6778783958602848,
        "support": 332.0
    },
    "UP": {
        "precision": 0.48148148148148145,
        "recall": 0.26639344262295084,
        "f1-score": 0.34300791556728233,
        "support": 244.0
    },
    "accuracy": 0.5677083333333334,
    "macro avg": {
        "precision": 0.5377928949357521,
        "recall": 0.5277750345644875,
        "f1-score": 0.5104431557137835,
        "support": 576.0
    },
    "weighted avg": {
        "precision": 0.5463960275468212,
        "recall": 0.5677083333333334,
        "f1-score": 0.5360235396250546,
        "support": 576.0
    }
}