{
    "R2": 0.9277430978018769,
    "RMSE": 5.226604895541888,
    "MSE": 27.31739873410243,
    "MAPE": 0.03289243976207828,
    "ACMAPE": 0.768567116287032
}