{
    "R2": -4.335393779669661,
    "RMSE": 44.91208742736112,
    "MSE": 2017.095597082929,
    "MAPE": 0.3288113160924482,
    "ACMAPE": 1.619014643264352
}