{
    "R2": 0.9941098459633415,
    "RMSE": 13.454795346873103,
    "MSE": 181.03151782623812,
    "MAPE": 0.0266451074496298,
    "ACMAPE": 0.8558233161292236
}