{
    "R2": 0.8770474783988063,
    "RMSE": 6.817870087845175,
    "MSE": 46.483352534733974,
    "MAPE": 0.042856818246518665,
    "ACMAPE": 0.7452597757326554
}