{
    "R2": 0.9934441346587148,
    "RMSE": 14.249022368361912,
    "MSE": 203.0346384540781,
    "MAPE": 0.02958126169883479,
    "ACMAPE": 1.0249214294527955
}