{
    "DOWN": {
<<<<<<< HEAD
        "precision": 0.6583493282149712,
        "recall": 0.9661971830985916,
        "f1-score": 0.7831050228310502,
        "support": 355.0
    },
    "UP": {
        "precision": 0.4,
        "recall": 0.043010752688172046,
        "f1-score": 0.07766990291262137,
        "support": 186.0
    },
    "accuracy": 0.6487985212569316,
    "macro avg": {
        "precision": 0.5291746641074856,
        "recall": 0.5046039678933818,
        "f1-score": 0.43038746287183577,
        "support": 541.0
    },
    "weighted avg": {
        "precision": 0.569526823505203,
        "recall": 0.6487985212569316,
        "f1-score": 0.540570952027302,
=======
        "precision": 0.6438356164383562,
        "recall": 0.2647887323943662,
        "f1-score": 0.37524950099800397,
        "support": 355.0
    },
    "UP": {
        "precision": 0.3392405063291139,
        "recall": 0.7204301075268817,
        "f1-score": 0.4612736660929432,
        "support": 186.0
    },
    "accuracy": 0.4214417744916821,
    "macro avg": {
        "precision": 0.491538061383735,
        "recall": 0.49260941996062396,
        "f1-score": 0.4182615835454736,
        "support": 541.0
    },
    "weighted avg": {
        "precision": 0.5391134528887831,
        "recall": 0.4214417744916821,
        "f1-score": 0.4048252767977428,
>>>>>>> d5f42532be6a9c18a5da3fb21b671ebbe5b6efbf
        "support": 541.0
    }
}