{
<<<<<<< HEAD
    "R2": 0.9933141670171466,
    "RMSE": 14.389570048468345,
    "MSE": 207.05972617977727,
    "MAPE": 0.030638080567512556,
    "ACMAPE": 0.9607405968769254
=======
    "R2": 0.9934441346587148,
    "RMSE": 14.249022368361912,
    "MSE": 203.0346384540781,
    "MAPE": 0.02958126169883479,
    "ACMAPE": 1.0249214294527955
>>>>>>> d5f42532be6a9c18a5da3fb21b671ebbe5b6efbf
}