{
    "DOWN": {
        "precision": 0.6525129982668978,
        "recall": 0.5577777777777778,
        "f1-score": 0.6014376996805112,
        "support": 1350.0
    },
    "UP": {
        "precision": 0.39818548387096775,
        "recall": 0.4962311557788945,
        "f1-score": 0.44183445190156595,
        "support": 796.0
    },
    "accuracy": 0.5349487418452936,
    "macro avg": {
        "precision": 0.5253492410689328,
        "recall": 0.5270044667783361,
        "f1-score": 0.5216360757910385,
        "support": 2146.0
    },
    "weighted avg": {
        "precision": 0.5581771634769815,
        "recall": 0.5349487418452936,
        "f1-score": 0.5422372405789081,
        "support": 2146.0
    }
}