{
    "DOWN": {
        "precision": 0.7941352483542788,
        "recall": 0.3947055324211779,
        "f1-score": 0.5273196900456985,
        "support": 3362.0
    },
    "UP": {
        "precision": 0.23582425835523846,
        "recall": 0.6460905349794238,
        "f1-score": 0.3455295735900963,
        "support": 972.0
    },
    "accuracy": 0.45108444854637747,
    "macro avg": {
        "precision": 0.5149797533547587,
        "recall": 0.5203980337003009,
        "f1-score": 0.43642463181789737,
        "support": 4334.0
    },
    "weighted avg": {
        "precision": 0.6689210623184996,
        "recall": 0.45108444854637747,
        "f1-score": 0.48654904094674933,
        "support": 4334.0
    }
}