{
    "R2": 0.9700516226358572,
    "RMSE": 25.371442338995124,
    "MSE": 643.7100863609543,
    "MAPE": 1.3632676121917215,
    "ACMAPE": 2.8322777879549035
}