{
    "DOWN": {
        "precision": 0.6241217798594848,
        "recall": 0.7979041916167665,
        "f1-score": 0.7003942181340342,
        "support": 668.0
    },
    "UP": {
        "precision": 0.4104803493449782,
        "recall": 0.22650602409638554,
        "f1-score": 0.2919254658385093,
        "support": 415.0
    },
    "accuracy": 0.5789473684210527,
    "macro avg": {
        "precision": 0.5173010646022315,
        "recall": 0.512205107856576,
        "f1-score": 0.4961598419862718,
        "support": 1083.0
    },
    "weighted avg": {
        "precision": 0.5422554883880902,
        "recall": 0.5789473684210527,
        "f1-score": 0.5438711043735146,
        "support": 1083.0
    }
}