{
    "DOWN": {
        "precision": 0.5898123324396782,
        "recall": 0.6586826347305389,
        "f1-score": 0.6223479490806223,
        "support": 668.0
    },
    "UP": {
        "precision": 0.32344213649851633,
        "recall": 0.26265060240963856,
        "f1-score": 0.2898936170212766,
        "support": 415.0
    },
    "accuracy": 0.5069252077562327,
    "macro avg": {
        "precision": 0.45662723446909725,
        "recall": 0.4606666185700887,
        "f1-score": 0.45612078305094944,
        "support": 1083.0
    },
    "weighted avg": {
        "precision": 0.4877406507078388,
        "recall": 0.5069252077562327,
        "f1-score": 0.4949531680975858,
        "support": 1083.0
    }
}