{
<<<<<<< HEAD
    "R2": 0.9144466137666089,
    "RMSE": 18.881775719253096,
    "MSE": 356.52145431217576,
    "MAPE": 0.055881889968726624,
    "ACMAPE": 0.9596719774322836
=======
    "R2": 0.9390618857952727,
    "RMSE": 15.935611670274067,
    "MSE": 253.94371930577506,
    "MAPE": 0.04640734545559457,
    "ACMAPE": 0.9851828556596761
>>>>>>> d5f42532be6a9c18a5da3fb21b671ebbe5b6efbf
}