{
    "R2": 0.9643505507922315,
    "RMSE": 12.18851075778478,
    "MSE": 148.55979449263532,
    "MAPE": 0.04155955353606309,
    "ACMAPE": 0.7587607197168211
}