{
    "R2": 0.9806515163059221,
    "RMSE": 6.1104534304137585,
    "MSE": 37.337641125255274,
    "MAPE": 0.02779859276435276,
    "ACMAPE": 0.6261892291944917
}