{
    "DOWN": {
        "precision": 0.8048780487804879,
        "recall": 0.4984894259818731,
        "f1-score": 0.6156716417910448,
        "support": 993.0
    },
    "UP": {
        "precision": 0.34214002642007924,
        "recall": 0.683377308707124,
        "f1-score": 0.45598591549295775,
        "support": 379.0
    },
    "accuracy": 0.5495626822157434,
    "macro avg": {
        "precision": 0.5735090376002836,
        "recall": 0.5909333673444985,
        "f1-score": 0.5358287786420013,
        "support": 1372.0
    },
    "weighted avg": {
        "precision": 0.6770517291925907,
        "recall": 0.5495626822157434,
        "f1-score": 0.5715602057363983,
        "support": 1372.0
    }
}