{
    "DOWN": {
        "precision": 0.6788617886178862,
        "recall": 0.7455357142857143,
        "f1-score": 0.7106382978723405,
        "support": 224.0
    },
    "UP": {
        "precision": 0.41237113402061853,
        "recall": 0.33613445378151263,
        "f1-score": 0.3703703703703704,
        "support": 119.0
    },
    "accuracy": 0.6034985422740525,
    "macro avg": {
        "precision": 0.5456164613192523,
        "recall": 0.5408350840336135,
        "f1-score": 0.5405043341213555,
        "support": 343.0
    },
    "weighted avg": {
        "precision": 0.5864058472269974,
        "recall": 0.6034985422740525,
        "f1-score": 0.5925861597594121,
        "support": 343.0
    }
}