{
    "R2": 0.9390618857952727,
    "RMSE": 15.935611670274067,
    "MSE": 253.94371930577506,
    "MAPE": 0.04640734545559457,
    "ACMAPE": 0.9851828556596761
}