{
    "DOWN": {
        "precision": 0.6419753086419753,
        "recall": 0.6964285714285714,
        "f1-score": 0.6680942184154175,
        "support": 224.0
    },
    "UP": {
        "precision": 0.32,
        "recall": 0.2689075630252101,
        "f1-score": 0.2922374429223744,
        "support": 119.0
    },
    "accuracy": 0.5481049562682215,
    "macro avg": {
        "precision": 0.48098765432098767,
        "recall": 0.4826680672268907,
        "f1-score": 0.48016583066889595,
        "support": 343.0
    },
    "weighted avg": {
        "precision": 0.5302695893172084,
        "recall": 0.5481049562682215,
        "f1-score": 0.5376949289586476,
        "support": 343.0
    }
}