{
    "DOWN": {
        "precision": 0.7632311977715878,
        "recall": 0.5552178318135765,
        "f1-score": 0.6428152492668622,
        "support": 987.0
    },
    "UP": {
        "precision": 0.31832298136645965,
        "recall": 0.5466666666666666,
        "f1-score": 0.4023552502453386,
        "support": 375.0
    },
    "accuracy": 0.552863436123348,
    "macro avg": {
        "precision": 0.5407770895690237,
        "recall": 0.5509422492401216,
        "f1-score": 0.5225852497561003,
        "support": 1362.0
    },
    "weighted avg": {
        "precision": 0.6407344421534358,
        "recall": 0.552863436123348,
        "f1-score": 0.5766093023997027,
        "support": 1362.0
    }
}