{
    "R2": 0.9144466137666089,
    "RMSE": 18.881775719253096,
    "MSE": 356.52145431217576,
    "MAPE": 0.055881889968726624,
    "ACMAPE": 0.9596719774322836
}