{
    "DOWN": {
        "precision": 0.2,
        "recall": 0.010526315789473684,
        "f1-score": 0.019999999999999997,
        "support": 95.0
    },
    "UP": {
        "precision": 0.3188405797101449,
        "recall": 0.9166666666666666,
        "f1-score": 0.47311827956989244,
        "support": 48.0
    },
    "accuracy": 0.3146853146853147,
    "macro avg": {
        "precision": 0.2594202898550725,
        "recall": 0.4635964912280702,
        "f1-score": 0.24655913978494623,
        "support": 143.0
    },
    "weighted avg": {
        "precision": 0.2398905442383703,
        "recall": 0.3146853146853147,
        "f1-score": 0.17209564628919466,
        "support": 143.0
    }
}