{
    "DOWN": {
        "precision": 0.6690647482014388,
        "recall": 0.9789473684210527,
        "f1-score": 0.7948717948717949,
        "support": 95.0
    },
    "UP": {
        "precision": 0.5,
        "recall": 0.041666666666666664,
        "f1-score": 0.07692307692307693,
        "support": 48.0
    },
    "accuracy": 0.6643356643356644,
    "macro avg": {
        "precision": 0.5845323741007193,
        "recall": 0.5103070175438597,
        "f1-score": 0.4358974358974359,
        "support": 143.0
    },
    "weighted avg": {
        "precision": 0.6123157418121447,
        "recall": 0.6643356643356644,
        "f1-score": 0.5538820154204771,
        "support": 143.0
    }
}