{
    "DOWN": {
        "precision": 0.5806451612903226,
        "recall": 0.28662420382165604,
        "f1-score": 0.38379530916844345,
        "support": 314.0
    },
    "UP": {
        "precision": 0.46153846153846156,
        "recall": 0.7470817120622568,
        "f1-score": 0.5705794947994056,
        "support": 257.0
    },
    "accuracy": 0.4938704028021016,
    "macro avg": {
        "precision": 0.5210918114143921,
        "recall": 0.5168529579419564,
        "f1-score": 0.4771874019839245,
        "support": 571.0
    },
    "weighted avg": {
        "precision": 0.527036716743513,
        "recall": 0.4938704028021016,
        "f1-score": 0.46786454858553145,
        "support": 571.0
    }
}