{
    "DOWN": {
        "precision": 0.7368421052631579,
        "recall": 0.4421052631578947,
        "f1-score": 0.5526315789473685,
        "support": 95.0
    },
    "UP": {
        "precision": 0.38372093023255816,
        "recall": 0.6875,
        "f1-score": 0.49253731343283585,
        "support": 48.0
    },
    "accuracy": 0.5244755244755245,
    "macro avg": {
        "precision": 0.560281517747858,
        "recall": 0.5648026315789474,
        "f1-score": 0.5225844461901021,
        "support": 143.0
    },
    "weighted avg": {
        "precision": 0.6183119206375021,
        "recall": 0.5244755244755245,
        "f1-score": 0.5324600772361967,
        "support": 143.0
    }
}