{
    "R2": -4.7722992524368255,
    "RMSE": 134.97831900467028,
    "MSE": 18219.146601326534,
    "MAPE": 0.13620447741544403,
    "ACMAPE": 0.8355051767161434
}