{
    "DOWN": {
        "precision": 0.7441860465116279,
        "recall": 0.9354445797807551,
        "f1-score": 0.8289260658391796,
        "support": 821.0
    },
    "UP": {
        "precision": 0.18461538461538463,
        "recall": 0.043478260869565216,
        "f1-score": 0.07038123167155426,
        "support": 276.0
    },
    "accuracy": 0.7110300820419325,
    "macro avg": {
        "precision": 0.46440071556350626,
        "recall": 0.48946142032516016,
        "f1-score": 0.44965364875536695,
        "support": 1097.0
    },
    "weighted avg": {
        "precision": 0.6034007204556907,
        "recall": 0.7110300820419325,
        "f1-score": 0.6380797812172428,
        "support": 1097.0
    }
}