{
    "DOWN": {
        "precision": 0.730098559514784,
        "recall": 0.6259343516412089,
        "f1-score": 0.6740157480314961,
        "support": 3077.0
    },
    "UP": {
        "precision": 0.3411562678878077,
        "recall": 0.45565749235474007,
        "f1-score": 0.39018003273322416,
        "support": 1308.0
    },
    "accuracy": 0.5751425313568985,
    "macro avg": {
        "precision": 0.5356274137012959,
        "recall": 0.5407959219979745,
        "f1-score": 0.5320978903823601,
        "support": 4385.0
    },
    "weighted avg": {
        "precision": 0.6140811096976608,
        "recall": 0.5751425313568985,
        "f1-score": 0.5893504993176673,
        "support": 4385.0
    }
}