{
    "DOWN": {
<<<<<<< HEAD
        "precision": 0.7921686746987951,
        "recall": 0.2550921435499515,
        "f1-score": 0.3859134262655906,
        "support": 1031.0
    },
    "UP": {
        "precision": 0.34638297872340423,
        "recall": 0.8550420168067226,
        "f1-score": 0.4930345245305875,
        "support": 476.0
    },
    "accuracy": 0.44459190444591906,
    "macro avg": {
        "precision": 0.5692758267110997,
        "recall": 0.5550670801783371,
        "f1-score": 0.4394739753980891,
        "support": 1507.0
    },
    "weighted avg": {
        "precision": 0.6513631064942258,
        "recall": 0.44459190444591906,
        "f1-score": 0.4197486238595777,
=======
        "precision": 0.7962085308056872,
        "recall": 0.3258971871968962,
        "f1-score": 0.4624913971094287,
        "support": 1031.0
    },
    "UP": {
        "precision": 0.35944700460829493,
        "recall": 0.819327731092437,
        "f1-score": 0.4996796925048046,
        "support": 476.0
    },
    "accuracy": 0.48175182481751827,
    "macro avg": {
        "precision": 0.5778277677069911,
        "recall": 0.5726124591446666,
        "f1-score": 0.4810855448071166,
        "support": 1507.0
    },
    "weighted avg": {
        "precision": 0.6582533307592647,
        "recall": 0.48175182481751827,
        "f1-score": 0.47423766692243396,
>>>>>>> d5f42532be6a9c18a5da3fb21b671ebbe5b6efbf
        "support": 1507.0
    }
}