{
    "R2": 0.9948361578393113,
    "RMSE": 36.93935455497569,
    "MSE": 1364.515914938203,
    "MAPE": 0.04775368390369189,
    "ACMAPE": 1.0842500342686552
}