{
    "R2": 0.7731039439402065,
    "RMSE": 32.01111619917048,
    "MSE": 1024.7115603167947,
    "MAPE": 0.16268927982638468,
    "ACMAPE": 1.3354641489363321
}