{
    "R2": 0.8534326395417184,
    "RMSE": 25.727997076648688,
    "MSE": 661.9298335760434,
    "MAPE": 0.1602881569943286,
    "ACMAPE": 1.306885015633072
}