{
<<<<<<< HEAD
    "R2": 0.7521438801527058,
    "RMSE": 33.45701319914675,
    "MSE": 1119.3717322078799,
    "MAPE": 0.17223539946273175,
    "ACMAPE": 1.3607170748554018
=======
    "R2": 0.7731039439402065,
    "RMSE": 32.01111619917048,
    "MSE": 1024.7115603167947,
    "MAPE": 0.16268927982638468,
    "ACMAPE": 1.3354641489363321
>>>>>>> d5f42532be6a9c18a5da3fb21b671ebbe5b6efbf
}