{
    "R2": 0.993975326311276,
    "RMSE": 39.89969610322934,
    "MSE": 1591.9857491300545,
    "MAPE": 0.05180443310773438,
    "ACMAPE": 1.1626206242158963
}