{
    "R2": 0.6301978075666341,
    "RMSE": 7.54673675548993,
    "MSE": 56.953235656662685,
    "MAPE": 0.028829490396604887,
    "ACMAPE": 1.090053980192523
}