{
    "DOWN": {
        "precision": 0.5217391304347826,
        "recall": 0.4,
        "f1-score": 0.4528301886792453,
        "support": 30.0
    },
    "UP": {
        "precision": 0.3076923076923077,
        "recall": 0.42105263157894735,
        "f1-score": 0.35555555555555557,
        "support": 19.0
    },
    "accuracy": 0.40816326530612246,
    "macro avg": {
        "precision": 0.41471571906354515,
        "recall": 0.4105263157894737,
        "f1-score": 0.4041928721174004,
        "support": 49.0
    },
    "weighted avg": {
        "precision": 0.4387413828407617,
        "recall": 0.40816326530612246,
        "f1-score": 0.41511145338638605,
        "support": 49.0
    }
}