{
    "DOWN": {
        "precision": 0.78125,
        "recall": 0.6097560975609756,
        "f1-score": 0.684931506849315,
        "support": 123.0
    },
    "UP": {
        "precision": 0.52,
        "recall": 0.7123287671232876,
        "f1-score": 0.6011560693641619,
        "support": 73.0
    },
    "accuracy": 0.6479591836734694,
    "macro avg": {
        "precision": 0.650625,
        "recall": 0.6610424323421316,
        "f1-score": 0.6430437881067385,
        "support": 196.0
    },
    "weighted avg": {
        "precision": 0.6839477040816327,
        "recall": 0.6479591836734694,
        "f1-score": 0.65372943064311,
        "support": 196.0
    }
}