{
    "DOWN": {
        "precision": 0.7327586206896551,
        "recall": 0.7456140350877193,
        "f1-score": 0.7391304347826088,
        "support": 114.0
    },
    "UP": {
        "precision": 0.5538461538461539,
        "recall": 0.5373134328358209,
        "f1-score": 0.5454545454545454,
        "support": 67.0
    },
    "accuracy": 0.6685082872928176,
    "macro avg": {
        "precision": 0.6433023872679045,
        "recall": 0.6414637339617701,
        "f1-score": 0.6422924901185771,
        "support": 181.0
    },
    "weighted avg": {
        "precision": 0.6665313539575304,
        "recall": 0.6685082872928176,
        "f1-score": 0.6674382547550936,
        "support": 181.0
    }
}