{
    "DOWN": {
        "precision": 0.7407407407407407,
        "recall": 0.004927322000492732,
        "f1-score": 0.00978952520802741,
        "support": 4059.0
    },
    "UP": {
        "precision": 0.045153664302600476,
        "recall": 0.9646464646464646,
        "f1-score": 0.08626919602529359,
        "support": 198.0
    },
    "accuracy": 0.049565421658444915,
    "macro avg": {
        "precision": 0.3929472025216706,
        "recall": 0.4847868933234787,
        "f1-score": 0.0480293606166605,
        "support": 4257.0
    },
    "weighted avg": {
        "precision": 0.7083878534645481,
        "recall": 0.049565421658444915,
        "f1-score": 0.013346719199528161,
        "support": 4257.0
    }
}