{
    "R2": 0.9965434273372509,
    "RMSE": 9.739584740166366,
    "MSE": 94.85951091088154,
    "MAPE": 0.02198081546826953,
    "ACMAPE": 0.2664934423268959
}