{
    "DOWN": {
        "precision": 0.9940334128878282,
        "recall": 0.8229192393183502,
        "f1-score": 0.9004188623159032,
        "support": 4049.0
    },
    "UP": {
        "precision": 0.19888268156424582,
        "recall": 0.898989898989899,
        "f1-score": 0.32570905763952424,
        "support": 198.0
    },
    "accuracy": 0.8264657405227219,
    "macro avg": {
        "precision": 0.596458047226037,
        "recall": 0.8609545691541246,
        "f1-score": 0.6130639599777137,
        "support": 4247.0
    },
    "weighted avg": {
        "precision": 0.9569625758729778,
        "recall": 0.8264657405227219,
        "f1-score": 0.8736252335600937,
        "support": 4247.0
    }
}