{
    "R2": 0.9798475192755954,
    "RMSE": 11.279634664353278,
    "MSE": 127.23015816128007,
    "MAPE": 0.0803322327832762,
    "ACMAPE": 1.6216856162419229
}