{
    "R2": 0.6750250241317726,
    "RMSE": 346.5449396567123,
    "MSE": 120093.39520167436,
    "MAPE": 0.07625211058957336,
    "ACMAPE": 0.8366916710291338
}