{
    "R2": 0.9941913529779676,
    "RMSE": 31.42140654136017,
    "MSE": 987.3047890374318,
    "MAPE": 0.04019213516504062,
    "ACMAPE": 0.6576935110593719
}