{
    "DOWN": {
        "precision": 0.6674418604651163,
        "recall": 0.4530386740331492,
        "f1-score": 0.539727315467795,
        "support": 1267.0
    },
    "UP": {
        "precision": 0.2643312101910828,
        "recall": 0.4654205607476635,
        "f1-score": 0.33716993906567366,
        "support": 535.0
    },
    "accuracy": 0.4567147613762486,
    "macro avg": {
        "precision": 0.46588653532809954,
        "recall": 0.45922961739040635,
        "f1-score": 0.4384486272667343,
        "support": 1802.0
    },
    "weighted avg": {
        "precision": 0.5477613954836469,
        "recall": 0.4567147613762486,
        "f1-score": 0.4795895816303172,
        "support": 1802.0
    }
}