{
    "DOWN": {
        "precision": 0.6311475409836066,
        "recall": 0.48125,
        "f1-score": 0.5460992907801419,
        "support": 160.0
    },
    "UP": {
        "precision": 0.39416058394160586,
        "recall": 0.5454545454545454,
        "f1-score": 0.4576271186440678,
        "support": 99.0
    },
    "accuracy": 0.5057915057915058,
    "macro avg": {
        "precision": 0.5126540624626063,
        "recall": 0.5133522727272727,
        "f1-score": 0.5018632047121048,
        "support": 259.0
    },
    "weighted avg": {
        "precision": 0.5405617929250812,
        "recall": 0.5057915057915058,
        "f1-score": 0.5122817423574727,
        "support": 259.0
    }
}