{
    "R2": 0.935590237367034,
    "RMSE": 1.846300632244711,
    "MSE": 3.4088260246272197,
    "MAPE": 0.009344579489088284,
    "ACMAPE": 0.7967461542922378
}