{
    "R2": 0.9347645393464514,
    "RMSE": 1.8675175142162732,
    "MSE": 3.4876216659045283,
    "MAPE": 0.010324851322354937,
    "ACMAPE": 0.6578658349289123
}