{
    "R2": -0.02724022012824978,
    "RMSE": 1.8016203711729497,
    "MSE": 3.2458359618253567,
    "MAPE": 0.011584664660924405,
    "ACMAPE": 1.3865846646609243
}