{
    "R2": 0.8628986396763463,
    "RMSE": 2.6713810695523974,
    "MSE": 7.136276818762911,
    "MAPE": 0.012890873603666895,
    "ACMAPE": 1.0013078620206552
}