{
    "DOWN": {
        "precision": 0.8565217391304348,
        "recall": 0.7547892720306514,
        "f1-score": 0.8024439918533606,
        "support": 522.0
    },
    "UP": {
        "precision": 0.32275132275132273,
        "recall": 0.48031496062992124,
        "f1-score": 0.3860759493670886,
        "support": 127.0
    },
    "accuracy": 0.7010785824345146,
    "macro avg": {
        "precision": 0.5896365309408788,
        "recall": 0.6175521163302863,
        "f1-score": 0.5942599706102246,
        "support": 649.0
    },
    "weighted avg": {
        "precision": 0.7520705174352927,
        "recall": 0.7010785824345146,
        "f1-score": 0.720966732383782,
        "support": 649.0
    }
}