{
    "DOWN": {
        "precision": 0.7067307692307693,
        "recall": 0.44455645161290325,
        "f1-score": 0.5457920792079208,
        "support": 1984.0
    },
    "UP": {
        "precision": 0.1720510894064613,
        "recall": 0.38487394957983195,
        "f1-score": 0.23779854620976118,
        "support": 595.0
    },
    "accuracy": 0.43078712679333075,
    "macro avg": {
        "precision": 0.4393909293186153,
        "recall": 0.4147152005963676,
        "f1-score": 0.391795312708841,
        "support": 2579.0
    },
    "weighted avg": {
        "precision": 0.5833750462778948,
        "recall": 0.43078712679333075,
        "f1-score": 0.4747350213816684,
        "support": 2579.0
    }
}