{
    "R2": 0.054358201203610346,
    "RMSE": 49.269427932747924,
    "MSE": 2427.4765288202416,
    "MAPE": 0.4540824995430743,
    "ACMAPE": 1.9486895873705012
}