{
    "R2": 0.9873738226887765,
    "RMSE": 5.5272017245264795,
    "MSE": 30.54995890360849,
    "MAPE": 0.04150271314977977,
    "ACMAPE": 1.1799284595631183
}