{
<<<<<<< HEAD
    "R2": 0.6824321980131545,
    "RMSE": 28.551729540081077,
    "MSE": 815.2012597299383,
    "MAPE": 0.2547259920310513,
    "ACMAPE": 1.835619674619649
=======
    "R2": 0.7024755464993793,
    "RMSE": 27.636021543724475,
    "MSE": 763.7496867652033,
    "MAPE": 0.22228908373772982,
    "ACMAPE": 1.7723661253401952
>>>>>>> d5f42532be6a9c18a5da3fb21b671ebbe5b6efbf
}