{
    "R2": 0.9931179512657101,
    "RMSE": 4.1671105696649136,
    "MSE": 17.36481049981304,
    "MAPE": 0.026533571754677108,
    "ACMAPE": 1.4740133716777244
}