{
    "DOWN": {
        "precision": 0.7145575642245481,
        "recall": 0.3785282258064516,
        "f1-score": 0.4948929159802307,
        "support": 1984.0
    },
    "UP": {
        "precision": 0.19306282722513088,
        "recall": 0.4957983193277311,
        "f1-score": 0.2779086198775318,
        "support": 595.0
    },
    "accuracy": 0.4055835595191935,
    "macro avg": {
        "precision": 0.4538101957248395,
        "recall": 0.43716327256709137,
        "f1-score": 0.38640076792888123,
        "support": 2579.0
    },
    "weighted avg": {
        "precision": 0.5942437338582615,
        "recall": 0.4055835595191935,
        "f1-score": 0.44483256073358246,
        "support": 2579.0
    }
}