{
    "R2": 0.7024755464993793,
    "RMSE": 27.636021543724475,
    "MSE": 763.7496867652033,
    "MAPE": 0.22228908373772982,
    "ACMAPE": 1.7723661253401952
}