{
    "DOWN": {
        "precision": 0.7884615384615384,
        "recall": 0.14695340501792115,
        "f1-score": 0.24773413897280966,
        "support": 837.0
    },
    "UP": {
        "precision": 0.2110497237569061,
        "recall": 0.8526785714285714,
        "f1-score": 0.33835252435783886,
        "support": 224.0
    },
    "accuracy": 0.29594721960414705,
    "macro avg": {
        "precision": 0.4997556311092223,
        "recall": 0.49981598822324624,
        "f1-score": 0.29304333166532426,
        "support": 1061.0
    },
    "weighted avg": {
        "precision": 0.6665574418603719,
        "recall": 0.29594721960414705,
        "f1-score": 0.2668656359815246,
        "support": 1061.0
    }
}