{
    "DOWN": {
        "precision": 0.8189349112426035,
        "recall": 0.8267622461170848,
        "f1-score": 0.8228299643281808,
        "support": 837.0
    },
    "UP": {
        "precision": 0.3287037037037037,
        "recall": 0.3169642857142857,
        "f1-score": 0.3227272727272727,
        "support": 224.0
    },
    "accuracy": 0.7191328934967012,
    "macro avg": {
        "precision": 0.5738193074731537,
        "recall": 0.5718632659156853,
        "f1-score": 0.5727786185277267,
        "support": 1061.0
    },
    "weighted avg": {
        "precision": 0.7154365224690752,
        "recall": 0.7191328934967012,
        "f1-score": 0.7172474922088561,
        "support": 1061.0
    }
}