{
    "DOWN": {
        "precision": 0.7601649970536241,
        "recall": 0.38120567375886527,
        "f1-score": 0.5077740602243653,
        "support": 3384.0
    },
    "UP": {
        "precision": 0.17721021611001964,
        "recall": 0.5256410256410257,
        "f1-score": 0.2650602409638554,
        "support": 858.0
    },
    "accuracy": 0.4104196133899104,
    "macro avg": {
        "precision": 0.46868760658182185,
        "recall": 0.45342334969994547,
        "f1-score": 0.38641715059411036,
        "support": 4242.0
    },
    "weighted avg": {
        "precision": 0.6422547655473505,
        "recall": 0.4104196133899104,
        "f1-score": 0.4586820147445168,
        "support": 4242.0
    }
}