{
    "DOWN": {
        "precision": 0.8115942028985508,
        "recall": 0.13381123058542413,
        "f1-score": 0.22974358974358974,
        "support": 837.0
    },
    "UP": {
        "precision": 0.21451787648970747,
        "recall": 0.8839285714285714,
        "f1-score": 0.3452484742807323,
        "support": 224.0
    },
    "accuracy": 0.292177191328935,
    "macro avg": {
        "precision": 0.5130560396941292,
        "recall": 0.5088699010069978,
        "f1-score": 0.287496032012161,
        "support": 1061.0
    },
    "weighted avg": {
        "precision": 0.6855385034493698,
        "recall": 0.292177191328935,
        "f1-score": 0.2541291638588772,
        "support": 1061.0
    }
}