{
    "DOWN": {
        "precision": 0.7708830548926014,
        "recall": 0.38349658652419116,
        "f1-score": 0.5121902874132805,
        "support": 3369.0
    },
    "UP": {
        "precision": 0.1858094864758918,
        "recall": 0.5524475524475524,
        "f1-score": 0.2780874156644177,
        "support": 858.0
    },
    "accuracy": 0.4177903950792524,
    "macro avg": {
        "precision": 0.4783462706842466,
        "recall": 0.4679720694858718,
        "f1-score": 0.3951388515388491,
        "support": 4227.0
    },
    "weighted avg": {
        "precision": 0.6521243319918357,
        "recall": 0.4177903950792524,
        "f1-score": 0.4646718904507719,
        "support": 4227.0
    }
}