{
<<<<<<< HEAD
    "R2": 0.9921996429570752,
    "RMSE": 177.87565862703008,
    "MSE": 31639.749931999744,
    "MAPE": 0.06136998352609812,
    "ACMAPE": 0.8550400991682161
=======
    "R2": 0.992364182776973,
    "RMSE": 175.9896154448319,
    "MSE": 30972.34474441982,
    "MAPE": 0.06147831662060761,
    "ACMAPE": 0.8502792904489704
>>>>>>> d5f42532be6a9c18a5da3fb21b671ebbe5b6efbf
}