{
    "DOWN": {
        "precision": 0.7777777777777778,
        "recall": 0.030042918454935622,
        "f1-score": 0.05785123966942148,
        "support": 233.0
    },
    "UP": {
        "precision": 0.44471744471744473,
        "recall": 0.9890710382513661,
        "f1-score": 0.6135593220338983,
        "support": 183.0
    },
    "accuracy": 0.4519230769230769,
    "macro avg": {
        "precision": 0.6112476112476113,
        "recall": 0.5095569783531508,
        "f1-score": 0.3357052808516599,
        "support": 416.0
    },
    "weighted avg": {
        "precision": 0.6312632562632563,
        "recall": 0.4519230769230769,
        "f1-score": 0.30230936244033313,
        "support": 416.0
    }
}