{
    "R2": 0.992364182776973,
    "RMSE": 175.9896154448319,
    "MSE": 30972.34474441982,
    "MAPE": 0.06147831662060761,
    "ACMAPE": 0.8502792904489704
}