{
    "DOWN": {
        "precision": 0.7222222222222222,
        "recall": 0.055793991416309016,
        "f1-score": 0.10358565737051792,
        "support": 233.0
    },
    "UP": {
        "precision": 0.4472361809045226,
        "recall": 0.9726775956284153,
        "f1-score": 0.612736660929432,
        "support": 183.0
    },
    "accuracy": 0.45913461538461536,
    "macro avg": {
        "precision": 0.5847292015633724,
        "recall": 0.5142357935223622,
        "f1-score": 0.358161159149975,
        "support": 416.0
    },
    "weighted avg": {
        "precision": 0.6012548050079457,
        "recall": 0.45913461538461536,
        "f1-score": 0.3275631421091748,
        "support": 416.0
    }
}