{
    "R2": 0.99591285056756,
    "RMSE": 129.60211586664286,
    "MSE": 16796.708437110723,
    "MAPE": 0.030255433619819527,
    "ACMAPE": 1.0857439740299522
}