{
    "DOWN": {
        "precision": 0.6514913657770801,
        "recall": 0.20885757423251133,
        "f1-score": 0.31631097560975613,
        "support": 1987.0
    },
    "UP": {
        "precision": 0.3651050080775444,
        "recall": 0.8028419182948491,
        "f1-score": 0.5019433647973347,
        "support": 1126.0
    },
    "accuracy": 0.4237070350144555,
    "macro avg": {
        "precision": 0.5082981869273122,
        "recall": 0.5058497462636802,
        "f1-score": 0.4091271702035454,
        "support": 3113.0
    },
    "weighted avg": {
        "precision": 0.5479028534835764,
        "recall": 0.4237070350144555,
        "f1-score": 0.38345587449353813,
        "support": 3113.0
    }
}