{
    "R2": 0.989870542579038,
    "RMSE": 53.022872419198045,
    "MSE": 2811.4249995825526,
    "MAPE": 0.03357574225383152,
    "ACMAPE": 1.2395054876615015
}