{
    "DOWN": {
        "precision": 0.5833333333333334,
        "recall": 0.11336032388663968,
        "f1-score": 0.18983050847457628,
        "support": 494.0
    },
    "UP": {
        "precision": 0.3605839416058394,
        "recall": 0.8606271777003485,
        "f1-score": 0.5082304526748972,
        "support": 287.0
    },
    "accuracy": 0.3879641485275288,
    "macro avg": {
        "precision": 0.4719586374695864,
        "recall": 0.48699375079349405,
        "f1-score": 0.34903048057473673,
        "support": 781.0
    },
    "weighted avg": {
        "precision": 0.5014779230570328,
        "recall": 0.3879641485275288,
        "f1-score": 0.30683535352642277,
        "support": 781.0
    }
}