{
    "DOWN": {
        "precision": 0.6289308176100629,
        "recall": 0.20242914979757085,
        "f1-score": 0.30627871362940273,
        "support": 494.0
    },
    "UP": {
        "precision": 0.3665594855305466,
        "recall": 0.794425087108014,
        "f1-score": 0.5016501650165017,
        "support": 287.0
    },
    "accuracy": 0.4199743918053777,
    "macro avg": {
        "precision": 0.49774515157030474,
        "recall": 0.4984271184527924,
        "f1-score": 0.40396443932295223,
        "support": 781.0
    },
    "weighted avg": {
        "precision": 0.532515232069959,
        "recall": 0.4199743918053777,
        "f1-score": 0.37807334429277967,
        "support": 781.0
    }
}