{
    "DOWN": {
        "precision": 0.6406896551724138,
        "recall": 0.9322629202207727,
        "f1-score": 0.7594522787655835,
        "support": 1993.0
    },
    "UP": {
        "precision": 0.39461883408071746,
        "recall": 0.07787610619469026,
        "f1-score": 0.13008130081300814,
        "support": 1130.0
    },
    "accuracy": 0.6231187960294589,
    "macro avg": {
        "precision": 0.5176542446265656,
        "recall": 0.5050695132077315,
        "f1-score": 0.44476678978929585,
        "support": 3123.0
    },
    "weighted avg": {
        "precision": 0.5516534631027318,
        "recall": 0.6231187960294589,
        "f1-score": 0.531725988312042,
        "support": 3123.0
    }
}