{
    "DOWN": {
        "precision": 0.4418604651162791,
        "recall": 0.05307262569832402,
        "f1-score": 0.09476309226932668,
        "support": 358.0
    },
    "UP": {
        "precision": 0.42150170648464164,
        "recall": 0.9114391143911439,
        "f1-score": 0.5764294049008167,
        "support": 271.0
    },
    "accuracy": 0.42289348171701113,
    "macro avg": {
        "precision": 0.4316810858004604,
        "recall": 0.48225587004473397,
        "f1-score": 0.3355962485850717,
        "support": 629.0
    },
    "weighted avg": {
        "precision": 0.4330890444657644,
        "recall": 0.42289348171701113,
        "f1-score": 0.30228546225841063,
        "support": 629.0
    }
}