{
    "DOWN": {
        "precision": 0.6355446355446356,
        "recall": 0.4942675159235669,
        "f1-score": 0.5560730920816912,
        "support": 1570.0
    },
    "UP": {
        "precision": 0.37823022709475335,
        "recall": 0.5204741379310345,
        "f1-score": 0.43809523809523815,
        "support": 928.0
    },
    "accuracy": 0.5040032025620497,
    "macro avg": {
        "precision": 0.5068874313196945,
        "recall": 0.5073708269273007,
        "f1-score": 0.49708416508846465,
        "support": 2498.0
    },
    "weighted avg": {
        "precision": 0.5399530538626937,
        "recall": 0.5040032025620497,
        "f1-score": 0.512244649928197,
        "support": 2498.0
    }
}