{
    "R2": 0.6030507569781612,
    "RMSE": 107.36964283434108,
    "MSE": 11528.24020237397,
    "MAPE": 0.37374333325152337,
    "ACMAPE": 1.2354285478779146
}