{
    "DOWN": {
        "precision": 0.6580188679245284,
        "recall": 0.3554140127388535,
        "f1-score": 0.4615384615384615,
        "support": 1570.0
    },
    "UP": {
        "precision": 0.38666666666666666,
        "recall": 0.6875,
        "f1-score": 0.4949573312645461,
        "support": 928.0
    },
    "accuracy": 0.4787830264211369,
    "macro avg": {
        "precision": 0.5223427672955975,
        "recall": 0.5214570063694267,
        "f1-score": 0.4782478964015038,
        "support": 2498.0
    },
    "weighted avg": {
        "precision": 0.5572122855517119,
        "recall": 0.4787830264211369,
        "f1-score": 0.4739534779939485,
        "support": 2498.0
    }
}