{
    "R2": 0.9130150613987227,
    "RMSE": 138.35877767447926,
    "MSE": 19143.151359575982,
    "MAPE": 0.17601793314150255,
    "ACMAPE": 1.2184518802992288
}