{
    "DOWN": {
<<<<<<< HEAD
        "precision": 0.5388888888888889,
        "recall": 0.2709497206703911,
        "f1-score": 0.3605947955390334,
        "support": 358.0
    },
    "UP": {
        "precision": 0.41870824053452116,
        "recall": 0.6937269372693727,
        "f1-score": 0.5222222222222223,
        "support": 271.0
    },
    "accuracy": 0.45310015898251194,
    "macro avg": {
        "precision": 0.478798564711705,
        "recall": 0.48233832896988194,
        "f1-score": 0.4414085088806278,
        "support": 629.0
    },
    "weighted avg": {
        "precision": 0.4871099450033028,
        "recall": 0.45310015898251194,
        "f1-score": 0.43023077746454086,
=======
        "precision": 0.5324675324675324,
        "recall": 0.22905027932960895,
        "f1-score": 0.3203125,
        "support": 358.0
    },
    "UP": {
        "precision": 0.4189473684210526,
        "recall": 0.7343173431734318,
        "f1-score": 0.5335120643431636,
        "support": 271.0
    },
    "accuracy": 0.4467408585055644,
    "macro avg": {
        "precision": 0.4757074504442925,
        "recall": 0.4816838112515204,
        "f1-score": 0.4269122821715818,
        "support": 629.0
    },
    "weighted avg": {
        "precision": 0.4835582090071254,
        "recall": 0.4467408585055644,
        "f1-score": 0.41216795617964597,
>>>>>>> d5f42532be6a9c18a5da3fb21b671ebbe5b6efbf
        "support": 629.0
    }
}