{
    "R2": -0.1769077013064153,
    "RMSE": 184.87799465096768,
    "MSE": 34179.87290616323,
    "MAPE": 0.49193573927646334,
    "ACMAPE": 1.5984540222653347
}