{
    "DOWN": {
        "precision": 0.7114754098360656,
        "recall": 0.163280662151994,
        "f1-score": 0.26560587515299877,
        "support": 1329.0
    },
    "UP": {
        "precision": 0.38050139275766015,
        "recall": 0.8858625162127107,
        "f1-score": 0.5323460639127047,
        "support": 771.0
    },
    "accuracy": 0.42857142857142855,
    "macro avg": {
        "precision": 0.5459884012968629,
        "recall": 0.5245715891823524,
        "f1-score": 0.39897596953285175,
        "support": 2100.0
    },
    "weighted avg": {
        "precision": 0.5899606635658511,
        "recall": 0.42857142857142855,
        "f1-score": 0.36353763016906226,
        "support": 2100.0
    }
}