{
    "DOWN": {
        "precision": 0.7022222222222222,
        "recall": 0.8802228412256268,
        "f1-score": 0.7812113720642768,
        "support": 359.0
    },
    "UP": {
        "precision": 0.4625,
        "recall": 0.21637426900584794,
        "f1-score": 0.29482071713147406,
        "support": 171.0
    },
    "accuracy": 0.6660377358490566,
    "macro avg": {
        "precision": 0.5823611111111111,
        "recall": 0.5482985551157373,
        "f1-score": 0.5380160445978754,
        "support": 530.0
    },
    "weighted avg": {
        "precision": 0.6248778825995807,
        "recall": 0.6660377358490566,
        "f1-score": 0.6242815569821838,
        "support": 530.0
    }
}