{
    "R2": 0.9937214739067289,
    "RMSE": 10.038374838506924,
    "MSE": 100.76896939836891,
    "MAPE": 0.024002701258221664,
    "ACMAPE": 1.139240796496317
}