{
    "DOWN": {
        "precision": 0.7579821200510856,
        "recall": 0.5252212389380531,
        "f1-score": 0.6204913748039728,
        "support": 2260.0
    },
    "UP": {
        "precision": 0.3009771986970684,
        "recall": 0.549346016646849,
        "f1-score": 0.3888888888888889,
        "support": 841.0
    },
    "accuracy": 0.5317639471138342,
    "macro avg": {
        "precision": 0.5294796593740769,
        "recall": 0.5372836277924511,
        "f1-score": 0.5046901318464309,
        "support": 3101.0
    },
    "weighted avg": {
        "precision": 0.6340410884939336,
        "recall": 0.5317639471138342,
        "f1-score": 0.5576801233835968,
        "support": 3101.0
    }
}