{
    "DOWN": {
        "precision": 0.7037037037037037,
        "recall": 0.0628099173553719,
        "f1-score": 0.11532625189681336,
        "support": 605.0
    },
    "UP": {
        "precision": 0.21685082872928177,
        "recall": 0.9075144508670521,
        "f1-score": 0.35005574136008916,
        "support": 173.0
    },
    "accuracy": 0.2506426735218509,
    "macro avg": {
        "precision": 0.46027726621649273,
        "recall": 0.485162184111212,
        "f1-score": 0.23269099662845127,
        "support": 778.0
    },
    "weighted avg": {
        "precision": 0.5954446453867693,
        "recall": 0.2506426735218509,
        "f1-score": 0.16752188387258035,
        "support": 778.0
    }
}