{
    "DOWN": {
        "precision": 0.7019867549668874,
        "recall": 0.2824156305506217,
        "f1-score": 0.40278657378087396,
        "support": 2252.0
    },
    "UP": {
        "precision": 0.26041189931350117,
        "recall": 0.6781883194278904,
        "f1-score": 0.37632275132275134,
        "support": 839.0
    },
    "accuracy": 0.38984147525072793,
    "macro avg": {
        "precision": 0.4811993271401943,
        "recall": 0.48030197498925603,
        "f1-score": 0.38955466255181265,
        "support": 3091.0
    },
    "weighted avg": {
        "precision": 0.5821286818859457,
        "recall": 0.38984147525072793,
        "f1-score": 0.3956034139483392,
        "support": 3091.0
    }
}