{
    "DOWN": {
        "precision": 0.6767676767676768,
        "recall": 0.11074380165289256,
        "f1-score": 0.1903409090909091,
        "support": 605.0
    },
    "UP": {
        "precision": 0.20765832106038293,
        "recall": 0.815028901734104,
        "f1-score": 0.33098591549295775,
        "support": 173.0
    },
    "accuracy": 0.26735218508997427,
    "macro avg": {
        "precision": 0.4422129989140299,
        "recall": 0.4628863516934983,
        "f1-score": 0.2606634122919334,
        "support": 778.0
    },
    "weighted avg": {
        "precision": 0.5724541567967747,
        "recall": 0.26735218508997427,
        "f1-score": 0.22161544136282993,
        "support": 778.0
    }
}