{
    "DOWN": {
<<<<<<< HEAD
        "precision": 0.7090909090909091,
        "recall": 0.06446280991735537,
        "f1-score": 0.11818181818181818,
        "support": 605.0
    },
    "UP": {
        "precision": 0.21715076071922546,
        "recall": 0.9075144508670521,
        "f1-score": 0.35044642857142855,
        "support": 173.0
    },
    "accuracy": 0.2519280205655527,
    "macro avg": {
        "precision": 0.4631208349050673,
        "recall": 0.48598863039220375,
        "f1-score": 0.23431412337662336,
        "support": 778.0
    },
    "weighted avg": {
        "precision": 0.5997006190288252,
        "recall": 0.2519280205655527,
        "f1-score": 0.1698293472273228,
=======
        "precision": 0.6767676767676768,
        "recall": 0.11074380165289256,
        "f1-score": 0.1903409090909091,
        "support": 605.0
    },
    "UP": {
        "precision": 0.20765832106038293,
        "recall": 0.815028901734104,
        "f1-score": 0.33098591549295775,
        "support": 173.0
    },
    "accuracy": 0.26735218508997427,
    "macro avg": {
        "precision": 0.4422129989140299,
        "recall": 0.4628863516934983,
        "f1-score": 0.2606634122919334,
        "support": 778.0
    },
    "weighted avg": {
        "precision": 0.5724541567967747,
        "recall": 0.26735218508997427,
        "f1-score": 0.22161544136282993,
>>>>>>> d5f42532be6a9c18a5da3fb21b671ebbe5b6efbf
        "support": 778.0
    }
}