{
    "R2": 0.4101914598125932,
    "RMSE": 14.900405954666647,
    "MSE": 222.02209761386527,
    "MAPE": 0.23667360341788352,
    "ACMAPE": 1.701969233237935
}