{
<<<<<<< HEAD
    "R2": 0.1481898526093226,
    "RMSE": 17.90663482832703,
    "MSE": 320.6475708750545,
    "MAPE": 0.2884409123416626,
    "ACMAPE": 1.7845848712105572
=======
    "R2": 0.4101914598125932,
    "RMSE": 14.900405954666647,
    "MSE": 222.02209761386527,
    "MAPE": 0.23667360341788352,
    "ACMAPE": 1.701969233237935
>>>>>>> d5f42532be6a9c18a5da3fb21b671ebbe5b6efbf
}