{
    "R2": 0.9908705976181915,
    "RMSE": 13.876193762347397,
    "MSE": 192.5487533302088,
    "MAPE": 0.06524897477182531,
    "ACMAPE": 1.4166165732088556
}