{
    "R2": -1.0256738484569268,
    "RMSE": 15.507476586550274,
    "MSE": 240.4818300824049,
    "MAPE": 0.1085787072872077,
    "ACMAPE": 0.546605181414765
}