{
    "DOWN": {
        "precision": 0.711864406779661,
        "recall": 0.01847778266608007,
        "f1-score": 0.036020583190394515,
        "support": 2273.0
    },
    "UP": {
        "precision": 0.31731946144430845,
        "recall": 0.9838709677419355,
        "f1-score": 0.47987043035631655,
        "support": 1054.0
    },
    "accuracy": 0.3243162007814848,
    "macro avg": {
        "precision": 0.5145919341119847,
        "recall": 0.5011743752040078,
        "f1-score": 0.25794550677335554,
        "support": 3327.0
    },
    "weighted avg": {
        "precision": 0.5868718091290864,
        "recall": 0.3243162007814848,
        "f1-score": 0.1766330685865117,
        "support": 3327.0
    }
}