{
    "DOWN": {
        "precision": 0.7197452229299363,
        "recall": 0.29894179894179895,
        "f1-score": 0.4224299065420561,
        "support": 2268.0
    },
    "UP": {
        "precision": 0.3319327731092437,
        "recall": 0.7495256166982922,
        "f1-score": 0.4601048340128131,
        "support": 1054.0
    },
    "accuracy": 0.4419024683925346,
    "macro avg": {
        "precision": 0.52583899801959,
        "recall": 0.5242337078200456,
        "f1-score": 0.44126737027743457,
        "support": 3322.0
    },
    "weighted avg": {
        "precision": 0.5967005744919441,
        "recall": 0.4419024683925346,
        "f1-score": 0.43438336035126074,
        "support": 3322.0
    }
}