{
    "DOWN": {
        "precision": 0.6821086261980831,
        "recall": 0.6382660687593423,
        "f1-score": 0.6594594594594595,
        "support": 669.0
    },
    "UP": {
        "precision": 0.336986301369863,
        "recall": 0.38198757763975155,
        "f1-score": 0.35807860262008734,
        "support": 322.0
    },
    "accuracy": 0.5549949545913219,
    "macro avg": {
        "precision": 0.5095474637839731,
        "recall": 0.5101268231995469,
        "f1-score": 0.5087690310397734,
        "support": 991.0
    },
    "weighted avg": {
        "precision": 0.569969989876502,
        "recall": 0.5549949545913219,
        "f1-score": 0.5615334898305212,
        "support": 991.0
    }
}