{
    "R2": -2.210288289003955,
    "RMSE": 93.81443229462687,
    "MSE": 8801.14770676313,
    "MAPE": 0.10219119942416849,
    "ACMAPE": 1.115309261987236
}