{
    "DOWN": {
        "precision": 0.652542372881356,
        "recall": 0.3452914798206278,
        "f1-score": 0.45161290322580644,
        "support": 669.0
    },
    "UP": {
        "precision": 0.31240188383045525,
        "recall": 0.6180124223602484,
        "f1-score": 0.41501564129301355,
        "support": 322.0
    },
    "accuracy": 0.4339051463168517,
    "macro avg": {
        "precision": 0.4824721283559056,
        "recall": 0.4816519510904381,
        "f1-score": 0.43331427225941,
        "support": 991.0
    },
    "weighted avg": {
        "precision": 0.5420224561564417,
        "recall": 0.4339051463168517,
        "f1-score": 0.439721562819793,
        "support": 991.0
    }
}