{
    "DOWN": {
        "precision": 0.7406340057636888,
        "recall": 0.3841554559043348,
        "f1-score": 0.5059055118110236,
        "support": 669.0
    },
    "UP": {
        "precision": 0.36024844720496896,
        "recall": 0.7204968944099379,
        "f1-score": 0.4803312629399586,
        "support": 322.0
    },
    "accuracy": 0.4934409687184662,
    "macro avg": {
        "precision": 0.5504412264843288,
        "recall": 0.5523261751571363,
        "f1-score": 0.4931183873754911,
        "support": 991.0
    },
    "weighted avg": {
        "precision": 0.6170374872410775,
        "recall": 0.4934409687184662,
        "f1-score": 0.4975958164159854,
        "support": 991.0
    }
}