{
    "R2": 0.8768979424679815,
    "RMSE": 39.01610624162137,
    "MSE": 1522.2565462574862,
    "MAPE": 0.33218703904408114,
    "ACMAPE": 1.9849542869591683
}