{
    "R2": 0.9975613914837316,
    "RMSE": 19.34222306877841,
    "MSE": 374.1215932423837,
    "MAPE": 0.022738556513414023,
    "ACMAPE": 1.5505295303851478
}