{
    "R2": 0.9171686179390489,
    "RMSE": 10.41194765693435,
    "MSE": 108.4086540107407,
    "MAPE": 0.18324925130611586,
    "ACMAPE": 2.183249251306116
}