{
    "DOWN": {
        "precision": 0.8911949685534591,
        "recall": 0.9698836413415469,
        "f1-score": 0.9288757784333006,
        "support": 1461.0
    },
    "UP": {
        "precision": 0.38028169014084506,
        "recall": 0.135,
        "f1-score": 0.19926199261992625,
        "support": 200.0
    },
    "accuracy": 0.8693558097531607,
    "macro avg": {
        "precision": 0.6357383293471521,
        "recall": 0.5524418206707735,
        "f1-score": 0.5640688855266134,
        "support": 1661.0
    },
    "weighted avg": {
        "precision": 0.8296762113695201,
        "recall": 0.8693558097531607,
        "f1-score": 0.8410234261378914,
        "support": 1661.0
    }
}