{
    "R2": 0.9849954630609944,
    "RMSE": 144.44422305362014,
    "MSE": 20864.13357356397,
    "MAPE": 0.024221207098182578,
    "ACMAPE": 0.3082307536375621
}