{
    "DOWN": {
        "precision": 0.8973042362002568,
        "recall": 0.9471544715447154,
        "f1-score": 0.9215557020435069,
        "support": 1476.0
    },
    "UP": {
        "precision": 0.3389830508474576,
        "recall": 0.2,
        "f1-score": 0.25157232704402516,
        "support": 200.0
    },
    "accuracy": 0.8579952267303103,
    "macro avg": {
        "precision": 0.6181436435238572,
        "recall": 0.5735772357723578,
        "f1-score": 0.586564014543766,
        "support": 1676.0
    },
    "weighted avg": {
        "precision": 0.8306787964206864,
        "recall": 0.8579952267303103,
        "f1-score": 0.841605418630681,
        "support": 1676.0
    }
}