{
    "DOWN": {
        "precision": 0.7093425605536332,
        "recall": 0.7093425605536332,
        "f1-score": 0.7093425605536332,
        "support": 289.0
    },
    "UP": {
        "precision": 0.35877862595419846,
        "recall": 0.35877862595419846,
        "f1-score": 0.3587786259541984,
        "support": 131.0
    },
    "accuracy": 0.6,
    "macro avg": {
        "precision": 0.5340605932539159,
        "recall": 0.5340605932539159,
        "f1-score": 0.5340605932539157,
        "support": 420.0
    },
    "weighted avg": {
        "precision": 0.6,
        "recall": 0.6,
        "f1-score": 0.6,
        "support": 420.0
    }
}