{
    "DOWN": {
        "precision": 0.8669623059866962,
        "recall": 0.5280216070222823,
        "f1-score": 0.6563155686109946,
        "support": 1481.0
    },
    "UP": {
        "precision": 0.10269576379974327,
        "recall": 0.4,
        "f1-score": 0.1634320735444331,
        "support": 200.0
    },
    "accuracy": 0.5127900059488399,
    "macro avg": {
        "precision": 0.4848290348932197,
        "recall": 0.46401080351114116,
        "f1-score": 0.40987382107771386,
        "support": 1681.0
    },
    "weighted avg": {
        "precision": 0.7760323188139475,
        "recall": 0.51279000594884,
        "f1-score": 0.5976738678297262,
        "support": 1681.0
    }
}