{
    "R2": 0.9002988389457974,
    "RMSE": 159.08570145139137,
    "MSE": 25308.26040628123,
    "MAPE": 0.0384106360238545,
    "ACMAPE": 0.7336487312619497
}