{
    "R2": 0.9854594954714595,
    "RMSE": 142.5851398471615,
    "MSE": 20330.52210523461,
    "MAPE": 0.020411392848641966,
    "ACMAPE": 0.9948313809509621
}