{
    "DOWN": {
        "precision": 0.6689655172413793,
        "recall": 0.3356401384083045,
        "f1-score": 0.4470046082949309,
        "support": 289.0
    },
    "UP": {
        "precision": 0.3018181818181818,
        "recall": 0.6335877862595419,
        "f1-score": 0.40886699507389157,
        "support": 131.0
    },
    "accuracy": 0.42857142857142855,
    "macro avg": {
        "precision": 0.48539184952978054,
        "recall": 0.4846139623339232,
        "f1-score": 0.42793580168441125,
        "support": 420.0
    },
    "weighted avg": {
        "precision": 0.5544505150022391,
        "recall": 0.42857142857142855,
        "f1-score": 0.43510930512360674,
        "support": 420.0
    }
}