{
    "R2": 0.9063682293941616,
    "RMSE": 154.1674387500183,
    "MSE": 23767.59917074065,
    "MAPE": 0.035222476257680435,
    "ACMAPE": 0.8352224762576805
}