{
    "DOWN": {
        "precision": 0.6515151515151515,
        "recall": 0.296551724137931,
        "f1-score": 0.4075829383886256,
        "support": 435.0
    },
    "UP": {
        "precision": 0.41714285714285715,
        "recall": 0.7604166666666666,
        "f1-score": 0.5387453874538746,
        "support": 288.0
    },
    "accuracy": 0.48132780082987553,
    "macro avg": {
        "precision": 0.5343290043290043,
        "recall": 0.5284841954022989,
        "f1-score": 0.4731641629212501,
        "support": 723.0
    },
    "weighted avg": {
        "precision": 0.5581552334249429,
        "recall": 0.48132780082987553,
        "f1-score": 0.4598302210038285,
        "support": 723.0
    }
}