{
    "DOWN": {
        "precision": 0.7777777777777778,
        "recall": 0.05737704918032787,
        "f1-score": 0.10687022900763359,
        "support": 122.0
    },
    "UP": {
        "precision": 0.3352601156069364,
        "recall": 0.9666666666666667,
        "f1-score": 0.49785407725321884,
        "support": 60.0
    },
    "accuracy": 0.35714285714285715,
    "macro avg": {
        "precision": 0.5565189466923571,
        "recall": 0.5120218579234973,
        "f1-score": 0.3023621531304262,
        "support": 182.0
    },
    "weighted avg": {
        "precision": 0.6318928342049729,
        "recall": 0.35714285714285715,
        "f1-score": 0.2357660031545298,
        "support": 182.0
    }
}