{
    "DOWN": {
        "precision": 1.0,
        "recall": 0.040983606557377046,
        "f1-score": 0.07874015748031496,
        "support": 122.0
    },
    "UP": {
        "precision": 0.3389830508474576,
        "recall": 1.0,
        "f1-score": 0.5063291139240507,
        "support": 60.0
    },
    "accuracy": 0.35714285714285715,
    "macro avg": {
        "precision": 0.6694915254237288,
        "recall": 0.5204918032786885,
        "f1-score": 0.2925346357021828,
        "support": 182.0
    },
    "weighted avg": {
        "precision": 0.7820823244552058,
        "recall": 0.35714285714285715,
        "f1-score": 0.21970354971451356,
        "support": 182.0
    }
}