{
    "R2": -37.86076008098606,
    "RMSE": 28.887668142465344,
    "MSE": 834.4973707092071,
    "MAPE": 0.09798673542069766,
    "ACMAPE": 1.4386460760800384
}