{
    "R2": 0.9673133520096112,
    "RMSE": 23.78880155754802,
    "MSE": 565.9070795443992,
    "MAPE": 0.037545059232379115,
    "ACMAPE": 0.8926982625749975
}