{
    "DOWN": {
        "precision": 1.0,
        "recall": 0.04918032786885246,
        "f1-score": 0.09375,
        "support": 122.0
    },
    "UP": {
        "precision": 0.3409090909090909,
        "recall": 1.0,
        "f1-score": 0.5084745762711864,
        "support": 60.0
    },
    "accuracy": 0.3626373626373626,
    "macro avg": {
        "precision": 0.6704545454545454,
        "recall": 0.5245901639344263,
        "f1-score": 0.3011122881355932,
        "support": 182.0
    },
    "weighted avg": {
        "precision": 0.7827172827172826,
        "recall": 0.3626373626373626,
        "f1-score": 0.2304723877817098,
        "support": 182.0
    }
}