{
    "R2": 0.7611514454055343,
    "RMSE": 116.47686087834686,
    "MSE": 13566.859120073766,
    "MAPE": 0.059817603032889514,
    "ACMAPE": 0.995368538583825
}