{
    "DOWN": {
        "precision": 0.8024844720496894,
        "recall": 0.8831168831168831,
        "f1-score": 0.8408721119427269,
        "support": 1463.0
    },
    "UP": {
        "precision": 0.41836734693877553,
        "recall": 0.2789115646258503,
        "f1-score": 0.3346938775510204,
        "support": 441.0
    },
    "accuracy": 0.743172268907563,
    "macro avg": {
        "precision": 0.6104259094942325,
        "recall": 0.5810142238713667,
        "f1-score": 0.5877829947468737,
        "support": 1904.0
    },
    "weighted avg": {
        "precision": 0.7135161673364998,
        "recall": 0.743172268907563,
        "f1-score": 0.7236323003005302,
        "support": 1904.0
    }
}