{
    "DOWN": {
        "precision": 0.5957446808510638,
        "recall": 0.8780487804878049,
        "f1-score": 0.7098591549295774,
        "support": 287.0
    },
    "UP": {
        "precision": 0.39655172413793105,
        "recall": 0.11855670103092783,
        "f1-score": 0.18253968253968253,
        "support": 194.0
    },
    "accuracy": 0.5717255717255717,
    "macro avg": {
        "precision": 0.4961482024944974,
        "recall": 0.49830274075936637,
        "f1-score": 0.44619941873463,
        "support": 481.0
    },
    "weighted avg": {
        "precision": 0.5154049020520041,
        "recall": 0.5717255717255717,
        "f1-score": 0.49717728872658445,
        "support": 481.0
    }
}