{
    "R2": 0.9515362391817517,
    "RMSE": 21.919901147896535,
    "MSE": 480.4820663335559,
    "MAPE": 0.04386872652371225,
    "ACMAPE": 0.5402114642457604
}