{
    "DOWN": {
        "precision": 0.564327485380117,
        "recall": 0.6724738675958188,
        "f1-score": 0.6136724960254373,
        "support": 287.0
    },
    "UP": {
        "precision": 0.3237410071942446,
        "recall": 0.23195876288659795,
        "f1-score": 0.27027027027027023,
        "support": 194.0
    },
    "accuracy": 0.49480249480249483,
    "macro avg": {
        "precision": 0.4440342462871808,
        "recall": 0.4522163152412084,
        "f1-score": 0.4419713831478538,
        "support": 481.0
    },
    "weighted avg": {
        "precision": 0.4672926064444429,
        "recall": 0.49480249480249483,
        "f1-score": 0.47516931141732416,
        "support": 481.0
    }
}