{
    "R2": 0.9560035114358189,
    "RMSE": 20.93215064622359,
    "MSE": 438.15493067619866,
    "MAPE": 0.03303425113915143,
    "ACMAPE": 0.9279922343324287
}