{
    "DOWN": {
        "precision": 0.790331974373908,
        "recall": 0.921875,
        "f1-score": 0.8510504860457825,
        "support": 1472.0
    },
    "UP": {
        "precision": 0.41624365482233505,
        "recall": 0.18552036199095023,
        "f1-score": 0.2566510172143975,
        "support": 442.0
    },
    "accuracy": 0.7518286311389759,
    "macro avg": {
        "precision": 0.6032878145981215,
        "recall": 0.5536976809954751,
        "f1-score": 0.55385075163009,
        "support": 1914.0
    },
    "weighted avg": {
        "precision": 0.7039437626488321,
        "recall": 0.7518286311389759,
        "f1-score": 0.7137858229196216,
        "support": 1914.0
    }
}