{
    "DOWN": {
<<<<<<< HEAD
        "precision": 0.2,
        "recall": 0.003484320557491289,
        "f1-score": 0.00684931506849315,
        "support": 287.0
    },
    "UP": {
        "precision": 0.39915966386554624,
        "recall": 0.979381443298969,
        "f1-score": 0.5671641791044776,
        "support": 194.0
    },
    "accuracy": 0.3970893970893971,
    "macro avg": {
        "precision": 0.29957983193277316,
        "recall": 0.49143288192823015,
        "f1-score": 0.2870067470864854,
        "support": 481.0
    },
    "weighted avg": {
        "precision": 0.28032635091458624,
        "recall": 0.3970893970893971,
        "f1-score": 0.23283909391044946,
=======
        "precision": 0.627906976744186,
        "recall": 0.09407665505226481,
        "f1-score": 0.16363636363636364,
        "support": 287.0
    },
    "UP": {
        "precision": 0.4063926940639269,
        "recall": 0.9175257731958762,
        "f1-score": 0.5632911392405062,
        "support": 194.0
    },
    "accuracy": 0.4261954261954262,
    "macro avg": {
        "precision": 0.5171498354040565,
        "recall": 0.5058012141240705,
        "f1-score": 0.3634637514384349,
        "support": 481.0
    },
    "weighted avg": {
        "precision": 0.5385644178253289,
        "recall": 0.4261954261954262,
        "f1-score": 0.3248276868530033,
>>>>>>> d5f42532be6a9c18a5da3fb21b671ebbe5b6efbf
        "support": 481.0
    }
}