{
    "R2": 0.9573173223167746,
    "RMSE": 20.547634006184964,
    "MSE": 422.2052632521287,
    "MAPE": 0.04394114839965222,
    "ACMAPE": 1.4863590744027788
}