{
    "R2": -2.7512141533009724,
    "RMSE": 28.617402543963255,
    "MSE": 818.9557283632346,
    "MAPE": 0.06662280179272632,
    "ACMAPE": 0.8047180398879644
}