{
    "R2": -9.22090675779923,
    "RMSE": 47.23772750156365,
    "MSE": 2231.4028995119825,
    "MAPE": 0.10632382552853506,
    "ACMAPE": 0.8206095398142492
}