{
    "DOWN": {
        "precision": 0.723404255319149,
        "recall": 0.29955947136563876,
        "f1-score": 0.4236760124610592,
        "support": 227.0
    },
    "UP": {
        "precision": 0.3319327731092437,
        "recall": 0.7523809523809524,
        "f1-score": 0.4606413994169096,
        "support": 105.0
    },
    "accuracy": 0.4427710843373494,
    "macro avg": {
        "precision": 0.5276685142141964,
        "recall": 0.5259702118732956,
        "f1-score": 0.44215870593898443,
        "support": 332.0
    },
    "weighted avg": {
        "precision": 0.5995955034154138,
        "recall": 0.4427710843373494,
        "f1-score": 0.43536687279348174,
        "support": 332.0
    }
}