{
    "R2": 0.9733540343405819,
    "RMSE": 30.461933904705113,
    "MSE": 927.929417214623,
    "MAPE": 0.03736882388320482,
    "ACMAPE": 1.2116807504887095
}