{
    "R2": 0.9364165446758332,
    "RMSE": 47.24416692749121,
    "MSE": 2232.0113086726537,
    "MAPE": 0.058309076013629765,
    "ACMAPE": 1.172766907338931
}