{
    "DOWN": {
        "precision": 0.711864406779661,
        "recall": 0.9130434782608695,
        "f1-score": 0.7999999999999999,
        "support": 230.0
    },
    "UP": {
        "precision": 0.5238095238095238,
        "recall": 0.205607476635514,
        "f1-score": 0.29530201342281875,
        "support": 107.0
    },
    "accuracy": 0.6884272997032641,
    "macro avg": {
        "precision": 0.6178369652945924,
        "recall": 0.5593254774481917,
        "f1-score": 0.5476510067114093,
        "support": 337.0
    },
    "weighted avg": {
        "precision": 0.652155586370745,
        "recall": 0.6884272997032641,
        "f1-score": 0.6397546452113994,
        "support": 337.0
    }
}