{
    "R2": 0.41249519647960664,
    "RMSE": 11.325307281693728,
    "MSE": 128.26258502478498,
    "MAPE": 0.021671082705459144,
    "ACMAPE": 1.0216710827054591
}