{
    "DOWN": {
        "precision": 0.8636363636363636,
        "recall": 0.16964285714285715,
        "f1-score": 0.2835820895522388,
        "support": 224.0
    },
    "UP": {
        "precision": 0.34275618374558303,
        "recall": 0.941747572815534,
        "f1-score": 0.5025906735751295,
        "support": 103.0
    },
    "accuracy": 0.41284403669724773,
    "macro avg": {
        "precision": 0.6031962736909733,
        "recall": 0.5556952149791956,
        "f1-score": 0.39308638156368414,
        "support": 327.0
    },
    "weighted avg": {
        "precision": 0.6995670714995124,
        "recall": 0.41284403669724773,
        "f1-score": 0.352566444764342,
        "support": 327.0
    }
}