{
    "R2": 0.9902823794651939,
    "RMSE": 184.0475083764705,
    "MSE": 33873.48533958697,
    "MAPE": 0.2206433770522862,
    "ACMAPE": 1.0703366285860285
}