{
    "R2": -1.42317807476382,
    "RMSE": 2501.871897991927,
    "MSE": 6259362.993961729,
    "MAPE": 0.2756047520256757,
    "ACMAPE": 1.1969530666324173
}