{
    "DOWN": {
        "precision": 0.5526315789473685,
        "recall": 0.39697542533081287,
        "f1-score": 0.4620462046204621,
        "support": 529.0
    },
    "UP": {
        "precision": 0.4674457429048414,
        "recall": 0.6222222222222222,
        "f1-score": 0.5338417540514777,
        "support": 450.0
    },
    "accuracy": 0.5005107252298263,
    "macro avg": {
        "precision": 0.510038660926105,
        "recall": 0.5095988237765176,
        "f1-score": 0.4979439793359699,
        "support": 979.0
    },
    "weighted avg": {
        "precision": 0.5134756788256758,
        "recall": 0.5005107252298263,
        "f1-score": 0.4950472232557604,
        "support": 979.0
    }
}