{
    "DOWN": {
        "precision": 0.6321353065539113,
        "recall": 0.4550989345509893,
        "f1-score": 0.5292035398230088,
        "support": 657.0
    },
    "UP": {
        "precision": 0.35611510791366907,
        "recall": 0.532258064516129,
        "f1-score": 0.4267241379310345,
        "support": 372.0
    },
    "accuracy": 0.48299319727891155,
    "macro avg": {
        "precision": 0.49412520723379016,
        "recall": 0.49367849953355913,
        "f1-score": 0.47796383887702165,
        "support": 1029.0
    },
    "weighted avg": {
        "precision": 0.5323495787656022,
        "recall": 0.48299319727891155,
        "f1-score": 0.49215559278334464,
        "support": 1029.0
    }
}