{
    "DOWN": {
        "precision": 0.6111111111111112,
        "recall": 0.9149338374291115,
        "f1-score": 0.732778198334595,
        "support": 529.0
    },
    "UP": {
        "precision": 0.3382352941176471,
        "recall": 0.06948640483383686,
        "f1-score": 0.11528822055137845,
        "support": 331.0
    },
    "accuracy": 0.5895348837209302,
    "macro avg": {
        "precision": 0.4746732026143791,
        "recall": 0.49221012113147417,
        "f1-score": 0.4240332094429867,
        "support": 860.0
    },
    "weighted avg": {
        "precision": 0.5060856513147896,
        "recall": 0.5895348837209302,
        "f1-score": 0.495116358048264,
        "support": 860.0
    }
}