{
    "R2": -26.034128583268906,
    "RMSE": 250.08611308783927,
    "MSE": 62543.06395938354,
    "MAPE": 0.8791181090758321,
    "ACMAPE": 2.067490202099088
}