{
    "R2": 0.9914868826881472,
    "RMSE": 56.36750766467198,
    "MSE": 3177.295920326855,
    "MAPE": 0.043222652727980086,
    "ACMAPE": 0.8655487778010368
}