{
    "R2": -3.0794999132992986,
    "RMSE": 97.14866863588864,
    "MSE": 9437.863817725694,
    "MAPE": 0.207099746369311,
    "ACMAPE": 1.0094253277646599
}