{
    "DOWN": {
        "precision": 0.6616871704745168,
        "recall": 0.6857923497267759,
        "f1-score": 0.6735241502683365,
        "support": 2196.0
    },
    "UP": {
        "precision": 0.40568475452196384,
        "recall": 0.37953263497179696,
        "f1-score": 0.392173189009159,
        "support": 1241.0
    },
    "accuracy": 0.5752109397730579,
    "macro avg": {
        "precision": 0.5336859624982403,
        "recall": 0.5326624923492864,
        "f1-score": 0.5328486696387478,
        "support": 3437.0
    },
    "weighted avg": {
        "precision": 0.5692521986394518,
        "recall": 0.5752109397730579,
        "f1-score": 0.5719365614051886,
        "support": 3437.0
    }
}