{
    "DOWN": {
        "precision": 0.6607142857142857,
        "recall": 0.06994328922495274,
        "f1-score": 0.1264957264957265,
        "support": 529.0
    },
    "UP": {
        "precision": 0.3880597014925373,
        "recall": 0.9425981873111783,
        "f1-score": 0.5497797356828195,
        "support": 331.0
    },
    "accuracy": 0.40581395348837207,
    "macro avg": {
        "precision": 0.5243869936034116,
        "recall": 0.5062707382680656,
        "f1-score": 0.338137731089273,
        "support": 860.0
    },
    "weighted avg": {
        "precision": 0.5557739748103336,
        "recall": 0.40581395348837207,
        "f1-score": 0.2894108509619216,
        "support": 860.0
    }
}