{
    "R2": 0.992036783773599,
    "RMSE": 5.5658009967666295,
    "MSE": 30.97814073560841,
    "MAPE": 0.02806033050285927,
    "ACMAPE": 1.3479132716793298
}