{
    "R2": -1.6360956814962515,
    "RMSE": 1602.1020716133223,
    "MSE": 2566731.047867699,
    "MAPE": 0.6499275320170157,
    "ACMAPE": 1.4170843947621137
}