{
    "DOWN": {
        "precision": 0.704119850187266,
        "recall": 0.24802110817941952,
        "f1-score": 0.3668292682926829,
        "support": 2274.0
    },
    "UP": {
        "precision": 0.30431244914564687,
        "recall": 0.7593908629441625,
        "f1-score": 0.43450479233226835,
        "support": 985.0
    },
    "accuracy": 0.4025774777539122,
    "macro avg": {
        "precision": 0.5042161496664564,
        "recall": 0.503705985561791,
        "f1-score": 0.40066703031247564,
        "support": 3259.0
    },
    "weighted avg": {
        "precision": 0.5832820809249172,
        "recall": 0.4025774777539122,
        "f1-score": 0.38728351535588995,
        "support": 3259.0
    }
}