{
    "DOWN": {
        "precision": 0.73284870513403,
        "recall": 0.7124558303886925,
        "f1-score": 0.722508398656215,
        "support": 2264.0
    },
    "UP": {
        "precision": 0.37583892617449666,
        "recall": 0.4,
        "f1-score": 0.3875432525951557,
        "support": 980.0
    },
    "accuracy": 0.6180641183723797,
    "macro avg": {
        "precision": 0.5543438156542633,
        "recall": 0.5562279151943463,
        "f1-score": 0.5550258256256854,
        "support": 3244.0
    },
    "weighted avg": {
        "precision": 0.6249974155593251,
        "recall": 0.6180641183723797,
        "f1-score": 0.621316708415821,
        "support": 3244.0
    }
}