{
    "DOWN": {
        "precision": 0.701840490797546,
        "recall": 0.2518714222809335,
        "f1-score": 0.37070641607258586,
        "support": 2271.0
    },
    "UP": {
        "precision": 0.3034030340303403,
        "recall": 0.7527975584944049,
        "f1-score": 0.43249561659848035,
        "support": 983.0
    },
    "accuracy": 0.4031960663798402,
    "macro avg": {
        "precision": 0.5026217624139431,
        "recall": 0.5023344903876692,
        "f1-score": 0.40160101633553313,
        "support": 3254.0
    },
    "weighted avg": {
        "precision": 0.581476624785818,
        "recall": 0.4031960663798402,
        "f1-score": 0.3893722993291791,
        "support": 3254.0
    }
}