{
    "R2": -4982.472125820533,
    "RMSE": 471.321786041442,
    "MSE": 222144.22599729485,
    "MAPE": 8.86461447366684,
    "ACMAPE": 10.754392251444617
}