{
    "R2": 0.9881672441328195,
    "RMSE": 191.6762008385818,
    "MSE": 36739.765967912346,
    "MAPE": 0.08198677378568366,
    "ACMAPE": 0.41079051626730534
}