{
    "DOWN": {
        "precision": 0.8722302158273382,
        "recall": 0.7938711367207962,
        "f1-score": 0.8312080076785958,
        "support": 3818.0
    },
    "UP": {
        "precision": 0.2314453125,
        "recall": 0.34801762114537443,
        "f1-score": 0.27800586510263925,
        "support": 681.0
    },
    "accuracy": 0.7263836408090687,
    "macro avg": {
        "precision": 0.5518377641636691,
        "recall": 0.5709443789330854,
        "f1-score": 0.5546069363906175,
        "support": 4499.0
    },
    "weighted avg": {
        "precision": 0.7752365463083524,
        "recall": 0.7263836408090687,
        "f1-score": 0.7474714753171319,
        "support": 4499.0
    }
}