{
    "R2": -16670.812897116048,
    "RMSE": 862.0707541610577,
    "MSE": 743165.9851798149,
    "MAPE": 16.46014799424315,
    "ACMAPE": 18.349925772020928
}