{
    "DOWN": {
        "precision": 0.6569905213270142,
        "recall": 0.41944024205748864,
        "f1-score": 0.5120036934441365,
        "support": 2644.0
    },
    "UP": {
        "precision": 0.345694799658994,
        "recall": 0.5834532374100719,
        "f1-score": 0.4341541755888651,
        "support": 1390.0
    },
    "accuracy": 0.47595438770451165,
    "macro avg": {
        "precision": 0.5013426604930041,
        "recall": 0.5014467397337803,
        "f1-score": 0.47307893451650085,
        "support": 4034.0
    },
    "weighted avg": {
        "precision": 0.5497269979956935,
        "recall": 0.47595438770451165,
        "f1-score": 0.4851789959183985,
        "support": 4034.0
    }
}