{
    "DOWN": {
        "precision": 0.6746463547334058,
        "recall": 0.70481242895036,
        "f1-score": 0.6893995552260933,
        "support": 2639.0
    },
    "UP": {
        "precision": 0.38757861635220126,
        "recall": 0.35467625899280575,
        "f1-score": 0.37039819684447783,
        "support": 1390.0
    },
    "accuracy": 0.5840158848349466,
    "macro avg": {
        "precision": 0.5311124855428035,
        "recall": 0.5297443439715829,
        "f1-score": 0.5298988760352856,
        "support": 4029.0
    },
    "weighted avg": {
        "precision": 0.5756083412437374,
        "recall": 0.5840158848349466,
        "f1-score": 0.5793444824659927,
        "support": 4029.0
    }
}