{
    "R2": 0.9807503561799749,
    "RMSE": 23.578799099913624,
    "MSE": 555.9597669940875,
    "MAPE": 0.023537941330431352,
    "ACMAPE": 1.253240911627461
}