{
    "DOWN": {
        "precision": 0.6405579399141631,
        "recall": 0.9357366771159875,
        "f1-score": 0.7605095541401274,
        "support": 638.0
    },
    "UP": {
        "precision": 0.47435897435897434,
        "recall": 0.09946236559139784,
        "f1-score": 0.16444444444444442,
        "support": 372.0
    },
    "accuracy": 0.6277227722772277,
    "macro avg": {
        "precision": 0.5574584571365687,
        "recall": 0.5175995213536927,
        "f1-score": 0.4624769992922859,
        "support": 1010.0
    },
    "weighted avg": {
        "precision": 0.579344063491856,
        "recall": 0.6277227722772277,
        "f1-score": 0.5409687414601333,
        "support": 1010.0
    }
}