{
    "R2": 0.9273758826249249,
    "RMSE": 79.67180815592249,
    "MSE": 6347.597014834117,
    "MAPE": 0.14056583615394955,
    "ACMAPE": 1.1886570607449263
}