{
    "R2": 0.9824056911607865,
    "RMSE": 9.487135583228296,
    "MSE": 90.0057415745565,
    "MAPE": 0.024988642708798137,
    "ACMAPE": 1.2113171983868578
}