{
    "DOWN": {
        "precision": 0.6868504292815183,
        "recall": 0.6084867894315452,
        "f1-score": 0.6452982381659944,
        "support": 2498.0
    },
    "UP": {
        "precision": 0.3093220338983051,
        "recall": 0.38726790450928383,
        "f1-score": 0.3439340400471143,
        "support": 1131.0
    },
    "accuracy": 0.5395425737117663,
    "macro avg": {
        "precision": 0.4980862315899117,
        "recall": 0.4978773469704145,
        "f1-score": 0.49461613910655433,
        "support": 3629.0
    },
    "weighted avg": {
        "precision": 0.5691914005743223,
        "recall": 0.5395425737117663,
        "f1-score": 0.5513762464127695,
        "support": 3629.0
    }
}