{
    "R2": 0.9883898333074138,
    "RMSE": 11.350699344674776,
    "MSE": 128.8383756132004,
    "MAPE": 0.026760395422271283,
    "ACMAPE": 0.9555683424421388
}