{
    "DOWN": {
        "precision": 0.75,
        "recall": 0.16390728476821192,
        "f1-score": 0.2690217391304348,
        "support": 604.0
    },
    "UP": {
        "precision": 0.34838709677419355,
        "recall": 0.8910891089108911,
        "f1-score": 0.5009276437847866,
        "support": 303.0
    },
    "accuracy": 0.40683572216097025,
    "macro avg": {
        "precision": 0.5491935483870968,
        "recall": 0.5274981968395516,
        "f1-score": 0.3849746914576107,
        "support": 907.0
    },
    "weighted avg": {
        "precision": 0.6158338371803534,
        "recall": 0.40683572216097025,
        "f1-score": 0.3464941637283053,
        "support": 907.0
    }
}