{
    "R2": 0.9900373020354577,
    "RMSE": 10.50870194087864,
    "MSE": 110.43281648222647,
    "MAPE": 0.030120950149861627,
    "ACMAPE": 1.197846841280008
}