{
    "R2": -1.3337340535031474,
    "RMSE": 754.0862380625705,
    "MSE": 568646.0544353597,
    "MAPE": 0.3934749000374257,
    "ACMAPE": 1.1354103839083933
}