{
    "DOWN": {
        "precision": 0.7878787878787878,
        "recall": 0.01015228426395939,
        "f1-score": 0.020046260601387814,
        "support": 2561.0
    },
    "UP": {
        "precision": 0.3128219029547303,
        "recall": 0.9939707149009475,
        "f1-score": 0.47587628865979387,
        "support": 1161.0
    },
    "accuracy": 0.31703385276732937,
    "macro avg": {
        "precision": 0.5503503454167591,
        "recall": 0.5020614995824534,
        "f1-score": 0.24796127463059084,
        "support": 3722.0
    },
    "weighted avg": {
        "precision": 0.6396947353809826,
        "recall": 0.31703385276732937,
        "f1-score": 0.16223289751052522,
        "support": 3722.0
    }
}