{
    "DOWN": {
        "precision": 0.6849963583394028,
        "recall": 0.7364917776037588,
        "f1-score": 0.7098113207547169,
        "support": 2554.0
    },
    "UP": {
        "precision": 0.3033126293995859,
        "recall": 0.25302245250431776,
        "f1-score": 0.275894538606403,
        "support": 1158.0
    },
    "accuracy": 0.5856681034482759,
    "macro avg": {
        "precision": 0.49415449386949434,
        "recall": 0.4947571150540383,
        "f1-score": 0.49285292968055994,
        "support": 3712.0
    },
    "weighted avg": {
        "precision": 0.5659258416065612,
        "recall": 0.5856681034482759,
        "f1-score": 0.5744461177030608,
        "support": 3712.0
    }
}