{
    "R2": 0.18785060593372205,
    "RMSE": 294.14713534481973,
    "MSE": 86522.53723156369,
    "MAPE": 0.21386470960754483,
    "ACMAPE": 1.042528502710993
}