{
    "R2": -1.3219598471133347,
    "RMSE": 7.964836196829537,
    "MSE": 63.43861564232599,
    "MAPE": 0.03894060648841955,
    "ACMAPE": 1.2154111947237136
}