{
    "DOWN": {
        "precision": 0.7089201877934272,
        "recall": 0.8728323699421965,
        "f1-score": 0.7823834196891192,
        "support": 173.0
    },
    "UP": {
        "precision": 0.45,
        "recall": 0.225,
        "f1-score": 0.3,
        "support": 80.0
    },
    "accuracy": 0.6679841897233202,
    "macro avg": {
        "precision": 0.5794600938967136,
        "recall": 0.5489161849710983,
        "f1-score": 0.5411917098445596,
        "support": 253.0
    },
    "weighted avg": {
        "precision": 0.6270481916532131,
        "recall": 0.6679841897233202,
        "f1-score": 0.6298511130680537,
        "support": 253.0
    }
}