{
    "DOWN": {
        "precision": 0.0,
        "recall": 0.0,
        "f1-score": 0.0,
        "support": 42.0
    },
    "UP": {
        "precision": 0.38235294117647056,
        "recall": 1.0,
        "f1-score": 0.5531914893617021,
        "support": 26.0
    },
    "accuracy": 0.38235294117647056,
    "macro avg": {
        "precision": 0.19117647058823528,
        "recall": 0.5,
        "f1-score": 0.2765957446808511,
        "support": 68.0
    },
    "weighted avg": {
        "precision": 0.14619377162629757,
        "recall": 0.38235294117647056,
        "f1-score": 0.21151439299123906,
        "support": 68.0
    }
}