{
    "R2": -0.5137829328455681,
    "RMSE": 6.431041293429439,
    "MSE": 41.3582921177946,
    "MAPE": 0.0309765360093711,
    "ACMAPE": 1.2368588889505476
}