{
    "DOWN": {
        "precision": 0.8679245283018868,
        "recall": 0.25,
        "f1-score": 0.3881856540084388,
        "support": 184.0
    },
    "UP": {
        "precision": 0.3581395348837209,
        "recall": 0.9166666666666666,
        "f1-score": 0.5150501672240801,
        "support": 84.0
    },
    "accuracy": 0.458955223880597,
    "macro avg": {
        "precision": 0.6130320315928038,
        "recall": 0.5833333333333333,
        "f1-score": 0.45161791061625944,
        "support": 268.0
    },
    "weighted avg": {
        "precision": 0.7081411721558944,
        "recall": 0.458955223880597,
        "f1-score": 0.42794915815065476,
        "support": 268.0
    }
}