{
    "R2": 0.9172391430100871,
    "RMSE": 5.63478130217541,
    "MSE": 31.750760323345617,
    "MAPE": 0.019255515218703147,
    "ACMAPE": 1.1013450674575092
}