{
    "R2": 0.24527060843891169,
    "RMSE": 4.540933349553502,
    "MSE": 20.620075685087187,
    "MAPE": 0.01685727208944722,
    "ACMAPE": 0.7521513897365061
}