{
<<<<<<< HEAD
    "R2": -0.6136046069779459,
    "RMSE": 66.67591633080721,
    "MSE": 4445.677818552805,
    "MAPE": 0.04664655673846036,
    "ACMAPE": 0.7878606142464477
=======
    "R2": -0.6831547238399072,
    "RMSE": 68.09770104130831,
    "MSE": 4637.296887111403,
    "MAPE": 0.04789479027958731,
    "ACMAPE": 0.8018884005032295
>>>>>>> d5f42532be6a9c18a5da3fb21b671ebbe5b6efbf
}