{
    "DOWN": {
        "precision": 0.6286644951140065,
        "recall": 0.9897435897435898,
        "f1-score": 0.7689243027888447,
        "support": 195.0
    },
    "UP": {
        "precision": 0.6666666666666666,
        "recall": 0.03389830508474576,
        "f1-score": 0.06451612903225806,
        "support": 118.0
    },
    "accuracy": 0.6293929712460063,
    "macro avg": {
        "precision": 0.6476655808903365,
        "recall": 0.5118209474141677,
        "f1-score": 0.4167202159105514,
        "support": 313.0
    },
    "weighted avg": {
        "precision": 0.6429911923766706,
        "recall": 0.6293929712460063,
        "f1-score": 0.5033646717879591,
        "support": 313.0
    }
}