{
    "DOWN": {
        "precision": 0.6517412935323383,
        "recall": 0.9874371859296482,
        "f1-score": 0.7852147852147853,
        "support": 796.0
    },
    "UP": {
        "precision": 0.6153846153846154,
        "recall": 0.03669724770642202,
        "f1-score": 0.06926406926406926,
        "support": 436.0
    },
    "accuracy": 0.650974025974026,
    "macro avg": {
        "precision": 0.6335629544584769,
        "recall": 0.5120672168180351,
        "f1-score": 0.42723942723942726,
        "support": 1232.0
    },
    "weighted avg": {
        "precision": 0.6388748067852545,
        "recall": 0.650974025974026,
        "f1-score": 0.5318426162582007,
        "support": 1232.0
    }
}