{
<<<<<<< HEAD
    "R2": 0.9814678851619107,
    "RMSE": 54.513463299390075,
    "MSE": 2971.717680893949,
    "MAPE": 0.04703546222645215,
    "ACMAPE": 0.7483341635251535
=======
    "R2": 0.981384472904524,
    "RMSE": 54.63600694830053,
    "MSE": 2985.093255254744,
    "MAPE": 0.048395306173258455,
    "ACMAPE": 0.7464472542252065
>>>>>>> d5f42532be6a9c18a5da3fb21b671ebbe5b6efbf
}