{
    "DOWN": {
        "precision": 0.5,
        "recall": 0.005128205128205128,
        "f1-score": 0.010152284263959392,
        "support": 195.0
    },
    "UP": {
        "precision": 0.3762057877813505,
        "recall": 0.9915254237288136,
        "f1-score": 0.5454545454545455,
        "support": 118.0
    },
    "accuracy": 0.3769968051118211,
    "macro avg": {
        "precision": 0.43810289389067525,
        "recall": 0.49832681442850935,
        "f1-score": 0.2778034148592525,
        "support": 313.0
    },
    "weighted avg": {
        "precision": 0.45332997750223436,
        "recall": 0.3769968051118211,
        "f1-score": 0.21195952650194394,
        "support": 313.0
    }
}