{
    "DOWN": {
        "precision": 0.6245954692556634,
        "recall": 0.9897435897435898,
        "f1-score": 0.7658730158730159,
        "support": 195.0
    },
    "UP": {
        "precision": 0.5,
        "recall": 0.01694915254237288,
        "f1-score": 0.03278688524590164,
        "support": 118.0
    },
    "accuracy": 0.6230031948881789,
    "macro avg": {
        "precision": 0.5622977346278317,
        "recall": 0.5033463711429813,
        "f1-score": 0.3993299505594588,
        "support": 313.0
    },
    "weighted avg": {
        "precision": 0.5776233754148702,
        "recall": 0.6230031948881789,
        "f1-score": 0.48950188675480666,
        "support": 313.0
    }
}