{
    "R2": 0.7849855037059218,
    "RMSE": 24.33908799809473,
    "MSE": 592.3912045789989,
    "MAPE": 0.01434092086907421,
    "ACMAPE": 1.260347310645432
}