{
    "DOWN": {
        "precision": 0.6516666666666666,
        "recall": 0.9824120603015075,
        "f1-score": 0.783567134268537,
        "support": 796.0
    },
    "UP": {
        "precision": 0.5625,
        "recall": 0.04128440366972477,
        "f1-score": 0.07692307692307693,
        "support": 436.0
    },
    "accuracy": 0.6493506493506493,
    "macro avg": {
        "precision": 0.6070833333333333,
        "recall": 0.5118482319856161,
        "f1-score": 0.430245105595807,
        "support": 1232.0
    },
    "weighted avg": {
        "precision": 0.6201109307359307,
        "recall": 0.6493506493506493,
        "f1-score": 0.5334885555326436,
        "support": 1232.0
    }
}