{
    "DOWN": {
        "precision": 0.5916666666666667,
        "recall": 0.3641025641025641,
        "f1-score": 0.4507936507936508,
        "support": 195.0
    },
    "UP": {
        "precision": 0.35751295336787564,
        "recall": 0.5847457627118644,
        "f1-score": 0.4437299035369775,
        "support": 118.0
    },
    "accuracy": 0.4472843450479233,
    "macro avg": {
        "precision": 0.4745898100172712,
        "recall": 0.47442416340721427,
        "f1-score": 0.4472617771653141,
        "support": 313.0
    },
    "weighted avg": {
        "precision": 0.503391464847953,
        "recall": 0.4472843450479233,
        "f1-score": 0.4481306406457676,
        "support": 313.0
    }
}