{
    "R2": 0.5231816574402188,
    "RMSE": 36.244900115189914,
    "MSE": 1313.6927843600936,
    "MAPE": 0.02435950559429417,
    "ACMAPE": 1.270365895370652
}