{
    "DOWN": {
        "precision": 0.7183098591549296,
        "recall": 0.06343283582089553,
        "f1-score": 0.11657142857142858,
        "support": 804.0
    },
    "UP": {
        "precision": 0.3569598633646456,
        "recall": 0.954337899543379,
        "f1-score": 0.5195773772529522,
        "support": 438.0
    },
    "accuracy": 0.3776167471819646,
    "macro avg": {
        "precision": 0.5376348612597877,
        "recall": 0.5088853676821372,
        "f1-score": 0.31807440291219036,
        "support": 1242.0
    },
    "weighted avg": {
        "precision": 0.5908772519438633,
        "recall": 0.3776167471819646,
        "f1-score": 0.25869429936249727,
        "support": 1242.0
    }
}