{
    "R2": 0.9073155961478603,
    "RMSE": 60.9348119661031,
    "MSE": 3713.0513093443415,
    "MAPE": 0.22549187796101663,
    "ACMAPE": 0.9598451463893893
}