{
<<<<<<< HEAD
    "R2": 0.9073155961478603,
    "RMSE": 60.9348119661031,
    "MSE": 3713.0513093443415,
    "MAPE": 0.22549187796101663,
    "ACMAPE": 0.9598451463893893
=======
    "R2": 0.9095061210001368,
    "RMSE": 60.21043254543305,
    "MSE": 3625.2961873081435,
    "MAPE": 0.22159299605655416,
    "ACMAPE": 0.9531646233166375
>>>>>>> d5f42532be6a9c18a5da3fb21b671ebbe5b6efbf
}