{
    "R2": 0.9276726099487171,
    "RMSE": 18.04425584529482,
    "MSE": 325.5951690104563,
    "MAPE": 0.05600493077205904,
    "ACMAPE": 1.2235724983396268
}