{
    "R2": 0.9095061210001368,
    "RMSE": 60.21043254543305,
    "MSE": 3625.2961873081435,
    "MAPE": 0.22159299605655416,
    "ACMAPE": 0.9531646233166375
}