{
    "DOWN": {
        "precision": 0.644916540212443,
        "recall": 0.9361233480176211,
        "f1-score": 0.7637017070979334,
        "support": 454.0
    },
    "UP": {
        "precision": 0.5166666666666667,
        "recall": 0.1169811320754717,
        "f1-score": 0.1907692307692308,
        "support": 265.0
    },
    "accuracy": 0.6342141863699583,
    "macro avg": {
        "precision": 0.5807916034395548,
        "recall": 0.5265522400465464,
        "f1-score": 0.4772354689335821,
        "support": 719.0
    },
    "weighted avg": {
        "precision": 0.5976478107414684,
        "recall": 0.6342141863699583,
        "f1-score": 0.5525374425261584,
        "support": 719.0
    }
}