{
    "DOWN": {
<<<<<<< HEAD
        "precision": 0.6197183098591549,
        "recall": 0.7652173913043478,
        "f1-score": 0.6848249027237353,
        "support": 115.0
    },
    "UP": {
        "precision": 0.37209302325581395,
        "recall": 0.22857142857142856,
        "f1-score": 0.2831858407079646,
        "support": 70.0
    },
    "accuracy": 0.5621621621621622,
    "macro avg": {
        "precision": 0.4959056665574844,
        "recall": 0.4968944099378882,
        "f1-score": 0.48400537171584995,
        "support": 185.0
    },
    "weighted avg": {
        "precision": 0.5260222554687016,
        "recall": 0.5621621621621622,
        "f1-score": 0.532853365744795,
=======
        "precision": 0.6170212765957447,
        "recall": 0.7565217391304347,
        "f1-score": 0.6796875,
        "support": 115.0
    },
    "UP": {
        "precision": 0.36363636363636365,
        "recall": 0.22857142857142856,
        "f1-score": 0.2807017543859649,
        "support": 70.0
    },
    "accuracy": 0.5567567567567567,
    "macro avg": {
        "precision": 0.49032882011605416,
        "recall": 0.49254658385093164,
        "f1-score": 0.48019462719298245,
        "support": 185.0
    },
    "weighted avg": {
        "precision": 0.5211459041246276,
        "recall": 0.5567567567567567,
        "f1-score": 0.5287199205784732,
>>>>>>> d5f42532be6a9c18a5da3fb21b671ebbe5b6efbf
        "support": 185.0
    }
}