{
    "R2": 0.9894653498851882,
    "RMSE": 20.26680680049118,
    "MSE": 410.74345788843567,
    "MAPE": 0.04971975358605163,
    "ACMAPE": 1.0348347738837511
}