{
    "R2": 0.9030603711759224,
    "RMSE": 20.889991130823518,
    "MSE": 436.3917294458852,
    "MAPE": 0.06886741982183142,
    "ACMAPE": 1.2472457982002099
}