{
    "R2": 0.9672385180048844,
    "RMSE": 20.54275729432804,
    "MSE": 422.0048772536679,
    "MAPE": 0.015561884199096728,
    "ACMAPE": 0.9015382931112854
}