{
<<<<<<< HEAD
    "R2": 0.9694395227484416,
    "RMSE": 19.71583077964048,
    "MSE": 388.713983331419,
    "MAPE": 0.015208003801733991,
    "ACMAPE": 0.729966441922184
=======
    "R2": 0.9706015028362672,
    "RMSE": 19.337377740353762,
    "MSE": 373.9341778731292,
    "MAPE": 0.01478195229529984,
    "ACMAPE": 0.8539613037181986
>>>>>>> d5f42532be6a9c18a5da3fb21b671ebbe5b6efbf
}