{
    "DOWN": {
        "precision": 0.7055702917771883,
        "recall": 0.2509433962264151,
        "f1-score": 0.37021572720946416,
        "support": 1060.0
    },
    "UP": {
        "precision": 0.3119584055459272,
        "recall": 0.7643312101910829,
        "f1-score": 0.44307692307692303,
        "support": 471.0
    },
    "accuracy": 0.40888308295231873,
    "macro avg": {
        "precision": 0.5087643486615577,
        "recall": 0.507637303208749,
        "f1-score": 0.4066463251431936,
        "support": 1531.0
    },
    "weighted avg": {
        "precision": 0.5844787186779564,
        "recall": 0.40888308295231873,
        "f1-score": 0.39263089589239897,
        "support": 1531.0
    }
}