{
    "DOWN": {
        "precision": 0.7566137566137566,
        "recall": 0.5315985130111525,
        "f1-score": 0.6244541484716157,
        "support": 269.0
    },
    "UP": {
        "precision": 0.35051546391752575,
        "recall": 0.5964912280701754,
        "f1-score": 0.44155844155844154,
        "support": 114.0
    },
    "accuracy": 0.5509138381201044,
    "macro avg": {
        "precision": 0.5535646102656412,
        "recall": 0.564044870540664,
        "f1-score": 0.5330062950150286,
        "support": 383.0
    },
    "weighted avg": {
        "precision": 0.6357385467772806,
        "recall": 0.5509138381201044,
        "f1-score": 0.5700152174321853,
        "support": 383.0
    }
}