{
    "R2": 0.9367188270718256,
    "RMSE": 42.43522486555768,
    "MSE": 1800.7483093904448,
    "MAPE": 0.030095757156230446,
    "ACMAPE": 1.006597062639259
}