{
    "DOWN": {
        "precision": 0.7392815758980301,
        "recall": 0.609360076408787,
        "f1-score": 0.6680628272251308,
        "support": 1047.0
    },
    "UP": {
        "precision": 0.36882716049382713,
        "recall": 0.5150862068965517,
        "f1-score": 0.42985611510791366,
        "support": 464.0
    },
    "accuracy": 0.5804103242885507,
    "macro avg": {
        "precision": 0.5540543681959287,
        "recall": 0.5622231416526693,
        "f1-score": 0.5489594711665222,
        "support": 1511.0
    },
    "weighted avg": {
        "precision": 0.6255219142517362,
        "recall": 0.5804103242885507,
        "f1-score": 0.5949139758535962,
        "support": 1511.0
    }
}