{
    "DOWN": {
        "precision": 0.6666666666666666,
        "recall": 0.04790419161676647,
        "f1-score": 0.08938547486033518,
        "support": 167.0
    },
    "UP": {
        "precision": 0.34297520661157027,
        "recall": 0.9540229885057471,
        "f1-score": 0.5045592705167173,
        "support": 87.0
    },
    "accuracy": 0.35826771653543305,
    "macro avg": {
        "precision": 0.5048209366391184,
        "recall": 0.5009635900612568,
        "f1-score": 0.2969723726885263,
        "support": 254.0
    },
    "weighted avg": {
        "precision": 0.5557959697186612,
        "recall": 0.35826771653543305,
        "f1-score": 0.231590672585159,
        "support": 254.0
    }
}