{
<<<<<<< HEAD
    "R2": 0.9924396812823059,
    "RMSE": 82.7518353086443,
    "MSE": 6847.86624694899,
    "MAPE": 0.5276652145683091,
    "ACMAPE": 1.7914565886906764
=======
    "R2": 0.9922405630236641,
    "RMSE": 83.83448242085815,
    "MSE": 7028.220442773175,
    "MAPE": 0.5552437276180366,
    "ACMAPE": 1.8009809392529414
>>>>>>> d5f42532be6a9c18a5da3fb21b671ebbe5b6efbf
}