{
<<<<<<< HEAD
    "R2": -32.27425439310154,
    "RMSE": 102.33829416030065,
    "MSE": 10473.126451640226,
    "MAPE": 1.433322752322251,
    "ACMAPE": 2.7482833822435104
=======
    "R2": -35.769691574519584,
    "RMSE": 107.5793710231915,
    "MSE": 11573.321069745496,
    "MAPE": 1.5074690408030542,
    "ACMAPE": 2.822429670724314
>>>>>>> d5f42532be6a9c18a5da3fb21b671ebbe5b6efbf
}