{
    "R2": 0.9922405630236641,
    "RMSE": 83.83448242085815,
    "MSE": 7028.220442773175,
    "MAPE": 0.5552437276180366,
    "ACMAPE": 1.8009809392529414
}