{
    "DOWN": {
        "precision": 0.7142857142857143,
        "recall": 0.18617021276595744,
        "f1-score": 0.29535864978902954,
        "support": 564.0
    },
    "UP": {
        "precision": 0.14205607476635515,
        "recall": 0.6440677966101694,
        "f1-score": 0.2327718223583461,
        "support": 118.0
    },
    "accuracy": 0.2653958944281525,
    "macro avg": {
        "precision": 0.42817089452603474,
        "recall": 0.41511900468806345,
        "f1-score": 0.2640652360736878,
        "support": 682.0
    },
    "weighted avg": {
        "precision": 0.6152782399993736,
        "recall": 0.2653958944281525,
        "f1-score": 0.2845298438699377,
        "support": 682.0
    }
}