{
    "R2": 0.9934681664628134,
    "RMSE": 15.843467639298844,
    "MSE": 251.01546683750968,
    "MAPE": 0.07394571727752211,
    "ACMAPE": 1.2056888365435772
}