{
    "DOWN": {
        "precision": 0.9099868593955321,
        "recall": 0.5636955636955637,
        "f1-score": 0.6961548127670268,
        "support": 2457.0
    },
    "UP": {
        "precision": 0.11258278145695365,
        "recall": 0.4981684981684982,
        "f1-score": 0.18365968939905472,
        "support": 273.0
    },
    "accuracy": 0.5571428571428572,
    "macro avg": {
        "precision": 0.5112848204262429,
        "recall": 0.5309320309320309,
        "f1-score": 0.4399072510830408,
        "support": 2730.0
    },
    "weighted avg": {
        "precision": 0.8302464516016742,
        "recall": 0.5571428571428572,
        "f1-score": 0.6449053004302296,
        "support": 2730.0
    }
}