{
    "DOWN": {
        "precision": 0.838810641627543,
        "recall": 0.950354609929078,
        "f1-score": 0.8911055694098089,
        "support": 564.0
    },
    "UP": {
        "precision": 0.3488372093023256,
        "recall": 0.1271186440677966,
        "f1-score": 0.18633540372670807,
        "support": 118.0
    },
    "accuracy": 0.8079178885630498,
    "macro avg": {
        "precision": 0.5938239254649343,
        "recall": 0.5387366269984373,
        "f1-score": 0.5387204865682584,
        "support": 682.0
    },
    "weighted avg": {
        "precision": 0.7540351797296315,
        "recall": 0.8079178885630498,
        "f1-score": 0.7691658633238765,
        "support": 682.0
    }
}