{
    "DOWN": {
<<<<<<< HEAD
        "precision": 0.9132231404958677,
        "recall": 0.7242933224088488,
        "f1-score": 0.8078592643363034,
        "support": 2441.0
    },
    "UP": {
        "precision": 0.13049095607235142,
        "recall": 0.3754646840148699,
        "f1-score": 0.19367209971236818,
        "support": 269.0
    },
    "accuracy": 0.6896678966789668,
    "macro avg": {
        "precision": 0.5218570482841096,
        "recall": 0.5498790032118593,
        "f1-score": 0.5007656820243358,
        "support": 2710.0
    },
    "weighted avg": {
        "precision": 0.8355275841822419,
        "recall": 0.6896678966789668,
        "f1-score": 0.7468938225341489,
=======
        "precision": 0.9093959731543624,
        "recall": 0.8881605899221631,
        "f1-score": 0.8986528497409326,
        "support": 2441.0
    },
    "UP": {
        "precision": 0.16257668711656442,
        "recall": 0.1970260223048327,
        "f1-score": 0.1781512605042017,
        "support": 269.0
    },
    "accuracy": 0.8195571955719557,
    "macro avg": {
        "precision": 0.5359863301354634,
        "recall": 0.5425933061134979,
        "f1-score": 0.5384020551225671,
        "support": 2710.0
    },
    "weighted avg": {
        "precision": 0.83526520269526,
        "recall": 0.8195571955719557,
        "f1-score": 0.8271344263074712,
>>>>>>> d5f42532be6a9c18a5da3fb21b671ebbe5b6efbf
        "support": 2710.0
    }
}