{
    "DOWN": {
        "precision": 0.9093959731543624,
        "recall": 0.8881605899221631,
        "f1-score": 0.8986528497409326,
        "support": 2441.0
    },
    "UP": {
        "precision": 0.16257668711656442,
        "recall": 0.1970260223048327,
        "f1-score": 0.1781512605042017,
        "support": 269.0
    },
    "accuracy": 0.8195571955719557,
    "macro avg": {
        "precision": 0.5359863301354634,
        "recall": 0.5425933061134979,
        "f1-score": 0.5384020551225671,
        "support": 2710.0
    },
    "weighted avg": {
        "precision": 0.83526520269526,
        "recall": 0.8195571955719557,
        "f1-score": 0.8271344263074712,
        "support": 2710.0
    }
}