{
    "DOWN": {
        "precision": 0.9455040871934605,
        "recall": 0.6485981308411215,
        "f1-score": 0.7694013303769401,
        "support": 1605.0
    },
    "UP": {
        "precision": 0.025906735751295335,
        "recall": 0.2,
        "f1-score": 0.04587155963302752,
        "support": 75.0
    },
    "accuracy": 0.6285714285714286,
    "macro avg": {
        "precision": 0.4857054114723779,
        "recall": 0.42429906542056073,
        "f1-score": 0.4076364450049838,
        "support": 1680.0
    },
    "weighted avg": {
        "precision": 0.9044506340040781,
        "recall": 0.6285714285714286,
        "f1-score": 0.7371008941830155,
        "support": 1680.0
    }
}