{
    "R2": 0.9887851166535081,
    "RMSE": 229.27853115511712,
    "MSE": 52568.644848648015,
    "MAPE": 0.013699714129592533,
    "ACMAPE": 1.3106118281438441
}