{
    "DOWN": {
        "precision": 0.9478599221789883,
        "recall": 0.7574626865671642,
        "f1-score": 0.8420324922226062,
        "support": 1608.0
    },
    "UP": {
        "precision": 0.025,
        "recall": 0.12987012987012986,
        "f1-score": 0.041928721174004195,
        "support": 77.0
    },
    "accuracy": 0.7287833827893175,
    "macro avg": {
        "precision": 0.48642996108949416,
        "recall": 0.443666408218647,
        "f1-score": 0.4419806066983052,
        "support": 1685.0
    },
    "weighted avg": {
        "precision": 0.9056876883464766,
        "recall": 0.7287833827893175,
        "f1-score": 0.8054698866613348,
        "support": 1685.0
    }
}