{
    "DOWN": {
        "precision": 0.9641873278236914,
        "recall": 0.658307210031348,
        "f1-score": 0.782414307004471,
        "support": 1595.0
    },
    "UP": {
        "precision": 0.05381944444444445,
        "recall": 0.44285714285714284,
        "f1-score": 0.09597523219814243,
        "support": 70.0
    },
    "accuracy": 0.6492492492492492,
    "macro avg": {
        "precision": 0.5090033861340679,
        "recall": 0.5505821764442453,
        "f1-score": 0.4391947696013067,
        "support": 1665.0
    },
    "weighted avg": {
        "precision": 0.9259136029969363,
        "recall": 0.6492492492492492,
        "f1-score": 0.753555006562163,
        "support": 1665.0
    }
}