{
    "R2": 0.932522087923237,
    "RMSE": 562.4019638847009,
    "MSE": 316295.96898136835,
    "MAPE": 0.05488611747100532,
    "ACMAPE": 0.6867150960933333
}