{
    "R2": 0.9987058797752987,
    "RMSE": 100.18845286428592,
    "MSE": 10037.726087339242,
    "MAPE": 0.02280989652425708,
    "ACMAPE": 0.5652431309456221
}