{
<<<<<<< HEAD
    "R2": -3.494927795038363,
    "RMSE": 77.40261830363293,
    "MSE": 5991.165320257892,
    "MAPE": 0.2628030229485952,
    "ACMAPE": 1.4850252451708175
=======
    "R2": -3.336110163836066,
    "RMSE": 76.0229023299904,
    "MSE": 5779.481678675261,
    "MAPE": 0.2488789033760759,
    "ACMAPE": 1.4283660828632554
>>>>>>> d5f42532be6a9c18a5da3fb21b671ebbe5b6efbf
}