{
    "DOWN": {
        "precision": 0.6894736842105263,
        "recall": 0.835725677830941,
        "f1-score": 0.7555875991348234,
        "support": 627.0
    },
    "UP": {
        "precision": 0.4114285714285714,
        "recall": 0.23376623376623376,
        "f1-score": 0.29813664596273287,
        "support": 308.0
    },
    "accuracy": 0.6374331550802139,
    "macro avg": {
        "precision": 0.5504511278195489,
        "recall": 0.5347459557985874,
        "f1-score": 0.5268621225487782,
        "support": 935.0
    },
    "weighted avg": {
        "precision": 0.5978823529411764,
        "recall": 0.6374331550802139,
        "f1-score": 0.6048978733840171,
        "support": 935.0
    }
}