{
    "DOWN": {
        "precision": 0.6119402985074627,
        "recall": 0.2679738562091503,
        "f1-score": 0.37272727272727274,
        "support": 153.0
    },
    "UP": {
        "precision": 0.32934131736526945,
        "recall": 0.6790123456790124,
        "f1-score": 0.44354838709677424,
        "support": 81.0
    },
    "accuracy": 0.41025641025641024,
    "macro avg": {
        "precision": 0.4706408079363661,
        "recall": 0.47349310094408137,
        "f1-score": 0.4081378299120235,
        "support": 234.0
    },
    "weighted avg": {
        "precision": 0.5141175742659343,
        "recall": 0.41025641025641024,
        "f1-score": 0.39724227385517713,
        "support": 234.0
    }
}