{
    "R2": 0.9868375084109935,
    "RMSE": 11.017127928491606,
    "MSE": 121.37710779274974,
    "MAPE": 0.04566384916294524,
    "ACMAPE": 1.2005025588403646
}