{
    "R2": 0.9799765949422312,
    "RMSE": 13.552195880811846,
    "MSE": 183.66201319189358,
    "MAPE": 0.05331933410809154,
    "ACMAPE": 0.7784530239476637
}