{
<<<<<<< HEAD
    "R2": 0.9737626692420714,
    "RMSE": 15.677816380662719,
    "MSE": 245.79392646577628,
    "MAPE": 0.09104277620541441,
    "ACMAPE": 1.2779280221070537
=======
    "R2": 0.9689372452938414,
    "RMSE": 17.058692165098904,
    "MSE": 290.99897838360675,
    "MAPE": 0.11124544026023159,
    "ACMAPE": 1.3025022708613245
>>>>>>> d5f42532be6a9c18a5da3fb21b671ebbe5b6efbf
}