{
    "DOWN": {
        "precision": 0.9295280612244898,
        "recall": 0.767509215376514,
        "f1-score": 0.8407845399480819,
        "support": 3798.0
    },
    "UP": {
        "precision": 0.12574257425742574,
        "recall": 0.3649425287356322,
        "f1-score": 0.187039764359352,
        "support": 348.0
    },
    "accuracy": 0.7337192474674384,
    "macro avg": {
        "precision": 0.5276353177409578,
        "recall": 0.5662258720560731,
        "f1-score": 0.5139121521537169,
        "support": 4146.0
    },
    "weighted avg": {
        "precision": 0.862061262028991,
        "recall": 0.7337192474674384,
        "f1-score": 0.7859116065412131,
        "support": 4146.0
    }
}