{
    "DOWN": {
        "precision": 0.7685589519650655,
        "recall": 0.43190184049079755,
        "f1-score": 0.5530243519245877,
        "support": 815.0
    },
    "UP": {
        "precision": 0.20309810671256454,
        "recall": 0.5267857142857143,
        "f1-score": 0.293167701863354,
        "support": 224.0
    },
    "accuracy": 0.4523580365736285,
    "macro avg": {
        "precision": 0.48582852933881504,
        "recall": 0.47934377738825595,
        "f1-score": 0.42309602689397086,
        "support": 1039.0
    },
    "weighted avg": {
        "precision": 0.6466501653081259,
        "recall": 0.4523580365736285,
        "f1-score": 0.49700135903361914,
        "support": 1039.0
    }
}