{
    "DOWN": {
        "precision": 0.6509433962264151,
        "recall": 0.46308724832214765,
        "f1-score": 0.5411764705882354,
        "support": 149.0
    },
    "UP": {
        "precision": 0.4117647058823529,
        "recall": 0.6021505376344086,
        "f1-score": 0.48908296943231444,
        "support": 93.0
    },
    "accuracy": 0.5165289256198347,
    "macro avg": {
        "precision": 0.5313540510543839,
        "recall": 0.5326188929782781,
        "f1-score": 0.5151297200102749,
        "support": 242.0
    },
    "weighted avg": {
        "precision": 0.5590276185322093,
        "recall": 0.5165289256198347,
        "f1-score": 0.5211570672514558,
        "support": 242.0
    }
}