{
    "R2": 0.774450909871676,
    "RMSE": 56.488679041867094,
    "MSE": 3190.9708598950747,
    "MAPE": 0.030025841807886675,
    "ACMAPE": 1.0961415442872255
}