{
    "DOWN": {
        "precision": 0.6724137931034483,
        "recall": 0.26174496644295303,
        "f1-score": 0.37681159420289856,
        "support": 149.0
    },
    "UP": {
        "precision": 0.40217391304347827,
        "recall": 0.7956989247311828,
        "f1-score": 0.5342960288808665,
        "support": 93.0
    },
    "accuracy": 0.4669421487603306,
    "macro avg": {
        "precision": 0.5372938530734632,
        "recall": 0.5287219455870679,
        "f1-score": 0.4555538115418825,
        "support": 242.0
    },
    "weighted avg": {
        "precision": 0.5685612772126334,
        "recall": 0.4669421487603306,
        "f1-score": 0.4373324719923655,
        "support": 242.0
    }
}