{
    "DOWN": {
        "precision": 0.6190476190476191,
        "recall": 0.020833333333333332,
        "f1-score": 0.04031007751937984,
        "support": 624.0
    },
    "UP": {
        "precision": 0.3486140724946695,
        "recall": 0.9761194029850746,
        "f1-score": 0.5137470542026709,
        "support": 335.0
    },
    "accuracy": 0.3545359749739312,
    "macro avg": {
        "precision": 0.4838308457711443,
        "recall": 0.498476368159204,
        "f1-score": 0.27702856586102537,
        "support": 959.0
    },
    "weighted avg": {
        "precision": 0.5245791747355877,
        "recall": 0.3545359749739312,
        "f1-score": 0.20569212881124896,
        "support": 959.0
    }
}