{
    "R2": 0.9891452362188287,
    "RMSE": 86.85985706172609,
    "MSE": 7544.634768783489,
    "MAPE": 0.10564309888763566,
    "ACMAPE": 0.8411541631658231
}