{
    "DOWN": {
        "precision": 0.6781076066790352,
        "recall": 0.39706681151548073,
        "f1-score": 0.5008564576909901,
        "support": 1841.0
    },
    "UP": {
        "precision": 0.17655786350148367,
        "recall": 0.40683760683760684,
        "f1-score": 0.24624935333678222,
        "support": 585.0
    },
    "accuracy": 0.3994229183841715,
    "macro avg": {
        "precision": 0.4273327350902595,
        "recall": 0.4019522091765438,
        "f1-score": 0.37355290551388615,
        "support": 2426.0
    },
    "weighted avg": {
        "precision": 0.5571650676193206,
        "recall": 0.3994229183841715,
        "f1-score": 0.4394610924613068,
        "support": 2426.0
    }
}