{
    "DOWN": {
        "precision": 0.6219081272084805,
        "recall": 0.47058823529411764,
        "f1-score": 0.5357686453576864,
        "support": 374.0
    },
    "UP": {
        "precision": 0.39263803680981596,
        "recall": 0.5446808510638298,
        "f1-score": 0.4563279857397504,
        "support": 235.0
    },
    "accuracy": 0.49917898193760263,
    "macro avg": {
        "precision": 0.5072730820091482,
        "recall": 0.5076345431789737,
        "f1-score": 0.4960483155487184,
        "support": 609.0
    },
    "weighted avg": {
        "precision": 0.533437731077633,
        "recall": 0.49917898193760263,
        "f1-score": 0.5051142036331955,
        "support": 609.0
    }
}