{
    "DOWN": {
        "precision": 0.6363636363636364,
        "recall": 0.2807486631016043,
        "f1-score": 0.38961038961038963,
        "support": 374.0
    },
    "UP": {
        "precision": 0.39414414414414417,
        "recall": 0.7446808510638298,
        "f1-score": 0.5154639175257733,
        "support": 235.0
    },
    "accuracy": 0.45977011494252873,
    "macro avg": {
        "precision": 0.5152538902538902,
        "recall": 0.5127147570827171,
        "f1-score": 0.45253715356808144,
        "support": 609.0
    },
    "weighted avg": {
        "precision": 0.5428963446204825,
        "recall": 0.45977011494252873,
        "f1-score": 0.43817455883882167,
        "support": 609.0
    }
}