{
    "DOWN": {
        "precision": 0.6139455782312925,
        "recall": 0.9652406417112299,
        "f1-score": 0.7505197505197505,
        "support": 374.0
    },
    "UP": {
        "precision": 0.38095238095238093,
        "recall": 0.03404255319148936,
        "f1-score": 0.0625,
        "support": 235.0
    },
    "accuracy": 0.6059113300492611,
    "macro avg": {
        "precision": 0.4974489795918367,
        "recall": 0.49964159745135966,
        "f1-score": 0.40650987525987525,
        "support": 609.0
    },
    "weighted avg": {
        "precision": 0.524038515241893,
        "recall": 0.6059113300492611,
        "f1-score": 0.4850277285622113,
        "support": 609.0
    }
}