{
    "DOWN": {
<<<<<<< HEAD
        "precision": 0.6219081272084805,
        "recall": 0.47058823529411764,
        "f1-score": 0.5357686453576864,
        "support": 374.0
    },
    "UP": {
        "precision": 0.39263803680981596,
        "recall": 0.5446808510638298,
        "f1-score": 0.4563279857397504,
        "support": 235.0
    },
    "accuracy": 0.49917898193760263,
    "macro avg": {
        "precision": 0.5072730820091482,
        "recall": 0.5076345431789737,
        "f1-score": 0.4960483155487184,
        "support": 609.0
    },
    "weighted avg": {
        "precision": 0.533437731077633,
        "recall": 0.49917898193760263,
        "f1-score": 0.5051142036331955,
=======
        "precision": 0.6190476190476191,
        "recall": 0.45187165775401067,
        "f1-score": 0.5224111282843895,
        "support": 374.0
    },
    "UP": {
        "precision": 0.3898809523809524,
        "recall": 0.5574468085106383,
        "f1-score": 0.4588441330998249,
        "support": 235.0
    },
    "accuracy": 0.49261083743842365,
    "macro avg": {
        "precision": 0.5044642857142857,
        "recall": 0.5046592331323245,
        "f1-score": 0.49062763069210724,
        "support": 609.0
    },
    "weighted avg": {
        "precision": 0.5306171319102353,
        "recall": 0.49261083743842365,
        "f1-score": 0.49788199221152796,
>>>>>>> d5f42532be6a9c18a5da3fb21b671ebbe5b6efbf
        "support": 609.0
    }
}