{
    "R2": -0.17711517546846012,
    "RMSE": 64.17718543057661,
    "MSE": 4118.711129790615,
    "MAPE": 0.45593894195514434,
    "ACMAPE": 1.457580978079939
}