{
    "R2": 0.9953732313911433,
    "RMSE": 25.67569669668349,
    "MSE": 659.2414008600836,
    "MAPE": 0.23150589649828787,
    "ACMAPE": 0.8647105297029212
}