{
    "R2": 0.9975302973991247,
    "RMSE": 18.762155564797375,
    "MSE": 352.01848143765704,
    "MAPE": 0.08466770381785534,
    "ACMAPE": 0.8099973991339082
}