{
    "DOWN": {
        "precision": 0.8497409326424871,
        "recall": 0.37020316027088035,
        "f1-score": 0.5157232704402516,
        "support": 886.0
    },
    "UP": {
        "precision": 0.2206703910614525,
        "recall": 0.7314814814814815,
        "f1-score": 0.33905579399141633,
        "support": 216.0
    },
    "accuracy": 0.44101633393829404,
    "macro avg": {
        "precision": 0.5352056618519698,
        "recall": 0.5508423208761809,
        "f1-score": 0.427389532215834,
        "support": 1102.0
    },
    "weighted avg": {
        "precision": 0.7264385397373114,
        "recall": 0.44101633393829404,
        "f1-score": 0.48109516253376483,
        "support": 1102.0
    }
}