{
    "R2": 0.9860069413947505,
    "RMSE": 44.643970327792424,
    "MSE": 1993.0840866288104,
    "MAPE": 0.23516193931430324,
    "ACMAPE": 1.061386984686354
}