{
    "R2": 0.9974071244767772,
    "RMSE": 6.050906175123639,
    "MSE": 36.61346554014938,
    "MAPE": 0.10091255977107003,
    "ACMAPE": 1.3808932174113022
}