{
    "DOWN": {
        "precision": 0.6341463414634146,
        "recall": 0.07605118829981719,
        "f1-score": 0.1358145608880183,
        "support": 2735.0
    },
    "UP": {
        "precision": 0.33639705882352944,
        "recall": 0.9143468950749465,
        "f1-score": 0.4918410443463237,
        "support": 1401.0
    },
    "accuracy": 0.36000967117988397,
    "macro avg": {
        "precision": 0.48527170014347204,
        "recall": 0.4951990416873818,
        "f1-score": 0.313827802617171,
        "support": 4136.0
    },
    "weighted avg": {
        "precision": 0.5332888112461809,
        "recall": 0.36000967117988397,
        "f1-score": 0.25641250656623055,
        "support": 4136.0
    }
}