{
    "R2": 0.9969722430216345,
    "RMSE": 6.541214261628619,
    "MSE": 42.78748401653365,
    "MAPE": 0.10364102149673984,
    "ACMAPE": 0.8627297272650385
}