{
    "R2": 0.9783983869794057,
    "RMSE": 17.468583972555376,
    "MSE": 305.1514260062185,
    "MAPE": 0.11722581237608456,
    "ACMAPE": 1.3861679571352228
}