{
    "R2": 0.9065974452161776,
    "RMSE": 57.62358567583854,
    "MSE": 3320.4776261407046,
    "MAPE": 0.04354083324575543,
    "ACMAPE": 0.9081443148705137
}