{
    "DOWN": {
        "precision": 0.5467625899280576,
        "recall": 0.1288135593220339,
        "f1-score": 0.2085048010973937,
        "support": 590.0
    },
    "UP": {
        "precision": 0.42569832402234636,
        "recall": 0.8581081081081081,
        "f1-score": 0.5690814040328603,
        "support": 444.0
    },
    "accuracy": 0.44197292069632493,
    "macro avg": {
        "precision": 0.48623045697520195,
        "recall": 0.493460833715071,
        "f1-score": 0.388793102565127,
        "support": 1034.0
    },
    "weighted avg": {
        "precision": 0.4947775473147735,
        "recall": 0.44197292069632493,
        "f1-score": 0.3633365338859306,
        "support": 1034.0
    }
}