{
    "DOWN": {
        "precision": 0.5776330076004343,
        "recall": 0.9016949152542373,
        "f1-score": 0.7041694242223694,
        "support": 590.0
    },
    "UP": {
        "precision": 0.48672566371681414,
        "recall": 0.12387387387387387,
        "f1-score": 0.19748653500897667,
        "support": 444.0
    },
    "accuracy": 0.5676982591876208,
    "macro avg": {
        "precision": 0.5321793356586242,
        "recall": 0.5127843945640556,
        "f1-score": 0.450827979615673,
        "support": 1034.0
    },
    "weighted avg": {
        "precision": 0.5385973589695567,
        "recall": 0.5676982591876208,
        "f1-score": 0.48659959558528393,
        "support": 1034.0
    }
}