{
    "DOWN": {
        "precision": 0.6957682043461685,
        "recall": 0.6712026480323648,
        "f1-score": 0.6832646948708349,
        "support": 2719.0
    },
    "UP": {
        "precision": 0.4012056262558607,
        "recall": 0.4287759484609878,
        "f1-score": 0.41453287197231836,
        "support": 1397.0
    },
    "accuracy": 0.5889212827988338,
    "macro avg": {
        "precision": 0.5484869153010146,
        "recall": 0.5499892982466763,
        "f1-score": 0.5488987834215766,
        "support": 4116.0
    },
    "weighted avg": {
        "precision": 0.5957915470108527,
        "recall": 0.5889212827988338,
        "f1-score": 0.5920551816081459,
        "support": 4116.0
    }
}