{
    "DOWN": {
<<<<<<< HEAD
        "precision": 0.5811965811965812,
        "recall": 0.517867603983597,
        "f1-score": 0.5477075588599754,
        "support": 1707.0
    },
    "UP": {
        "precision": 0.40577617328519855,
        "recall": 0.46872393661384487,
        "f1-score": 0.434984520123839,
        "support": 1199.0
    },
    "accuracy": 0.4975911906400551,
    "macro avg": {
        "precision": 0.4934863772408899,
        "recall": 0.49329577029872096,
        "f1-score": 0.49134603949190714,
        "support": 2906.0
    },
    "weighted avg": {
        "precision": 0.5088190625848305,
        "recall": 0.4975911906400551,
        "f1-score": 0.501198638197681,
=======
        "precision": 0.599624060150376,
        "recall": 0.37375512595196253,
        "f1-score": 0.4604835799350416,
        "support": 1707.0
    },
    "UP": {
        "precision": 0.4196525515743757,
        "recall": 0.6447039199332777,
        "f1-score": 0.5083853995396251,
        "support": 1199.0
    },
    "accuracy": 0.4855471438403304,
    "macro avg": {
        "precision": 0.5096383058623758,
        "recall": 0.5092295229426201,
        "f1-score": 0.4844344897373334,
        "support": 2906.0
    },
    "weighted avg": {
        "precision": 0.5253687818356395,
        "recall": 0.4855471438403304,
        "f1-score": 0.4802476135571667,
>>>>>>> d5f42532be6a9c18a5da3fb21b671ebbe5b6efbf
        "support": 2906.0
    }
}