{
    "R2": 0.6711128229695102,
    "RMSE": 85.35942937558444,
    "MSE": 7286.232183325387,
    "MAPE": 0.06482437787416584,
    "ACMAPE": 1.2303510536607596
}