{
    "DOWN": {
        "precision": 0.5811965811965812,
        "recall": 0.517867603983597,
        "f1-score": 0.5477075588599754,
        "support": 1707.0
    },
    "UP": {
        "precision": 0.40577617328519855,
        "recall": 0.46872393661384487,
        "f1-score": 0.434984520123839,
        "support": 1199.0
    },
    "accuracy": 0.4975911906400551,
    "macro avg": {
        "precision": 0.4934863772408899,
        "recall": 0.49329577029872096,
        "f1-score": 0.49134603949190714,
        "support": 2906.0
    },
    "weighted avg": {
        "precision": 0.5088190625848305,
        "recall": 0.4975911906400551,
        "f1-score": 0.501198638197681,
        "support": 2906.0
    }
}