{
    "R2": 0.9942866073565866,
    "RMSE": 40.03636303691217,
    "MSE": 1602.9103652234269,
    "MAPE": 0.043177844589347265,
    "ACMAPE": 1.0720835569086866
}