{
    "R2": 0.7399570857943616,
    "RMSE": 75.90153252552417,
    "MSE": 5761.042639723205,
    "MAPE": 0.02475956907382977,
    "ACMAPE": 1.039807448690793
}