{
    "R2": 0.8998648143771145,
    "RMSE": 65.96775851262613,
    "MSE": 4351.745163180157,
    "MAPE": 0.16528226094767684,
    "ACMAPE": 1.3687924991424114
}