{
    "R2": 0.9937080300627311,
    "RMSE": 16.513771900379844,
    "MSE": 272.70466237777487,
    "MAPE": 0.019024608780596773,
    "ACMAPE": 0.961180247565449
}