{
    "DOWN": {
<<<<<<< HEAD
        "precision": 0.668903803131991,
        "recall": 0.7786458333333334,
        "f1-score": 0.7196149217809868,
        "support": 384.0
    },
    "UP": {
        "precision": 0.44805194805194803,
        "recall": 0.31797235023041476,
        "f1-score": 0.37196765498652284,
        "support": 217.0
    },
    "accuracy": 0.6123128119800333,
    "macro avg": {
        "precision": 0.5584778755919695,
        "recall": 0.548309091781874,
        "f1-score": 0.5457912883837548,
        "support": 601.0
    },
    "weighted avg": {
        "precision": 0.5891619519633233,
        "recall": 0.6123128119800333,
        "f1-score": 0.5940916989949658,
=======
        "precision": 0.673469387755102,
        "recall": 0.6015625,
        "f1-score": 0.6354883081155432,
        "support": 384.0
    },
    "UP": {
        "precision": 0.4069767441860465,
        "recall": 0.4838709677419355,
        "f1-score": 0.44210526315789467,
        "support": 217.0
    },
    "accuracy": 0.5590682196339434,
    "macro avg": {
        "precision": 0.5402230659705742,
        "recall": 0.5427167338709677,
        "f1-score": 0.538796785636719,
        "support": 601.0
    },
    "weighted avg": {
        "precision": 0.5772482502268407,
        "recall": 0.5590682196339434,
        "f1-score": 0.5656644799028814,
>>>>>>> d5f42532be6a9c18a5da3fb21b671ebbe5b6efbf
        "support": 601.0
    }
}