{
    "DOWN": {
        "precision": 0.8113804004214963,
        "recall": 0.4468949506674405,
        "f1-score": 0.5763473053892215,
        "support": 1723.0
    },
    "UP": {
        "precision": 0.34456671251719395,
        "recall": 0.736764705882353,
        "f1-score": 0.4695407685098406,
        "support": 680.0
    },
    "accuracy": 0.5289221806075739,
    "macro avg": {
        "precision": 0.5779735564693451,
        "recall": 0.5918298282748967,
        "f1-score": 0.5229440369495311,
        "support": 2403.0
    },
    "weighted avg": {
        "precision": 0.679281645625439,
        "recall": 0.5289221806075739,
        "f1-score": 0.5461232333634293,
        "support": 2403.0
    }
}