{
    "DOWN": {
        "precision": 0.7699805068226121,
        "recall": 0.23005241700640652,
        "f1-score": 0.3542600896860986,
        "support": 1717.0
    },
    "UP": {
        "precision": 0.2968085106382979,
        "recall": 0.8254437869822485,
        "f1-score": 0.43661971830985913,
        "support": 676.0
    },
    "accuracy": 0.39824488090263266,
    "macro avg": {
        "precision": 0.533394508730455,
        "recall": 0.5277481019943275,
        "f1-score": 0.3954399039979789,
        "support": 2393.0
    },
    "weighted avg": {
        "precision": 0.6363138668641515,
        "recall": 0.39824488090263266,
        "f1-score": 0.3775259103921839,
        "support": 2393.0
    }
}