{
    "R2": 0.5868813199523026,
    "RMSE": 113.84015539340562,
    "MSE": 12959.58097999474,
    "MAPE": 0.07499687828180568,
    "ACMAPE": 0.9701715871004414
}