{
    "R2": 0.9517784355879342,
    "RMSE": 45.83851629688925,
    "MSE": 2101.1695763001817,
    "MAPE": 0.11518892833341723,
    "ACMAPE": 1.3615170861177228
}