{
    "DOWN": {
        "precision": 0.0,
        "recall": 0.0,
        "f1-score": 0.0,
        "support": 44.0
    },
    "UP": {
        "precision": 0.2786885245901639,
        "recall": 1.0,
        "f1-score": 0.43589743589743585,
        "support": 17.0
    },
    "accuracy": 0.2786885245901639,
    "macro avg": {
        "precision": 0.13934426229508196,
        "recall": 0.5,
        "f1-score": 0.21794871794871792,
        "support": 61.0
    },
    "weighted avg": {
        "precision": 0.07766729373824241,
        "recall": 0.2786885245901639,
        "f1-score": 0.12147961328289196,
        "support": 61.0
    }
}