{
    "R2": 0.9644011497077764,
    "RMSE": 61.08387701039984,
    "MSE": 3731.240030621654,
    "MAPE": 0.06661756795134433,
    "ACMAPE": 1.0534017089205072
}