{
    "R2": 0.9758659573143614,
    "RMSE": 50.75229879293447,
    "MSE": 2575.7958327672973,
    "MAPE": 0.05212013529079615,
    "ACMAPE": 0.9314304801183825
}