{
    "DOWN": {
        "precision": 0.7471264367816092,
        "recall": 0.4482758620689655,
        "f1-score": 0.560344827586207,
        "support": 145.0
    },
    "UP": {
        "precision": 0.4482758620689655,
        "recall": 0.7471264367816092,
        "f1-score": 0.560344827586207,
        "support": 87.0
    },
    "accuracy": 0.5603448275862069,
    "macro avg": {
        "precision": 0.5977011494252873,
        "recall": 0.5977011494252873,
        "f1-score": 0.560344827586207,
        "support": 232.0
    },
    "weighted avg": {
        "precision": 0.6350574712643677,
        "recall": 0.5603448275862069,
        "f1-score": 0.5603448275862071,
        "support": 232.0
    }
}