{
    "DOWN": {
        "precision": 0.75,
        "recall": 0.5454545454545454,
        "f1-score": 0.631578947368421,
        "support": 44.0
    },
    "UP": {
        "precision": 0.3103448275862069,
        "recall": 0.5294117647058824,
        "f1-score": 0.391304347826087,
        "support": 17.0
    },
    "accuracy": 0.5409836065573771,
    "macro avg": {
        "precision": 0.5301724137931034,
        "recall": 0.5374331550802138,
        "f1-score": 0.511441647597254,
        "support": 61.0
    },
    "weighted avg": {
        "precision": 0.6274731486715658,
        "recall": 0.5409836065573771,
        "f1-score": 0.5646171737254755,
        "support": 61.0
    }
}