{
    "DOWN": {
        "precision": 0.6132596685082873,
        "recall": 0.75,
        "f1-score": 0.6747720364741642,
        "support": 148.0
    },
    "UP": {
        "precision": 0.39344262295081966,
        "recall": 0.2553191489361702,
        "f1-score": 0.3096774193548387,
        "support": 94.0
    },
    "accuracy": 0.5578512396694215,
    "macro avg": {
        "precision": 0.5033511457295534,
        "recall": 0.5026595744680851,
        "f1-score": 0.49222472791450145,
        "support": 242.0
    },
    "weighted avg": {
        "precision": 0.5278761880024941,
        "recall": 0.5578512396694215,
        "f1-score": 0.5329584248658311,
        "support": 242.0
    }
}