{
    "R2": -5.8288108422126825,
    "RMSE": 3108.479577319503,
    "MSE": 9662645.282612434,
    "MAPE": 0.7474782152060547,
    "ACMAPE": 1.7202408611204518
}