{
    "R2": 0.984476775931504,
    "RMSE": 30.61222985718378,
    "MSE": 937.1086168290541,
    "MAPE": 0.028720015896031802,
    "ACMAPE": 0.458890332197735
}