{
    "DOWN": {
        "precision": 0.5373493975903615,
        "recall": 0.8050541516245487,
        "f1-score": 0.6445086705202313,
        "support": 277.0
    },
    "UP": {
        "precision": 0.45454545454545453,
        "recall": 0.189873417721519,
        "f1-score": 0.26785714285714285,
        "support": 237.0
    },
    "accuracy": 0.5214007782101168,
    "macro avg": {
        "precision": 0.495947426067908,
        "recall": 0.49746378467303387,
        "f1-score": 0.4561829066886871,
        "support": 514.0
    },
    "weighted avg": {
        "precision": 0.4991693693770483,
        "recall": 0.5214007782101168,
        "f1-score": 0.4708386081541769,
        "support": 514.0
    }
}