{
    "R2": 0.9781992943854747,
    "RMSE": 164.52317798576257,
    "MSE": 27067.87609453491,
    "MAPE": 0.22352225885976396,
    "ACMAPE": 2.149251701830586
}