{
    "DOWN": {
        "precision": 0.9556451612903226,
        "recall": 0.413097609561753,
        "f1-score": 0.5768428372739917,
        "support": 4016.0
    },
    "UP": {
        "precision": 0.028441879637262985,
        "recall": 0.4726027397260274,
        "f1-score": 0.0536547433903577,
        "support": 146.0
    },
    "accuracy": 0.41518500720807305,
    "macro avg": {
        "precision": 0.4920435204637928,
        "recall": 0.4428501746438902,
        "f1-score": 0.3152487903321747,
        "support": 4162.0
    },
    "weighted avg": {
        "precision": 0.9231195295936991,
        "recall": 0.41518500720807305,
        "f1-score": 0.558489771030116,
        "support": 4162.0
    }
}