{
    "DOWN": {
        "precision": 0.9556803995006242,
        "recall": 0.3808457711442786,
        "f1-score": 0.5446460334400569,
        "support": 4020.0
    },
    "UP": {
        "precision": 0.02962962962962963,
        "recall": 0.5170068027210885,
        "f1-score": 0.056047197640117986,
        "support": 147.0
    },
    "accuracy": 0.38564914806815453,
    "macro avg": {
        "precision": 0.49265501456512695,
        "recall": 0.44892628693268355,
        "f1-score": 0.30034661554008746,
        "support": 4167.0
    },
    "weighted avg": {
        "precision": 0.9230119418161903,
        "recall": 0.38564914806815453,
        "f1-score": 0.5274096454240763,
        "support": 4167.0
    }
}