{
    "DOWN": {
        "precision": 0.7391304347826086,
        "recall": 0.004245754245754246,
        "f1-score": 0.008443009684628756,
        "support": 4004.0
    },
    "UP": {
        "precision": 0.03322017458777886,
        "recall": 0.958041958041958,
        "f1-score": 0.06421373330208578,
        "support": 143.0
    },
    "accuracy": 0.03713527851458886,
    "macro avg": {
        "precision": 0.38617530468519373,
        "recall": 0.48114385614385613,
        "f1-score": 0.03632837149335727,
        "support": 4147.0
    },
    "weighted avg": {
        "precision": 0.714788701672442,
        "recall": 0.03713527851458886,
        "f1-score": 0.010366138085230722,
        "support": 4147.0
    }
}