{
    "R2": 0.9562513320310575,
    "RMSE": 12.750537625624906,
    "MSE": 162.5762097424764,
    "MAPE": 0.8291917177703788,
    "ACMAPE": 1.9109392385422899
}