{
    "DOWN": {
        "precision": 0.7717750826901875,
        "recall": 0.7720588235294118,
        "f1-score": 0.7719169270354714,
        "support": 2720.0
    },
    "UP": {
        "precision": 0.39215686274509803,
        "recall": 0.3917727717923604,
        "f1-score": 0.39196472317491426,
        "support": 1021.0
    },
    "accuracy": 0.6682705159048383,
    "macro avg": {
        "precision": 0.5819659727176427,
        "recall": 0.5819157976608861,
        "f1-score": 0.5819408251051928,
        "support": 3741.0
    },
    "weighted avg": {
        "precision": 0.6681690408393625,
        "recall": 0.6682705159048383,
        "f1-score": 0.6682197337337796,
        "support": 3741.0
    }
}