{
    "R2": 0.9952377518848762,
    "RMSE": 4.204955730531794,
    "MSE": 17.681652695732172,
    "MAPE": 0.14663576434834288,
    "ACMAPE": 0.8100947325386663
}