{
    "R2": -14.833392658839802,
    "RMSE": 41.28208517694681,
    "MSE": 1704.2105565566912,
    "MAPE": 0.7910914110745391,
    "ACMAPE": 2.688417614283095
}