{
    "R2": 0.9610027743090727,
    "RMSE": 12.036067568785617,
    "MSE": 144.8669225203729,
    "MAPE": 0.7943413018986867,
    "ACMAPE": 1.935668925025025
}