{
    "R2": 0.960929665509002,
    "RMSE": 2.0506814324159097,
    "MSE": 4.205294337255367,
    "MAPE": 0.031714642855436924,
    "ACMAPE": 0.1515007391121215
}