{
    "R2": 0.9368063349007497,
    "RMSE": 17.13322231924814,
    "MSE": 293.5473070407826,
    "MAPE": 0.2518167009300941,
    "ACMAPE": 1.4710233815146454
}