{
    "DOWN": {
        "precision": 0.9074664964901085,
        "recall": 0.7620578778135049,
        "f1-score": 0.8284299446548209,
        "support": 3732.0
    },
    "UP": {
        "precision": 0.2581453634085213,
        "recall": 0.5158597662771286,
        "f1-score": 0.34409799554565706,
        "support": 599.0
    },
    "accuracy": 0.7280073885938583,
    "macro avg": {
        "precision": 0.5828059299493149,
        "recall": 0.6389588220453167,
        "f1-score": 0.586263970100239,
        "support": 4331.0
    },
    "weighted avg": {
        "precision": 0.8176619805086097,
        "recall": 0.7280073885938583,
        "f1-score": 0.7614442975718403,
        "support": 4331.0
    }
}