{
    "DOWN": {
        "precision": 0.6661157024793388,
        "recall": 0.21550802139037434,
        "f1-score": 0.3256565656565657,
        "support": 1870.0
    },
    "UP": {
        "precision": 0.3585483165719283,
        "recall": 0.8023483365949119,
        "f1-score": 0.49561801148383194,
        "support": 1022.0
    },
    "accuracy": 0.42289073305670816,
    "macro avg": {
        "precision": 0.5123320095256336,
        "recall": 0.5089281789926431,
        "f1-score": 0.4106372885701988,
        "support": 2892.0
    },
    "weighted avg": {
        "precision": 0.5574248766157933,
        "recall": 0.42289073305670816,
        "f1-score": 0.3857190129717338,
        "support": 2892.0
    }
}