{
    "DOWN": {
        "precision": 0.6991525423728814,
        "recall": 0.37757437070938216,
        "f1-score": 0.4903417533432393,
        "support": 437.0
    },
    "UP": {
        "precision": 0.4426229508196721,
        "recall": 0.7526132404181185,
        "f1-score": 0.5574193548387096,
        "support": 287.0
    },
    "accuracy": 0.5262430939226519,
    "macro avg": {
        "precision": 0.5708877465962767,
        "recall": 0.5650938055637503,
        "f1-score": 0.5238805540909744,
        "support": 724.0
    },
    "weighted avg": {
        "precision": 0.5974619446162915,
        "recall": 0.5262430939226519,
        "f1-score": 0.5169319075272172,
        "support": 724.0
    }
}