{
<<<<<<< HEAD
    "R2": 0.9415793116889916,
    "RMSE": 294.63819771599515,
    "MSE": 86811.66755332985,
    "MAPE": 0.25541415982389315,
    "ACMAPE": 1.1646946603452695
=======
    "R2": 0.9495235527096866,
    "RMSE": 273.87355843466395,
    "MSE": 75006.72600966529,
    "MAPE": 0.20641828323232134,
    "ACMAPE": 1.051048105964334
>>>>>>> d5f42532be6a9c18a5da3fb21b671ebbe5b6efbf
}