{
<<<<<<< HEAD
    "R2": 0.7160708350394682,
    "RMSE": 149.4422233656427,
    "MSE": 22332.978124466645,
    "MAPE": 0.04845076463998212,
    "ACMAPE": 0.8661303226510317
=======
    "R2": 0.6313693133627873,
    "RMSE": 170.28016419434218,
    "MSE": 28995.334318052133,
    "MAPE": 0.05857337257316293,
    "ACMAPE": 0.8541534830704005
>>>>>>> d5f42532be6a9c18a5da3fb21b671ebbe5b6efbf
}