{
    "R2": 0.6727368843394994,
    "RMSE": 160.44154964943857,
    "MSE": 25741.490853913263,
    "MAPE": 0.05449906053010439,
    "ACMAPE": 1.2589189500328668
}