{
    "R2": 0.6313693133627873,
    "RMSE": 170.28016419434218,
    "MSE": 28995.334318052133,
    "MAPE": 0.05857337257316293,
    "ACMAPE": 0.8541534830704005
}