{
    "DOWN": {
        "precision": 0.658500734933856,
        "recall": 0.7218045112781954,
        "f1-score": 0.6887009992313604,
        "support": 1862.0
    },
    "UP": {
        "precision": 0.3803827751196172,
        "recall": 0.3133004926108374,
        "f1-score": 0.3435980551053484,
        "support": 1015.0
    },
    "accuracy": 0.5776850886339937,
    "macro avg": {
        "precision": 0.5194417550267366,
        "recall": 0.5175525019445164,
        "f1-score": 0.5161495271683544,
        "support": 2877.0
    },
    "weighted avg": {
        "precision": 0.5603812600602194,
        "recall": 0.5776850886339937,
        "f1-score": 0.5669493522769279,
        "support": 2877.0
    }
}