{
    "R2": 0.8973843335680496,
    "RMSE": 269.6538944875818,
    "MSE": 72713.22281231989,
    "MAPE": 0.08434921375821963,
    "ACMAPE": 1.087458022048375
}