{
    "R2": 0.8888215293683811,
    "RMSE": 92.25076246317667,
    "MSE": 8510.203175037444,
    "MAPE": 0.02710933673226967,
    "ACMAPE": 1.1923985929306167
}