{
    "DOWN": {
        "precision": 0.6371681415929203,
        "recall": 0.96,
        "f1-score": 0.7659574468085106,
        "support": 150.0
    },
    "UP": {
        "precision": 0.625,
        "recall": 0.10869565217391304,
        "f1-score": 0.18518518518518517,
        "support": 92.0
    },
    "accuracy": 0.6363636363636364,
    "macro avg": {
        "precision": 0.6310840707964602,
        "recall": 0.5343478260869565,
        "f1-score": 0.4755713159968479,
        "support": 242.0
    },
    "weighted avg": {
        "precision": 0.6325422365245374,
        "recall": 0.6363636363636364,
        "f1-score": 0.5451679919765026,
        "support": 242.0
    }
}