{
    "DOWN": {
        "precision": 0.5976744186046512,
        "recall": 0.48859315589353614,
        "f1-score": 0.5376569037656904,
        "support": 526.0
    },
    "UP": {
        "precision": 0.4826923076923077,
        "recall": 0.5919811320754716,
        "f1-score": 0.5317796610169492,
        "support": 424.0
    },
    "accuracy": 0.5347368421052632,
    "macro avg": {
        "precision": 0.5401833631484795,
        "recall": 0.5402871439845038,
        "f1-score": 0.5347182823913198,
        "support": 950.0
    },
    "weighted avg": {
        "precision": 0.5463560869974579,
        "recall": 0.5347368421052632,
        "f1-score": 0.5350337975283576,
        "support": 950.0
    }
}