{
<<<<<<< HEAD
    "R2": 0.9138655473459671,
    "RMSE": 243.33231668171535,
    "MSE": 59210.61634169061,
    "MAPE": 0.07329313807187947,
    "ACMAPE": 1.052240506492932
=======
    "R2": 0.9059655004775322,
    "RMSE": 254.24648092473035,
    "MSE": 64641.27306260927,
    "MAPE": 0.07570210056975916,
    "ACMAPE": 1.0062284163592328
>>>>>>> d5f42532be6a9c18a5da3fb21b671ebbe5b6efbf
}