{
    "DOWN": {
        "precision": 0.5714285714285714,
        "recall": 0.02666666666666667,
        "f1-score": 0.05095541401273886,
        "support": 150.0
    },
    "UP": {
        "precision": 0.37872340425531914,
        "recall": 0.967391304347826,
        "f1-score": 0.54434250764526,
        "support": 92.0
    },
    "accuracy": 0.384297520661157,
    "macro avg": {
        "precision": 0.47507598784194527,
        "recall": 0.49702898550724633,
        "f1-score": 0.29764896082899944,
        "support": 242.0
    },
    "weighted avg": {
        "precision": 0.4981687558089879,
        "recall": 0.384297520661157,
        "f1-score": 0.2385240611788213,
        "support": 242.0
    }
}