{
    "DOWN": {
        "precision": 0.6363636363636364,
        "recall": 0.04666666666666667,
        "f1-score": 0.08695652173913045,
        "support": 150.0
    },
    "UP": {
        "precision": 0.38095238095238093,
        "recall": 0.9565217391304348,
        "f1-score": 0.544891640866873,
        "support": 92.0
    },
    "accuracy": 0.3925619834710744,
    "macro avg": {
        "precision": 0.5086580086580086,
        "recall": 0.5015942028985507,
        "f1-score": 0.31592408130300176,
        "support": 242.0
    },
    "weighted avg": {
        "precision": 0.5392651425709277,
        "recall": 0.3925619834710744,
        "f1-score": 0.2610475587629003,
        "support": 242.0
    }
}