{
    "DOWN": {
        "precision": 0.6956521739130435,
        "recall": 0.10666666666666667,
        "f1-score": 0.18497109826589594,
        "support": 150.0
    },
    "UP": {
        "precision": 0.3881278538812785,
        "recall": 0.9239130434782609,
        "f1-score": 0.5466237942122186,
        "support": 92.0
    },
    "accuracy": 0.41735537190082644,
    "macro avg": {
        "precision": 0.541890013897161,
        "recall": 0.5152898550724637,
        "f1-score": 0.3657974462390573,
        "support": 242.0
    },
    "weighted avg": {
        "precision": 0.5787421018348519,
        "recall": 0.41735537190082644,
        "f1-score": 0.32245890003061367,
        "support": 242.0
    }
}