{
    "R2": 0.9858940541644253,
    "RMSE": 6.549559549583449,
    "MSE": 42.89673029353976,
    "MAPE": 0.06330709098273632,
    "ACMAPE": 1.4530556403057535
}