{
    "R2": 0.9790351701132038,
    "RMSE": 8.238644729561605,
    "MSE": 67.87526697993322,
    "MAPE": 0.04111814841408716,
    "ACMAPE": 1.3173452898962816
}