{
    "DOWN": {
        "precision": 0.7316455696202532,
        "recall": 0.42128279883381925,
        "f1-score": 0.5346901017576319,
        "support": 686.0
    },
    "UP": {
        "precision": 0.38354037267080743,
        "recall": 0.6997167138810199,
        "f1-score": 0.4954864593781344,
        "support": 353.0
    },
    "accuracy": 0.5158806544754572,
    "macro avg": {
        "precision": 0.5575929711455303,
        "recall": 0.5604997563574196,
        "f1-score": 0.5150882805678831,
        "support": 1039.0
    },
    "weighted avg": {
        "precision": 0.613376912716351,
        "recall": 0.5158806544754572,
        "f1-score": 0.5213706736922203,
        "support": 1039.0
    }
}