{
    "R2": 0.9756771434556808,
    "RMSE": 8.87395849681627,
    "MSE": 78.74713940321769,
    "MAPE": 0.033731363949111304,
    "ACMAPE": 1.001970054998197
}