{
    "R2": 0.9191281655992019,
    "RMSE": 15.669694595785822,
    "MSE": 245.53932872519943,
    "MAPE": 0.21367587868493257,
    "ACMAPE": 1.4365412911306634
}