{
    "DOWN": {
        "precision": 0.7093389296956978,
        "recall": 0.2304021813224267,
        "f1-score": 0.3478260869565217,
        "support": 2934.0
    },
    "UP": {
        "precision": 0.2928280613842781,
        "recall": 0.7714521452145214,
        "f1-score": 0.42451759364358677,
        "support": 1212.0
    },
    "accuracy": 0.3885672937771346,
    "macro avg": {
        "precision": 0.5010834955399879,
        "recall": 0.5009271632684741,
        "f1-score": 0.38617184030005425,
        "support": 4146.0
    },
    "weighted avg": {
        "precision": 0.5875803256451814,
        "recall": 0.3885672937771346,
        "f1-score": 0.37024531177676356,
        "support": 4146.0
    }
}