{
    "R2": 0.7690365223350304,
    "RMSE": 27.345241242657636,
    "MSE": 747.762218619144,
    "MAPE": 0.12817035531084014,
    "ACMAPE": 1.1445322417400992
}