{
    "DOWN": {
        "precision": 0.6676986584107327,
        "recall": 0.9431486880466472,
        "f1-score": 0.7818731117824774,
        "support": 686.0
    },
    "UP": {
        "precision": 0.44285714285714284,
        "recall": 0.08781869688385269,
        "f1-score": 0.14657210401891252,
        "support": 353.0
    },
    "accuracy": 0.6525505293551492,
    "macro avg": {
        "precision": 0.5552779006339378,
        "recall": 0.5154836924652499,
        "f1-score": 0.464222607900695,
        "support": 1039.0
    },
    "weighted avg": {
        "precision": 0.5913088076018614,
        "recall": 0.6525505293551492,
        "f1-score": 0.5660297472583788,
        "support": 1039.0
    }
}