{
    "DOWN": {
        "precision": 0.7317073170731707,
        "recall": 0.15544041450777202,
        "f1-score": 0.2564102564102564,
        "support": 193.0
    },
    "UP": {
        "precision": 0.40293040293040294,
        "recall": 0.9090909090909091,
        "f1-score": 0.5583756345177665,
        "support": 121.0
    },
    "accuracy": 0.445859872611465,
    "macro avg": {
        "precision": 0.5673188600017869,
        "recall": 0.5322656617993405,
        "f1-score": 0.40739294546401145,
        "support": 314.0
    },
    "weighted avg": {
        "precision": 0.6050130285022316,
        "recall": 0.445859872611465,
        "f1-score": 0.3727727110313032,
        "support": 314.0
    }
}