{
    "R2": 0.928810385724205,
    "RMSE": 51.396996622086164,
    "MSE": 2641.6512617707367,
    "MAPE": 0.08304595091959265,
    "ACMAPE": 0.8273825204988807
}