{
    "DOWN": {
        "precision": 0.7213114754098361,
        "recall": 0.4756756756756757,
        "f1-score": 0.5732899022801303,
        "support": 185.0
    },
    "UP": {
        "precision": 0.4519774011299435,
        "recall": 0.7017543859649122,
        "f1-score": 0.549828178694158,
        "support": 114.0
    },
    "accuracy": 0.5618729096989966,
    "macro avg": {
        "precision": 0.5866444382698898,
        "recall": 0.588715030820294,
        "f1-score": 0.5615590404871442,
        "support": 299.0
    },
    "weighted avg": {
        "precision": 0.61862222969777,
        "recall": 0.5618729096989966,
        "f1-score": 0.5643446297423348,
        "support": 299.0
    }
}