{
    "R2": 0.9752301415946176,
    "RMSE": 31.480810055166106,
    "MSE": 991.0414017294474,
    "MAPE": 0.055374473943520006,
    "ACMAPE": 1.16365472872059
}