{
    "DOWN": {
        "precision": 0.6666666666666666,
        "recall": 0.20408163265306123,
        "f1-score": 0.3125,
        "support": 49.0
    },
    "UP": {
        "precision": 0.4,
        "recall": 0.8387096774193549,
        "f1-score": 0.5416666666666666,
        "support": 31.0
    },
    "accuracy": 0.45,
    "macro avg": {
        "precision": 0.5333333333333333,
        "recall": 0.521395655036208,
        "f1-score": 0.4270833333333333,
        "support": 80.0
    },
    "weighted avg": {
        "precision": 0.5633333333333332,
        "recall": 0.45,
        "f1-score": 0.4013020833333333,
        "support": 80.0
    }
}