{
    "R2": -4.421485294150224,
    "RMSE": 37.11488981493932,
    "MSE": 1377.5150459750862,
    "MAPE": 0.12683781945530134,
    "ACMAPE": 1.3268378194553012
}