{
    "R2": 0.988992377339763,
    "RMSE": 21.639325030589486,
    "MSE": 468.2603877794966,
    "MAPE": 0.0364524976246915,
    "ACMAPE": 0.8765778894742212
}