{
    "R2": 0.13184576112562607,
    "RMSE": 14.852086795587622,
    "MSE": 220.58448218366823,
    "MAPE": 0.035089374461071125,
    "ACMAPE": 1.060089374461071
}