{
    "DOWN": {
        "precision": 0.6933333333333334,
        "recall": 0.5531914893617021,
        "f1-score": 0.6153846153846153,
        "support": 188.0
    },
    "UP": {
        "precision": 0.45454545454545453,
        "recall": 0.603448275862069,
        "f1-score": 0.5185185185185185,
        "support": 116.0
    },
    "accuracy": 0.5723684210526315,
    "macro avg": {
        "precision": 0.573939393939394,
        "recall": 0.5783198826118856,
        "f1-score": 0.5669515669515669,
        "support": 304.0
    },
    "weighted avg": {
        "precision": 0.6022169059011164,
        "recall": 0.5723684210526315,
        "f1-score": 0.5784225521067626,
        "support": 304.0
    }
}