{
    "DOWN": {
        "precision": 0.6538461538461539,
        "recall": 0.3469387755102041,
        "f1-score": 0.45333333333333325,
        "support": 49.0
    },
    "UP": {
        "precision": 0.4074074074074074,
        "recall": 0.7096774193548387,
        "f1-score": 0.5176470588235293,
        "support": 31.0
    },
    "accuracy": 0.4875,
    "macro avg": {
        "precision": 0.5306267806267806,
        "recall": 0.5283080974325214,
        "f1-score": 0.4854901960784313,
        "support": 80.0
    },
    "weighted avg": {
        "precision": 0.5583511396011396,
        "recall": 0.4875,
        "f1-score": 0.4782549019607843,
        "support": 80.0
    }
}