{
    "R2": 0.12466086653431507,
    "RMSE": 87.73174408299066,
    "MSE": 7696.8589198433665,
    "MAPE": 0.05707425865891855,
    "ACMAPE": 1.2914492586589186
}