{
    "R2": 0.9691069309440392,
    "RMSE": 81.5350149380381,
    "MSE": 6647.958660946096,
    "MAPE": 0.06468800768965571,
    "ACMAPE": 0.7443755076896557
}