{
<<<<<<< HEAD
    "R2": 0.9902782304063219,
    "RMSE": 45.922906494032524,
    "MSE": 2108.913340859655,
    "MAPE": 0.02894697579589728,
    "ACMAPE": 1.1278915668249212
=======
    "R2": 0.9902164722205449,
    "RMSE": 46.06853972780496,
    "MSE": 2122.310352652344,
    "MAPE": 0.028714802562297418,
    "ACMAPE": 1.1289786548050413
>>>>>>> d5f42532be6a9c18a5da3fb21b671ebbe5b6efbf
}