{
    "R2": -0.28891143228481475,
    "RMSE": 106.45844752843149,
    "MSE": 11333.4010501638,
    "MAPE": 0.08494100856663861,
    "ACMAPE": 1.3505660085666387
}