{
    "DOWN": {
        "precision": 0.7614678899082569,
        "recall": 0.24800796812749004,
        "f1-score": 0.3741547708489857,
        "support": 1004.0
    },
    "UP": {
        "precision": 0.3650126156433978,
        "recall": 0.84765625,
        "f1-score": 0.5102880658436214,
        "support": 512.0
    },
    "accuracy": 0.4505277044854881,
    "macro avg": {
        "precision": 0.5632402527758273,
        "recall": 0.547832109063745,
        "f1-score": 0.4422214183463036,
        "support": 1516.0
    },
    "weighted avg": {
        "precision": 0.6275727049322622,
        "recall": 0.4505277044854881,
        "f1-score": 0.42013118710047215,
        "support": 1516.0
    }
}