{
    "DOWN": {
<<<<<<< HEAD
        "precision": 0.7650602409638554,
        "recall": 0.5141700404858299,
        "f1-score": 0.6150121065375301,
        "support": 247.0
    },
    "UP": {
        "precision": 0.44954128440366975,
        "recall": 0.7153284671532847,
        "f1-score": 0.5521126760563381,
        "support": 137.0
    },
    "accuracy": 0.5859375,
    "macro avg": {
        "precision": 0.6073007626837625,
        "recall": 0.6147492538195574,
        "f1-score": 0.5835623912969341,
        "support": 384.0
    },
    "weighted avg": {
        "precision": 0.6524922798994142,
        "recall": 0.5859375,
        "f1-score": 0.5925714243085631,
=======
        "precision": 0.7560975609756098,
        "recall": 0.5020242914979757,
        "f1-score": 0.6034063260340632,
        "support": 247.0
    },
    "UP": {
        "precision": 0.4409090909090909,
        "recall": 0.708029197080292,
        "f1-score": 0.5434173669467788,
        "support": 137.0
    },
    "accuracy": 0.5755208333333334,
    "macro avg": {
        "precision": 0.5985033259423503,
        "recall": 0.6050267442891338,
        "f1-score": 0.573411846490421,
        "support": 384.0
    },
    "weighted avg": {
        "precision": 0.6436475078529195,
        "recall": 0.5755208333333334,
        "f1-score": 0.5820040151096935,
>>>>>>> d5f42532be6a9c18a5da3fb21b671ebbe5b6efbf
        "support": 384.0
    }
}