{
    "DOWN": {
        "precision": 0.6426666666666667,
        "recall": 0.9757085020242915,
        "f1-score": 0.7749196141479101,
        "support": 247.0
    },
    "UP": {
        "precision": 0.3333333333333333,
        "recall": 0.021897810218978103,
        "f1-score": 0.0410958904109589,
        "support": 137.0
    },
    "accuracy": 0.6354166666666666,
    "macro avg": {
        "precision": 0.488,
        "recall": 0.4988031561216348,
        "f1-score": 0.40800775227943453,
        "support": 384.0
    },
    "weighted avg": {
        "precision": 0.5323055555555556,
        "recall": 0.6354166666666666,
        "f1-score": 0.5131127127105083,
        "support": 384.0
    }
}