{
    "DOWN": {
        "precision": 0.6742209631728046,
        "recall": 0.1334828939988783,
        "f1-score": 0.2228464419475656,
        "support": 1783.0
    },
    "UP": {
        "precision": 0.2212701612903226,
        "recall": 0.7924187725631769,
        "f1-score": 0.3459416863672183,
        "support": 554.0
    },
    "accuracy": 0.28968763371844247,
    "macro avg": {
        "precision": 0.4477455622315636,
        "recall": 0.4629508332810276,
        "f1-score": 0.28439406415739193,
        "support": 2337.0
    },
    "weighted avg": {
        "precision": 0.5668462330731491,
        "recall": 0.28968763371844247,
        "f1-score": 0.2520269149507695,
        "support": 2337.0
    }
}