{
    "R2": 0.995444468888426,
    "RMSE": 12.633949094443754,
    "MSE": 159.61666972099616,
    "MAPE": 0.030450575882122584,
    "ACMAPE": 0.626067249711087
}