{
    "R2": 0.9914155284498726,
    "RMSE": 17.343086773560753,
    "MSE": 300.7826588352579,
    "MAPE": 0.050394361765100495,
    "ACMAPE": 1.1943565448334288
}