{
    "DOWN": {
<<<<<<< HEAD
        "precision": 0.5360824742268041,
        "recall": 0.15204678362573099,
        "f1-score": 0.2369020501138952,
        "support": 342.0
    },
    "UP": {
        "precision": 0.40816326530612246,
        "recall": 0.8163265306122449,
        "f1-score": 0.54421768707483,
        "support": 245.0
    },
    "accuracy": 0.4293015332197615,
    "macro avg": {
        "precision": 0.4721228697664633,
        "recall": 0.48418665711898795,
        "f1-score": 0.3905598685943626,
        "support": 587.0
    },
    "weighted avg": {
        "precision": 0.4826920037232828,
        "recall": 0.4293015332197615,
        "f1-score": 0.36516837218447273,
=======
        "precision": 0.5287356321839081,
        "recall": 0.13450292397660818,
        "f1-score": 0.21445221445221443,
        "support": 342.0
    },
    "UP": {
        "precision": 0.408,
        "recall": 0.8326530612244898,
        "f1-score": 0.5476510067114094,
        "support": 245.0
    },
    "accuracy": 0.42589437819420783,
    "macro avg": {
        "precision": 0.468367816091954,
        "recall": 0.483577992600549,
        "f1-score": 0.3810516105818119,
        "support": 587.0
    },
    "weighted avg": {
        "precision": 0.47834341772895494,
        "recall": 0.42589437819420783,
        "f1-score": 0.3535215570476195,
>>>>>>> d5f42532be6a9c18a5da3fb21b671ebbe5b6efbf
        "support": 587.0
    }
}