{
    "R2": -285.5853529338224,
    "RMSE": 711.6391819188362,
    "MSE": 506430.3252421105,
    "MAPE": 2.402152958022901,
    "ACMAPE": 3.021638252140548
}