{
    "DOWN": {
        "precision": 0.7205731832139202,
        "recall": 0.9166666666666666,
        "f1-score": 0.8068767908309454,
        "support": 768.0
    },
    "UP": {
        "precision": 0.42342342342342343,
        "recall": 0.146875,
        "f1-score": 0.21809744779582368,
        "support": 320.0
    },
    "accuracy": 0.6902573529411765,
    "macro avg": {
        "precision": 0.5719983033186717,
        "recall": 0.5317708333333333,
        "f1-score": 0.5124871193133845,
        "support": 1088.0
    },
    "weighted avg": {
        "precision": 0.6331761950402447,
        "recall": 0.6902573529411765,
        "f1-score": 0.6337063958206155,
        "support": 1088.0
    }
}