{
    "DOWN": {
        "precision": 0.6344908769864627,
        "recall": 0.359693026359693,
        "f1-score": 0.459114139693356,
        "support": 2997.0
    },
    "UP": {
        "precision": 0.2747543461829176,
        "recall": 0.5393175074183977,
        "f1-score": 0.3640460691036555,
        "support": 1348.0
    },
    "accuracy": 0.4154200230149597,
    "macro avg": {
        "precision": 0.45462261158469014,
        "recall": 0.44950526688904535,
        "f1-score": 0.4115801043985058,
        "support": 4345.0
    },
    "weighted avg": {
        "precision": 0.5228856195588035,
        "recall": 0.4154200230149597,
        "f1-score": 0.4296200639384846,
        "support": 4345.0
    }
}