{
    "DOWN": {
        "precision": 0.6922178078990419,
        "recall": 0.9876625541847283,
        "f1-score": 0.8139598790876615,
        "support": 2999.0
    },
    "UP": {
        "precision": 0.4788732394366197,
        "recall": 0.025166543301258327,
        "f1-score": 0.047819971870604785,
        "support": 1351.0
    },
    "accuracy": 0.6887356321839081,
    "macro avg": {
        "precision": 0.5855455236678307,
        "recall": 0.5064145487429933,
        "f1-score": 0.4308899254791332,
        "support": 4350.0
    },
    "weighted avg": {
        "precision": 0.6259583798547356,
        "recall": 0.6887356321839081,
        "f1-score": 0.5760161975588699,
        "support": 4350.0
    }
}