{
    "DOWN": {
        "precision": 0.5431034482758621,
        "recall": 0.08203125,
        "f1-score": 0.1425339366515837,
        "support": 768.0
    },
    "UP": {
        "precision": 0.27469135802469136,
        "recall": 0.834375,
        "f1-score": 0.413312693498452,
        "support": 320.0
    },
    "accuracy": 0.30330882352941174,
    "macro avg": {
        "precision": 0.40889740315027673,
        "recall": 0.458203125,
        "f1-score": 0.2779233150750179,
        "support": 1088.0
    },
    "weighted avg": {
        "precision": 0.4641587158490472,
        "recall": 0.30330882352941174,
        "f1-score": 0.2221747474888979,
        "support": 1088.0
    }
}