{
    "DOWN": {
        "precision": 0.6818181818181818,
        "recall": 0.053003533568904596,
        "f1-score": 0.09836065573770493,
        "support": 566.0
    },
    "UP": {
        "precision": 0.08376068376068375,
        "recall": 0.7777777777777778,
        "f1-score": 0.15123456790123455,
        "support": 63.0
    },
    "accuracy": 0.12559618441971382,
    "macro avg": {
        "precision": 0.3827894327894328,
        "recall": 0.4153906556733412,
        "f1-score": 0.12479761181946974,
        "support": 629.0
    },
    "weighted avg": {
        "precision": 0.621917351329116,
        "recall": 0.12559618441971382,
        "f1-score": 0.10365645298142888,
        "support": 629.0
    }
}