{
    "R2": -2.7403255948723246,
    "RMSE": 9.645828041904862,
    "MSE": 93.04199861399817,
    "MAPE": 0.08839055732710244,
    "ACMAPE": 1.837198188487675
}