{
    "R2": -212.7837035466754,
    "RMSE": 72.9242731388083,
    "MSE": 5317.949612823518,
    "MAPE": 1.2289574482288124,
    "ACMAPE": 3.028639483204965
}