{
    "R2": 0.9931304485957084,
    "RMSE": 4.4300119397897,
    "MSE": 19.625005786679296,
    "MAPE": 0.02927123027572336,
    "ACMAPE": 0.628651487026498
}