{
    "DOWN": {
        "precision": 0.8833333333333333,
        "recall": 0.3994573409707567,
        "f1-score": 0.5501349387585633,
        "support": 3317.0
    },
    "UP": {
        "precision": 0.3377659574468085,
        "recall": 0.8530646515533166,
        "f1-score": 0.4839247439866635,
        "support": 1191.0
    },
    "accuracy": 0.519299023957409,
    "macro avg": {
        "precision": 0.610549645390071,
        "recall": 0.6262609962620367,
        "f1-score": 0.5170298413726134,
        "support": 4508.0
    },
    "weighted avg": {
        "precision": 0.7391960785239164,
        "recall": 0.519299023957409,
        "f1-score": 0.532642405046644,
        "support": 4508.0
    }
}