{
    "R2": -1.2291029344864701,
    "RMSE": 68.15769074474257,
    "MSE": 4645.470807655966,
    "MAPE": 0.2776794043299796,
    "ACMAPE": 1.3866253742148333
}