{
    "DOWN": {
        "precision": 0.6727272727272727,
        "recall": 0.022010707911957167,
        "f1-score": 0.042626728110599074,
        "support": 1681.0
    },
    "UP": {
        "precision": 0.3627906976744186,
        "recall": 0.9811320754716981,
        "f1-score": 0.5297113752122241,
        "support": 954.0
    },
    "accuracy": 0.36925996204933587,
    "macro avg": {
        "precision": 0.5177589852008457,
        "recall": 0.5015713916918276,
        "f1-score": 0.2861690516614116,
        "support": 2635.0
    },
    "weighted avg": {
        "precision": 0.560514941569617,
        "recall": 0.36925996204933587,
        "f1-score": 0.2189754011029901,
        "support": 2635.0
    }
}