{
    "R2": 0.949489154430834,
    "RMSE": 85.13437720864752,
    "MSE": 7247.862182704282,
    "MAPE": 0.17459381499404042,
    "ACMAPE": 1.018367399899701
}