{
    "R2": -3.975482176428435,
    "RMSE": 49.93199895501473,
    "MSE": 2493.2045196435915,
    "MAPE": 0.45878380553964276,
    "ACMAPE": 1.8011669126286323
}