{
    "R2": 0.9974569653043399,
    "RMSE": 19.086135858905344,
    "MSE": 364.2805820245925,
    "MAPE": 0.030206581959426545,
    "ACMAPE": 1.0283233427880518
}