{
    "DOWN": {
        "precision": 0.5833333333333334,
        "recall": 0.015659955257270694,
        "f1-score": 0.030501089324618733,
        "support": 447.0
    },
    "UP": {
        "precision": 0.3241167434715822,
        "recall": 0.9768518518518519,
        "f1-score": 0.48673587081891584,
        "support": 216.0
    },
    "accuracy": 0.3288084464555053,
    "macro avg": {
        "precision": 0.4537250384024578,
        "recall": 0.4962559035545613,
        "f1-score": 0.2586184800717673,
        "support": 663.0
    },
    "weighted avg": {
        "precision": 0.4988826796227176,
        "recall": 0.3288084464555053,
        "f1-score": 0.17913866519606395,
        "support": 663.0
    }
}