{
    "DOWN": {
<<<<<<< HEAD
        "precision": 0.6404109589041096,
        "recall": 0.11124330755502677,
        "f1-score": 0.1895590471363406,
        "support": 1681.0
    },
    "UP": {
        "precision": 0.36235595390524966,
        "recall": 0.889937106918239,
        "f1-score": 0.5150136487716105,
        "support": 954.0
    },
    "accuracy": 0.393168880455408,
    "macro avg": {
        "precision": 0.5013834564046796,
        "recall": 0.500590207236633,
        "f1-score": 0.35228634795397556,
        "support": 2635.0
    },
    "weighted avg": {
        "precision": 0.5397413290107842,
        "recall": 0.393168880455408,
        "f1-score": 0.3073896695120702,
=======
        "precision": 0.6727272727272727,
        "recall": 0.022010707911957167,
        "f1-score": 0.042626728110599074,
        "support": 1681.0
    },
    "UP": {
        "precision": 0.3627906976744186,
        "recall": 0.9811320754716981,
        "f1-score": 0.5297113752122241,
        "support": 954.0
    },
    "accuracy": 0.36925996204933587,
    "macro avg": {
        "precision": 0.5177589852008457,
        "recall": 0.5015713916918276,
        "f1-score": 0.2861690516614116,
        "support": 2635.0
    },
    "weighted avg": {
        "precision": 0.560514941569617,
        "recall": 0.36925996204933587,
        "f1-score": 0.2189754011029901,
>>>>>>> d5f42532be6a9c18a5da3fb21b671ebbe5b6efbf
        "support": 2635.0
    }
}