{
<<<<<<< HEAD
    "R2": 0.8859778999184289,
    "RMSE": 132.34897144605526,
    "MSE": 17516.25024282875,
    "MAPE": 0.19604181308231042,
    "ACMAPE": 1.3779233461833558
=======
    "R2": 0.8487323995650967,
    "RMSE": 152.4400250777657,
    "MSE": 23237.961245709837,
    "MAPE": 0.27113078042419775,
    "ACMAPE": 1.4571934981942325
>>>>>>> d5f42532be6a9c18a5da3fb21b671ebbe5b6efbf
}