{
    "DOWN": {
        "precision": 0.7505773672055427,
        "recall": 0.3067484662576687,
        "f1-score": 0.43551088777219427,
        "support": 2119.0
    },
    "UP": {
        "precision": 0.27060575968222444,
        "recall": 0.7161629434954008,
        "f1-score": 0.39279279279279283,
        "support": 761.0
    },
    "accuracy": 0.4149305555555556,
    "macro avg": {
        "precision": 0.5105915634438836,
        "recall": 0.5114557048765347,
        "f1-score": 0.4141518402824935,
        "support": 2880.0
    },
    "weighted avg": {
        "precision": 0.6237515361898326,
        "recall": 0.4149305555555556,
        "f1-score": 0.4242232244807621,
        "support": 2880.0
    }
}