{
    "DOWN": {
        "precision": 0.7429906542056075,
        "recall": 0.30113636363636365,
        "f1-score": 0.4285714285714286,
        "support": 2112.0
    },
    "UP": {
        "precision": 0.2671300893743793,
        "recall": 0.7097625329815304,
        "f1-score": 0.38816738816738816,
        "support": 758.0
    },
    "accuracy": 0.40905923344947737,
    "macro avg": {
        "precision": 0.5050603717899934,
        "recall": 0.505449448308947,
        "f1-score": 0.4083694083694084,
        "support": 2870.0
    },
    "weighted avg": {
        "precision": 0.6173104074662099,
        "recall": 0.40905923344947737,
        "f1-score": 0.41790025692464716,
        "support": 2870.0
    }
}