{
    "DOWN": {
        "precision": 0.7537001897533206,
        "recall": 0.9350282485875706,
        "f1-score": 0.8346291237654968,
        "support": 2124.0
    },
    "UP": {
        "precision": 0.448,
        "recall": 0.1471747700394218,
        "f1-score": 0.22156280909990106,
        "support": 761.0
    },
    "accuracy": 0.727209705372617,
    "macro avg": {
        "precision": 0.6008500948766603,
        "recall": 0.5411015093134962,
        "f1-score": 0.528095966432699,
        "support": 2885.0
    },
    "weighted avg": {
        "precision": 0.6730631552984586,
        "recall": 0.727209705372617,
        "f1-score": 0.6729156175400138,
        "support": 2885.0
    }
}