{
    "DOWN": {
        "precision": 0.5842696629213483,
        "recall": 0.9904761904761905,
        "f1-score": 0.7349823321554769,
        "support": 420.0
    },
    "UP": {
        "precision": 0.6,
        "recall": 0.019867549668874173,
        "f1-score": 0.038461538461538464,
        "support": 302.0
    },
    "accuracy": 0.5844875346260388,
    "macro avg": {
        "precision": 0.5921348314606741,
        "recall": 0.5051718700725324,
        "f1-score": 0.3867219353085077,
        "support": 722.0
    },
    "weighted avg": {
        "precision": 0.5908493884030004,
        "recall": 0.5844875346260388,
        "f1-score": 0.44363983950233377,
        "support": 722.0
    }
}