{
    "R2": -1.1378839485964605,
    "RMSE": 7906.729645960034,
    "MSE": 62516373.69430329,
    "MAPE": 0.503082879749417,
    "ACMAPE": 1.3341078104973394
}