{
    "DOWN": {
        "precision": 0.612565445026178,
        "recall": 0.8931297709923665,
        "f1-score": 0.7267080745341614,
        "support": 131.0
    },
    "UP": {
        "precision": 0.46153846153846156,
        "recall": 0.13953488372093023,
        "f1-score": 0.21428571428571427,
        "support": 86.0
    },
    "accuracy": 0.5944700460829493,
    "macro avg": {
        "precision": 0.5370519532823198,
        "recall": 0.5163323273566484,
        "f1-score": 0.47049689440993786,
        "support": 217.0
    },
    "weighted avg": {
        "precision": 0.552711433137037,
        "recall": 0.5944700460829493,
        "f1-score": 0.5236282451269427,
        "support": 217.0
    }
}