{
    "R2": 0.8603823353379008,
    "RMSE": 13.24800366835084,
    "MSE": 175.50960119663733,
    "MAPE": 0.09218551655092452,
    "ACMAPE": 0.6270692374811572
}