{
    "DOWN": {
        "precision": 0.6027397260273972,
        "recall": 0.6717557251908397,
        "f1-score": 0.6353790613718412,
        "support": 131.0
    },
    "UP": {
        "precision": 0.39436619718309857,
        "recall": 0.32558139534883723,
        "f1-score": 0.35668789808917195,
        "support": 86.0
    },
    "accuracy": 0.5345622119815668,
    "macro avg": {
        "precision": 0.49855296160524787,
        "recall": 0.49866856026983847,
        "f1-score": 0.4960334797305066,
        "support": 217.0
    },
    "weighted avg": {
        "precision": 0.5201585118310392,
        "recall": 0.5345622119815668,
        "f1-score": 0.5249300289188018,
        "support": 217.0
    }
}