{
    "DOWN": {
        "precision": 0.7625160462130937,
        "recall": 0.9295774647887324,
        "f1-score": 0.8377997179125528,
        "support": 639.0
    },
    "UP": {
        "precision": 0.4444444444444444,
        "recall": 0.16289592760180996,
        "f1-score": 0.23841059602649006,
        "support": 221.0
    },
    "accuracy": 0.7325581395348837,
    "macro avg": {
        "precision": 0.6034802453287691,
        "recall": 0.5462366961952712,
        "f1-score": 0.5381051569695214,
        "support": 860.0
    },
    "weighted avg": {
        "precision": 0.6807790415725453,
        "recall": 0.7325581395348837,
        "f1-score": 0.683770652869739,
        "support": 860.0
    }
}