{
<<<<<<< HEAD
    "R2": 0.9618822979465669,
    "RMSE": 6.950798392822789,
    "MSE": 48.31359829766787,
    "MAPE": 0.051979257482301075,
    "ACMAPE": 1.0825674927764188
=======
    "R2": 0.9604555230679281,
    "RMSE": 7.0796902056205075,
    "MSE": 50.12201340755894,
    "MAPE": 0.05492061571030486,
    "ACMAPE": 1.123155909827952
>>>>>>> d5f42532be6a9c18a5da3fb21b671ebbe5b6efbf
}