{
    "DOWN": {
        "precision": 0.7640117994100295,
        "recall": 0.40916271721958924,
        "f1-score": 0.5329218106995884,
        "support": 633.0
    },
    "UP": {
        "precision": 0.26810176125244617,
        "recall": 0.631336405529954,
        "f1-score": 0.3763736263736264,
        "support": 217.0
    },
    "accuracy": 0.46588235294117647,
    "macro avg": {
        "precision": 0.5160567803312378,
        "recall": 0.5202495613747716,
        "f1-score": 0.45464771853660746,
        "support": 850.0
    },
    "weighted avg": {
        "precision": 0.63740888378627,
        "recall": 0.46588235294117647,
        "f1-score": 0.4929559801128428,
        "support": 850.0
    }
}