{
    "R2": 0.8029755139489715,
    "RMSE": 21.60538047216271,
    "MSE": 466.7924653469098,
    "MAPE": 0.09477004784524931,
    "ACMAPE": 1.3205764994581526
}