{
    "DOWN": {
        "precision": 0.7647058823529411,
        "recall": 0.08125,
        "f1-score": 0.14689265536723164,
        "support": 160.0
    },
    "UP": {
        "precision": 0.4,
        "recall": 0.9607843137254902,
        "f1-score": 0.5648414985590778,
        "support": 102.0
    },
    "accuracy": 0.42366412213740456,
    "macro avg": {
        "precision": 0.5823529411764705,
        "recall": 0.5210171568627451,
        "f1-score": 0.3558670769631547,
        "support": 262.0
    },
    "weighted avg": {
        "precision": 0.6227211495285138,
        "recall": 0.42366412213740456,
        "f1-score": 0.3096055637854313,
        "support": 262.0
    }
}