{
    "R2": 0.67857021389003,
    "RMSE": 18.426874450382602,
    "MSE": 339.5497020101632,
    "MAPE": 0.04778031221586107,
    "ACMAPE": 1.0401467244296017
}