{
    "DOWN": {
        "precision": 0.5,
        "recall": 0.00625,
        "f1-score": 0.01234567901234568,
        "support": 160.0
    },
    "UP": {
        "precision": 0.38846153846153847,
        "recall": 0.9901960784313726,
        "f1-score": 0.5580110497237569,
        "support": 102.0
    },
    "accuracy": 0.3893129770992366,
    "macro avg": {
        "precision": 0.4442307692307692,
        "recall": 0.4982230392156863,
        "f1-score": 0.28517836436805133,
        "support": 262.0
    },
    "weighted avg": {
        "precision": 0.45657662947739286,
        "recall": 0.3893129770992366,
        "f1-score": 0.22478028898396382,
        "support": 262.0
    }
}