{
    "R2": 0.9116671871901514,
    "RMSE": 9.659833641479633,
    "MSE": 93.31238598106165,
    "MAPE": 0.029984782225443127,
    "ACMAPE": 1.2055573013094125
}