{
    "R2": 0.9759737232486404,
    "RMSE": 18.973322111852088,
    "MSE": 359.9869519600953,
    "MAPE": 0.05319923349027768,
    "ACMAPE": 1.3132374744080597
}