{
    "DOWN": {
        "precision": 0.6923076923076923,
        "recall": 0.043418332184700204,
        "f1-score": 0.08171206225680934,
        "support": 1451.0
    },
    "UP": {
        "precision": 0.1981513575967649,
        "recall": 0.9245283018867925,
        "f1-score": 0.3263558515699334,
        "support": 371.0
    },
    "accuracy": 0.22283205268935236,
    "macro avg": {
        "precision": 0.44522952495222856,
        "recall": 0.4839733170357463,
        "f1-score": 0.20403395691337137,
        "support": 1822.0
    },
    "weighted avg": {
        "precision": 0.5916863969302202,
        "recall": 0.22283205268935236,
        "f1-score": 0.13152701606315897,
        "support": 1822.0
    }
}