{
    "DOWN": {
        "precision": 0.6842105263157895,
        "recall": 0.04304635761589404,
        "f1-score": 0.08099688473520249,
        "support": 302.0
    },
    "UP": {
        "precision": 0.33715596330275227,
        "recall": 0.9607843137254902,
        "f1-score": 0.499151103565365,
        "support": 153.0
    },
    "accuracy": 0.3516483516483517,
    "macro avg": {
        "precision": 0.5106832448092709,
        "recall": 0.5019153356706921,
        "f1-score": 0.29007399415028373,
        "support": 455.0
    },
    "weighted avg": {
        "precision": 0.5675086622696474,
        "recall": 0.3516483516483517,
        "f1-score": 0.2216069846934769,
        "support": 455.0
    }
}