{
    "DOWN": {
        "precision": 0.7786259541984732,
        "recall": 0.35294117647058826,
        "f1-score": 0.4857142857142857,
        "support": 1445.0
    },
    "UP": {
        "precision": 0.19187554019014694,
        "recall": 0.6049046321525886,
        "f1-score": 0.2913385826771654,
        "support": 367.0
    },
    "accuracy": 0.40397350993377484,
    "macro avg": {
        "precision": 0.4852507471943101,
        "recall": 0.47892290431158846,
        "f1-score": 0.3885264341957255,
        "support": 1812.0
    },
    "weighted avg": {
        "precision": 0.6597863284031886,
        "recall": 0.4039735099337749,
        "f1-score": 0.4463456968541184,
        "support": 1812.0
    }
}