{
    "DOWN": {
        "precision": 0.8528963414634146,
        "recall": 0.776005547850208,
        "f1-score": 0.812636165577342,
        "support": 1442.0
    },
    "UP": {
        "precision": 0.3408163265306122,
        "recall": 0.4638888888888889,
        "f1-score": 0.39294117647058824,
        "support": 360.0
    },
    "accuracy": 0.7136514983351832,
    "macro avg": {
        "precision": 0.5968563339970134,
        "recall": 0.6199472183695485,
        "f1-score": 0.6027886710239652,
        "support": 1802.0
    },
    "weighted avg": {
        "precision": 0.7505940077365507,
        "recall": 0.7136514983351832,
        "f1-score": 0.7287903297957485,
        "support": 1802.0
    }
}