{
    "R2": 0.9781754284414164,
    "RMSE": 30.42120856973467,
    "MSE": 925.4499308432981,
    "MAPE": 0.045759884060226734,
    "ACMAPE": 0.6184568873898604
}