{
    "R2": -112.39834946912478,
    "RMSE": 360.334476679793,
    "MSE": 129840.9350841003,
    "MAPE": 0.7717536487255285,
    "ACMAPE": 2.0728525498244297
}