{
    "DOWN": {
<<<<<<< HEAD
        "precision": 0.7222222222222222,
        "recall": 0.04304635761589404,
        "f1-score": 0.08125,
        "support": 302.0
    },
    "UP": {
        "precision": 0.33867276887871856,
        "recall": 0.9673202614379085,
        "f1-score": 0.5016949152542374,
        "support": 153.0
    },
    "accuracy": 0.35384615384615387,
    "macro avg": {
        "precision": 0.5304474955504703,
        "recall": 0.5051833095269013,
        "f1-score": 0.2914724576271187,
        "support": 455.0
    },
    "weighted avg": {
        "precision": 0.5932484499990222,
        "recall": 0.35384615384615387,
        "f1-score": 0.2226303780964798,
=======
        "precision": 0.6842105263157895,
        "recall": 0.04304635761589404,
        "f1-score": 0.08099688473520249,
        "support": 302.0
    },
    "UP": {
        "precision": 0.33715596330275227,
        "recall": 0.9607843137254902,
        "f1-score": 0.499151103565365,
        "support": 153.0
    },
    "accuracy": 0.3516483516483517,
    "macro avg": {
        "precision": 0.5106832448092709,
        "recall": 0.5019153356706921,
        "f1-score": 0.29007399415028373,
        "support": 455.0
    },
    "weighted avg": {
        "precision": 0.5675086622696474,
        "recall": 0.3516483516483517,
        "f1-score": 0.2216069846934769,
>>>>>>> d5f42532be6a9c18a5da3fb21b671ebbe5b6efbf
        "support": 455.0
    }
}