{
    "DOWN": {
        "precision": 0.6510067114093959,
        "recall": 0.6423841059602649,
        "f1-score": 0.6466666666666665,
        "support": 302.0
    },
    "UP": {
        "precision": 0.31210191082802546,
        "recall": 0.3202614379084967,
        "f1-score": 0.3161290322580645,
        "support": 153.0
    },
    "accuracy": 0.5340659340659341,
    "macro avg": {
        "precision": 0.4815543111187107,
        "recall": 0.4813227719343808,
        "f1-score": 0.4813978494623655,
        "support": 455.0
    },
    "weighted avg": {
        "precision": 0.5370453169281878,
        "recall": 0.5340659340659341,
        "f1-score": 0.5355188467446531,
        "support": 455.0
    }
}