{
    "R2": 0.9835155155146481,
    "RMSE": 11.084711950778221,
    "MSE": 122.87083903172551,
    "MAPE": 0.01985712068570874,
    "ACMAPE": 0.934342286479775
}