{
    "R2": 0.092549205023565,
    "RMSE": 14.253348714628942,
    "MSE": 203.15794958081452,
    "MAPE": 0.02244069042113839,
    "ACMAPE": 0.9748216428020907
}