{
    "DOWN": {
        "precision": 0.6,
        "recall": 0.6067415730337079,
        "f1-score": 0.6033519553072626,
        "support": 89.0
    },
    "UP": {
        "precision": 0.38596491228070173,
        "recall": 0.3793103448275862,
        "f1-score": 0.38260869565217387,
        "support": 58.0
    },
    "accuracy": 0.5170068027210885,
    "macro avg": {
        "precision": 0.49298245614035086,
        "recall": 0.49302595893064705,
        "f1-score": 0.49298032547971826,
        "support": 147.0
    },
    "weighted avg": {
        "precision": 0.5155507817161953,
        "recall": 0.5170068027210885,
        "f1-score": 0.5162559753072956,
        "support": 147.0
    }
}