{
    "R2": 0.9868169617061692,
    "RMSE": 10.115383938493745,
    "MSE": 102.32099222313722,
    "MAPE": 0.018499906858268064,
    "ACMAPE": 0.9504726959739143
}