{
    "R2": 0.9857127338286336,
    "RMSE": 10.304455664127449,
    "MSE": 106.18180653396827,
    "MAPE": 0.020374432034674244,
    "ACMAPE": 0.999247671471294
}