{
    "DOWN": {
        "precision": 0.6650485436893204,
        "recall": 0.38591549295774646,
        "f1-score": 0.4884135472370766,
        "support": 355.0
    },
    "UP": {
        "precision": 0.39779005524861877,
        "recall": 0.676056338028169,
        "f1-score": 0.5008695652173913,
        "support": 213.0
    },
    "accuracy": 0.49471830985915494,
    "macro avg": {
        "precision": 0.5314192994689696,
        "recall": 0.5309859154929577,
        "f1-score": 0.49464155622723394,
        "support": 568.0
    },
    "weighted avg": {
        "precision": 0.5648266105240574,
        "recall": 0.49471830985915494,
        "f1-score": 0.4930845539796947,
        "support": 568.0
    }
}