{
    "R2": 0.9956283308012498,
    "RMSE": 5.612123124491725,
    "MSE": 31.495925964454763,
    "MAPE": 0.02640820992922452,
    "ACMAPE": 1.2623443980064704
}