{
    "R2": -20.462124637064363,
    "RMSE": 94.19857835160978,
    "MSE": 8873.372163464368,
    "MAPE": 0.4147291089359109,
    "ACMAPE": 1.8962105904173923
}