{
    "R2": 0.9928768247058621,
    "RMSE": 7.193003246191109,
    "MSE": 51.73929569971584,
    "MAPE": 0.05007405315521979,
    "ACMAPE": 1.2930884477360833
}