{
    "R2": 0.9927696173901067,
    "RMSE": 7.275983439942655,
    "MSE": 52.939935018319744,
    "MAPE": 0.05577284505302007,
    "ACMAPE": 0.5630315982554112
}