{
    "R2": 0.9715599270605301,
    "RMSE": 15.15822549459743,
    "MSE": 229.77180014506348,
    "MAPE": 0.035575320352741774,
    "ACMAPE": 0.9843705010756334
}