{
    "R2": -8.197852021445751,
    "RMSE": 331.66351517065084,
    "MSE": 110000.68729535255,
    "MAPE": 0.41727195449654636,
    "ACMAPE": 1.2076911161731931
}