{
    "R2": 0.9514940768796354,
    "RMSE": 24.085289859449226,
    "MSE": 580.1011876136878,
    "MAPE": 0.024886046213024676,
    "ACMAPE": 0.7494369444166176
}