{
<<<<<<< HEAD
    "R2": -9.041825993463101,
    "RMSE": 346.5459566318752,
    "MSE": 120094.10005790151,
    "MAPE": 0.4223197862176674,
    "ACMAPE": 1.212738947894314
=======
    "R2": -9.178779497029767,
    "RMSE": 348.9011038065012,
    "MSE": 121731.98023739495,
    "MAPE": 0.42639533653028805,
    "ACMAPE": 1.2168144982069347
>>>>>>> d5f42532be6a9c18a5da3fb21b671ebbe5b6efbf
}