{
    "R2": 0.9906485146508477,
    "RMSE": 8.847307638915469,
    "MSE": 78.27485245761201,
    "MAPE": 0.021381407034311812,
    "ACMAPE": 1.2500809586038186
}