{
    "DOWN": {
        "precision": 0.7806691449814126,
        "recall": 0.2158273381294964,
        "f1-score": 0.33816425120772947,
        "support": 973.0
    },
    "UP": {
        "precision": 0.2862488306828812,
        "recall": 0.8383561643835616,
        "f1-score": 0.42677824267782427,
        "support": 365.0
    },
    "accuracy": 0.38565022421524664,
    "macro avg": {
        "precision": 0.533458987832147,
        "recall": 0.527091751256529,
        "f1-score": 0.3824712469427769,
        "support": 1338.0
    },
    "weighted avg": {
        "precision": 0.645793648180991,
        "recall": 0.38565022421524664,
        "f1-score": 0.362337724217135,
        "support": 1338.0
    }
}