{
    "DOWN": {
        "precision": 0.6372881355932203,
        "recall": 0.9306930693069307,
        "f1-score": 0.7565392354124748,
        "support": 202.0
    },
    "UP": {
        "precision": 0.6410256410256411,
        "recall": 0.1893939393939394,
        "f1-score": 0.2923976608187135,
        "support": 132.0
    },
    "accuracy": 0.6377245508982036,
    "macro avg": {
        "precision": 0.6391568883094307,
        "recall": 0.560043504350435,
        "f1-score": 0.5244684481155941,
        "support": 334.0
    },
    "weighted avg": {
        "precision": 0.6387652335485483,
        "recall": 0.6377245508982036,
        "f1-score": 0.5731060382676351,
        "support": 334.0
    }
}