{
    "DOWN": {
        "precision": 0.7331081081081081,
        "recall": 0.2246376811594203,
        "f1-score": 0.3438985736925515,
        "support": 966.0
    },
    "UP": {
        "precision": 0.2671232876712329,
        "recall": 0.7755681818181818,
        "f1-score": 0.39737991266375544,
        "support": 352.0
    },
    "accuracy": 0.37177541729893776,
    "macro avg": {
        "precision": 0.5001156978896705,
        "recall": 0.500102931488801,
        "f1-score": 0.37063924317815344,
        "support": 1318.0
    },
    "weighted avg": {
        "precision": 0.6086569269292157,
        "recall": 0.37177541729893776,
        "f1-score": 0.358181905496697,
        "support": 1318.0
    }
}