{
    "DOWN": {
<<<<<<< HEAD
        "precision": 0.7076923076923077,
        "recall": 0.40233236151603496,
        "f1-score": 0.5130111524163569,
        "support": 343.0
    },
    "UP": {
        "precision": 0.4092219020172911,
        "recall": 0.7135678391959799,
        "f1-score": 0.5201465201465202,
        "support": 199.0
    },
    "accuracy": 0.5166051660516605,
    "macro avg": {
        "precision": 0.5584571048547994,
        "recall": 0.5579501003560075,
        "f1-score": 0.5165788362814385,
        "support": 542.0
    },
    "weighted avg": {
        "precision": 0.5981063100367205,
        "recall": 0.5166051660516605,
        "f1-score": 0.5156309645534464,
=======
        "precision": 0.7121212121212122,
        "recall": 0.4110787172011662,
        "f1-score": 0.5212569316081331,
        "support": 343.0
    },
    "UP": {
        "precision": 0.4127906976744186,
        "recall": 0.7135678391959799,
        "f1-score": 0.5230202578268877,
        "support": 199.0
    },
    "accuracy": 0.522140221402214,
    "macro avg": {
        "precision": 0.5624559548978154,
        "recall": 0.562323278198573,
        "f1-score": 0.5221385947175103,
        "support": 542.0
    },
    "weighted avg": {
        "precision": 0.6022194180715592,
        "recall": 0.522140221402214,
        "f1-score": 0.521904352120185,
>>>>>>> d5f42532be6a9c18a5da3fb21b671ebbe5b6efbf
        "support": 542.0
    }
}