{
    "DOWN": {
        "precision": 0.6572008113590264,
        "recall": 0.9364161849710982,
        "f1-score": 0.7723480333730632,
        "support": 346.0
    },
    "UP": {
        "precision": 0.5925925925925926,
        "recall": 0.15920398009950248,
        "f1-score": 0.25098039215686274,
        "support": 201.0
    },
    "accuracy": 0.6508226691042047,
    "macro avg": {
        "precision": 0.6248967019758095,
        "recall": 0.5478100825353004,
        "f1-score": 0.511664212764963,
        "support": 547.0
    },
    "weighted avg": {
        "precision": 0.6334599485216349,
        "recall": 0.6508226691042047,
        "f1-score": 0.5807668708786276,
        "support": 547.0
    }
}