{
    "R2": 0.9243725446959412,
    "RMSE": 8.940929759698971,
    "MSE": 79.94022496787069,
    "MAPE": 0.055697123876723854,
    "ACMAPE": 1.3985542667338668
}