{
    "R2": 0.8714831789486351,
    "RMSE": 11.65528577681908,
    "MSE": 135.84568653932115,
    "MAPE": 0.07059971860842512,
    "ACMAPE": 0.7991711471798537
}