{
    "R2": 0.7900445054282481,
    "RMSE": 14.89726562842999,
    "MSE": 221.92852320400158,
    "MAPE": 0.12062611980357686,
    "ACMAPE": 1.5063404055178626
}