{
    "DOWN": {
        "precision": 0.7272727272727273,
        "recall": 0.3667621776504298,
        "f1-score": 0.4876190476190477,
        "support": 349.0
    },
    "UP": {
        "precision": 0.4122340425531915,
        "recall": 0.7635467980295566,
        "f1-score": 0.535405872193437,
        "support": 203.0
    },
    "accuracy": 0.5126811594202898,
    "macro avg": {
        "precision": 0.5697533849129595,
        "recall": 0.5651544878399932,
        "f1-score": 0.5115124599062424,
        "support": 552.0
    },
    "weighted avg": {
        "precision": 0.6114161095226082,
        "recall": 0.5126811594202898,
        "f1-score": 0.5051928254969481,
        "support": 552.0
    }
}