{
    "R2": 0.8349203593339436,
    "RMSE": 27.364519436215637,
    "MSE": 748.8169239750233,
    "MAPE": 0.05918280880285415,
    "ACMAPE": 0.8770399516599969
}