{
    "DOWN": {
        "precision": 0.8237885462555066,
        "recall": 0.6415094339622641,
        "f1-score": 0.7213114754098362,
        "support": 1749.0
    },
    "UP": {
        "precision": 0.27177700348432055,
        "recall": 0.4936708860759494,
        "f1-score": 0.350561797752809,
        "support": 474.0
    },
    "accuracy": 0.6099865047233468,
    "macro avg": {
        "precision": 0.5477827748699136,
        "recall": 0.5675901600191068,
        "f1-score": 0.5359366365813226,
        "support": 2223.0
    },
    "weighted avg": {
        "precision": 0.706085680185537,
        "recall": 0.6099865047233468,
        "f1-score": 0.6422582377987561,
        "support": 2223.0
    }
}