{
    "DOWN": {
        "precision": 0.25,
        "recall": 0.006042296072507553,
        "f1-score": 0.011799410029498525,
        "support": 331.0
    },
    "UP": {
        "precision": 0.40398550724637683,
        "recall": 0.9737991266375546,
        "f1-score": 0.5710627400768247,
        "support": 229.0
    },
    "accuracy": 0.4017857142857143,
    "macro avg": {
        "precision": 0.3269927536231884,
        "recall": 0.48992071135503107,
        "f1-score": 0.29143107505316157,
        "support": 560.0
    },
    "weighted avg": {
        "precision": 0.31296907349896486,
        "recall": 0.4017857142857143,
        "f1-score": 0.24049816463813722,
        "support": 560.0
    }
}