{
    "DOWN": {
        "precision": 0.8056338028169014,
        "recall": 0.6518518518518519,
        "f1-score": 0.7206299212598426,
        "support": 1755.0
    },
    "UP": {
        "precision": 0.24846248462484624,
        "recall": 0.4225941422594142,
        "f1-score": 0.3129357087529047,
        "support": 478.0
    },
    "accuracy": 0.6027765338110166,
    "macro avg": {
        "precision": 0.5270481437208738,
        "recall": 0.537222997055633,
        "f1-score": 0.5167828150063737,
        "support": 2233.0
    },
    "weighted avg": {
        "precision": 0.6863647073866271,
        "recall": 0.6027765338110166,
        "f1-score": 0.6333581641714788,
        "support": 2233.0
    }
}