{
    "R2": 0.9864539974876515,
    "RMSE": 19.948414747906988,
    "MSE": 397.93925095451294,
    "MAPE": 0.06608512430523188,
    "ACMAPE": 1.105511647602723
}