{
<<<<<<< HEAD
    "R2": 0.9683688897597231,
    "RMSE": 30.585865628863644,
    "MSE": 935.4951762669024,
    "MAPE": 0.13316993694317458,
    "ACMAPE": 1.3845261756411853
=======
    "R2": 0.9698265885767183,
    "RMSE": 29.87278860674064,
    "MSE": 892.3834991430134,
    "MAPE": 0.13652327152682087,
    "ACMAPE": 1.4023460563369476
>>>>>>> d5f42532be6a9c18a5da3fb21b671ebbe5b6efbf
}