{
    "DOWN": {
        "precision": 0.7078651685393258,
        "recall": 0.16279069767441862,
        "f1-score": 0.2647058823529412,
        "support": 387.0
    },
    "UP": {
        "precision": 0.3017241379310345,
        "recall": 0.8433734939759037,
        "f1-score": 0.4444444444444444,
        "support": 166.0
    },
    "accuracy": 0.3670886075949367,
    "macro avg": {
        "precision": 0.5047946532351801,
        "recall": 0.5030820958251612,
        "f1-score": 0.35457516339869277,
        "support": 553.0
    },
    "weighted avg": {
        "precision": 0.585949416132497,
        "recall": 0.3670886075949367,
        "f1-score": 0.3186599534328499,
        "support": 553.0
    }
}