{
    "R2": -0.3398933525965555,
    "RMSE": 0.9417008856408389,
    "MSE": 0.8868005580167403,
    "MAPE": 0.015550405084985017,
    "ACMAPE": 1.8337322232668032
}