{
    "DOWN": {
        "precision": 0.7204301075268817,
        "recall": 0.1731266149870801,
        "f1-score": 0.2791666666666667,
        "support": 387.0
    },
    "UP": {
        "precision": 0.30434782608695654,
        "recall": 0.8433734939759037,
        "f1-score": 0.4472843450479233,
        "support": 166.0
    },
    "accuracy": 0.3743218806509946,
    "macro avg": {
        "precision": 0.5123889668069191,
        "recall": 0.5082500544814919,
        "f1-score": 0.36322550585729496,
        "support": 553.0
    },
    "weighted avg": {
        "precision": 0.5955301821760182,
        "recall": 0.3743218806509946,
        "f1-score": 0.3296323712078757,
        "support": 553.0
    }
}