{
    "DOWN": {
        "precision": 0.644927536231884,
        "recall": 0.4,
        "f1-score": 0.49375866851595,
        "support": 445.0
    },
    "UP": {
        "precision": 0.3972911963882618,
        "recall": 0.6423357664233577,
        "f1-score": 0.4909344490934449,
        "support": 274.0
    },
    "accuracy": 0.49235048678720444,
    "macro avg": {
        "precision": 0.521109366310073,
        "recall": 0.5211678832116788,
        "f1-score": 0.49234655880469747,
        "support": 719.0
    },
    "weighted avg": {
        "precision": 0.5505570812706149,
        "recall": 0.49235048678720444,
        "f1-score": 0.4926824013090426,
        "support": 719.0
    }
}