{
<<<<<<< HEAD
    "R2": 0.9821598058133167,
    "RMSE": 28.798027936802335,
    "MSE": 829.3264130488478,
    "MAPE": 0.0629544021713674,
    "ACMAPE": 1.0782534285969587
=======
    "R2": 0.980361788780288,
    "RMSE": 30.214396453707053,
    "MSE": 912.9097530617853,
    "MAPE": 0.0642620812138236,
    "ACMAPE": 1.0767794664711254
>>>>>>> d5f42532be6a9c18a5da3fb21b671ebbe5b6efbf
}