{
    "R2": 0.9764144168378633,
    "RMSE": 33.025724068817894,
    "MSE": 1090.6984502696973,
    "MAPE": 0.0651622200019817,
    "ACMAPE": 1.0967122885890872
}