{
    "R2": 0.9863534265429171,
    "RMSE": 25.095534561997706,
    "MSE": 629.7858549524213,
    "MAPE": 0.05110488880950153,
    "ACMAPE": 1.239115787992063
}