{
    "R2": -40.29092547786398,
    "RMSE": 105.9590863977923,
    "MSE": 11227.327990254815,
    "MAPE": 0.1553311203294416,
    "ACMAPE": 1.506682471680793
}