{
    "DOWN": {
        "precision": 0.632996632996633,
        "recall": 0.2988871224165342,
        "f1-score": 0.40604751619870416,
        "support": 629.0
    },
    "UP": {
        "precision": 0.4294954721862872,
        "recall": 0.7528344671201814,
        "f1-score": 0.5469522240527184,
        "support": 441.0
    },
    "accuracy": 0.48598130841121495,
    "macro avg": {
        "precision": 0.5312460525914601,
        "recall": 0.5258607947683578,
        "f1-score": 0.47649987012571127,
        "support": 1070.0
    },
    "weighted avg": {
        "precision": 0.5491237246626494,
        "recall": 0.48598130841121495,
        "f1-score": 0.4641213256974147,
        "support": 1070.0
    }
}