{
    "R2": 0.9836859899487549,
    "RMSE": 51.579088769239334,
    "MSE": 2660.402398265071,
    "MAPE": 0.02550715576481972,
    "ACMAPE": 1.0535445389423896
}