{
    "R2": -1.3000338090104155,
    "RMSE": 612.4355786257379,
    "MSE": 375077.3379666424,
    "MAPE": 0.2514514920119901,
    "ACMAPE": 1.109395417245635
}