{
    "DOWN": {
        "precision": 0.6174242424242424,
        "recall": 0.2591414944356121,
        "f1-score": 0.3650615901455767,
        "support": 629.0
    },
    "UP": {
        "precision": 0.4218362282878412,
        "recall": 0.7709750566893424,
        "f1-score": 0.545308740978348,
        "support": 441.0
    },
    "accuracy": 0.4700934579439252,
    "macro avg": {
        "precision": 0.5196302353560418,
        "recall": 0.5150582755624773,
        "f1-score": 0.45518516556196237,
        "support": 1070.0
    },
    "weighted avg": {
        "precision": 0.5368127337941929,
        "recall": 0.4700934579439252,
        "f1-score": 0.4393503691336628,
        "support": 1070.0
    }
}