{
    "DOWN": {
        "precision": 0.7454545454545455,
        "recall": 0.03770692826486818,
        "f1-score": 0.07178290049606069,
        "support": 3262.0
    },
    "UP": {
        "precision": 0.23681011427182105,
        "recall": 0.9586614173228346,
        "f1-score": 0.3798011308247222,
        "support": 1016.0
    },
    "accuracy": 0.25642823749415616,
    "macro avg": {
        "precision": 0.4911323298631833,
        "recall": 0.4981841727938514,
        "f1-score": 0.22579201566039145,
        "support": 4278.0
    },
    "weighted avg": {
        "precision": 0.624654465491561,
        "recall": 0.25642823749415616,
        "f1-score": 0.1449354301860841,
        "support": 4278.0
    }
}