{
    "R2": 0.9929247331404951,
    "RMSE": 27.166379297371325,
    "MSE": 738.0121641286453,
    "MAPE": 0.07838685897281102,
    "ACMAPE": 1.5343756518749825
}