{
    "R2": 0.8126519565936575,
    "RMSE": 25.121905152661252,
    "MSE": 631.110118499308,
    "MAPE": 1.3130476726201876,
    "ACMAPE": 2.8825607283717756
}