{
    "R2": -0.6389144328452963,
    "RMSE": 103.26603554970886,
    "MSE": 10663.874098153734,
    "MAPE": 0.2884443703509733,
    "ACMAPE": 1.1413028520754345
}