{
    "R2": 0.9262570033094314,
    "RMSE": 15.735437233903692,
    "MSE": 247.60398494212265,
    "MAPE": 0.45760122872993475,
    "ACMAPE": 1.8500062920210738
}