{
    "R2": 0.9402118671119375,
    "RMSE": 14.176512895101997,
    "MSE": 200.9735178649932,
    "MAPE": 0.6539146395334514,
    "ACMAPE": 2.1366651675785113
}