{
    "R2": 0.9881252584182516,
    "RMSE": 6.311078617476728,
    "MSE": 39.829713315971965,
    "MAPE": 0.09186590741174197,
    "ACMAPE": 0.7774196419001521
}