{
    "DOWN": {
        "precision": 0.6,
        "recall": 0.009478672985781991,
        "f1-score": 0.01866251944012442,
        "support": 633.0
    },
    "UP": {
        "precision": 0.3522727272727273,
        "recall": 0.9884057971014493,
        "f1-score": 0.5194211728865195,
        "support": 345.0
    },
    "accuracy": 0.35480572597137017,
    "macro avg": {
        "precision": 0.47613636363636364,
        "recall": 0.4989422350436156,
        "f1-score": 0.26904184616332194,
        "support": 978.0
    },
    "weighted avg": {
        "precision": 0.512611544896821,
        "recall": 0.35480572597137017,
        "f1-score": 0.1953105106865521,
        "support": 978.0
    }
}