{
    "DOWN": {
        "precision": 0.5833333333333334,
        "recall": 0.011058451816745656,
        "f1-score": 0.021705426356589147,
        "support": 633.0
    },
    "UP": {
        "precision": 0.35196687370600416,
        "recall": 0.9855072463768116,
        "f1-score": 0.5186880244088482,
        "support": 345.0
    },
    "accuracy": 0.35480572597137017,
    "macro avg": {
        "precision": 0.46765010351966874,
        "recall": 0.49828284909677867,
        "f1-score": 0.27019672538271866,
        "support": 978.0
    },
    "weighted avg": {
        "precision": 0.5017163307040607,
        "recall": 0.35480572597137017,
        "f1-score": 0.19702137352226334,
        "support": 978.0
    }
}