{
    "R2": 0.9819952463210753,
    "RMSE": 13.791864057315859,
    "MSE": 190.21551417548108,
    "MAPE": 0.03515154249599917,
    "ACMAPE": 1.373939576246958
}