{
    "R2": 0.9434180535698533,
    "RMSE": 11.57760922242408,
    "MSE": 134.04103530715912,
    "MAPE": 0.039507369993827715,
    "ACMAPE": 1.3298959180510874
}