{
    "R2": 0.8401524218493721,
    "RMSE": 9.266286896158213,
    "MSE": 85.86407284191341,
    "MAPE": 0.02350780220511559,
    "ACMAPE": 1.1775307907108628
}