{
    "R2": 0.849866229955039,
    "RMSE": 8.980321962303245,
    "MSE": 80.64618254662602,
    "MAPE": 0.022595065589719174,
    "ACMAPE": 0.9605261000724779
}