{
    "R2": 0.8552947909796752,
    "RMSE": 8.816471226988638,
    "MSE": 77.73016489631853,
    "MAPE": 0.01924830776594078,
    "ACMAPE": 0.8330414112142167
}