{
    "DOWN": {
        "precision": 0.7727272727272727,
        "recall": 0.17770034843205576,
        "f1-score": 0.2889518413597734,
        "support": 287.0
    },
    "UP": {
        "precision": 0.3604336043360434,
        "recall": 0.8986486486486487,
        "f1-score": 0.5145067698259188,
        "support": 148.0
    },
    "accuracy": 0.42298850574712643,
    "macro avg": {
        "precision": 0.5665804385316581,
        "recall": 0.5381744985403523,
        "f1-score": 0.40172930559284614,
        "support": 435.0
    },
    "weighted avg": {
        "precision": 0.6324526453206015,
        "recall": 0.42298850574712643,
        "f1-score": 0.36569236874595623,
        "support": 435.0
    }
}