{
    "R2": 0.9658268142190815,
    "RMSE": 5.961597446482868,
    "MSE": 35.54064411391105,
    "MAPE": 0.015330347223607729,
    "ACMAPE": 0.6908653385480727
}