{
<<<<<<< HEAD
    "R2": 0.970941132255022,
    "RMSE": 5.498150448055422,
    "MSE": 30.22965834945204,
    "MAPE": 0.012453064112468526,
    "ACMAPE": 1.0665542857529573
=======
    "R2": 0.9710332936885392,
    "RMSE": 5.4894247151951925,
    "MSE": 30.133783703795824,
    "MAPE": 0.012353421603366528,
    "ACMAPE": 1.0466757019989452
>>>>>>> d5f42532be6a9c18a5da3fb21b671ebbe5b6efbf
}