{
    "R2": 0.970941132255022,
    "RMSE": 5.498150448055422,
    "MSE": 30.22965834945204,
    "MAPE": 0.012453064112468526,
    "ACMAPE": 1.0665542857529573
}