{
    "DOWN": {
        "precision": 0.815929203539823,
        "recall": 0.36500395882818687,
        "f1-score": 0.5043763676148796,
        "support": 1263.0
    },
    "UP": {
        "precision": 0.3050259965337955,
        "recall": 0.7719298245614035,
        "f1-score": 0.4372670807453416,
        "support": 456.0
    },
    "accuracy": 0.47294938917975565,
    "macro avg": {
        "precision": 0.5604776000368092,
        "recall": 0.5684668916947951,
        "f1-score": 0.4708217241801106,
        "support": 1719.0
    },
    "weighted avg": {
        "precision": 0.6804016512450303,
        "recall": 0.47294938917975565,
        "f1-score": 0.4865742531224367,
        "support": 1719.0
    }
}