{
    "DOWN": {
        "precision": 0.7022094140249759,
        "recall": 0.9959128065395095,
        "f1-score": 0.823661971830986,
        "support": 734.0
    },
    "UP": {
        "precision": 0.4,
        "recall": 0.00641025641025641,
        "f1-score": 0.012618296529968454,
        "support": 312.0
    },
    "accuracy": 0.7007648183556405,
    "macro avg": {
        "precision": 0.5511047070124879,
        "recall": 0.501161531474883,
        "f1-score": 0.41814013418047724,
        "support": 1046.0
    },
    "weighted avg": {
        "precision": 0.612066644258444,
        "recall": 0.7007648183556405,
        "f1-score": 0.5817445466933976,
        "support": 1046.0
    }
}