{
    "R2": 0.996011496381036,
    "RMSE": 19.900177124953537,
    "MSE": 396.01704960452406,
    "MAPE": 0.02206429414249128,
    "ACMAPE": 0.6599047145916075
}