{
    "DOWN": {
        "precision": 0.9770884737398661,
        "recall": 0.685799109351806,
        "f1-score": 0.8059310946358482,
        "support": 4042.0
    },
    "UP": {
        "precision": 0.05856189770200148,
        "recall": 0.5486111111111112,
        "f1-score": 0.1058271935699933,
        "support": 144.0
    },
    "accuracy": 0.6810797897754419,
    "macro avg": {
        "precision": 0.5178251857209337,
        "recall": 0.6172051102314586,
        "f1-score": 0.45587914410292074,
        "support": 4186.0
    },
    "weighted avg": {
        "precision": 0.9454908084389935,
        "recall": 0.6810797897754419,
        "f1-score": 0.7818472528409406,
        "support": 4186.0
    }
}