{
    "DOWN": {
        "precision": 0.6681818181818182,
        "recall": 0.20027247956403268,
        "f1-score": 0.3081761006289308,
        "support": 734.0
    },
    "UP": {
        "precision": 0.28934624697336564,
        "recall": 0.7660256410256411,
        "f1-score": 0.42003514938488573,
        "support": 312.0
    },
    "accuracy": 0.3690248565965583,
    "macro avg": {
        "precision": 0.4787640325775919,
        "recall": 0.4831490602948369,
        "f1-score": 0.36410562500690824,
        "support": 1046.0
    },
    "weighted avg": {
        "precision": 0.5551830627161994,
        "recall": 0.3690248565965583,
        "f1-score": 0.3415413235848179,
        "support": 1046.0
    }
}