{
    "R2": 0.9846328040594633,
    "RMSE": 87.40952548787158,
    "MSE": 7640.425146014872,
    "MAPE": 0.02657636507496579,
    "ACMAPE": 1.288526651881849
}