{
    "DOWN": {
        "precision": 0.7466666666666667,
        "recall": 0.013902681231380337,
        "f1-score": 0.027297099683158663,
        "support": 4028.0
    },
    "UP": {
        "precision": 0.029088242483500365,
        "recall": 0.8623188405797102,
        "f1-score": 0.05627807992433199,
        "support": 138.0
    },
    "accuracy": 0.04200672107537206,
    "macro avg": {
        "precision": 0.38787745457508355,
        "recall": 0.4381107609055453,
        "f1-score": 0.04178758980374533,
        "support": 4166.0
    },
    "weighted avg": {
        "precision": 0.7228966660576228,
        "recall": 0.04200672107537206,
        "f1-score": 0.028257103349332912,
        "support": 4166.0
    }
}