{
    "R2": 0.5507283784418582,
    "RMSE": 13.797926395765895,
    "MSE": 190.38277282297324,
    "MAPE": 0.09681823162298521,
    "ACMAPE": 1.4211425559473096
}