{
    "R2": 0.7496369318553071,
    "RMSE": 10.30017166745537,
    "MSE": 106.09353637905032,
    "MAPE": 0.06845721303619068,
    "ACMAPE": 1.34773649231547
}