{
    "DOWN": {
        "precision": 0.68,
        "recall": 0.5221843003412969,
        "f1-score": 0.5907335907335907,
        "support": 586.0
    },
    "UP": {
        "precision": 0.3442622950819672,
        "recall": 0.5051546391752577,
        "f1-score": 0.40947075208913647,
        "support": 291.0
    },
    "accuracy": 0.5165336374002281,
    "macro avg": {
        "precision": 0.5121311475409837,
        "recall": 0.5136694697582773,
        "f1-score": 0.5001021714113636,
        "support": 877.0
    },
    "weighted avg": {
        "precision": 0.5685978653008581,
        "recall": 0.5165336374002281,
        "f1-score": 0.5305882246611435,
        "support": 877.0
    }
}