{
    "R2": 0.9923304763272931,
    "RMSE": 9.268171010993507,
    "MSE": 85.8989938890204,
    "MAPE": 0.03361606025114129,
    "ACMAPE": 1.0005487854506852
}