{
    "R2": 0.941832625317007,
    "RMSE": 4.9647691747536635,
    "MSE": 24.648932958584176,
    "MAPE": 0.02153647186902631,
    "ACMAPE": 0.7782932286257831
}