{
    "DOWN": {
<<<<<<< HEAD
        "precision": 0.7224669603524229,
        "recall": 0.8770053475935828,
        "f1-score": 0.7922705314009661,
        "support": 561.0
    },
    "UP": {
        "precision": 0.4344262295081967,
        "recall": 0.2190082644628099,
        "f1-score": 0.2912087912087912,
        "support": 242.0
    },
    "accuracy": 0.6787048567870486,
    "macro avg": {
        "precision": 0.5784465949303098,
        "recall": 0.5480068060281964,
        "f1-score": 0.5417396613048786,
        "support": 803.0
    },
    "weighted avg": {
        "precision": 0.6356601647555328,
        "recall": 0.6787048567870486,
        "f1-score": 0.6412656233978449,
=======
        "precision": 0.7235294117647059,
        "recall": 0.8770053475935828,
        "f1-score": 0.7929089443996775,
        "support": 561.0
    },
    "UP": {
        "precision": 0.43902439024390244,
        "recall": 0.2231404958677686,
        "f1-score": 0.2958904109589041,
        "support": 242.0
    },
    "accuracy": 0.6799501867995019,
    "macro avg": {
        "precision": 0.5812769010043042,
        "recall": 0.5500729217306757,
        "f1-score": 0.5443996776792908,
        "support": 803.0
    },
    "weighted avg": {
        "precision": 0.6377881724022719,
        "recall": 0.6799501867995019,
        "f1-score": 0.6431225370613622,
>>>>>>> d5f42532be6a9c18a5da3fb21b671ebbe5b6efbf
        "support": 803.0
    }
}