{
    "R2": 0.668534618244554,
    "RMSE": 75.87295925007147,
    "MSE": 5756.705945363007,
    "MAPE": 0.08553536223640026,
    "ACMAPE": 0.6389334204888274
}