{
    "DOWN": {
        "precision": 0.7823240589198036,
        "recall": 0.82842287694974,
        "f1-score": 0.8047138047138047,
        "support": 577.0
    },
    "UP": {
        "precision": 0.5330188679245284,
        "recall": 0.45934959349593496,
        "f1-score": 0.49344978165938863,
        "support": 246.0
    },
    "accuracy": 0.7181044957472661,
    "macro avg": {
        "precision": 0.657671463422166,
        "recall": 0.6438862352228375,
        "f1-score": 0.6490817931865966,
        "support": 823.0
    },
    "weighted avg": {
        "precision": 0.7078051318422366,
        "recall": 0.7181044957472661,
        "f1-score": 0.711674983727916,
        "support": 823.0
    }
}