{
    "DOWN": {
        "precision": 0.6363636363636364,
        "recall": 0.19230769230769232,
        "f1-score": 0.29535864978902954,
        "support": 182.0
    },
    "UP": {
        "precision": 0.38493723849372385,
        "recall": 0.8214285714285714,
        "f1-score": 0.5242165242165241,
        "support": 112.0
    },
    "accuracy": 0.43197278911564624,
    "macro avg": {
        "precision": 0.5106504374286801,
        "recall": 0.5068681318681318,
        "f1-score": 0.40978758700277684,
        "support": 294.0
    },
    "weighted avg": {
        "precision": 0.5405821514608126,
        "recall": 0.43197278911564624,
        "f1-score": 0.3825426019518846,
        "support": 294.0
    }
}