{
    "R2": 0.9916662245245567,
    "RMSE": 12.92189156722691,
    "MSE": 166.9752816751699,
    "MAPE": 0.03395406002453188,
    "ACMAPE": 1.0005922122914266
}