{
    "R2": 0.9906903709619499,
    "RMSE": 13.481760574622527,
    "MSE": 181.75786819144633,
    "MAPE": 0.029375030473595475,
    "ACMAPE": 0.9163465576521977
}