{
<<<<<<< HEAD
    "R2": 0.896171509439299,
    "RMSE": 25.909622280111638,
    "MSE": 671.3085266980573,
    "MAPE": 0.029010267921532457,
    "ACMAPE": 0.7977177509147297
=======
    "R2": 0.9042899766119761,
    "RMSE": 24.876055823235355,
    "MSE": 618.8181533207216,
    "MAPE": 0.027601193350119478,
    "ACMAPE": 0.8235195606970582
>>>>>>> d5f42532be6a9c18a5da3fb21b671ebbe5b6efbf
}