{
    "R2": 0.9042899766119761,
    "RMSE": 24.876055823235355,
    "MSE": 618.8181533207216,
    "MAPE": 0.027601193350119478,
    "ACMAPE": 0.8235195606970582
}