{
    "R2": 0.9287566854104045,
    "RMSE": 21.46223124830813,
    "MSE": 460.6273701558539,
    "MAPE": 0.028109821986900287,
    "ACMAPE": 1.164164243755608
}