{
    "DOWN": {
        "precision": 0.6579710144927536,
        "recall": 0.6931297709923664,
        "f1-score": 0.6750929368029739,
        "support": 655.0
    },
    "UP": {
        "precision": 0.4139941690962099,
        "recall": 0.37566137566137564,
        "f1-score": 0.39389736477115117,
        "support": 378.0
    },
    "accuracy": 0.5769603097773476,
    "macro avg": {
        "precision": 0.5359825917944818,
        "recall": 0.534395573326871,
        "f1-score": 0.5344951507870626,
        "support": 1033.0
    },
    "weighted avg": {
        "precision": 0.568693911337,
        "recall": 0.5769603097773476,
        "f1-score": 0.572196590018822,
        "support": 1033.0
    }
}