{
    "DOWN": {
        "precision": 0.7172131147540983,
        "recall": 0.16789254876878798,
        "f1-score": 0.27209121534076186,
        "support": 3127.0
    },
    "UP": {
        "precision": 0.23357879234167894,
        "recall": 0.793,
        "f1-score": 0.36086461888509674,
        "support": 1000.0
    },
    "accuracy": 0.31936031015265326,
    "macro avg": {
        "precision": 0.47539595354788866,
        "recall": 0.480446274384394,
        "f1-score": 0.3164779171129293,
        "support": 4127.0
    },
    "weighted avg": {
        "precision": 0.6000252488921115,
        "recall": 0.31936031015265326,
        "f1-score": 0.29360161115959754,
        "support": 4127.0
    }
}