{
    "R2": 0.9914908091739966,
    "RMSE": 21.52763354158459,
    "MSE": 463.4390059007579,
    "MAPE": 760165663399990.2,
    "ACMAPE": 760165663399991.4
}