{
    "R2": 0.9850630857966562,
    "RMSE": 24.75137148512925,
    "MSE": 612.6303903948694,
    "MAPE": 0.024777932169680432,
    "ACMAPE": 0.8708573126149852
}