{
    "R2": 0.9848422430910763,
    "RMSE": 24.93367498616106,
    "MSE": 621.6881483155137,
    "MAPE": 0.02457649339803286,
    "ACMAPE": 0.7796587780059709
}