{
    "R2": 0.9900392794506625,
    "RMSE": 23.27711209566255,
    "MSE": 541.8239475140398,
    "MAPE": 755744004892827.5,
    "ACMAPE": 755744004892828.5
}