{
    "DOWN": {
        "precision": 0.6584845250800427,
        "recall": 0.4289190128606187,
        "f1-score": 0.5194695853504525,
        "support": 2877.0
    },
    "UP": {
        "precision": 0.3241464417935006,
        "recall": 0.5518207282913166,
        "f1-score": 0.40839595750194346,
        "support": 1428.0
    },
    "accuracy": 0.4696864111498258,
    "macro avg": {
        "precision": 0.49131548343677167,
        "recall": 0.4903698705759676,
        "f1-score": 0.463932771426198,
        "support": 4305.0
    },
    "weighted avg": {
        "precision": 0.5475821364776775,
        "recall": 0.4696864111498258,
        "f1-score": 0.4826256502592398,
        "support": 4305.0
    }
}