{
    "DOWN": {
        "precision": 0.6112531969309463,
        "recall": 0.7264437689969605,
        "f1-score": 0.6638888888888889,
        "support": 658.0
    },
    "UP": {
        "precision": 0.3939393939393939,
        "recall": 0.27790973871733965,
        "f1-score": 0.3259052924791086,
        "support": 421.0
    },
    "accuracy": 0.5514365152919369,
    "macro avg": {
        "precision": 0.5025962954351701,
        "recall": 0.5021767538571501,
        "f1-score": 0.49489709068399873,
        "support": 1079.0
    },
    "weighted avg": {
        "precision": 0.5264625472002294,
        "recall": 0.5514365152919369,
        "f1-score": 0.5320157711052768,
        "support": 1079.0
    }
}