{
    "DOWN": {
        "precision": 0.6690647482014388,
        "recall": 0.5653495440729484,
        "f1-score": 0.612850082372323,
        "support": 658.0
    },
    "UP": {
        "precision": 0.45315487571701724,
        "recall": 0.5629453681710214,
        "f1-score": 0.5021186440677966,
        "support": 421.0
    },
    "accuracy": 0.5644114921223355,
    "macro avg": {
        "precision": 0.561109811959228,
        "recall": 0.5641474561219848,
        "f1-score": 0.5574843632200598,
        "support": 1079.0
    },
    "weighted avg": {
        "precision": 0.5848218785851816,
        "recall": 0.5644114921223355,
        "f1-score": 0.5696453228484994,
        "support": 1079.0
    }
}