{
    "R2": 0.967826679229376,
    "RMSE": 62.92476630181474,
    "MSE": 3959.5262141380003,
    "MAPE": 0.026348595914707694,
    "ACMAPE": 0.8975256116700366
}