{
    "R2": 0.8707611307009224,
    "RMSE": 126.11601563544582,
    "MSE": 15905.249399760014,
    "MAPE": 0.05769853118962205,
    "ACMAPE": 0.9437040918939781
}