{
    "DOWN": {
        "precision": 0.8048780487804879,
        "recall": 0.358695652173913,
        "f1-score": 0.4962406015037593,
        "support": 184.0
    },
    "UP": {
        "precision": 0.4537037037037037,
        "recall": 0.8596491228070176,
        "f1-score": 0.593939393939394,
        "support": 114.0
    },
    "accuracy": 0.5503355704697986,
    "macro avg": {
        "precision": 0.6292908762420958,
        "recall": 0.6091723874904653,
        "f1-score": 0.5450899977215766,
        "support": 298.0
    },
    "weighted avg": {
        "precision": 0.6705361852276241,
        "recall": 0.5503355704697986,
        "f1-score": 0.533615307334841,
        "support": 298.0
    }
}