{
    "R2": 0.9710523341622331,
    "RMSE": 17.688120905367796,
    "MSE": 312.86962116290925,
    "MAPE": 0.01412176329936239,
    "ACMAPE": 0.7279026820272776
}