{
    "DOWN": {
        "precision": 0.7804878048780488,
        "recall": 0.5423728813559322,
        "f1-score": 0.64,
        "support": 177.0
    },
    "UP": {
        "precision": 0.509090909090909,
        "recall": 0.7567567567567568,
        "f1-score": 0.608695652173913,
        "support": 111.0
    },
    "accuracy": 0.625,
    "macro avg": {
        "precision": 0.6447893569844789,
        "recall": 0.6495648190563446,
        "f1-score": 0.6243478260869565,
        "support": 288.0
    },
    "weighted avg": {
        "precision": 0.6758869179600887,
        "recall": 0.625,
        "f1-score": 0.6279347826086956,
        "support": 288.0
    }
}