{
    "R2": 0.9676961402467488,
    "RMSE": 18.375502338839134,
    "MSE": 337.65908620468247,
    "MAPE": 0.01454894285494974,
    "ACMAPE": 0.9122387118318475
}