{
    "DOWN": {
        "precision": 0.9411764705882353,
        "recall": 0.2857142857142857,
        "f1-score": 0.4383561643835616,
        "support": 56.0
    },
    "UP": {
        "precision": 0.3103448275862069,
        "recall": 0.9473684210526315,
        "f1-score": 0.4675324675324675,
        "support": 19.0
    },
    "accuracy": 0.4533333333333333,
    "macro avg": {
        "precision": 0.6257606490872211,
        "recall": 0.6165413533834586,
        "f1-score": 0.45294431595801454,
        "support": 75.0
    },
    "weighted avg": {
        "precision": 0.781365787694388,
        "recall": 0.4533333333333333,
        "f1-score": 0.4457474945146178,
        "support": 75.0
    }
}