{
    "DOWN": {
        "precision": 0.8825995807127882,
        "recall": 0.9376391982182628,
        "f1-score": 0.9092872570194384,
        "support": 898.0
    },
    "UP": {
        "precision": 0.30864197530864196,
        "recall": 0.18248175182481752,
        "f1-score": 0.2293577981651376,
        "support": 137.0
    },
    "accuracy": 0.8376811594202899,
    "macro avg": {
        "precision": 0.5956207780107151,
        "recall": 0.5600604750215401,
        "f1-score": 0.569322527592288,
        "support": 1035.0
    },
    "weighted avg": {
        "precision": 0.8066264484032539,
        "recall": 0.8376811594202899,
        "f1-score": 0.8192869325140865,
        "support": 1035.0
    }
}