{
    "R2": 0.9528512688594025,
    "RMSE": 27.267077292724633,
    "MSE": 743.4935040874192,
    "MAPE": 0.18896685210739714,
    "ACMAPE": 0.5049600773674988
}