{
    "R2": 0.048009071415649585,
    "RMSE": 122.64755603810116,
    "MSE": 15042.423002119165,
    "MAPE": 0.6244309500452502,
    "ACMAPE": 1.9302762083523084
}