{
    "R2": 0.48295726460784905,
    "RMSE": 76.71527693396042,
    "MSE": 5885.233715054241,
    "MAPE": 0.09909686073722723,
    "ACMAPE": 0.4952321264377103
}