{
    "R2": 0.9615040497042403,
    "RMSE": 24.61410412571,
    "MSE": 605.854121911294,
    "MAPE": 0.13567981878999882,
    "ACMAPE": 1.7967949527508966
}