{
    "DOWN": {
        "precision": 0.5865384615384616,
        "recall": 0.46923076923076923,
        "f1-score": 0.5213675213675213,
        "support": 130.0
    },
    "UP": {
        "precision": 0.5035971223021583,
        "recall": 0.6194690265486725,
        "f1-score": 0.5555555555555555,
        "support": 113.0
    },
    "accuracy": 0.5390946502057613,
    "macro avg": {
        "precision": 0.54506779192031,
        "recall": 0.5443498978897209,
        "f1-score": 0.5384615384615383,
        "support": 243.0
    },
    "weighted avg": {
        "precision": 0.5479690321816622,
        "recall": 0.5390946502057613,
        "f1-score": 0.5372656607224507,
        "support": 243.0
    }
}