{
    "DOWN": {
        "precision": 0.5842696629213483,
        "recall": 0.8188976377952756,
        "f1-score": 0.6819672131147541,
        "support": 127.0
    },
    "UP": {
        "precision": 0.6166666666666667,
        "recall": 0.3333333333333333,
        "f1-score": 0.4327485380116959,
        "support": 111.0
    },
    "accuracy": 0.592436974789916,
    "macro avg": {
        "precision": 0.6004681647940076,
        "recall": 0.5761154855643045,
        "f1-score": 0.5573578755632249,
        "support": 238.0
    },
    "weighted avg": {
        "precision": 0.5993791898781985,
        "recall": 0.592436974789916,
        "f1-score": 0.5657349738860168,
        "support": 238.0
    }
}