{
    "R2": 0.7046611059254502,
    "RMSE": 150.86719021708166,
    "MSE": 22760.909083997096,
    "MAPE": 0.024368457657066404,
    "ACMAPE": 0.8180192513078601
}