{
    "R2": 0.6279855166139104,
    "RMSE": 169.32239548946856,
    "MSE": 28670.073614292007,
    "MAPE": 0.028098594186955553,
    "ACMAPE": 0.8217493878377493
}