{
    "DOWN": {
        "precision": 0.9044205495818399,
        "recall": 0.22918558885861337,
        "f1-score": 0.3657004830917875,
        "support": 3303.0
    },
    "UP": {
        "precision": 0.0821917808219178,
        "recall": 0.7402597402597403,
        "f1-score": 0.14795587280986372,
        "support": 308.0
    },
    "accuracy": 0.27277762392689003,
    "macro avg": {
        "precision": 0.49330616520187887,
        "recall": 0.48472266455917684,
        "f1-score": 0.2568281779508256,
        "support": 3611.0
    },
    "weighted avg": {
        "precision": 0.8342886025372385,
        "recall": 0.27277762392689003,
        "f1-score": 0.34712797133137974,
        "support": 3611.0
    }
}