{
    "R2": 0.9924825321291492,
    "RMSE": 20.749677706475744,
    "MSE": 430.54912492261644,
    "MAPE": 309871309505518.25,
    "ACMAPE": 309871309505519.7
}