{
    "DOWN": {
        "precision": 0.8440366972477065,
        "recall": 0.2787878787878788,
        "f1-score": 0.4191343963553531,
        "support": 660.0
    },
    "UP": {
        "precision": 0.3051094890510949,
        "recall": 0.8600823045267489,
        "f1-score": 0.45043103448275856,
        "support": 243.0
    },
    "accuracy": 0.43521594684385384,
    "macro avg": {
        "precision": 0.5745730931494006,
        "recall": 0.5694350916573139,
        "f1-score": 0.43478271541905583,
        "support": 903.0
    },
    "weighted avg": {
        "precision": 0.6990097741117413,
        "recall": 0.43521594684385384,
        "f1-score": 0.4275564152534257,
        "support": 903.0
    }
}