{
    "R2": 0.956108439075837,
    "RMSE": 63.33738076451534,
    "MSE": 4011.6238021091976,
    "MAPE": 0.09908578385726742,
    "ACMAPE": 0.9294655306927104
}