{
    "DOWN": {
        "precision": 0.7099236641221374,
        "recall": 0.1690909090909091,
        "f1-score": 0.27312775330396477,
        "support": 550.0
    },
    "UP": {
        "precision": 0.3012232415902141,
        "recall": 0.8382978723404255,
        "f1-score": 0.4431946006749156,
        "support": 235.0
    },
    "accuracy": 0.36942675159235666,
    "macro avg": {
        "precision": 0.5055734528561757,
        "recall": 0.5036943907156674,
        "f1-score": 0.35816117698944017,
        "support": 785.0
    },
    "weighted avg": {
        "precision": 0.5875738561030265,
        "recall": 0.36942675159235666,
        "f1-score": 0.3240394846825297,
        "support": 785.0
    }
}