{
    "DOWN": {
        "precision": 0.7051282051282052,
        "recall": 0.697463768115942,
        "f1-score": 0.7012750455373407,
        "support": 552.0
    },
    "UP": {
        "precision": 0.3155737704918033,
        "recall": 0.3235294117647059,
        "f1-score": 0.3195020746887967,
        "support": 238.0
    },
    "accuracy": 0.5848101265822785,
    "macro avg": {
        "precision": 0.5103509878100042,
        "recall": 0.510496589940324,
        "f1-score": 0.5103885601130687,
        "support": 790.0
    },
    "weighted avg": {
        "precision": 0.587768767857998,
        "recall": 0.5848101265822785,
        "f1-score": 0.5862598973576528,
        "support": 790.0
    }
}