{
    "DOWN": {
<<<<<<< HEAD
        "precision": 0.7441860465116279,
        "recall": 0.17810760667903525,
        "f1-score": 0.2874251497005988,
        "support": 539.0
    },
    "UP": {
        "precision": 0.3088923556942278,
        "recall": 0.8571428571428571,
        "f1-score": 0.45412844036697253,
        "support": 231.0
    },
    "accuracy": 0.38181818181818183,
    "macro avg": {
        "precision": 0.5265392011029278,
        "recall": 0.5176252319109462,
        "f1-score": 0.3707767950337857,
        "support": 770.0
    },
    "weighted avg": {
        "precision": 0.6135979392664078,
        "recall": 0.38181818181818183,
        "f1-score": 0.33743613690051094,
=======
        "precision": 0.7606837606837606,
        "recall": 0.16512059369202226,
        "f1-score": 0.2713414634146341,
        "support": 539.0
    },
    "UP": {
        "precision": 0.3108728943338438,
        "recall": 0.8787878787878788,
        "f1-score": 0.4592760180995475,
        "support": 231.0
    },
    "accuracy": 0.37922077922077924,
    "macro avg": {
        "precision": 0.5357783275088022,
        "recall": 0.5219542362399505,
        "f1-score": 0.3653087407570908,
        "support": 770.0
    },
    "weighted avg": {
        "precision": 0.6257405007787856,
        "recall": 0.37922077922077924,
        "f1-score": 0.3277218298201081,
>>>>>>> d5f42532be6a9c18a5da3fb21b671ebbe5b6efbf
        "support": 770.0
    }
}