{
    "R2": -1.9428825427579466,
    "RMSE": 57.32624014108184,
    "MSE": 3286.2978087129827,
    "MAPE": 0.20452627956292738,
    "ACMAPE": 1.3821912541822168
}