{
    "R2": -0.3797292580853313,
    "RMSE": 39.25219350786329,
    "MSE": 1540.7346951787447,
    "MAPE": 0.16298325437210978,
    "ACMAPE": 1.3812573660472367
}