{
    "DOWN": {
        "precision": 0.5614035087719298,
        "recall": 1.0,
        "f1-score": 0.7191011235955056,
        "support": 480.0
    },
    "UP": {
        "precision": 0.0,
        "recall": 0.0,
        "f1-score": 0.0,
        "support": 375.0
    },
    "accuracy": 0.5614035087719298,
    "macro avg": {
        "precision": 0.2807017543859649,
        "recall": 0.5,
        "f1-score": 0.3595505617977528,
        "support": 855.0
    },
    "weighted avg": {
        "precision": 0.3151738996614343,
        "recall": 0.5614035087719298,
        "f1-score": 0.40370589394835404,
        "support": 855.0
    }
}