{
    "R2": 0.9959806811770614,
    "RMSE": 108.55966141732712,
    "MSE": 11785.200087044703,
    "MAPE": 0.12542503082478137,
    "ACMAPE": 1.027328398321121
}