{
    "DOWN": {
        "precision": 0.5732870771899393,
        "recall": 0.6793422404933196,
        "f1-score": 0.6218250235183442,
        "support": 1946.0
    },
    "UP": {
        "precision": 0.43478260869565216,
        "recall": 0.32786885245901637,
        "f1-score": 0.37383177570093457,
        "support": 1464.0
    },
    "accuracy": 0.5284457478005865,
    "macro avg": {
        "precision": 0.5040348429427958,
        "recall": 0.503605546476168,
        "f1-score": 0.4978283996096394,
        "support": 3410.0
    },
    "weighted avg": {
        "precision": 0.5138235751736236,
        "recall": 0.5284457478005865,
        "f1-score": 0.5153551951298728,
        "support": 3410.0
    }
}