{
    "DOWN": {
        "precision": 0.5596221959858324,
        "recall": 0.9875,
        "f1-score": 0.7143933685003769,
        "support": 480.0
    },
    "UP": {
        "precision": 0.25,
        "recall": 0.005333333333333333,
        "f1-score": 0.010443864229765011,
        "support": 375.0
    },
    "accuracy": 0.5567251461988304,
    "macro avg": {
        "precision": 0.4048110979929162,
        "recall": 0.4964166666666667,
        "f1-score": 0.362418616365071,
        "support": 855.0
    },
    "weighted avg": {
        "precision": 0.4238229872201164,
        "recall": 0.5567251461988304,
        "f1-score": 0.40564358592554717,
        "support": 855.0
    }
}