{
    "R2": -1.8369606410093682,
    "RMSE": 26.612394184546158,
    "MSE": 708.2195242336662,
    "MAPE": 0.08498593568854618,
    "ACMAPE": 1.7740406620567053
}