{
    "R2": -1.298640674158524,
    "RMSE": 23.954815812495816,
    "MSE": 573.8332006105995,
    "MAPE": 0.136287142923363,
    "ACMAPE": 1.8477299289930147
}