{
    "R2": -41.08717003660859,
    "RMSE": 102.5019563950078,
    "MSE": 10506.65106480408,
    "MAPE": 0.8799087769394078,
    "ACMAPE": 2.631152558033935
}