{
    "R2": 0.9868322084379373,
    "RMSE": 12.87731810278467,
    "MSE": 165.82532152030578,
    "MAPE": 0.06071791692198707,
    "ACMAPE": 1.7058993937680447
}