{
    "R2": 0.9961698098943248,
    "RMSE": 10.891859997673343,
    "MSE": 118.63261420891676,
    "MAPE": 0.024565212438231118,
    "ACMAPE": 0.8477012873295718
}