{
    "R2": 0.9836535595994599,
    "RMSE": 22.319487391973382,
    "MSE": 498.1595174404588,
    "MAPE": 0.035161355498668244,
    "ACMAPE": 1.0617571001795194
}