{
    "DOWN": {
        "precision": 0.7297297297297297,
        "recall": 0.18675889328063242,
        "f1-score": 0.2974036191974823,
        "support": 2024.0
    },
    "UP": {
        "precision": 0.3384244372990354,
        "recall": 0.8574338085539714,
        "f1-score": 0.4853025936599424,
        "support": 982.0
    },
    "accuracy": 0.40585495675316036,
    "macro avg": {
        "precision": 0.5340770835143825,
        "recall": 0.5220963509173019,
        "f1-score": 0.39135310642871235,
        "support": 3006.0
    },
    "weighted avg": {
        "precision": 0.6018981272124503,
        "recall": 0.40585495675316036,
        "f1-score": 0.35878645117424074,
        "support": 3006.0
    }
}