{
    "DOWN": {
        "precision": 0.6536885245901639,
        "recall": 0.671578947368421,
        "f1-score": 0.6625129802699896,
        "support": 475.0
    },
    "UP": {
        "precision": 0.4090909090909091,
        "recall": 0.3898916967509025,
        "f1-score": 0.39926062846580407,
        "support": 277.0
    },
    "accuracy": 0.5678191489361702,
    "macro avg": {
        "precision": 0.5313897168405365,
        "recall": 0.5307353220596618,
        "f1-score": 0.5308868043678968,
        "support": 752.0
    },
    "weighted avg": {
        "precision": 0.5635907327107841,
        "recall": 0.5678191489361702,
        "f1-score": 0.5655436964272245,
        "support": 752.0
    }
}