{
    "DOWN": {
        "precision": 0.6853002070393375,
        "recall": 0.6968421052631579,
        "f1-score": 0.6910229645093946,
        "support": 475.0
    },
    "UP": {
        "precision": 0.4646840148698885,
        "recall": 0.45126353790613716,
        "f1-score": 0.45787545787545786,
        "support": 277.0
    },
    "accuracy": 0.6063829787234043,
    "macro avg": {
        "precision": 0.574992110954613,
        "recall": 0.5740528215846475,
        "f1-score": 0.5744492111924262,
        "support": 752.0
    },
    "weighted avg": {
        "precision": 0.6040359979556441,
        "recall": 0.6063829787234043,
        "f1-score": 0.6051428324115217,
        "support": 752.0
    }
}