{
    "R2": 0.9812156602658239,
    "RMSE": 23.926026834086272,
    "MSE": 572.4547600654164,
    "MAPE": 0.02807022508951949,
    "ACMAPE": 0.892431927217179
}