{
    "R2": 0.0474093997457079,
    "RMSE": 13.314282615921677,
    "MSE": 177.27012157663418,
    "MAPE": 0.14602600582406908,
    "ACMAPE": 0.7378627405179466
}