{
    "DOWN": {
<<<<<<< HEAD
        "precision": 0.7636363636363637,
        "recall": 0.8390129259694477,
        "f1-score": 0.799552071668533,
        "support": 851.0
    },
    "UP": {
        "precision": 0.38009049773755654,
        "recall": 0.2754098360655738,
        "f1-score": 0.3193916349809886,
        "support": 305.0
    },
    "accuracy": 0.6903114186851211,
    "macro avg": {
        "precision": 0.5718634306869601,
        "recall": 0.5572113810175108,
        "f1-score": 0.5594718533247608,
        "support": 1156.0
    },
    "weighted avg": {
        "precision": 0.6624413038620245,
        "recall": 0.6903114186851211,
        "f1-score": 0.6728661433037398,
=======
        "precision": 0.7681623931623932,
        "recall": 0.8448883666274971,
        "f1-score": 0.8047006155567991,
        "support": 851.0
    },
    "UP": {
        "precision": 0.4,
        "recall": 0.28852459016393445,
        "f1-score": 0.3352380952380952,
        "support": 305.0
    },
    "accuracy": 0.6980968858131488,
    "macro avg": {
        "precision": 0.5840811965811966,
        "recall": 0.5667064783957158,
        "f1-score": 0.5699693553974472,
        "support": 1156.0
    },
    "weighted avg": {
        "precision": 0.6710261216100317,
        "recall": 0.6980968858131488,
        "f1-score": 0.6808372343308435,
>>>>>>> d5f42532be6a9c18a5da3fb21b671ebbe5b6efbf
        "support": 1156.0
    }
}