{
    "DOWN": {
        "precision": 0.6536312849162011,
        "recall": 0.13588850174216027,
        "f1-score": 0.225,
        "support": 861.0
    },
    "UP": {
        "precision": 0.25376128385155466,
        "recall": 0.8031746031746032,
        "f1-score": 0.3856707317073171,
        "support": 315.0
    },
    "accuracy": 0.31462585034013607,
    "macro avg": {
        "precision": 0.4536962843838779,
        "recall": 0.46953155245838174,
        "f1-score": 0.30533536585365856,
        "support": 1176.0
    },
    "weighted avg": {
        "precision": 0.5465232489167423,
        "recall": 0.31462585034013607,
        "f1-score": 0.26803680313588846,
        "support": 1176.0
    }
}