{
    "R2": 0.3997096930692269,
    "RMSE": 10.569277260369432,
    "MSE": 111.70962180656235,
    "MAPE": 0.13251992552484643,
    "ACMAPE": 1.4658532588581799
}