{
    "DOWN": {
        "precision": 0.7681623931623932,
        "recall": 0.8448883666274971,
        "f1-score": 0.8047006155567991,
        "support": 851.0
    },
    "UP": {
        "precision": 0.4,
        "recall": 0.28852459016393445,
        "f1-score": 0.3352380952380952,
        "support": 305.0
    },
    "accuracy": 0.6980968858131488,
    "macro avg": {
        "precision": 0.5840811965811966,
        "recall": 0.5667064783957158,
        "f1-score": 0.5699693553974472,
        "support": 1156.0
    },
    "weighted avg": {
        "precision": 0.6710261216100317,
        "recall": 0.6980968858131488,
        "f1-score": 0.6808372343308435,
        "support": 1156.0
    }
}