{
    "DOWN": {
        "precision": 0.7333333333333333,
        "recall": 0.10476190476190476,
        "f1-score": 0.18333333333333335,
        "support": 210.0
    },
    "UP": {
        "precision": 0.2878787878787879,
        "recall": 0.9047619047619048,
        "f1-score": 0.4367816091954023,
        "support": 84.0
    },
    "accuracy": 0.3333333333333333,
    "macro avg": {
        "precision": 0.5106060606060606,
        "recall": 0.5047619047619047,
        "f1-score": 0.31005747126436783,
        "support": 294.0
    },
    "weighted avg": {
        "precision": 0.6060606060606061,
        "recall": 0.3333333333333333,
        "f1-score": 0.2557471264367816,
        "support": 294.0
    }
}