{
    "R2": 0.9655068815034646,
    "RMSE": 81.65414100487126,
    "MSE": 6667.398743243398,
    "MAPE": 0.16577895716485264,
    "ACMAPE": 0.7851561197946104
}