{
<<<<<<< HEAD
    "R2": -0.3592402965188164,
    "RMSE": 15.904233602219636,
    "MSE": 252.94464647397217,
    "MAPE": 0.1841830508288061,
    "ACMAPE": 0.7760197855226836
=======
    "R2": 0.0474093997457079,
    "RMSE": 13.314282615921677,
    "MSE": 177.27012157663418,
    "MAPE": 0.14602600582406908,
    "ACMAPE": 0.7378627405179466
>>>>>>> d5f42532be6a9c18a5da3fb21b671ebbe5b6efbf
}