{
    "DOWN": {
        "precision": 0.6612021857923497,
        "recall": 0.3118556701030928,
        "f1-score": 0.4238178633975482,
        "support": 388.0
    },
    "UP": {
        "precision": 0.39592760180995473,
        "recall": 0.7383966244725738,
        "f1-score": 0.5154639175257731,
        "support": 237.0
    },
    "accuracy": 0.4736,
    "macro avg": {
        "precision": 0.5285648938011522,
        "recall": 0.5251261472878332,
        "f1-score": 0.4696408904616607,
        "support": 625.0
    },
    "weighted avg": {
        "precision": 0.5606100635462256,
        "recall": 0.4736,
        "f1-score": 0.4585700471229711,
        "support": 625.0
    }
}