{
    "R2": 0.8023340864161879,
    "RMSE": 13.413664688777615,
    "MSE": 179.92640038295946,
    "MAPE": 0.015525912136075421,
    "ACMAPE": 0.6821925788027422
}