{
    "R2": 0.9844073045083532,
    "RMSE": 20.91558672970256,
    "MSE": 437.46176824770987,
    "MAPE": 0.033592220994514775,
    "ACMAPE": 0.9417889423059902
}