{
    "DOWN": {
        "precision": 0.674074074074074,
        "recall": 0.900990099009901,
        "f1-score": 0.7711864406779662,
        "support": 101.0
    },
    "UP": {
        "precision": 0.5238095238095238,
        "recall": 0.2,
        "f1-score": 0.2894736842105263,
        "support": 55.0
    },
    "accuracy": 0.6538461538461539,
    "macro avg": {
        "precision": 0.5989417989417989,
        "recall": 0.5504950495049505,
        "f1-score": 0.5303300624442462,
        "support": 156.0
    },
    "weighted avg": {
        "precision": 0.6210961877628544,
        "recall": 0.6538461538461539,
        "f1-score": 0.6013518150003432,
        "support": 156.0
    }
}