{
<<<<<<< HEAD
    "R2": 0.5629747942585492,
    "RMSE": 19.9450347223994,
    "MSE": 397.8044100777176,
    "MAPE": 0.02716846634981783,
    "ACMAPE": 1.2451171842985358
=======
    "R2": 0.5451658695378054,
    "RMSE": 20.347360372539708,
    "MSE": 414.0150741299993,
    "MAPE": 0.027961616650971362,
    "ACMAPE": 1.2330898217791766
>>>>>>> d5f42532be6a9c18a5da3fb21b671ebbe5b6efbf
}