{
    "DOWN": {
        "precision": 1.0,
        "recall": 0.009900990099009901,
        "f1-score": 0.0196078431372549,
        "support": 101.0
    },
    "UP": {
        "precision": 0.3548387096774194,
        "recall": 1.0,
        "f1-score": 0.5238095238095238,
        "support": 55.0
    },
    "accuracy": 0.358974358974359,
    "macro avg": {
        "precision": 0.6774193548387097,
        "recall": 0.504950495049505,
        "f1-score": 0.2717086834733894,
        "support": 156.0
    },
    "weighted avg": {
        "precision": 0.7725392886683209,
        "recall": 0.358974358974359,
        "f1-score": 0.1973712561947856,
        "support": 156.0
    }
}