{
    "DOWN": {
        "precision": 0.6523702031602708,
        "recall": 0.7605263157894737,
        "f1-score": 0.7023086269744837,
        "support": 380.0
    },
    "UP": {
        "precision": 0.4382716049382716,
        "recall": 0.31555555555555553,
        "f1-score": 0.36692506459948315,
        "support": 225.0
    },
    "accuracy": 0.5950413223140496,
    "macro avg": {
        "precision": 0.5453209040492712,
        "recall": 0.5380409356725147,
        "f1-score": 0.5346168457869834,
        "support": 605.0
    },
    "weighted avg": {
        "precision": 0.5727467575405191,
        "recall": 0.5950413223140496,
        "f1-score": 0.5775792029507232,
        "support": 605.0
    }
}