{
    "DOWN": {
<<<<<<< HEAD
        "precision": 0.7142857142857143,
        "recall": 0.09900990099009901,
        "f1-score": 0.17391304347826086,
        "support": 101.0
    },
    "UP": {
        "precision": 0.3591549295774648,
        "recall": 0.9272727272727272,
        "f1-score": 0.5177664974619289,
        "support": 55.0
    },
    "accuracy": 0.391025641025641,
    "macro avg": {
        "precision": 0.5367203219315896,
        "recall": 0.5131413141314132,
        "f1-score": 0.3458397704700949,
        "support": 156.0
    },
    "weighted avg": {
        "precision": 0.5890793478821648,
        "recall": 0.391025641025641,
        "f1-score": 0.29514342789557974,
=======
        "precision": 0.7692307692307693,
        "recall": 0.09900990099009901,
        "f1-score": 0.1754385964912281,
        "support": 101.0
    },
    "UP": {
        "precision": 0.36363636363636365,
        "recall": 0.9454545454545454,
        "f1-score": 0.5252525252525253,
        "support": 55.0
    },
    "accuracy": 0.3974358974358974,
    "macro avg": {
        "precision": 0.5664335664335665,
        "recall": 0.5222322232223222,
        "f1-score": 0.3503455608718767,
        "support": 156.0
    },
    "weighted avg": {
        "precision": 0.626232741617357,
        "recall": 0.3974358974358974,
        "f1-score": 0.2987704303493777,
>>>>>>> d5f42532be6a9c18a5da3fb21b671ebbe5b6efbf
        "support": 156.0
    }
}