{
    "DOWN": {
        "precision": 0.875,
        "recall": 0.06930693069306931,
        "f1-score": 0.12844036697247707,
        "support": 101.0
    },
    "UP": {
        "precision": 0.36486486486486486,
        "recall": 0.9818181818181818,
        "f1-score": 0.5320197044334976,
        "support": 55.0
    },
    "accuracy": 0.391025641025641,
    "macro avg": {
        "precision": 0.6199324324324325,
        "recall": 0.5255625562556255,
        "f1-score": 0.3302300357029873,
        "support": 156.0
    },
    "weighted avg": {
        "precision": 0.6951446638946639,
        "recall": 0.391025641025641,
        "f1-score": 0.2707279538978368,
        "support": 156.0
    }
}