{
    "R2": 0.9643458780455272,
    "RMSE": 155.43354092603695,
    "MSE": 24159.585644806004,
    "MAPE": 0.04527135077974684,
    "ACMAPE": 1.5423473741715596
}