{
    "DOWN": {
        "precision": 0.9776223776223776,
        "recall": 0.3479342956694873,
        "f1-score": 0.513215859030837,
        "support": 4018.0
    },
    "UP": {
        "precision": 0.018358935931060322,
        "recall": 0.6049382716049383,
        "f1-score": 0.03563636363636364,
        "support": 81.0
    },
    "accuracy": 0.35301292998292266,
    "macro avg": {
        "precision": 0.49799065677671894,
        "recall": 0.4764362836372128,
        "f1-score": 0.27442611133360034,
        "support": 4099.0
    },
    "weighted avg": {
        "precision": 0.9586664520851742,
        "recall": 0.35301292998292266,
        "f1-score": 0.5037784501196507,
        "support": 4099.0
    }
}