{
    "R2": 0.9959862265499011,
    "RMSE": 27.63477018304762,
    "MSE": 763.6805230698578,
    "MAPE": 0.17724592833801,
    "ACMAPE": 1.3869017173411393
}