{
    "DOWN": {
        "precision": 0.5924855491329479,
        "recall": 0.6174698795180723,
        "f1-score": 0.6047197640117994,
        "support": 664.0
    },
    "UP": {
        "precision": 0.405152224824356,
        "recall": 0.3802197802197802,
        "f1-score": 0.3922902494331066,
        "support": 455.0
    },
    "accuracy": 0.5210008936550492,
    "macro avg": {
        "precision": 0.49881888697865195,
        "recall": 0.49884482986892625,
        "f1-score": 0.498505006722453,
        "support": 1119.0
    },
    "weighted avg": {
        "precision": 0.5163133752630558,
        "recall": 0.5210008936550492,
        "f1-score": 0.5183431517389617,
        "support": 1119.0
    }
}