{
    "R2": 0.9661394407475659,
    "RMSE": 28.642703447577983,
    "MSE": 820.4044607858956,
    "MAPE": 0.025536153687576554,
    "ACMAPE": 1.0139186380486132
}