{
    "DOWN": {
        "precision": 0.8395872420262664,
        "recall": 0.9922394678492239,
        "f1-score": 0.9095528455284553,
        "support": 902.0
    },
    "UP": {
        "precision": 0.5,
        "recall": 0.03932584269662921,
        "f1-score": 0.07291666666666667,
        "support": 178.0
    },
    "accuracy": 0.8351851851851851,
    "macro avg": {
        "precision": 0.6697936210131332,
        "recall": 0.5157826552729265,
        "f1-score": 0.49123475609756095,
        "support": 1080.0
    },
    "weighted avg": {
        "precision": 0.7836182336182337,
        "recall": 0.8351851851851851,
        "f1-score": 0.7716628086419752,
        "support": 1080.0
    }
}