{
    "DOWN": {
        "precision": 0.7894736842105263,
        "recall": 0.023277467411545624,
        "f1-score": 0.045221585770274346,
        "support": 3222.0
    },
    "UP": {
        "precision": 0.255500354861604,
        "recall": 0.9818181818181818,
        "f1-score": 0.4054815092922846,
        "support": 1100.0
    },
    "accuracy": 0.26723739009717723,
    "macro avg": {
        "precision": 0.5224870195360651,
        "recall": 0.5025478246148637,
        "f1-score": 0.22535154753127948,
        "support": 4322.0
    },
    "weighted avg": {
        "precision": 0.6535711709565202,
        "recall": 0.26723739009717723,
        "f1-score": 0.13691198740706548,
        "support": 4322.0
    }
}