{
    "R2": 0.9744359014228872,
    "RMSE": 3.667977821829905,
    "MSE": 13.454061301436054,
    "MAPE": 0.04826708718239273,
    "ACMAPE": 0.37789671681202247
}