{
    "DOWN": {
        "precision": 0.7505315379163714,
        "recall": 0.9872591671845867,
        "f1-score": 0.8527714400751577,
        "support": 3218.0
    },
    "UP": {
        "precision": 0.5119047619047619,
        "recall": 0.039126478616924476,
        "f1-score": 0.07269653423499577,
        "support": 1099.0
    },
    "accuracy": 0.7458883483900857,
    "macro avg": {
        "precision": 0.6312181499105667,
        "recall": 0.5131928229007556,
        "f1-score": 0.46273398715507674,
        "support": 4317.0
    },
    "weighted avg": {
        "precision": 0.6897831416141339,
        "recall": 0.7458883483900857,
        "f1-score": 0.6541839206129529,
        "support": 4317.0
    }
}