{
    "R2": 0.8516732299762394,
    "RMSE": 8.835298548701047,
    "MSE": 78.06250044467883,
    "MAPE": 0.12883646051695793,
    "ACMAPE": 1.5973549790354764
}