{
    "DOWN": {
        "precision": 0.823076923076923,
        "recall": 0.11862527716186252,
        "f1-score": 0.2073643410852713,
        "support": 902.0
    },
    "UP": {
        "precision": 0.1631578947368421,
        "recall": 0.8707865168539326,
        "f1-score": 0.274822695035461,
        "support": 178.0
    },
    "accuracy": 0.24259259259259258,
    "macro avg": {
        "precision": 0.4931174089068826,
        "recall": 0.4947058970078976,
        "f1-score": 0.24109351806036614,
        "support": 1080.0
    },
    "weighted avg": {
        "precision": 0.7143124906282801,
        "recall": 0.24259259259259258,
        "f1-score": 0.21848247719928404,
        "support": 1080.0
    }
}