{
    "R2": 0.9879811864055662,
    "RMSE": 2.515024725840993,
    "MSE": 6.325349371591562,
    "MAPE": 0.029596495559744734,
    "ACMAPE": 1.5444113103745596
}