{
    "DOWN": {
        "precision": 0.8294392523364486,
        "recall": 0.3312597200622084,
        "f1-score": 0.47343854189819956,
        "support": 3215.0
    },
    "UP": {
        "precision": 0.2899603698811096,
        "recall": 0.8003646308113036,
        "f1-score": 0.4256969696969697,
        "support": 1097.0
    },
    "accuracy": 0.45060296846011133,
    "macro avg": {
        "precision": 0.5596998111087791,
        "recall": 0.565812175436756,
        "f1-score": 0.4495677557975846,
        "support": 4312.0
    },
    "weighted avg": {
        "precision": 0.6921924216190305,
        "recall": 0.45060296846011133,
        "f1-score": 0.46129278477743213,
        "support": 4312.0
    }
}