{
    "R2": 0.989541617022116,
    "RMSE": 14.421688727890237,
    "MSE": 207.98510576415632,
    "MAPE": 0.05582695730026094,
    "ACMAPE": 0.9503600971164197
}