{
    "R2": 0.9870078458985131,
    "RMSE": 13.986016889451538,
    "MSE": 195.60866843202368,
    "MAPE": 0.02752362736888213,
    "ACMAPE": 1.2732548820088228
}