{
<<<<<<< HEAD
    "R2": 0.9884255360721612,
    "RMSE": 13.249626874135396,
    "MSE": 175.5526123038109,
    "MAPE": 0.023531811565400917,
    "ACMAPE": 0.7936900632609548
=======
    "R2": 0.9876279675905492,
    "RMSE": 13.69852257541247,
    "MSE": 187.6495207490851,
    "MAPE": 0.024391892001565434,
    "ACMAPE": 0.6875418543225903
>>>>>>> d5f42532be6a9c18a5da3fb21b671ebbe5b6efbf
}