{
    "DOWN": {
        "precision": 0.6468646864686468,
        "recall": 0.9289099526066351,
        "f1-score": 0.7626459143968871,
        "support": 211.0
    },
    "UP": {
        "precision": 0.5454545454545454,
        "recall": 0.144,
        "f1-score": 0.22784810126582275,
        "support": 125.0
    },
    "accuracy": 0.6369047619047619,
    "macro avg": {
        "precision": 0.5961596159615961,
        "recall": 0.5364549763033175,
        "f1-score": 0.49524700783135495,
        "support": 336.0
    },
    "weighted avg": {
        "precision": 0.6091376994842341,
        "recall": 0.6369047619047619,
        "f1-score": 0.5636883946308662,
        "support": 336.0
    }
}