{
    "DOWN": {
        "precision": 0.858793324775353,
        "recall": 0.625233644859813,
        "f1-score": 0.7236343969713359,
        "support": 1070.0
    },
    "UP": {
        "precision": 0.26824817518248173,
        "recall": 0.5719844357976653,
        "f1-score": 0.3652173913043478,
        "support": 257.0
    },
    "accuracy": 0.6149208741522231,
    "macro avg": {
        "precision": 0.5635207499789173,
        "recall": 0.5986090403287392,
        "f1-score": 0.5444258941378419,
        "support": 1327.0
    },
    "weighted avg": {
        "precision": 0.7444224857057464,
        "recall": 0.6149208741522231,
        "f1-score": 0.6542197997924242,
        "support": 1327.0
    }
}