{
    "DOWN": {
        "precision": 0.8587196467991169,
        "recall": 0.7210379981464319,
        "f1-score": 0.7838790931989924,
        "support": 1079.0
    },
    "UP": {
        "precision": 0.30963302752293576,
        "recall": 0.5133079847908745,
        "f1-score": 0.38626609442060084,
        "support": 263.0
    },
    "accuracy": 0.680327868852459,
    "macro avg": {
        "precision": 0.5841763371610263,
        "recall": 0.6171729914686532,
        "f1-score": 0.5850725938097966,
        "support": 1342.0
    },
    "weighted avg": {
        "precision": 0.7511117623955136,
        "recall": 0.680327868852459,
        "f1-score": 0.7059564265233463,
        "support": 1342.0
    }
}