{
    "DOWN": {
        "precision": 0.782608695652174,
        "recall": 0.2559241706161137,
        "f1-score": 0.3857142857142857,
        "support": 211.0
    },
    "UP": {
        "precision": 0.41198501872659177,
        "recall": 0.88,
        "f1-score": 0.5612244897959183,
        "support": 125.0
    },
    "accuracy": 0.4880952380952381,
    "macro avg": {
        "precision": 0.5972968571893829,
        "recall": 0.5679620853080569,
        "f1-score": 0.473469387755102,
        "support": 336.0
    },
    "weighted avg": {
        "precision": 0.6447278634625973,
        "recall": 0.4880952380952381,
        "f1-score": 0.4510082604470359,
        "support": 336.0
    }
}