{
    "R2": 0.9884255360721612,
    "RMSE": 13.249626874135396,
    "MSE": 175.5526123038109,
    "MAPE": 0.023531811565400917,
    "ACMAPE": 0.7936900632609548
}