{
    "DOWN": {
        "precision": 0.972972972972973,
        "recall": 0.7128712871287128,
        "f1-score": 0.8228571428571428,
        "support": 101.0
    },
    "UP": {
        "precision": 0.14705882352941177,
        "recall": 0.7142857142857143,
        "f1-score": 0.24390243902439024,
        "support": 7.0
    },
    "accuracy": 0.7129629629629629,
    "macro avg": {
        "precision": 0.5600158982511924,
        "recall": 0.7135785007072135,
        "f1-score": 0.5333797909407665,
        "support": 108.0
    },
    "weighted avg": {
        "precision": 0.9194415003238533,
        "recall": 0.7129629629629629,
        "f1-score": 0.785332300942057,
        "support": 108.0
    }
}