{
    "DOWN": {
        "precision": 0.757085020242915,
        "recall": 0.584375,
        "f1-score": 0.6596119929453262,
        "support": 320.0
    },
    "UP": {
        "precision": 0.22674418604651161,
        "recall": 0.3939393939393939,
        "f1-score": 0.2878228782287823,
        "support": 99.0
    },
    "accuracy": 0.5393794749403341,
    "macro avg": {
        "precision": 0.4919146031447133,
        "recall": 0.48915719696969695,
        "f1-score": 0.47371743558705426,
        "support": 419.0
    },
    "weighted avg": {
        "precision": 0.631777758702476,
        "recall": 0.5393794749403341,
        "f1-score": 0.5717668321889113,
        "support": 419.0
    }
}