{
    "DOWN": {
        "precision": 0.9767441860465116,
        "recall": 0.4158415841584158,
        "f1-score": 0.5833333333333333,
        "support": 101.0
    },
    "UP": {
        "precision": 0.09230769230769231,
        "recall": 0.8571428571428571,
        "f1-score": 0.16666666666666666,
        "support": 7.0
    },
    "accuracy": 0.4444444444444444,
    "macro avg": {
        "precision": 0.534525939177102,
        "recall": 0.6364922206506365,
        "f1-score": 0.37499999999999994,
        "support": 108.0
    },
    "weighted avg": {
        "precision": 0.9194195984893659,
        "recall": 0.4444444444444444,
        "f1-score": 0.556327160493827,
        "support": 108.0
    }
}