{
    "R2": 0.8708799053608918,
    "RMSE": 5101.720186333752,
    "MSE": 26027548.859645296,
    "MAPE": 0.17411603868179643,
    "ACMAPE": 0.8344933971723625
}