{
    "DOWN": {
        "precision": 0.7910447761194029,
        "recall": 0.49843260188087773,
        "f1-score": 0.6115384615384616,
        "support": 319.0
    },
    "UP": {
        "precision": 0.24882629107981222,
        "recall": 0.5578947368421052,
        "f1-score": 0.3441558441558441,
        "support": 95.0
    },
    "accuracy": 0.5120772946859904,
    "macro avg": {
        "precision": 0.5199355335996075,
        "recall": 0.5281636693614915,
        "f1-score": 0.47784715284715285,
        "support": 414.0
    },
    "weighted avg": {
        "precision": 0.6666226599871297,
        "recall": 0.5120772946859904,
        "f1-score": 0.5501825469216773,
        "support": 414.0
    }
}