{
    "R2": 0.9118609207518836,
    "RMSE": 73.32823269473161,
    "MSE": 5377.029710132705,
    "MAPE": 0.040800047625326116,
    "ACMAPE": 0.4305530210928468
}