{
    "DOWN": {
        "precision": 0.7709923664122137,
        "recall": 0.6196319018404908,
        "f1-score": 0.6870748299319728,
        "support": 163.0
    },
    "UP": {
        "precision": 0.515625,
        "recall": 0.6875,
        "f1-score": 0.5892857142857143,
        "support": 96.0
    },
    "accuracy": 0.6447876447876448,
    "macro avg": {
        "precision": 0.6433086832061068,
        "recall": 0.6535659509202454,
        "f1-score": 0.6381802721088435,
        "support": 259.0
    },
    "weighted avg": {
        "precision": 0.6763388251937871,
        "recall": 0.6447876447876448,
        "f1-score": 0.6508286712368344,
        "support": 259.0
    }
}