{
    "DOWN": {
        "precision": 0.88,
        "recall": 0.4782608695652174,
        "f1-score": 0.619718309859155,
        "support": 46.0
    },
    "UP": {
        "precision": 0.38461538461538464,
        "recall": 0.8333333333333334,
        "f1-score": 0.5263157894736842,
        "support": 18.0
    },
    "accuracy": 0.578125,
    "macro avg": {
        "precision": 0.6323076923076923,
        "recall": 0.6557971014492754,
        "f1-score": 0.5730170496664195,
        "support": 64.0
    },
    "weighted avg": {
        "precision": 0.7406730769230769,
        "recall": 0.578125,
        "f1-score": 0.5934488510007413,
        "support": 64.0
    }
}