{
    "DOWN": {
        "precision": 0.7941176470588235,
        "recall": 0.5869565217391305,
        "f1-score": 0.675,
        "support": 46.0
    },
    "UP": {
        "precision": 0.36666666666666664,
        "recall": 0.6111111111111112,
        "f1-score": 0.45833333333333326,
        "support": 18.0
    },
    "accuracy": 0.59375,
    "macro avg": {
        "precision": 0.580392156862745,
        "recall": 0.5990338164251208,
        "f1-score": 0.5666666666666667,
        "support": 64.0
    },
    "weighted avg": {
        "precision": 0.6738970588235293,
        "recall": 0.59375,
        "f1-score": 0.6140625,
        "support": 64.0
    }
}