{
    "DOWN": {
        "precision": 0.8235294117647058,
        "recall": 0.6086956521739131,
        "f1-score": 0.7,
        "support": 46.0
    },
    "UP": {
        "precision": 0.4,
        "recall": 0.6666666666666666,
        "f1-score": 0.5,
        "support": 18.0
    },
    "accuracy": 0.625,
    "macro avg": {
        "precision": 0.611764705882353,
        "recall": 0.6376811594202898,
        "f1-score": 0.6,
        "support": 64.0
    },
    "weighted avg": {
        "precision": 0.7044117647058824,
        "recall": 0.625,
        "f1-score": 0.6437499999999999,
        "support": 64.0
    }
}