{
    "R2": 0.9032571944412253,
    "RMSE": 7.5823672565303335,
    "MSE": 57.492293212903334,
    "MAPE": 0.010593713580540265,
    "ACMAPE": 0.829491351375816
}