{
    "R2": 0.9041637949541471,
    "RMSE": 7.365024667331589,
    "MSE": 54.24358835040278,
    "MAPE": 0.010985496436004294,
    "ACMAPE": 0.672073362544791
}