{
    "DOWN": {
<<<<<<< HEAD
        "precision": 1.0,
        "recall": 0.013196480938416423,
        "f1-score": 0.02604920405209841,
        "support": 682.0
    },
    "UP": {
        "precision": 0.10860927152317881,
        "recall": 1.0,
        "f1-score": 0.1959378733572282,
        "support": 82.0
    },
    "accuracy": 0.11910994764397906,
    "macro avg": {
        "precision": 0.5543046357615894,
        "recall": 0.5065982404692082,
        "f1-score": 0.1109935387046633,
        "support": 764.0
    },
    "weighted avg": {
        "precision": 0.9043271731215977,
        "recall": 0.11910994764397906,
        "f1-score": 0.0442833282445338,
=======
        "precision": 0.9625,
        "recall": 0.11290322580645161,
        "f1-score": 0.2020997375328084,
        "support": 682.0
    },
    "UP": {
        "precision": 0.1154970760233918,
        "recall": 0.9634146341463414,
        "f1-score": 0.206266318537859,
        "support": 82.0
    },
    "accuracy": 0.20418848167539266,
    "macro avg": {
        "precision": 0.538998538011696,
        "recall": 0.5381589299763965,
        "f1-score": 0.20418302803533372,
        "support": 764.0
    },
    "weighted avg": {
        "precision": 0.8715913092066991,
        "recall": 0.20418848167539266,
        "f1-score": 0.20254693601764368,
>>>>>>> d5f42532be6a9c18a5da3fb21b671ebbe5b6efbf
        "support": 764.0
    }
}