{
    "DOWN": {
        "precision": 0.8990578734858681,
        "recall": 0.9794721407624634,
        "f1-score": 0.9375438596491228,
        "support": 682.0
    },
    "UP": {
        "precision": 0.3333333333333333,
        "recall": 0.08536585365853659,
        "f1-score": 0.1359223300970874,
        "support": 82.0
    },
    "accuracy": 0.8835078534031413,
    "macro avg": {
        "precision": 0.6161956034096007,
        "recall": 0.5324189972105,
        "f1-score": 0.536733094873105,
        "support": 764.0
    },
    "weighted avg": {
        "precision": 0.8383387474485542,
        "recall": 0.8835078534031413,
        "f1-score": 0.8515059467914436,
        "support": 764.0
    }
}