{
    "R2": 0.20158084136689014,
    "RMSE": 5.915853327690971,
    "MSE": 34.99732059475233,
    "MAPE": 0.08148619934381805,
    "ACMAPE": 1.84326630405586
}