{
    "DOWN": {
        "precision": 0.7119047619047619,
        "recall": 0.11407859595574209,
        "f1-score": 0.19664584018414993,
        "support": 2621.0
    },
    "UP": {
        "precision": 0.11576542269611577,
        "recall": 0.7152941176470589,
        "f1-score": 0.19927892494264177,
        "support": 425.0
    },
    "accuracy": 0.1979645436638214,
    "macro avg": {
        "precision": 0.41383509230043886,
        "recall": 0.4146863568014005,
        "f1-score": 0.19796238256339585,
        "support": 3046.0
    },
    "weighted avg": {
        "precision": 0.628727079973155,
        "recall": 0.1979645436638214,
        "f1-score": 0.19701322725649367,
        "support": 3046.0
    }
}