{
    "R2": 0.23737648600377437,
    "RMSE": 5.781719512945804,
    "MSE": 33.42828052637826,
    "MAPE": 0.10343058698355455,
    "ACMAPE": 0.3625928906484761
}