{
    "DOWN": {
        "precision": 0.8333333333333334,
        "recall": 0.2956989247311828,
        "f1-score": 0.4365079365079365,
        "support": 186.0
    },
    "UP": {
        "precision": 0.2598870056497175,
        "recall": 0.8070175438596491,
        "f1-score": 0.39316239316239315,
        "support": 57.0
    },
    "accuracy": 0.4156378600823045,
    "macro avg": {
        "precision": 0.5466101694915254,
        "recall": 0.551358234295416,
        "f1-score": 0.4148351648351648,
        "support": 243.0
    },
    "weighted avg": {
        "precision": 0.6988212317779173,
        "recall": 0.4156378600823045,
        "f1-score": 0.4263404633775004,
        "support": 243.0
    }
}