{
    "R2": 0.9924914082038552,
    "RMSE": 28.562527844507493,
    "MSE": 815.8179968682658,
    "MAPE": 0.03632278468902987,
    "ACMAPE": 0.8667441618729969
}