{
    "R2": -1.9662445924968552,
    "RMSE": 292.12823093818463,
    "MSE": 85338.90331107333,
    "MAPE": 2.208857510106001,
    "ACMAPE": 3.6738780862376883
}