{
<<<<<<< HEAD
    "R2": -0.3431786080458996,
    "RMSE": 196.57891432594408,
    "MSE": 38643.26955756687,
    "MAPE": 1.4821563607763726,
    "ACMAPE": 2.6508806406117635
=======
    "R2": -0.2425915323766814,
    "RMSE": 189.07505868734583,
    "MSE": 35749.37781762327,
    "MAPE": 1.3374048247299568,
    "ACMAPE": 2.506129104565348
>>>>>>> d5f42532be6a9c18a5da3fb21b671ebbe5b6efbf
}