{
    "DOWN": {
        "precision": 0.8292682926829268,
        "recall": 0.1827956989247312,
        "f1-score": 0.29955947136563876,
        "support": 186.0
    },
    "UP": {
        "precision": 0.24752475247524752,
        "recall": 0.8771929824561403,
        "f1-score": 0.3861003861003861,
        "support": 57.0
    },
    "accuracy": 0.345679012345679,
    "macro avg": {
        "precision": 0.5383965225790872,
        "recall": 0.5299943406904357,
        "f1-score": 0.34282992873301243,
        "support": 243.0
    },
    "weighted avg": {
        "precision": 0.692809931399644,
        "recall": 0.345679012345679,
        "f1-score": 0.31985919210588815,
        "support": 243.0
    }
}