{
    "DOWN": {
        "precision": 0.8235294117647058,
        "recall": 0.3010752688172043,
        "f1-score": 0.44094488188976383,
        "support": 186.0
    },
    "UP": {
        "precision": 0.2571428571428571,
        "recall": 0.7894736842105263,
        "f1-score": 0.3879310344827586,
        "support": 57.0
    },
    "accuracy": 0.4156378600823045,
    "macro avg": {
        "precision": 0.5403361344537815,
        "recall": 0.5452744765138653,
        "f1-score": 0.4144379581862612,
        "support": 243.0
    },
    "weighted avg": {
        "precision": 0.6906733063595807,
        "recall": 0.4156378600823045,
        "f1-score": 0.42850953496713295,
        "support": 243.0
    }
}