{
    "DOWN": {
        "precision": 0.8325892857142857,
        "recall": 0.6625222024866785,
        "f1-score": 0.7378832838773491,
        "support": 563.0
    },
    "UP": {
        "precision": 0.375,
        "recall": 0.6031746031746031,
        "f1-score": 0.4624746450304259,
        "support": 189.0
    },
    "accuracy": 0.6476063829787234,
    "macro avg": {
        "precision": 0.6037946428571428,
        "recall": 0.6328484028306408,
        "f1-score": 0.6001789644538875,
        "support": 752.0
    },
    "weighted avg": {
        "precision": 0.7175834678951368,
        "recall": 0.6476063829787234,
        "f1-score": 0.6686648892735347,
        "support": 752.0
    }
}