{
    "R2": 0.973295828403455,
    "RMSE": 7.7260555124104995,
    "MSE": 59.691933780848665,
    "MAPE": 0.03126487907242167,
    "ACMAPE": 0.7865840280085918
}