{
<<<<<<< HEAD
    "R2": 0.9893389129955001,
    "RMSE": 4.485276217837843,
    "MSE": 20.117702750301742,
    "MAPE": 0.030400577111247103,
    "ACMAPE": 1.247384863303156
=======
    "R2": 0.9874881125146935,
    "RMSE": 4.8590331815496866,
    "MSE": 23.610203459400868,
    "MAPE": 0.027513103915708843,
    "ACMAPE": 0.89946228479167
>>>>>>> d5f42532be6a9c18a5da3fb21b671ebbe5b6efbf
}