{
    "DOWN": {
<<<<<<< HEAD
        "precision": 0.6938300349243306,
        "recall": 0.2768230376219229,
        "f1-score": 0.3957503320053121,
        "support": 2153.0
    },
    "UP": {
        "precision": 0.2696998123827392,
        "recall": 0.6861575178997613,
        "f1-score": 0.38720538720538716,
        "support": 838.0
    },
    "accuracy": 0.3915078569040455,
    "macro avg": {
        "precision": 0.4817649236535349,
        "recall": 0.4814902777608421,
        "f1-score": 0.39147785960534964,
        "support": 2991.0
    },
    "weighted avg": {
        "precision": 0.5749998354960947,
        "recall": 0.3915078569040455,
        "f1-score": 0.39335626188082634,
=======
        "precision": 0.7648159700561448,
        "recall": 0.5694379934974454,
        "f1-score": 0.6528221512247072,
        "support": 2153.0
    },
    "UP": {
        "precision": 0.33213256484149856,
        "recall": 0.5501193317422435,
        "f1-score": 0.4141958670260557,
        "support": 838.0
    },
    "accuracy": 0.5640254095620194,
    "macro avg": {
        "precision": 0.5484742674488217,
        "recall": 0.5597786626198444,
        "f1-score": 0.5335090091253815,
        "support": 2991.0
    },
    "weighted avg": {
        "precision": 0.6435893924667521,
        "recall": 0.5640254095620194,
        "f1-score": 0.5859653053007787,
>>>>>>> d5f42532be6a9c18a5da3fb21b671ebbe5b6efbf
        "support": 2991.0
    }
}