{
    "R2": 0.9887206897450624,
    "RMSE": 4.657517323161296,
    "MSE": 21.69246761554757,
    "MAPE": 0.04817541903439624,
    "ACMAPE": 1.4244623668922507
}