{
    "R2": -1.2188020877485726,
    "RMSE": 21.1239842259576,
    "MSE": 446.2227095785055,
    "MAPE": 0.08087921266710733,
    "ACMAPE": 0.6977016425736494
}