{
    "R2": 0.6595405083205839,
    "RMSE": 8.274643172811087,
    "MSE": 68.46971963734914,
    "MAPE": 0.023587630480336335,
    "ACMAPE": 1.1824661351532337
}