{
    "R2": 0.5556648666572518,
    "RMSE": 9.453048336861995,
    "MSE": 89.36012285904934,
    "MAPE": 0.030412501421622478,
    "ACMAPE": 0.684618108898258
}