{
    "DOWN": {
        "precision": 0.8204488778054863,
        "recall": 0.4977307110438729,
        "f1-score": 0.6195856873822975,
        "support": 661.0
    },
    "UP": {
        "precision": 0.29957805907172996,
        "recall": 0.6635514018691588,
        "f1-score": 0.4127906976744186,
        "support": 214.0
    },
    "accuracy": 0.5382857142857143,
    "macro avg": {
        "precision": 0.5600134684386081,
        "recall": 0.5806410564565159,
        "f1-score": 0.516188192528358,
        "support": 875.0
    },
    "weighted avg": {
        "precision": 0.6930587575666018,
        "recall": 0.5382857142857143,
        "f1-score": 0.5690095413280277,
        "support": 875.0
    }
}