{
    "R2": 0.9135236990396072,
    "RMSE": 33.38670091651155,
    "MSE": 1114.6717980885933,
    "MAPE": 0.09984340709132426,
    "ACMAPE": 0.6391692497879534
}