{
    "R2": -90.37779144009386,
    "RMSE": 77.83247147968073,
    "MSE": 6057.893616635314,
    "MAPE": 1.371442679096647,
    "ACMAPE": 3.0321569648109326
}