{
    "R2": 0.9737808553975867,
    "RMSE": 13.396680472148352,
    "MSE": 179.471047672841,
    "MAPE": 0.023321758490060743,
    "ACMAPE": 0.7822762599421421
}