{
    "R2": 0.9952364503147326,
    "RMSE": 12.715766581291527,
    "MSE": 161.69071974989043,
    "MAPE": 0.047604312194405,
    "ACMAPE": 0.993419503292615
}