{
    "DOWN": {
        "precision": 0.6877518130539887,
        "recall": 0.5912712157949428,
        "f1-score": 0.6358726019742968,
        "support": 2887.0
    },
    "UP": {
        "precision": 0.2857142857142857,
        "recall": 0.3785084202085004,
        "f1-score": 0.32562952742324935,
        "support": 1247.0
    },
    "accuracy": 0.527092404450895,
    "macro avg": {
        "precision": 0.4867330493841372,
        "recall": 0.4848898180017216,
        "f1-score": 0.4807510646987731,
        "support": 4134.0
    },
    "weighted avg": {
        "precision": 0.5664792449377309,
        "recall": 0.527092404450895,
        "f1-score": 0.5422893620214289,
        "support": 4134.0
    }
}