{
    "DOWN": {
        "precision": 0.6427289048473968,
        "recall": 0.6897880539499036,
        "f1-score": 0.6654275092936803,
        "support": 519.0
    },
    "UP": {
        "precision": 0.4409722222222222,
        "recall": 0.3895705521472393,
        "f1-score": 0.4136807817589576,
        "support": 326.0
    },
    "accuracy": 0.5739644970414202,
    "macro avg": {
        "precision": 0.5418505635348094,
        "recall": 0.5396793030485715,
        "f1-score": 0.539554145526319,
        "support": 845.0
    },
    "weighted avg": {
        "precision": 0.5648914154559093,
        "recall": 0.5739644970414202,
        "f1-score": 0.5683039197359055,
        "support": 845.0
    }
}