{
    "DOWN": {
        "precision": 0.6195286195286195,
        "recall": 0.3524904214559387,
        "f1-score": 0.4493284493284493,
        "support": 522.0
    },
    "UP": {
        "precision": 0.3887884267631103,
        "recall": 0.6554878048780488,
        "f1-score": 0.4880817253121453,
        "support": 328.0
    },
    "accuracy": 0.46941176470588236,
    "macro avg": {
        "precision": 0.504158523145865,
        "recall": 0.5039891131669938,
        "f1-score": 0.46870508732029725,
        "support": 850.0
    },
    "weighted avg": {
        "precision": 0.5304900510261642,
        "recall": 0.46941176470588236,
        "f1-score": 0.4642826546492167,
        "support": 850.0
    }
}