{
    "DOWN": {
        "precision": 0.6019736842105263,
        "recall": 0.3485714285714286,
        "f1-score": 0.4414957780458384,
        "support": 525.0
    },
    "UP": {
        "precision": 0.3793103448275862,
        "recall": 0.6333333333333333,
        "f1-score": 0.474460839954597,
        "support": 330.0
    },
    "accuracy": 0.4584795321637427,
    "macro avg": {
        "precision": 0.49064201451905626,
        "recall": 0.4909523809523809,
        "f1-score": 0.4579783090002177,
        "support": 855.0
    },
    "weighted avg": {
        "precision": 0.5160334479574616,
        "recall": 0.4584795321637427,
        "f1-score": 0.4542191352737803,
        "support": 855.0
    }
}