{
    "R2": 0.7869798379677688,
    "RMSE": 40.30799976665044,
    "MSE": 1624.7348451882917,
    "MAPE": 0.03560724213071984,
    "ACMAPE": 0.858037148672776
}