{
    "DOWN": {
        "precision": 0.7142857142857143,
        "recall": 0.04306808859721083,
        "f1-score": 0.08123791102514508,
        "support": 2438.0
    },
    "UP": {
        "precision": 0.17996485061511425,
        "recall": 0.924187725631769,
        "f1-score": 0.3012650779641071,
        "support": 554.0
    },
    "accuracy": 0.20621657754010694,
    "macro avg": {
        "precision": 0.4471252824504143,
        "recall": 0.4836279071144899,
        "f1-score": 0.19125149449462608,
        "support": 2992.0
    },
    "weighted avg": {
        "precision": 0.6153506345820002,
        "recall": 0.20621657754010694,
        "f1-score": 0.12197823538483257,
        "support": 2992.0
    }
}