{
    "DOWN": {
        "precision": 0.6587301587301587,
        "recall": 0.17255717255717257,
        "f1-score": 0.2734761120263592,
        "support": 481.0
    },
    "UP": {
        "precision": 0.3652312599681021,
        "recall": 0.8419117647058824,
        "f1-score": 0.5094549499443827,
        "support": 272.0
    },
    "accuracy": 0.41434262948207173,
    "macro avg": {
        "precision": 0.5119807093491304,
        "recall": 0.5072344686315274,
        "f1-score": 0.39146553098537096,
        "support": 753.0
    },
    "weighted avg": {
        "precision": 0.5527119642238115,
        "recall": 0.41434262948207173,
        "f1-score": 0.3587168077948883,
        "support": 753.0
    }
}