{
    "R2": 0.227753194925998,
    "RMSE": 137.7896107573478,
    "MSE": 18985.976832661414,
    "MAPE": 2.7034665675210845,
    "ACMAPE": 4.29103341244087
}