{
    "R2": -41.02214723999613,
    "RMSE": 180.5576738553926,
    "MSE": 32601.07358807033,
    "MAPE": 1.2324661296467039,
    "ACMAPE": 2.40378087068256
}