{
    "DOWN": {
        "precision": 0.7058823529411765,
        "recall": 0.02494802494802495,
        "f1-score": 0.04819277108433735,
        "support": 481.0
    },
    "UP": {
        "precision": 0.36277173913043476,
        "recall": 0.9816176470588235,
        "f1-score": 0.5297619047619048,
        "support": 272.0
    },
    "accuracy": 0.3705179282868526,
    "macro avg": {
        "precision": 0.5343270460358056,
        "recall": 0.5032828360034243,
        "f1-score": 0.2889773379231211,
        "support": 753.0
    },
    "weighted avg": {
        "precision": 0.5819433264384916,
        "recall": 0.3705179282868526,
        "f1-score": 0.22214603052696463,
        "support": 753.0
    }
}