{
    "R2": 0.997771764280667,
    "RMSE": 83.26999204069901,
    "MSE": 6933.891574458077,
    "MAPE": 0.13198387792896576,
    "ACMAPE": 1.783332529277617
}