{
    "R2": 0.9691581677009382,
    "RMSE": 140.73626172028656,
    "MSE": 19806.695363001,
    "MAPE": 0.03126781811737245,
    "ACMAPE": 1.3259731128226673
}