{
    "DOWN": {
        "precision": 0.875,
        "recall": 0.010703363914373088,
        "f1-score": 0.021148036253776436,
        "support": 654.0
    },
    "UP": {
        "precision": 0.34843907351460224,
        "recall": 0.9971181556195965,
        "f1-score": 0.5164179104477612,
        "support": 347.0
    },
    "accuracy": 0.35264735264735264,
    "macro avg": {
        "precision": 0.6117195367573012,
        "recall": 0.5039107597669847,
        "f1-score": 0.26878297335076884,
        "support": 1001.0
    },
    "weighted avg": {
        "precision": 0.69246589261695,
        "recall": 0.35264735264735264,
        "f1-score": 0.19283499563970322,
        "support": 1001.0
    }
}