{
    "R2": 0.9974435673061532,
    "RMSE": 89.19014717947346,
    "MSE": 7954.882353896137,
    "MAPE": 0.053084924443795554,
    "ACMAPE": 0.7607618436736029
}