{
    "R2": 0.9900130901619241,
    "RMSE": 4.118989451780716,
    "MSE": 16.9660741038808,
    "MAPE": 0.024331273157171512,
    "ACMAPE": 0.8272033358203569
}