{
    "R2": 0.8254982826382682,
    "RMSE": 4.889081614970036,
    "MSE": 23.90311903783801,
    "MAPE": 0.025352865921490473,
    "ACMAPE": 0.6954559587049957
}