{
    "DOWN": {
        "precision": 0.6592233009708738,
        "recall": 0.7058212058212058,
        "f1-score": 0.681726907630522,
        "support": 962.0
    },
    "UP": {
        "precision": 0.4362549800796813,
        "recall": 0.38421052631578945,
        "f1-score": 0.4085820895522388,
        "support": 570.0
    },
    "accuracy": 0.5861618798955613,
    "macro avg": {
        "precision": 0.5477391405252775,
        "recall": 0.5450158660684976,
        "f1-score": 0.5451544985913804,
        "support": 1532.0
    },
    "weighted avg": {
        "precision": 0.5762651136941247,
        "recall": 0.5861618798955613,
        "f1-score": 0.5800999191810302,
        "support": 1532.0
    }
}