{
    "DOWN": {
<<<<<<< HEAD
        "precision": 0.6599078341013825,
        "recall": 0.7442827442827443,
        "f1-score": 0.6995603321934539,
        "support": 962.0
    },
    "UP": {
        "precision": 0.44966442953020136,
        "recall": 0.3526315789473684,
        "f1-score": 0.3952802359882006,
        "support": 570.0
    },
    "accuracy": 0.5985639686684073,
    "macro avg": {
        "precision": 0.554786131815792,
        "recall": 0.5484571616150564,
        "f1-score": 0.5474202840908273,
        "support": 1532.0
    },
    "weighted avg": {
        "precision": 0.5816841130794678,
        "recall": 0.5985639686684073,
        "f1-score": 0.5863490692450241,
=======
        "precision": 0.6592233009708738,
        "recall": 0.7058212058212058,
        "f1-score": 0.681726907630522,
        "support": 962.0
    },
    "UP": {
        "precision": 0.4362549800796813,
        "recall": 0.38421052631578945,
        "f1-score": 0.4085820895522388,
        "support": 570.0
    },
    "accuracy": 0.5861618798955613,
    "macro avg": {
        "precision": 0.5477391405252775,
        "recall": 0.5450158660684976,
        "f1-score": 0.5451544985913804,
        "support": 1532.0
    },
    "weighted avg": {
        "precision": 0.5762651136941247,
        "recall": 0.5861618798955613,
        "f1-score": 0.5800999191810302,
>>>>>>> d5f42532be6a9c18a5da3fb21b671ebbe5b6efbf
        "support": 1532.0
    }
}