{
    "R2": 0.9829973689907442,
    "RMSE": 5.368002295598377,
    "MSE": 28.81544864554944,
    "MAPE": 0.029407750122775196,
    "ACMAPE": 0.7920536645196623
}