{
    "R2": 0.9882082532545907,
    "RMSE": 4.4652678235245125,
    "MSE": 19.938616735803336,
    "MAPE": 0.03046676304107388,
    "ACMAPE": 1.0601059382988058
}