{
    "R2": 0.7803884254644056,
    "RMSE": 5.4847273996366726,
    "MSE": 30.082234648325258,
    "MAPE": 0.02843361880276501,
    "ACMAPE": 0.6882274332357547
}