{
<<<<<<< HEAD
    "R2": 0.8039521422224519,
    "RMSE": 83.13891278744408,
    "MSE": 6912.078819478233,
    "MAPE": 0.06280252515205098,
    "ACMAPE": 1.0448384532957635
=======
    "R2": 0.80995496418725,
    "RMSE": 81.85619541890827,
    "MSE": 6700.4367284585,
    "MAPE": 0.06086721101134275,
    "ACMAPE": 0.9830228996340972
>>>>>>> d5f42532be6a9c18a5da3fb21b671ebbe5b6efbf
}