{
<<<<<<< HEAD
    "R2": 0.9859366832157381,
    "RMSE": 126.28289608257681,
    "MSE": 15947.369843002894,
    "MAPE": 0.15032801598457415,
    "ACMAPE": 1.1163773987006236
=======
    "R2": 0.985081259117091,
    "RMSE": 130.0668848356476,
    "MSE": 16917.394530849622,
    "MAPE": 0.15154287409116643,
    "ACMAPE": 1.0774688000170922
>>>>>>> d5f42532be6a9c18a5da3fb21b671ebbe5b6efbf
}