{
    "R2": 0.8039521422224519,
    "RMSE": 83.13891278744408,
    "MSE": 6912.078819478233,
    "MAPE": 0.06280252515205098,
    "ACMAPE": 1.0448384532957635
}