{
    "DOWN": {
        "precision": 0.6973684210526315,
        "recall": 0.4732142857142857,
        "f1-score": 0.5638297872340425,
        "support": 112.0
    },
    "UP": {
        "precision": 0.3516483516483517,
        "recall": 0.5818181818181818,
        "f1-score": 0.4383561643835616,
        "support": 55.0
    },
    "accuracy": 0.5089820359281437,
    "macro avg": {
        "precision": 0.5245083863504916,
        "recall": 0.5275162337662338,
        "f1-score": 0.5010929758088021,
        "support": 167.0
    },
    "weighted avg": {
        "precision": 0.5835085179554136,
        "recall": 0.5089820359281437,
        "f1-score": 0.5225061389898722,
        "support": 167.0
    }
}