{
    "R2": 0.9859366832157381,
    "RMSE": 126.28289608257681,
    "MSE": 15947.369843002894,
    "MAPE": 0.15032801598457415,
    "ACMAPE": 1.1163773987006236
}