{
    "R2": 0.9576887710627577,
    "RMSE": 14.410944559306609,
    "MSE": 207.67532309140873,
    "MAPE": 0.010809767254166673,
    "ACMAPE": 0.9169586345680825
}