{
    "R2": -0.7768556005200389,
    "RMSE": 16.562604856144002,
    "MSE": 274.3198796207649,
    "MAPE": 0.017292731342885663,
    "ACMAPE": 0.5237862378363922
}