{
    "DOWN": {
<<<<<<< HEAD
        "precision": 0.7319034852546917,
        "recall": 0.6859296482412061,
        "f1-score": 0.708171206225681,
        "support": 398.0
    },
    "UP": {
        "precision": 0.4444444444444444,
        "recall": 0.5,
        "f1-score": 0.47058823529411764,
        "support": 200.0
    },
    "accuracy": 0.6237458193979933,
    "macro avg": {
        "precision": 0.5881739648495681,
        "recall": 0.592964824120603,
        "f1-score": 0.5893797207598993,
        "support": 598.0
    },
    "weighted avg": {
        "precision": 0.6357633378265154,
        "recall": 0.6237458193979933,
        "f1-score": 0.6287120186231515,
=======
        "precision": 0.7369791666666666,
        "recall": 0.7110552763819096,
        "f1-score": 0.7237851662404091,
        "support": 398.0
    },
    "UP": {
        "precision": 0.46261682242990654,
        "recall": 0.495,
        "f1-score": 0.4782608695652174,
        "support": 200.0
    },
    "accuracy": 0.6387959866220736,
    "macro avg": {
        "precision": 0.5997979945482865,
        "recall": 0.6030276381909547,
        "f1-score": 0.6010230179028133,
        "support": 598.0
    },
    "weighted avg": {
        "precision": 0.6452191853165796,
        "recall": 0.6387959866220736,
        "f1-score": 0.6416700168507129,
>>>>>>> d5f42532be6a9c18a5da3fb21b671ebbe5b6efbf
        "support": 598.0
    }
}