{
<<<<<<< HEAD
    "R2": -1.0688251995725113,
    "RMSE": 17.871642642123263,
    "MSE": 319.3956107277586,
    "MAPE": 0.019051346099602556,
    "ACMAPE": 0.512557839606096
=======
    "R2": -0.7768556005200389,
    "RMSE": 16.562604856144002,
    "MSE": 274.3198796207649,
    "MAPE": 0.017292731342885663,
    "ACMAPE": 0.5237862378363922
>>>>>>> d5f42532be6a9c18a5da3fb21b671ebbe5b6efbf
}