{
    "R2": 0.2929006226327403,
    "RMSE": 10.448231831835248,
    "MSE": 109.16554841177535,
    "MAPE": 0.009628397556818434,
    "ACMAPE": 1.334303722232143
}