{
    "R2": -1.4716779879407804,
    "RMSE": 19.53432990271278,
    "MSE": 381.59004474801867,
    "MAPE": 0.021737576042189226,
    "ACMAPE": 1.5022570565616697
}