{
<<<<<<< HEAD
    "R2": -0.6890125733655126,
    "RMSE": 79.18205811990731,
    "MSE": 6269.79832810438,
    "MAPE": 0.07307897196561554,
    "ACMAPE": 1.0245801267000265
=======
    "R2": -0.9756069607174898,
    "RMSE": 85.63683703269007,
    "MSE": 7333.667856963517,
    "MAPE": 0.07564640239025762,
    "ACMAPE": 1.0825748088567704
>>>>>>> d5f42532be6a9c18a5da3fb21b671ebbe5b6efbf
}