{
    "R2": 0.3567039577140868,
    "RMSE": 48.867011962440614,
    "MSE": 2387.984858137314,
    "MAPE": 0.06037957608687914,
    "ACMAPE": 1.1596867354402278
}