{
    "R2": 0.9625479651837411,
    "RMSE": 12.660254042207066,
    "MSE": 160.28203241322038,
    "MAPE": 0.04536993793283814,
    "ACMAPE": 0.8899961061571372
}