{
    "DOWN": {
        "precision": 0.8016643550624133,
        "recall": 0.4642570281124498,
        "f1-score": 0.5879959308240081,
        "support": 1245.0
    },
    "UP": {
        "precision": 0.33697813121272363,
        "recall": 0.7033195020746889,
        "f1-score": 0.45564516129032256,
        "support": 482.0
    },
    "accuracy": 0.5309785755645628,
    "macro avg": {
        "precision": 0.5693212431375685,
        "recall": 0.5837882650935693,
        "f1-score": 0.5218205460571653,
        "support": 1727.0
    },
    "weighted avg": {
        "precision": 0.6719719636926679,
        "recall": 0.5309785755645628,
        "f1-score": 0.5510572678736686,
        "support": 1727.0
    }
}