{
    "DOWN": {
        "precision": 0.7308730873087309,
        "recall": 0.998769987699877,
        "f1-score": 0.8440748440748441,
        "support": 813.0
    },
    "UP": {
        "precision": 0.6666666666666666,
        "recall": 0.006644518272425249,
        "f1-score": 0.013157894736842105,
        "support": 301.0
    },
    "accuracy": 0.7307001795332136,
    "macro avg": {
        "precision": 0.6987698769876988,
        "recall": 0.5027072529861512,
        "f1-score": 0.42861636940584313,
        "support": 1114.0
    },
    "weighted avg": {
        "precision": 0.7135246738318356,
        "recall": 0.7307001795332136,
        "f1-score": 0.6195631728443786,
        "support": 1114.0
    }
}