{
    "R2": 0.6108319280741134,
    "RMSE": 155.67926394306224,
    "MSE": 24236.033221853635,
    "MAPE": 0.04323787680878525,
    "ACMAPE": 0.5818375177423579
}