{
    "R2": 0.996209104496867,
    "RMSE": 45.65657288372974,
    "MSE": 2084.5226474873257,
    "MAPE": 0.5562605456401739,
    "ACMAPE": 1.112840973086743
}