{
    "R2": 0.9035950537623159,
    "RMSE": 77.48396327146396,
    "MSE": 6003.764564253577,
    "MAPE": 0.018679042791076038,
    "ACMAPE": 1.388517462898796
}