{
    "DOWN": {
        "precision": 0.9023779724655819,
        "recall": 0.7571541086899448,
        "f1-score": 0.8234118486795147,
        "support": 3809.0
    },
    "UP": {
        "precision": 0.2594075260208166,
        "recall": 0.5094339622641509,
        "f1-score": 0.3437665782493369,
        "support": 636.0
    },
    "accuracy": 0.7217097862767154,
    "macro avg": {
        "precision": 0.5808927492431992,
        "recall": 0.6332940354770479,
        "f1-score": 0.5835892134644258,
        "support": 4445.0
    },
    "weighted avg": {
        "precision": 0.8103804012757347,
        "recall": 0.7217097862767154,
        "f1-score": 0.7547831890634082,
        "support": 4445.0
    }
}