{
    "DOWN": {
        "precision": 0.7659574468085106,
        "recall": 0.08856088560885608,
        "f1-score": 0.15876515986769568,
        "support": 813.0
    },
    "UP": {
        "precision": 0.2735294117647059,
        "recall": 0.9269102990033222,
        "f1-score": 0.4224072672218016,
        "support": 301.0
    },
    "accuracy": 0.31508078994614,
    "macro avg": {
        "precision": 0.5197434292866083,
        "recall": 0.5077355923060891,
        "f1-score": 0.2905862135447487,
        "support": 1114.0
    },
    "weighted avg": {
        "precision": 0.6329046294403012,
        "recall": 0.31508078994614,
        "f1-score": 0.2300005946195681,
        "support": 1114.0
    }
}