{
    "DOWN": {
        "precision": 0.7533382789317508,
        "recall": 0.6468152866242038,
        "f1-score": 0.6960246744345443,
        "support": 3140.0
    },
    "UP": {
        "precision": 0.32460414129110843,
        "recall": 0.44490818030050083,
        "f1-score": 0.37535211267605634,
        "support": 1198.0
    },
    "accuracy": 0.591055786076533,
    "macro avg": {
        "precision": 0.5389712101114296,
        "recall": 0.5458617334623523,
        "f1-score": 0.5356883935553003,
        "support": 4338.0
    },
    "weighted avg": {
        "precision": 0.6349372884076637,
        "recall": 0.591055786076533,
        "f1-score": 0.607466415101518,
        "support": 4338.0
    }
}