{
    "DOWN": {
        "precision": 0.5964240102171137,
        "recall": 0.7012012012012012,
        "f1-score": 0.6445824706694272,
        "support": 666.0
    },
    "UP": {
        "precision": 0.34105960264900664,
        "recall": 0.2458233890214797,
        "f1-score": 0.28571428571428575,
        "support": 419.0
    },
    "accuracy": 0.5253456221198156,
    "macro avg": {
        "precision": 0.4687418064330602,
        "recall": 0.47351229511134046,
        "f1-score": 0.4651483781918565,
        "support": 1085.0
    },
    "weighted avg": {
        "precision": 0.4978086307046373,
        "recall": 0.5253456221198156,
        "f1-score": 0.5059965080001145,
        "support": 1085.0
    }
}