{
    "R2": 0.992130121853424,
    "RMSE": 38.21846088458237,
    "MSE": 1460.6507523863527,
    "MAPE": 0.29157798999155804,
    "ACMAPE": 0.9947933496954673
}