{
    "R2": 0.8478740097824002,
    "RMSE": 49.80273129743672,
    "MSE": 2480.3120446846833,
    "MAPE": 0.06802439374472136,
    "ACMAPE": 1.0173331495050901
}