{
    "R2": 0.8344462699963042,
    "RMSE": 51.95423292386861,
    "MSE": 2699.242318707593,
    "MAPE": 0.06399486323739743,
    "ACMAPE": 1.212381960011591
}