{
    "DOWN": {
        "precision": 0.5951807228915663,
        "recall": 0.7417417417417418,
        "f1-score": 0.660427807486631,
        "support": 666.0
    },
    "UP": {
        "precision": 0.3254901960784314,
        "recall": 0.19809069212410502,
        "f1-score": 0.2462908011869437,
        "support": 419.0
    },
    "accuracy": 0.5317972350230414,
    "macro avg": {
        "precision": 0.4603354594849989,
        "recall": 0.4699162169329234,
        "f1-score": 0.45335930433678734,
        "support": 1085.0
    },
    "weighted avg": {
        "precision": 0.4910329526291668,
        "recall": 0.5317972350230414,
        "f1-score": 0.5004984013672126,
        "support": 1085.0
    }
}