{
    "DOWN": {
        "precision": 0.8576449912126538,
        "recall": 0.37223493516399697,
        "f1-score": 0.5191489361702127,
        "support": 2622.0
    },
    "UP": {
        "precision": 0.21916508538899432,
        "recall": 0.7403846153846154,
        "f1-score": 0.33821376281112736,
        "support": 624.0
    },
    "accuracy": 0.4430067775723968,
    "macro avg": {
        "precision": 0.5384050383008241,
        "recall": 0.5563097752743063,
        "f1-score": 0.42868134949067005,
        "support": 3246.0
    },
    "weighted avg": {
        "precision": 0.7349057856569042,
        "recall": 0.4430067775723968,
        "f1-score": 0.4843665738239191,
        "support": 3246.0
    }
}