{
    "R2": 0.8973124314933285,
    "RMSE": 22.732300171031,
    "MSE": 516.7574710658561,
    "MAPE": 0.04886341587354424,
    "ACMAPE": 1.3651238293261823
}