{
    "DOWN": {
        "precision": 0.8104993597951344,
        "recall": 0.24178762414056532,
        "f1-score": 0.37246248896734335,
        "support": 2618.0
    },
    "UP": {
        "precision": 0.19308943089430894,
        "recall": 0.7624398073836276,
        "f1-score": 0.3081414206941291,
        "support": 623.0
    },
    "accuracy": 0.34186979327368094,
    "macro avg": {
        "precision": 0.5017943953447217,
        "recall": 0.5021137157620965,
        "f1-score": 0.3403019548307362,
        "support": 3241.0
    },
    "weighted avg": {
        "precision": 0.6918179695744574,
        "recall": 0.34186979327368094,
        "f1-score": 0.36009839592994364,
        "support": 3241.0
    }
}