{
    "DOWN": {
        "precision": 0.6163366336633663,
        "recall": 0.45521023765996343,
        "f1-score": 0.5236593059936908,
        "support": 547.0
    },
    "UP": {
        "precision": 0.2696078431372549,
        "recall": 0.41509433962264153,
        "f1-score": 0.3268945022288261,
        "support": 265.0
    },
    "accuracy": 0.4421182266009852,
    "macro avg": {
        "precision": 0.44297223840031064,
        "recall": 0.4351522886413025,
        "f1-score": 0.42527690411125846,
        "support": 812.0
    },
    "weighted avg": {
        "precision": 0.5031800702527511,
        "recall": 0.4421182266009852,
        "f1-score": 0.45944419146451704,
        "support": 812.0
    }
}