{
    "R2": 0.9466746909456378,
    "RMSE": 14.28188483640994,
    "MSE": 203.9722344804762,
    "MAPE": 0.016739847660399074,
    "ACMAPE": 0.5993485433125729
}