{
    "DOWN": {
        "precision": 0.75,
        "recall": 0.5704225352112676,
        "f1-score": 0.6480000000000001,
        "support": 142.0
    },
    "UP": {
        "precision": 0.5196850393700787,
        "recall": 0.7096774193548387,
        "f1-score": 0.6,
        "support": 93.0
    },
    "accuracy": 0.625531914893617,
    "macro avg": {
        "precision": 0.6348425196850394,
        "recall": 0.6400499772830532,
        "f1-score": 0.6240000000000001,
        "support": 235.0
    },
    "weighted avg": {
        "precision": 0.6588540794102864,
        "recall": 0.625531914893617,
        "f1-score": 0.629004255319149,
        "support": 235.0
    }
}