{
    "DOWN": {
        "precision": 0.7380952380952381,
        "recall": 0.6838235294117647,
        "f1-score": 0.7099236641221374,
        "support": 136.0
    },
    "UP": {
        "precision": 0.5656565656565656,
        "recall": 0.6292134831460674,
        "f1-score": 0.5957446808510638,
        "support": 89.0
    },
    "accuracy": 0.6622222222222223,
    "macro avg": {
        "precision": 0.6518759018759019,
        "recall": 0.6565185062789161,
        "f1-score": 0.6528341724866006,
        "support": 225.0
    },
    "weighted avg": {
        "precision": 0.6698861632194965,
        "recall": 0.6622222222222223,
        "f1-score": 0.6647595329615794,
        "support": 225.0
    }
}