{
    "R2": 0.9122338773934614,
    "RMSE": 27.875705730113133,
    "MSE": 777.0549699518622,
    "MAPE": 0.025153770331271606,
    "ACMAPE": 0.7464652457411076
}