{
    "DOWN": {
        "precision": 0.8379980243661508,
        "recall": 0.7309017805858702,
        "f1-score": 0.7807946003988342,
        "support": 3482.0
    },
    "UP": {
        "precision": 0.3258992805755396,
        "recall": 0.4793650793650794,
        "f1-score": 0.3880085653104925,
        "support": 945.0
    },
    "accuracy": 0.6772080415631353,
    "macro avg": {
        "precision": 0.5819486524708452,
        "recall": 0.6051334299754748,
        "f1-score": 0.5844015828546634,
        "support": 4427.0
    },
    "weighted avg": {
        "precision": 0.7286839713094244,
        "recall": 0.6772080415631353,
        "f1-score": 0.6969493771870693,
        "support": 4427.0
    }
}