{
    "R2": 0.7996347759029929,
    "RMSE": 8.586682412711285,
    "MSE": 73.73111485676529,
    "MAPE": 0.06903964912403526,
    "ACMAPE": 0.7080288187991255
}