{
    "R2": 0.9713264235908979,
    "RMSE": 15.598302580683242,
    "MSE": 243.3070433985495,
    "MAPE": 0.09944750761502791,
    "ACMAPE": 1.4426025393466688
}