{
    "DOWN": {
        "precision": 0.8019177390865506,
        "recall": 0.9137435307648074,
        "f1-score": 0.8541862652869238,
        "support": 3478.0
    },
    "UP": {
        "precision": 0.3464052287581699,
        "recall": 0.1684322033898305,
        "f1-score": 0.22665716322166782,
        "support": 944.0
    },
    "accuracy": 0.7546359113523292,
    "macro avg": {
        "precision": 0.5741614839223603,
        "recall": 0.5410878670773189,
        "f1-score": 0.5404217142542957,
        "support": 4422.0
    },
    "weighted avg": {
        "precision": 0.7046758101516815,
        "recall": 0.7546359113523292,
        "f1-score": 0.7202225673335991,
        "support": 4422.0
    }
}