{
    "DOWN": {
        "precision": 0.7493061979648473,
        "recall": 0.23235800344234078,
        "f1-score": 0.35471863367637396,
        "support": 3486.0
    },
    "UP": {
        "precision": 0.20143240823634737,
        "recall": 0.7135306553911205,
        "f1-score": 0.3141726786129858,
        "support": 946.0
    },
    "accuracy": 0.33506317689530685,
    "macro avg": {
        "precision": 0.47536930310059733,
        "recall": 0.47294432941673065,
        "f1-score": 0.3344456561446799,
        "support": 4432.0
    },
    "weighted avg": {
        "precision": 0.6323638231717154,
        "recall": 0.33506317689530685,
        "f1-score": 0.34606419471203165,
        "support": 4432.0
    }
}