{
    "R2": 0.986766597999617,
    "RMSE": 13.190795751756932,
    "MSE": 173.9970925645687,
    "MAPE": 0.02419266745759421,
    "ACMAPE": 1.299857076003712
}