{
    "DOWN": {
        "precision": 0.5555555555555556,
        "recall": 0.016778523489932886,
        "f1-score": 0.03257328990228013,
        "support": 298.0
    },
    "UP": {
        "precision": 0.38445378151260506,
        "recall": 0.9786096256684492,
        "f1-score": 0.5520361990950227,
        "support": 187.0
    },
    "accuracy": 0.38762886597938145,
    "macro avg": {
        "precision": 0.4700046685340803,
        "recall": 0.49769407457919107,
        "f1-score": 0.2923047444986514,
        "support": 485.0
    },
    "weighted avg": {
        "precision": 0.4895843560792015,
        "recall": 0.38762886597938145,
        "f1-score": 0.23286105076628602,
        "support": 485.0
    }
}