{
    "R2": 0.8320400465668838,
    "RMSE": 26.56486912814209,
    "MSE": 705.6922717953166,
    "MAPE": 0.027741207465466964,
    "ACMAPE": 0.9720711043726834
}