{
    "DOWN": {
        "precision": 0.6666666666666666,
        "recall": 0.15436241610738255,
        "f1-score": 0.2506811989100818,
        "support": 298.0
    },
    "UP": {
        "precision": 0.3942307692307692,
        "recall": 0.8770053475935828,
        "f1-score": 0.5439469320066335,
        "support": 187.0
    },
    "accuracy": 0.4329896907216495,
    "macro avg": {
        "precision": 0.530448717948718,
        "recall": 0.5156838818504828,
        "f1-score": 0.3973140654583576,
        "support": 485.0
    },
    "weighted avg": {
        "precision": 0.5616243721913825,
        "recall": 0.4329896907216495,
        "f1-score": 0.363754790846278,
        "support": 485.0
    }
}