{
    "DOWN": {
        "precision": 0.7073770491803278,
        "recall": 0.6597859327217125,
        "f1-score": 0.682753164556962,
        "support": 1308.0
    },
    "UP": {
        "precision": 0.3810848400556328,
        "recall": 0.43423137876386686,
        "f1-score": 0.4059259259259259,
        "support": 631.0
    },
    "accuracy": 0.5863847343991748,
    "macro avg": {
        "precision": 0.5442309446179803,
        "recall": 0.5470086557427897,
        "f1-score": 0.5443395452414439,
        "support": 1939.0
    },
    "weighted avg": {
        "precision": 0.6011932513682171,
        "recall": 0.5863847343991748,
        "f1-score": 0.5926665283650158,
        "support": 1939.0
    }
}