{
    "DOWN": {
        "precision": 0.9000454338936847,
        "recall": 0.8546160483175151,
        "f1-score": 0.876742642177473,
        "support": 2318.0
    },
    "UP": {
        "precision": 0.1957040572792363,
        "recall": 0.271523178807947,
        "f1-score": 0.2274618585298197,
        "support": 302.0
    },
    "accuracy": 0.7874045801526718,
    "macro avg": {
        "precision": 0.5478747455864605,
        "recall": 0.5630696135627311,
        "f1-score": 0.5521022503536464,
        "support": 2620.0
    },
    "weighted avg": {
        "precision": 0.8188579927724773,
        "recall": 0.7874045801526718,
        "f1-score": 0.8019018800928961,
        "support": 2620.0
    }
}