{
    "DOWN": {
        "precision": 0.8769128409846972,
        "recall": 0.5700692041522492,
        "f1-score": 0.690956749672346,
        "support": 2312.0
    },
    "UP": {
        "precision": 0.1020776874435411,
        "recall": 0.37919463087248323,
        "f1-score": 0.1608540925266904,
        "support": 298.0
    },
    "accuracy": 0.5482758620689655,
    "macro avg": {
        "precision": 0.48949526421411915,
        "recall": 0.4746319175123662,
        "f1-score": 0.4259054210995182,
        "support": 2610.0
    },
    "weighted avg": {
        "precision": 0.7884450724960901,
        "recall": 0.5482758620689655,
        "f1-score": 0.6304316187032252,
        "support": 2610.0
    }
}