{
    "R2": 0.9889411694839173,
    "RMSE": 518.8536469487312,
    "MSE": 269209.10695199866,
    "MAPE": 0.015099052434672237,
    "ACMAPE": 1.0779561952918149
}