{
    "R2": 0.9196668292270614,
    "RMSE": 3699.4305671446573,
    "MSE": 13685786.521124242,
    "MAPE": 0.08334369851724345,
    "ACMAPE": 0.7469662251534687
}