{
    "DOWN": {
<<<<<<< HEAD
        "precision": 0.8476454293628809,
        "recall": 0.5377855887521968,
        "f1-score": 0.6580645161290323,
        "support": 569.0
    },
    "UP": {
        "precision": 0.11148648648648649,
        "recall": 0.375,
        "f1-score": 0.17187499999999997,
        "support": 88.0
    },
    "accuracy": 0.5159817351598174,
    "macro avg": {
        "precision": 0.4795659579246837,
        "recall": 0.4563927943760984,
        "f1-score": 0.41496975806451614,
        "support": 657.0
    },
    "weighted avg": {
        "precision": 0.7490427094646729,
        "recall": 0.5159817351598174,
        "f1-score": 0.592943241518142,
=======
        "precision": 0.8695652173913043,
        "recall": 0.6678383128295254,
        "f1-score": 0.7554671968190855,
        "support": 569.0
    },
    "UP": {
        "precision": 0.1409090909090909,
        "recall": 0.3522727272727273,
        "f1-score": 0.2012987012987013,
        "support": 88.0
    },
    "accuracy": 0.6255707762557078,
    "macro avg": {
        "precision": 0.5052371541501977,
        "recall": 0.5100555200511263,
        "f1-score": 0.4783829490588934,
        "support": 657.0
    },
    "weighted avg": {
        "precision": 0.7719674409370657,
        "recall": 0.6255707762557078,
        "f1-score": 0.6812406707828697,
>>>>>>> d5f42532be6a9c18a5da3fb21b671ebbe5b6efbf
        "support": 657.0
    }
}