{
    "DOWN": {
<<<<<<< HEAD
        "precision": 0.8769128409846972,
        "recall": 0.5700692041522492,
        "f1-score": 0.690956749672346,
        "support": 2312.0
    },
    "UP": {
        "precision": 0.1020776874435411,
        "recall": 0.37919463087248323,
        "f1-score": 0.1608540925266904,
        "support": 298.0
    },
    "accuracy": 0.5482758620689655,
    "macro avg": {
        "precision": 0.48949526421411915,
        "recall": 0.4746319175123662,
        "f1-score": 0.4259054210995182,
        "support": 2610.0
    },
    "weighted avg": {
        "precision": 0.7884450724960901,
        "recall": 0.5482758620689655,
        "f1-score": 0.6304316187032252,
=======
        "precision": 0.8457648546144121,
        "recall": 0.2893598615916955,
        "f1-score": 0.43119561714469873,
        "support": 2312.0
    },
    "UP": {
        "precision": 0.09675645959318306,
        "recall": 0.5906040268456376,
        "f1-score": 0.16627302786962683,
        "support": 298.0
    },
    "accuracy": 0.32375478927203066,
    "macro avg": {
        "precision": 0.47126065710379755,
        "recall": 0.43998194421866654,
        "f1-score": 0.2987343225071628,
        "support": 2610.0
    },
    "weighted avg": {
        "precision": 0.7602458884395744,
        "recall": 0.32375478927203066,
        "f1-score": 0.4009477506297672,
>>>>>>> d5f42532be6a9c18a5da3fb21b671ebbe5b6efbf
        "support": 2610.0
    }
}