{
<<<<<<< HEAD
    "R2": 0.9411391831546418,
    "RMSE": 1191.4626327361757,
    "MSE": 1419583.205206619,
    "MAPE": 0.043403255024449326,
    "ACMAPE": 0.9468515308865183
=======
    "R2": 0.9389707352128434,
    "RMSE": 1213.2110381482867,
    "MSE": 1471881.0230848435,
    "MAPE": 0.06136405644170412,
    "ACMAPE": 1.4138544778976427
>>>>>>> d5f42532be6a9c18a5da3fb21b671ebbe5b6efbf
}