{
    "DOWN": {
        "precision": 0.8695652173913043,
        "recall": 0.6678383128295254,
        "f1-score": 0.7554671968190855,
        "support": 569.0
    },
    "UP": {
        "precision": 0.1409090909090909,
        "recall": 0.3522727272727273,
        "f1-score": 0.2012987012987013,
        "support": 88.0
    },
    "accuracy": 0.6255707762557078,
    "macro avg": {
        "precision": 0.5052371541501977,
        "recall": 0.5100555200511263,
        "f1-score": 0.4783829490588934,
        "support": 657.0
    },
    "weighted avg": {
        "precision": 0.7719674409370657,
        "recall": 0.6255707762557078,
        "f1-score": 0.6812406707828697,
        "support": 657.0
    }
}