{
    "DOWN": {
        "precision": 0.7633744855967078,
        "recall": 0.9537275064267352,
        "f1-score": 0.8480000000000001,
        "support": 778.0
    },
    "UP": {
        "precision": 0.25,
        "recall": 0.049586776859504134,
        "f1-score": 0.08275862068965517,
        "support": 242.0
    },
    "accuracy": 0.7392156862745098,
    "macro avg": {
        "precision": 0.506687242798354,
        "recall": 0.5016571416431197,
        "f1-score": 0.4653793103448276,
        "support": 1020.0
    },
    "weighted avg": {
        "precision": 0.6415738723472928,
        "recall": 0.7392156862745098,
        "f1-score": 0.6664427315753888,
        "support": 1020.0
    }
}