{
    "DOWN": {
        "precision": 0.7823834196891192,
        "recall": 0.04320457796852647,
        "f1-score": 0.08188720173535792,
        "support": 3495.0
    },
    "UP": {
        "precision": 0.13569397777203412,
        "recall": 0.9259259259259259,
        "f1-score": 0.23669972948602344,
        "support": 567.0
    },
    "accuracy": 0.16642048252092564,
    "macro avg": {
        "precision": 0.4590386987305767,
        "recall": 0.4845652519472262,
        "f1-score": 0.1592934656106907,
        "support": 4062.0
    },
    "weighted avg": {
        "precision": 0.6921143616962617,
        "recall": 0.16642048252092564,
        "f1-score": 0.10349692680542866,
        "support": 4062.0
    }
}