{
    "R2": 0.9957569133572234,
    "RMSE": 119.80743178524655,
    "MSE": 14353.820710976506,
    "MAPE": 0.08708767093191919,
    "ACMAPE": 1.754246705890068
}