{
    "R2": 0.996550131673403,
    "RMSE": 108.05674057853388,
    "MSE": 11676.259184456569,
    "MAPE": 0.05710144372070275,
    "ACMAPE": 1.6317576323258107
}