{
    "DOWN": {
        "precision": 0.8482328482328483,
        "recall": 0.5244215938303342,
        "f1-score": 0.6481334392374901,
        "support": 778.0
    },
    "UP": {
        "precision": 0.313543599257885,
        "recall": 0.6983471074380165,
        "f1-score": 0.4327784891165173,
        "support": 242.0
    },
    "accuracy": 0.5656862745098039,
    "macro avg": {
        "precision": 0.5808882237453666,
        "recall": 0.6113843506341754,
        "f1-score": 0.5404559641770037,
        "support": 1020.0
    },
    "weighted avg": {
        "precision": 0.721375202887808,
        "recall": 0.5656862745098039,
        "f1-score": 0.5970394216597691,
        "support": 1020.0
    }
}