{
    "R2": -2.528053103343766,
    "RMSE": 519.408963923722,
    "MSE": 269785.67180431436,
    "MAPE": 0.18243866064965183,
    "ACMAPE": 0.8510489619130143
}