{
    "DOWN": {
        "precision": 0.7286585365853658,
        "recall": 0.1539452495974235,
        "f1-score": 0.25418771603296997,
        "support": 3105.0
    },
    "UP": {
        "precision": 0.23855072463768115,
        "recall": 0.8221778221778222,
        "f1-score": 0.36980453830599863,
        "support": 1001.0
    },
    "accuracy": 0.31685338528981977,
    "macro avg": {
        "precision": 0.4836046306115235,
        "recall": 0.48806153588762285,
        "f1-score": 0.3119961271694843,
        "support": 4106.0
    },
    "weighted avg": {
        "precision": 0.6091753608036725,
        "recall": 0.31685338528981977,
        "f1-score": 0.28237389213996017,
        "support": 4106.0
    }
}