{
    "DOWN": {
        "precision": 0.6939820742637645,
        "recall": 0.7958883994126285,
        "f1-score": 0.7414500683994528,
        "support": 681.0
    },
    "UP": {
        "precision": 0.43951612903225806,
        "recall": 0.3132183908045977,
        "f1-score": 0.3657718120805369,
        "support": 348.0
    },
    "accuracy": 0.6326530612244898,
    "macro avg": {
        "precision": 0.5667491016480113,
        "recall": 0.554553395108613,
        "f1-score": 0.5536109402399949,
        "support": 1029.0
    },
    "weighted avg": {
        "precision": 0.6079236204828468,
        "recall": 0.6326530612244898,
        "f1-score": 0.6143985298192947,
        "support": 1029.0
    }
}