{
    "R2": 0.9838992387019362,
    "RMSE": 69.25584697167967,
    "MSE": 4796.372339764712,
    "MAPE": 0.09769683532607219,
    "ACMAPE": 1.1295625614267775
}