{
    "DOWN": {
        "precision": 0.6617933723196882,
        "recall": 0.9970631424375918,
        "f1-score": 0.7955477445811365,
        "support": 681.0
    },
    "UP": {
        "precision": 0.3333333333333333,
        "recall": 0.0028735632183908046,
        "f1-score": 0.005698005698005697,
        "support": 348.0
    },
    "accuracy": 0.6608357628765792,
    "macro avg": {
        "precision": 0.49756335282651076,
        "recall": 0.4999683528279913,
        "f1-score": 0.4006228751395711,
        "support": 1029.0
    },
    "weighted avg": {
        "precision": 0.5507106769190551,
        "recall": 0.6608357628765792,
        "f1-score": 0.5284265500900486,
        "support": 1029.0
    }
}