{
    "DOWN": {
        "precision": 0.7492240844196152,
        "recall": 0.3877288788949566,
        "f1-score": 0.5110076206604572,
        "support": 3113.0
    },
    "UP": {
        "precision": 0.23912175648702594,
        "recall": 0.5972083748753739,
        "f1-score": 0.34150513112884834,
        "support": 1003.0
    },
    "accuracy": 0.4387755102040816,
    "macro avg": {
        "precision": 0.49417292045332056,
        "recall": 0.49246862688516524,
        "f1-score": 0.4262563758946528,
        "support": 4116.0
    },
    "weighted avg": {
        "precision": 0.6249207231668488,
        "recall": 0.4387755102040816,
        "f1-score": 0.469702713711914,
        "support": 4116.0
    }
}