{
    "R2": 0.9042633101137261,
    "RMSE": 168.7303114918181,
    "MSE": 28469.91801612596,
    "MAPE": 0.42260831894635825,
    "ACMAPE": 1.3020028501963583
}