{
    "R2": 0.9643793949828752,
    "RMSE": 102.98115715635954,
    "MSE": 10605.118729262822,
    "MAPE": 0.27794209971422135,
    "ACMAPE": 1.644235329134582
}