{
    "DOWN": {
        "precision": 0.6920152091254753,
        "recall": 0.5229885057471264,
        "f1-score": 0.5957446808510637,
        "support": 696.0
    },
    "UP": {
        "precision": 0.3590733590733591,
        "recall": 0.5344827586206896,
        "f1-score": 0.42956120092378747,
        "support": 348.0
    },
    "accuracy": 0.5268199233716475,
    "macro avg": {
        "precision": 0.5255442840994172,
        "recall": 0.5287356321839081,
        "f1-score": 0.5126529408874256,
        "support": 1044.0
    },
    "weighted avg": {
        "precision": 0.5810345924414365,
        "recall": 0.5268199233716475,
        "f1-score": 0.5403501875419716,
        "support": 1044.0
    }
}