{
    "R2": 0.8641533538013618,
    "RMSE": 7.743770744406591,
    "MSE": 59.965985341927414,
    "MAPE": 0.025424156845902476,
    "ACMAPE": 0.8391123697736592
}