{
    "DOWN": {
<<<<<<< HEAD
        "precision": 0.7631578947368421,
        "recall": 0.18238993710691823,
        "f1-score": 0.29441624365482233,
        "support": 159.0
    },
    "UP": {
        "precision": 0.4222222222222222,
        "recall": 0.9134615384615384,
        "f1-score": 0.5775075987841946,
        "support": 104.0
    },
    "accuracy": 0.4714828897338403,
    "macro avg": {
        "precision": 0.5926900584795322,
        "recall": 0.5479257377842284,
        "f1-score": 0.43596192121950844,
        "support": 263.0
    },
    "weighted avg": {
        "precision": 0.6283392257576769,
        "recall": 0.4714828897338403,
        "f1-score": 0.4063611141242319,
=======
        "precision": 0.6904761904761905,
        "recall": 0.36477987421383645,
        "f1-score": 0.47736625514403297,
        "support": 159.0
    },
    "UP": {
        "precision": 0.43575418994413406,
        "recall": 0.75,
        "f1-score": 0.5512367491166078,
        "support": 104.0
    },
    "accuracy": 0.5171102661596958,
    "macro avg": {
        "precision": 0.5631151902101623,
        "recall": 0.5573899371069182,
        "f1-score": 0.5143015021303203,
        "support": 263.0
    },
    "weighted avg": {
        "precision": 0.5897496199235902,
        "recall": 0.5171102661596958,
        "f1-score": 0.5065774010495379,
>>>>>>> d5f42532be6a9c18a5da3fb21b671ebbe5b6efbf
        "support": 263.0
    }
}