{
    "R2": 0.9789021996455297,
    "RMSE": 13.376312805576923,
    "MSE": 178.92574427264117,
    "MAPE": 0.034930215626452446,
    "ACMAPE": 0.7920459651520692
}