{
    "DOWN": {
        "precision": 0.7489361702127659,
        "recall": 0.25544267053701014,
        "f1-score": 0.38095238095238093,
        "support": 689.0
    },
    "UP": {
        "precision": 0.3579474342928661,
        "recall": 0.8289855072463768,
        "f1-score": 0.5,
        "support": 345.0
    },
    "accuracy": 0.44680851063829785,
    "macro avg": {
        "precision": 0.553441802252816,
        "recall": 0.5422140888916934,
        "f1-score": 0.44047619047619047,
        "support": 1034.0
    },
    "weighted avg": {
        "precision": 0.6184805474928767,
        "recall": 0.44680851063829785,
        "f1-score": 0.4206732983328728,
        "support": 1034.0
    }
}