{
    "R2": 0.9778621697109655,
    "RMSE": 12.35892673244054,
    "MSE": 152.74306997783341,
    "MAPE": 0.04409191832664971,
    "ACMAPE": 0.9904520715833547
}