{
    "R2": 0.29644275050809077,
    "RMSE": 10.008590829232658,
    "MSE": 100.17189038700005,
    "MAPE": 0.04348075906582454,
    "ACMAPE": 0.837835597775502
}