{
    "R2": 0.9104030571459928,
    "RMSE": 21.176238490683676,
    "MSE": 448.4330766143128,
    "MAPE": 0.1758574697382502,
    "ACMAPE": 1.3102770216730772
}