{
    "DOWN": {
        "precision": 0.6925207756232687,
        "recall": 0.35335689045936397,
        "f1-score": 0.4679457182966776,
        "support": 1415.0
    },
    "UP": {
        "precision": 0.26916932907348246,
        "recall": 0.6028622540250447,
        "f1-score": 0.37217007178354505,
        "support": 559.0
    },
    "accuracy": 0.42401215805471126,
    "macro avg": {
        "precision": 0.4808450523483756,
        "recall": 0.4781095722422043,
        "f1-score": 0.4200578950401113,
        "support": 1974.0
    },
    "weighted avg": {
        "precision": 0.5726355382264448,
        "recall": 0.42401215805471126,
        "f1-score": 0.44082384068733554,
        "support": 1974.0
    }
}