{
    "DOWN": {
<<<<<<< HEAD
        "precision": 0.7041666666666667,
        "recall": 0.3600852272727273,
        "f1-score": 0.4765037593984962,
        "support": 1408.0
    },
    "UP": {
        "precision": 0.2757234726688103,
        "recall": 0.6169064748201439,
        "f1-score": 0.3811111111111111,
        "support": 556.0
    },
    "accuracy": 0.43279022403258655,
    "macro avg": {
        "precision": 0.48994506966773854,
        "recall": 0.4884958510464356,
        "f1-score": 0.4288074352548037,
        "support": 1964.0
    },
    "weighted avg": {
        "precision": 0.582876230891306,
        "recall": 0.43279022403258655,
        "f1-score": 0.4494985086613343,
=======
        "precision": 0.6970443349753694,
        "recall": 0.40198863636363635,
        "f1-score": 0.5099099099099099,
        "support": 1408.0
    },
    "UP": {
        "precision": 0.2690972222222222,
        "recall": 0.5575539568345323,
        "f1-score": 0.3629976580796253,
        "support": 556.0
    },
    "accuracy": 0.4460285132382892,
    "macro avg": {
        "precision": 0.4830707785987958,
        "recall": 0.47977129659908435,
        "f1-score": 0.43645378399476764,
        "support": 1964.0
    },
    "weighted avg": {
        "precision": 0.5758943376786537,
        "recall": 0.4460285132382892,
        "f1-score": 0.46831967975836297,
>>>>>>> d5f42532be6a9c18a5da3fb21b671ebbe5b6efbf
        "support": 1964.0
    }
}