{
    "DOWN": {
        "precision": 0.6826086956521739,
        "recall": 0.4658753709198813,
        "f1-score": 0.5537918871252203,
        "support": 337.0
    },
    "UP": {
        "precision": 0.3233082706766917,
        "recall": 0.5408805031446541,
        "f1-score": 0.40470588235294114,
        "support": 159.0
    },
    "accuracy": 0.4899193548387097,
    "macro avg": {
        "precision": 0.5029584831644328,
        "recall": 0.5033779370322677,
        "f1-score": 0.4792488847390807,
        "support": 496.0
    },
    "weighted avg": {
        "precision": 0.5674297287749528,
        "recall": 0.4899193548387097,
        "f1-score": 0.506000204143784,
        "support": 496.0
    }
}