{
    "R2": 0.9315968694407353,
    "RMSE": 6.568641708337468,
    "MSE": 43.14705389251058,
    "MAPE": 0.055032245373428504,
    "ACMAPE": 0.8697422878062432
}