{
    "R2": 0.6377094357074857,
    "RMSE": 4.863551219277863,
    "MSE": 23.654130462539182,
    "MAPE": 0.04010838980532298,
    "ACMAPE": 0.7873611370580702
}