{
    "DOWN": {
        "precision": 0.6910420475319927,
        "recall": 0.7875,
        "f1-score": 0.7361246348588121,
        "support": 480.0
    },
    "UP": {
        "precision": 0.41714285714285715,
        "recall": 0.30165289256198347,
        "f1-score": 0.3501199040767386,
        "support": 242.0
    },
    "accuracy": 0.6246537396121884,
    "macro avg": {
        "precision": 0.5540924523374249,
        "recall": 0.5445764462809917,
        "f1-score": 0.5431222694677753,
        "support": 722.0
    },
    "weighted avg": {
        "precision": 0.5992365017228919,
        "recall": 0.6246537396121884,
        "f1-score": 0.606743547809973,
        "support": 722.0
    }
}