{
    "DOWN": {
<<<<<<< HEAD
        "precision": 0.6625766871165644,
        "recall": 0.9310344827586207,
        "f1-score": 0.7741935483870966,
        "support": 116.0
    },
    "UP": {
        "precision": 0.5789473684210527,
        "recall": 0.16666666666666666,
        "f1-score": 0.2588235294117647,
        "support": 66.0
    },
    "accuracy": 0.6538461538461539,
    "macro avg": {
        "precision": 0.6207620277688085,
        "recall": 0.5488505747126436,
        "f1-score": 0.5165085388994306,
        "support": 182.0
    },
    "weighted avg": {
        "precision": 0.6322495715456645,
        "recall": 0.6538461538461539,
        "f1-score": 0.5873011239235147,
=======
        "precision": 0.6283185840707964,
        "recall": 0.6120689655172413,
        "f1-score": 0.6200873362445414,
        "support": 116.0
    },
    "UP": {
        "precision": 0.34782608695652173,
        "recall": 0.36363636363636365,
        "f1-score": 0.3555555555555555,
        "support": 66.0
    },
    "accuracy": 0.521978021978022,
    "macro avg": {
        "precision": 0.4880723355136591,
        "recall": 0.4878526645768025,
        "f1-score": 0.48782144590004844,
        "support": 182.0
    },
    "weighted avg": {
        "precision": 0.5266015246777078,
        "recall": 0.521978021978022,
        "f1-score": 0.5241582289617224,
>>>>>>> d5f42532be6a9c18a5da3fb21b671ebbe5b6efbf
        "support": 182.0
    }
}