{
    "R2": 0.770981155417573,
    "RMSE": 3.8668790832822326,
    "MSE": 14.95275384472564,
    "MAPE": 0.029204527775056277,
    "ACMAPE": 0.9083254068959354
}