{
    "R2": 0.831828874152383,
    "RMSE": 3.3136047044964836,
    "MSE": 10.979976137661227,
    "MAPE": 0.02228638970456622,
    "ACMAPE": 0.8574512248694013
}