{
    "R2": 0.9788484322482541,
    "RMSE": 3.6526567797849254,
    "MSE": 13.341901550908782,
    "MAPE": 0.030123329973061063,
    "ACMAPE": 0.8363468094638674
}