{
    "R2": 0.983897363248526,
    "RMSE": 3.299622213900487,
    "MSE": 10.887506754465551,
    "MAPE": 0.028060438363263225,
    "ACMAPE": 1.0434021398974334
}