{
    "R2": 0.9894981465962053,
    "RMSE": 63.94019715922612,
    "MSE": 4088.348812760709,
    "MAPE": 0.04967267565952532,
    "ACMAPE": 1.4222423025644124
}