{
    "R2": 0.9570118031325578,
    "RMSE": 139.6164762678234,
    "MSE": 19492.76044544369,
    "MAPE": 0.12117002529920878,
    "ACMAPE": 1.70723346783691
}