{
<<<<<<< HEAD
    "R2": 0.9887701608362613,
    "RMSE": 66.11922635925954,
    "MSE": 4371.752094347002,
    "MAPE": 0.05148612294301664,
    "ACMAPE": 1.430361582743332
=======
    "R2": 0.9894981465962053,
    "RMSE": 63.94019715922612,
    "MSE": 4088.348812760709,
    "MAPE": 0.04967267565952532,
    "ACMAPE": 1.4222423025644124
>>>>>>> d5f42532be6a9c18a5da3fb21b671ebbe5b6efbf
}