{
    "R2": 0.9359276185142434,
    "RMSE": 60.37928170289642,
    "MSE": 3645.657658957722,
    "MAPE": 0.09312388170148551,
    "ACMAPE": 1.8062215947991986
}