{
    "DOWN": {
        "precision": 0.7219387755102041,
        "recall": 0.18460534898891062,
        "f1-score": 0.29402597402597397,
        "support": 1533.0
    },
    "UP": {
        "precision": 0.18086500655307994,
        "recall": 0.7168831168831169,
        "f1-score": 0.28885400313971743,
        "support": 385.0
    },
    "accuracy": 0.2914494264859228,
    "macro avg": {
        "precision": 0.451401891031642,
        "recall": 0.45074423293601373,
        "f1-score": 0.2914399885828457,
        "support": 1918.0
    },
    "weighted avg": {
        "precision": 0.6133290773618764,
        "recall": 0.2914494264859228,
        "f1-score": 0.2929878046874918,
        "support": 1918.0
    }
}