{
    "DOWN": {
        "precision": 1.0,
        "recall": 0.014354066985645933,
        "f1-score": 0.02830188679245283,
        "support": 418.0
    },
    "UP": {
        "precision": 0.13263157894736843,
        "recall": 1.0,
        "f1-score": 0.23420074349442382,
        "support": 63.0
    },
    "accuracy": 0.14345114345114346,
    "macro avg": {
        "precision": 0.5663157894736842,
        "recall": 0.507177033492823,
        "f1-score": 0.13125131514343832,
        "support": 481.0
    },
    "weighted avg": {
        "precision": 0.8863945727103623,
        "recall": 0.14345114345114346,
        "f1-score": 0.055269928314748404,
        "support": 481.0
    }
}