{
    "DOWN": {
        "precision": 0.7540983606557377,
        "recall": 0.211424819435325,
        "f1-score": 0.3302564102564102,
        "support": 1523.0
    },
    "UP": {
        "precision": 0.18631436314363142,
        "recall": 0.7236842105263158,
        "f1-score": 0.2963362068965517,
        "support": 380.0
    },
    "accuracy": 0.3137151865475565,
    "macro avg": {
        "precision": 0.47020636189968457,
        "recall": 0.4675545149808204,
        "f1-score": 0.31329630857648094,
        "support": 1903.0
    },
    "weighted avg": {
        "precision": 0.640720578703767,
        "recall": 0.3137151865475565,
        "f1-score": 0.3234830643411468,
        "support": 1903.0
    }
}