{
    "R2": 0.8871020818040013,
    "RMSE": 222.68436164474397,
    "MSE": 49588.324921127125,
    "MAPE": 0.16525248038883208,
    "ACMAPE": 1.5823536274169863
}