{
    "R2": -0.606471939382863,
    "RMSE": 499.0499686397832,
    "MSE": 249050.87119936856,
    "MAPE": 0.021577698502602643,
    "ACMAPE": 0.27157769850260266
}