{
    "R2": 0.36946875107606447,
    "RMSE": 312.6516810282459,
    "MSE": 97751.07364978803,
    "MAPE": 0.011519368046347568,
    "ACMAPE": 1.0884424449694245
}