{
    "DOWN": {
        "precision": 1.0,
        "recall": 0.011235955056179775,
        "f1-score": 0.02222222222222222,
        "support": 89.0
    },
    "UP": {
        "precision": 0.14563106796116504,
        "recall": 1.0,
        "f1-score": 0.2542372881355932,
        "support": 15.0
    },
    "accuracy": 0.15384615384615385,
    "macro avg": {
        "precision": 0.5728155339805825,
        "recall": 0.5056179775280899,
        "f1-score": 0.1382297551789077,
        "support": 104.0
    },
    "weighted avg": {
        "precision": 0.8767737117251679,
        "recall": 0.15384615384615385,
        "f1-score": 0.05568593365203534,
        "support": 104.0
    }
}