{
    "DOWN": {
        "precision": 0.7488789237668162,
        "recall": 0.630188679245283,
        "f1-score": 0.6844262295081968,
        "support": 265.0
    },
    "UP": {
        "precision": 0.46153846153846156,
        "recall": 0.6,
        "f1-score": 0.5217391304347826,
        "support": 140.0
    },
    "accuracy": 0.6197530864197531,
    "macro avg": {
        "precision": 0.6052086926526389,
        "recall": 0.6150943396226415,
        "f1-score": 0.6030826799714897,
        "support": 405.0
    },
    "weighted avg": {
        "precision": 0.6495513565767677,
        "recall": 0.6197530864197531,
        "f1-score": 0.6281887137791153,
        "support": 405.0
    }
}