{
    "DOWN": {
        "precision": 0.7928571428571428,
        "recall": 0.42528735632183906,
        "f1-score": 0.5536159600997506,
        "support": 261.0
    },
    "UP": {
        "precision": 0.4230769230769231,
        "recall": 0.7913669064748201,
        "f1-score": 0.5513784461152882,
        "support": 139.0
    },
    "accuracy": 0.5525,
    "macro avg": {
        "precision": 0.6079670329670329,
        "recall": 0.6083271313983296,
        "f1-score": 0.5524972031075194,
        "support": 400.0
    },
    "weighted avg": {
        "precision": 0.6643585164835164,
        "recall": 0.5525,
        "f1-score": 0.5528384239901498,
        "support": 400.0
    }
}