{
    "R2": 0.037314528466537045,
    "RMSE": 386.32220343516354,
    "MSE": 149244.8448669999,
    "MAPE": 0.01537204502199034,
    "ACMAPE": 1.5153720450219903
}