{
    "R2": 0.9793282220099471,
    "RMSE": 6.294238787035862,
    "MSE": 39.61744190822669,
    "MAPE": 0.01924026775702578,
    "ACMAPE": 0.7906028543621066
}