{
    "DOWN": {
        "precision": 0.7748397435897436,
        "recall": 0.40443329150982854,
        "f1-score": 0.5314646881011267,
        "support": 2391.0
    },
    "UP": {
        "precision": 0.35419501133786846,
        "recall": 0.7354048964218456,
        "f1-score": 0.47811447811447816,
        "support": 1062.0
    },
    "accuracy": 0.506226469736461,
    "macro avg": {
        "precision": 0.564517377463806,
        "recall": 0.5699190939658371,
        "f1-score": 0.5047895831078024,
        "support": 3453.0
    },
    "weighted avg": {
        "precision": 0.6454668198563258,
        "recall": 0.506226469736461,
        "f1-score": 0.5150563698254763,
        "support": 3453.0
    }
}