{
    "DOWN": {
        "precision": 0.672514619883041,
        "recall": 0.04801670146137787,
        "f1-score": 0.08963367108339829,
        "support": 2395.0
    },
    "UP": {
        "precision": 0.3063583815028902,
        "recall": 0.9473189087488241,
        "f1-score": 0.46298850574712647,
        "support": 1063.0
    },
    "accuracy": 0.324465008675535,
    "macro avg": {
        "precision": 0.48943650069296557,
        "recall": 0.49766780510510095,
        "f1-score": 0.27631108841526236,
        "support": 3458.0
    },
    "weighted avg": {
        "precision": 0.5599570486285296,
        "recall": 0.324465008675535,
        "f1-score": 0.20440411331808397,
        "support": 3458.0
    }
}