{
    "R2": 0.35564381150463087,
    "RMSE": 46.40620753067497,
    "MSE": 2153.5360973800744,
    "MAPE": 0.10315381349316036,
    "ACMAPE": 1.0000748308961056
}