{
    "DOWN": {
        "precision": 0.67981220657277,
        "recall": 0.7448559670781894,
        "f1-score": 0.7108492881688758,
        "support": 1944.0
    },
    "UP": {
        "precision": 0.4081145584725537,
        "recall": 0.333984375,
        "f1-score": 0.3673469387755102,
        "support": 1024.0
    },
    "accuracy": 0.6030997304582211,
    "macro avg": {
        "precision": 0.5439633825226619,
        "recall": 0.5394201710390947,
        "f1-score": 0.539098113472193,
        "support": 2968.0
    },
    "weighted avg": {
        "precision": 0.5860728562848248,
        "recall": 0.6030997304582211,
        "f1-score": 0.5923363482164478,
        "support": 2968.0
    }
}