{
    "DOWN": {
        "precision": 0.6318181818181818,
        "recall": 0.317351598173516,
        "f1-score": 0.4224924012158055,
        "support": 438.0
    },
    "UP": {
        "precision": 0.43263757115749524,
        "recall": 0.7378640776699029,
        "f1-score": 0.5454545454545454,
        "support": 309.0
    },
    "accuracy": 0.49129852744310576,
    "macro avg": {
        "precision": 0.5322278764878385,
        "recall": 0.5276078379217095,
        "f1-score": 0.4839734733351755,
        "support": 747.0
    },
    "weighted avg": {
        "precision": 0.549426202307938,
        "recall": 0.49129852744310576,
        "f1-score": 0.47335626007761356,
        "support": 747.0
    }
}