{
    "DOWN": {
        "precision": 0.6931702344546381,
        "recall": 0.34711587544665645,
        "f1-score": 0.46258503401360546,
        "support": 1959.0
    },
    "UP": {
        "precision": 0.3611388611388611,
        "recall": 0.7060546875,
        "f1-score": 0.4778585591539987,
        "support": 1024.0
    },
    "accuracy": 0.47033188065705667,
    "macro avg": {
        "precision": 0.5271545477967496,
        "recall": 0.5265852814733283,
        "f1-score": 0.4702217965838021,
        "support": 2983.0
    },
    "weighted avg": {
        "precision": 0.5791909765681629,
        "recall": 0.47033188065705667,
        "f1-score": 0.4678281080141964,
        "support": 2983.0
    }
}