{
    "DOWN": {
        "precision": 0.67591763652641,
        "recall": 0.38638689866939613,
        "f1-score": 0.4916965157929014,
        "support": 1954.0
    },
    "UP": {
        "precision": 0.35572272971520685,
        "recall": 0.646484375,
        "f1-score": 0.4589254766031196,
        "support": 1024.0
    },
    "accuracy": 0.4758226997985225,
    "macro avg": {
        "precision": 0.5158201831208085,
        "recall": 0.5164356368346981,
        "f1-score": 0.47531099619801054,
        "support": 2978.0
    },
    "weighted avg": {
        "precision": 0.5658170372736658,
        "recall": 0.4758226997985225,
        "f1-score": 0.4804280322031309,
        "support": 2978.0
    }
}