{
    "DOWN": {
<<<<<<< HEAD
        "precision": 0.8095872170439414,
        "recall": 0.3468339988590987,
        "f1-score": 0.48562300319488816,
        "support": 1753.0
    },
    "UP": {
        "precision": 0.30521844660194175,
        "recall": 0.7786377708978328,
        "f1-score": 0.4385353095030514,
        "support": 646.0
    },
    "accuracy": 0.46310962901208835,
    "macro avg": {
        "precision": 0.5574028318229416,
        "recall": 0.5627358848784658,
        "f1-score": 0.4620791563489698,
        "support": 2399.0
    },
    "weighted avg": {
        "precision": 0.6737713663955329,
        "recall": 0.46310962901208835,
        "f1-score": 0.4729432824258484,
=======
        "precision": 0.8144475920679887,
        "recall": 0.3280091272104963,
        "f1-score": 0.46766978446522983,
        "support": 1753.0
    },
    "UP": {
        "precision": 0.30419373892498525,
        "recall": 0.7972136222910217,
        "f1-score": 0.440359127832407,
        "support": 646.0
    },
    "accuracy": 0.4543559816590246,
    "macro avg": {
        "precision": 0.559320665496487,
        "recall": 0.562611374750759,
        "f1-score": 0.4540144561488184,
        "support": 2399.0
    },
    "weighted avg": {
        "precision": 0.6770470130223946,
        "recall": 0.4543559816590246,
        "f1-score": 0.4603156018121229,
>>>>>>> d5f42532be6a9c18a5da3fb21b671ebbe5b6efbf
        "support": 2399.0
    }
}