{
<<<<<<< HEAD
    "R2": 0.890857766112919,
    "RMSE": 19.18161023014291,
    "MSE": 367.93417102112306,
    "MAPE": 0.11062466344709326,
    "ACMAPE": 1.1844054054229165
=======
    "R2": 0.8786751170876306,
    "RMSE": 20.223838246305366,
    "MSE": 409.00363341272373,
    "MAPE": 0.11785298460615186,
    "ACMAPE": 1.2091410212881026
>>>>>>> d5f42532be6a9c18a5da3fb21b671ebbe5b6efbf
}