{
    "R2": 0.8920125702091503,
    "RMSE": 9.040330184541347,
    "MSE": 81.72756984552937,
    "MAPE": 0.05216196157178625,
    "ACMAPE": 1.4925593125651637
}