{
    "R2": 0.7116758297938557,
    "RMSE": 14.771963157000545,
    "MSE": 218.21089551178153,
    "MAPE": 0.08178426809801868,
    "ACMAPE": 1.5089365859788133
}