{
    "DOWN": {
<<<<<<< HEAD
        "precision": 0.7346938775510204,
        "recall": 0.07912087912087912,
        "f1-score": 0.14285714285714285,
        "support": 455.0
    },
    "UP": {
        "precision": 0.24504504504504504,
        "recall": 0.912751677852349,
        "f1-score": 0.38636363636363635,
        "support": 149.0
    },
    "accuracy": 0.2847682119205298,
    "macro avg": {
        "precision": 0.48986946129803277,
        "recall": 0.49593627848661404,
        "f1-score": 0.26461038961038963,
        "support": 604.0
    },
    "weighted avg": {
        "precision": 0.6139030231745464,
        "recall": 0.2847682119205298,
        "f1-score": 0.20292745334136061,
=======
        "precision": 0.7727272727272727,
        "recall": 0.07472527472527472,
        "f1-score": 0.13627254509018036,
        "support": 455.0
    },
    "UP": {
        "precision": 0.24821428571428572,
        "recall": 0.9328859060402684,
        "f1-score": 0.3921015514809591,
        "support": 149.0
    },
    "accuracy": 0.28642384105960267,
    "macro avg": {
        "precision": 0.5104707792207792,
        "recall": 0.5038055903827716,
        "f1-score": 0.2641870482855697,
        "support": 604.0
    },
    "weighted avg": {
        "precision": 0.6433358239442676,
        "recall": 0.28642384105960267,
        "f1-score": 0.1993826807726738,
>>>>>>> d5f42532be6a9c18a5da3fb21b671ebbe5b6efbf
        "support": 604.0
    }
}