{
    "R2": 0.7596230836009735,
    "RMSE": 13.487891702070115,
    "MSE": 181.92322256677187,
    "MAPE": 0.07425866068702096,
    "ACMAPE": 1.5047222368459614
}