{
    "DOWN": {
        "precision": 0.7380952380952381,
        "recall": 0.06813186813186813,
        "f1-score": 0.12474849094567403,
        "support": 455.0
    },
    "UP": {
        "precision": 0.24555160142348753,
        "recall": 0.9261744966442953,
        "f1-score": 0.3881856540084388,
        "support": 149.0
    },
    "accuracy": 0.27980132450331124,
    "macro avg": {
        "precision": 0.49182341975936283,
        "recall": 0.4971531823880817,
        "f1-score": 0.2564670724770564,
        "support": 604.0
    },
    "weighted avg": {
        "precision": 0.6165902681215778,
        "recall": 0.27980132450331124,
        "f1-score": 0.18973547322440243,
        "support": 604.0
    }
}