{
    "R2": 0.9891412868007926,
    "RMSE": 2.8667305309567395,
    "MSE": 8.218143937119509,
    "MAPE": 0.011755774143008234,
    "ACMAPE": 0.5415570986463195
}