{
    "DOWN": {
<<<<<<< HEAD
        "precision": 0.8429824561403508,
        "recall": 0.4802598700649675,
        "f1-score": 0.6119070359758039,
        "support": 2001.0
    },
    "UP": {
        "precision": 0.2862045298558682,
        "recall": 0.6996644295302014,
        "f1-score": 0.4062347783731125,
        "support": 596.0
    },
    "accuracy": 0.5306122448979592,
    "macro avg": {
        "precision": 0.5645934929981096,
        "recall": 0.5899621497975844,
        "f1-score": 0.5090709071744581,
        "support": 2597.0
    },
    "weighted avg": {
        "precision": 0.7152043875744857,
        "recall": 0.5306122448979592,
        "f1-score": 0.5647061636110737,
=======
        "precision": 0.8511821974965229,
        "recall": 0.3058470764617691,
        "f1-score": 0.45,
        "support": 2001.0
    },
    "UP": {
        "precision": 0.26038338658146964,
        "recall": 0.8204697986577181,
        "f1-score": 0.3953112368633791,
        "support": 596.0
    },
    "accuracy": 0.42395071236041587,
    "macro avg": {
        "precision": 0.5557827920389963,
        "recall": 0.5631584375597436,
        "f1-score": 0.42265561843168953,
        "support": 2597.0
    },
    "weighted avg": {
        "precision": 0.7155964865587594,
        "recall": 0.42395071236041587,
        "f1-score": 0.43744917103218095,
>>>>>>> d5f42532be6a9c18a5da3fb21b671ebbe5b6efbf
        "support": 2597.0
    }
}