{
    "DOWN": {
        "precision": 0.5898692810457516,
        "recall": 0.9209183673469388,
        "f1-score": 0.7191235059760956,
        "support": 392.0
    },
    "UP": {
        "precision": 0.2619047619047619,
        "recall": 0.04198473282442748,
        "f1-score": 0.07236842105263158,
        "support": 262.0
    },
    "accuracy": 0.5688073394495413,
    "macro avg": {
        "precision": 0.4258870214752568,
        "recall": 0.48145155008568313,
        "f1-score": 0.39574596351436364,
        "support": 654.0
    },
    "weighted avg": {
        "precision": 0.45848288346939187,
        "recall": 0.5688073394495413,
        "f1-score": 0.46002590314742964,
        "support": 654.0
    }
}