{
    "DOWN": {
        "precision": 0.5855704697986577,
        "recall": 0.8903061224489796,
        "f1-score": 0.7064777327935222,
        "support": 392.0
    },
    "UP": {
        "precision": 0.25862068965517243,
        "recall": 0.05725190839694656,
        "f1-score": 0.09375,
        "support": 262.0
    },
    "accuracy": 0.5565749235474006,
    "macro avg": {
        "precision": 0.422095579726915,
        "recall": 0.4737790154229631,
        "f1-score": 0.4001138663967611,
        "support": 654.0
    },
    "weighted avg": {
        "precision": 0.45459058845677214,
        "recall": 0.5565749235474006,
        "f1-score": 0.46101188265299803,
        "support": 654.0
    }
}