{
    "R2": 0.9566184077574298,
    "RMSE": 71.66224581792926,
    "MSE": 5135.4774756693205,
    "MAPE": 1171871628325245.0,
    "ACMAPE": 1171871628325246.0
}