{
    "DOWN": {
        "precision": 0.5867768595041323,
        "recall": 0.9056122448979592,
        "f1-score": 0.7121364092276831,
        "support": 392.0
    },
    "UP": {
        "precision": 0.24489795918367346,
        "recall": 0.04580152671755725,
        "f1-score": 0.07717041800643086,
        "support": 262.0
    },
    "accuracy": 0.5611620795107034,
    "macro avg": {
        "precision": 0.4158374093439029,
        "recall": 0.4757068858077582,
        "f1-score": 0.39465341361705697,
        "support": 654.0
    },
    "weighted avg": {
        "precision": 0.4498161991311045,
        "recall": 0.5611620795107034,
        "f1-score": 0.4577616543347655,
        "support": 654.0
    }
}