{
    "DOWN": {
        "precision": 0.7301587301587301,
        "recall": 0.06862257583291895,
        "f1-score": 0.12545454545454546,
        "support": 2011.0
    },
    "UP": {
        "precision": 0.22699133305819233,
        "recall": 0.9151414309484193,
        "f1-score": 0.3637566137566137,
        "support": 601.0
    },
    "accuracy": 0.26339969372128635,
    "macro avg": {
        "precision": 0.4785750316084612,
        "recall": 0.4918820033906691,
        "f1-score": 0.2446055796055796,
        "support": 2612.0
    },
    "weighted avg": {
        "precision": 0.6143839959866692,
        "recall": 0.26339969372128635,
        "f1-score": 0.1802859172193016,
        "support": 2612.0
    }
}