{
<<<<<<< HEAD
    "R2": 0.9566184077574298,
    "RMSE": 71.66224581792926,
    "MSE": 5135.4774756693205,
    "MAPE": 1171871628325245.0,
    "ACMAPE": 1171871628325246.0
=======
    "R2": 0.9826509756282271,
    "RMSE": 45.31846580012449,
    "MSE": 2053.7633424770534,
    "MAPE": 1218516858304480.8,
    "ACMAPE": 1218516858304482.0
>>>>>>> d5f42532be6a9c18a5da3fb21b671ebbe5b6efbf
}