{
    "DOWN": {
        "precision": 0.8135593220338984,
        "recall": 0.02390438247011952,
        "f1-score": 0.04644412191582003,
        "support": 2008.0
    },
    "UP": {
        "precision": 0.23076923076923078,
        "recall": 0.9816360601001669,
        "f1-score": 0.37368922783603437,
        "support": 599.0
    },
    "accuracy": 0.24395857307249713,
    "macro avg": {
        "precision": 0.5221642764015646,
        "recall": 0.5027702212851433,
        "f1-score": 0.2100666748759272,
        "support": 2607.0
    },
    "weighted avg": {
        "precision": 0.6796539654295501,
        "recall": 0.24395857307249713,
        "f1-score": 0.12163392569265485,
        "support": 2607.0
    }
}