{
    "R2": -4.448195297614631,
    "RMSE": 1418.2665576370496,
    "MSE": 2011480.0285116462,
    "MAPE": 0.6406515319251453,
    "ACMAPE": 1.5183273729037385
}