{
    "R2": 0.9820571131069402,
    "RMSE": 58.53720985247191,
    "MSE": 3426.6049373123346,
    "MAPE": 0.030809756550033075,
    "ACMAPE": 0.9416078786157608
}