{
    "R2": 0.9600188095168704,
    "RMSE": 82.35360446609617,
    "MSE": 6782.1161685582165,
    "MAPE": 0.04503906876371249,
    "ACMAPE": 0.951443009650412
}