{
    "DOWN": {
        "precision": 0.5,
        "recall": 0.09090909090909091,
        "f1-score": 0.15384615384615385,
        "support": 33.0
    },
    "UP": {
        "precision": 0.375,
        "recall": 0.8571428571428571,
        "f1-score": 0.5217391304347825,
        "support": 21.0
    },
    "accuracy": 0.3888888888888889,
    "macro avg": {
        "precision": 0.4375,
        "recall": 0.474025974025974,
        "f1-score": 0.33779264214046817,
        "support": 54.0
    },
    "weighted avg": {
        "precision": 0.4513888888888889,
        "recall": 0.3888888888888889,
        "f1-score": 0.29691564474173165,
        "support": 54.0
    }
}