{
    "DOWN": {
        "precision": 0.640625,
        "recall": 0.3474576271186441,
        "f1-score": 0.4505494505494506,
        "support": 118.0
    },
    "UP": {
        "precision": 0.4652777777777778,
        "recall": 0.7444444444444445,
        "f1-score": 0.5726495726495727,
        "support": 90.0
    },
    "accuracy": 0.5192307692307693,
    "macro avg": {
        "precision": 0.5529513888888888,
        "recall": 0.5459510357815442,
        "f1-score": 0.5115995115995117,
        "support": 208.0
    },
    "weighted avg": {
        "precision": 0.5647536057692307,
        "recall": 0.5192307692307693,
        "f1-score": 0.5033812341504651,
        "support": 208.0
    }
}