{
    "R2": 0.9817964670210919,
    "RMSE": 60.5755414590289,
    "MSE": 3669.396223054529,
    "MAPE": 0.03617145731049701,
    "ACMAPE": 0.944428338044442
}