{
    "R2": 0.5247320685205215,
    "RMSE": 205.75527540548714,
    "MSE": 42335.23335718786,
    "MAPE": 0.13604016792541546,
    "ACMAPE": 1.3212253531106006
}