{
    "DOWN": {
        "precision": 0.5895522388059702,
        "recall": 0.6810344827586207,
        "f1-score": 0.6319999999999999,
        "support": 116.0
    },
    "UP": {
        "precision": 0.463768115942029,
        "recall": 0.367816091954023,
        "f1-score": 0.41025641025641024,
        "support": 87.0
    },
    "accuracy": 0.5467980295566502,
    "macro avg": {
        "precision": 0.5266601773739996,
        "recall": 0.5244252873563218,
        "f1-score": 0.5211282051282051,
        "support": 203.0
    },
    "weighted avg": {
        "precision": 0.5356447575785668,
        "recall": 0.5467980295566502,
        "f1-score": 0.5369670329670329,
        "support": 203.0
    }
}