{
    "R2": 0.13834981733058493,
    "RMSE": 82.55150219142588,
    "MSE": 6814.750514060992,
    "MAPE": 0.4174219048716911,
    "ACMAPE": 1.1513274842708328
}