{
    "DOWN": {
        "precision": 0.7077688692286426,
        "recall": 0.9767264402899657,
        "f1-score": 0.8207758897082399,
        "support": 2621.0
    },
    "UP": {
        "precision": 0.39603960396039606,
        "recall": 0.03646308113035551,
        "f1-score": 0.0667779632721202,
        "support": 1097.0
    },
    "accuracy": 0.6993006993006993,
    "macro avg": {
        "precision": 0.5519042365945193,
        "recall": 0.5065947607101606,
        "f1-score": 0.44377692649018,
        "support": 3718.0
    },
    "weighted avg": {
        "precision": 0.6157928057538533,
        "recall": 0.6993006993006993,
        "f1-score": 0.598307970047018,
        "support": 3718.0
    }
}