{
    "DOWN": {
        "precision": 0.7280672268907563,
        "recall": 0.8282982791586998,
        "f1-score": 0.7749552772808587,
        "support": 2615.0
    },
    "UP": {
        "precision": 0.3874488403819918,
        "recall": 0.2598353156450137,
        "f1-score": 0.31106243154435925,
        "support": 1093.0
    },
    "accuracy": 0.6607335490830637,
    "macro avg": {
        "precision": 0.5577580336363741,
        "recall": 0.5440667974018567,
        "f1-score": 0.5430088544126089,
        "support": 3708.0
    },
    "weighted avg": {
        "precision": 0.6276638028200768,
        "recall": 0.6607335490830637,
        "f1-score": 0.6382144789016801,
        "support": 3708.0
    }
}