{
    "DOWN": {
        "precision": 0.6726057906458798,
        "recall": 0.9617834394904459,
        "f1-score": 0.7916120576671036,
        "support": 628.0
    },
    "UP": {
        "precision": 0.29411764705882354,
        "recall": 0.03289473684210526,
        "f1-score": 0.059171597633136085,
        "support": 304.0
    },
    "accuracy": 0.6587982832618026,
    "macro avg": {
        "precision": 0.4833617188523517,
        "recall": 0.4973390881662756,
        "f1-score": 0.42539182765011985,
        "support": 932.0
    },
    "weighted avg": {
        "precision": 0.5491504305058957,
        "recall": 0.6587982832618026,
        "f1-score": 0.5527044398019468,
        "support": 932.0
    }
}