{
    "R2": 0.9964547418826265,
    "RMSE": 150.27964508692475,
    "MSE": 22583.971727452063,
    "MAPE": 0.13263797472571934,
    "ACMAPE": 0.8890757429660627
}