{
    "DOWN": {
        "precision": 0.6631578947368421,
        "recall": 0.7159090909090909,
        "f1-score": 0.6885245901639344,
        "support": 88.0
    },
    "UP": {
        "precision": 0.10714285714285714,
        "recall": 0.08571428571428572,
        "f1-score": 0.09523809523809523,
        "support": 35.0
    },
    "accuracy": 0.5365853658536586,
    "macro avg": {
        "precision": 0.3851503759398496,
        "recall": 0.40081168831168834,
        "f1-score": 0.3918813427010148,
        "support": 123.0
    },
    "weighted avg": {
        "precision": 0.5049422336328626,
        "recall": 0.5365853658536586,
        "f1-score": 0.5197032298191835,
        "support": 123.0
    }
}