{
    "R2": 0.01749350635216307,
    "RMSE": 7.363217042961659,
    "MSE": 54.216965221761036,
    "MAPE": 0.09452127010996587,
    "ACMAPE": 1.1351716766140307
}