{
    "DOWN": {
        "precision": 0.6923076923076923,
        "recall": 0.8181818181818182,
        "f1-score": 0.7500000000000001,
        "support": 88.0
    },
    "UP": {
        "precision": 0.15789473684210525,
        "recall": 0.08571428571428572,
        "f1-score": 0.11111111111111112,
        "support": 35.0
    },
    "accuracy": 0.6097560975609756,
    "macro avg": {
        "precision": 0.4251012145748988,
        "recall": 0.451948051948052,
        "f1-score": 0.43055555555555564,
        "support": 123.0
    },
    "weighted avg": {
        "precision": 0.5402389651426879,
        "recall": 0.6097560975609756,
        "f1-score": 0.5682023486901536,
        "support": 123.0
    }
}