{
<<<<<<< HEAD
    "R2": 0.9028176861102131,
    "RMSE": 0.8827404176464294,
    "MSE": 0.7792306449465927,
    "MAPE": 0.007333337752271517,
    "ACMAPE": 1.250462301811468
=======
    "R2": 0.8976440861261613,
    "RMSE": 0.9059325505675511,
    "MSE": 0.8207137861778284,
    "MAPE": 0.007663595647761395,
    "ACMAPE": 1.255020889516683
>>>>>>> d5f42532be6a9c18a5da3fb21b671ebbe5b6efbf
}