{
    "DOWN": {
        "precision": 0.8655625913297613,
        "recall": 0.649251004749726,
        "f1-score": 0.7419624217118997,
        "support": 2737.0
    },
    "UP": {
        "precision": 0.30131004366812225,
        "recall": 0.6,
        "f1-score": 0.40116279069767435,
        "support": 690.0
    },
    "accuracy": 0.6393346950685731,
    "macro avg": {
        "precision": 0.5834363174989418,
        "recall": 0.624625502374863,
        "f1-score": 0.571562606204787,
        "support": 3427.0
    },
    "weighted avg": {
        "precision": 0.7519546958274179,
        "recall": 0.6393346950685731,
        "f1-score": 0.6733450463399081,
        "support": 3427.0
    }
}