{
    "R2": 0.9975706588539461,
    "RMSE": 43.304992882279656,
    "MSE": 1875.3224085342915,
    "MAPE": 0.026676481620184236,
    "ACMAPE": 1.5282720719886207
}