{
    "DOWN": {
        "precision": 0.7211796246648794,
        "recall": 0.09771158735924446,
        "f1-score": 0.17210492642354447,
        "support": 2753.0
    },
    "UP": {
        "precision": 0.19193233571893298,
        "recall": 0.8501440922190202,
        "f1-score": 0.3131634819532908,
        "support": 694.0
    },
    "accuracy": 0.24920220481578184,
    "macro avg": {
        "precision": 0.4565559801919062,
        "recall": 0.47392783978913233,
        "f1-score": 0.24263420418841763,
        "support": 3447.0
    },
    "weighted avg": {
        "precision": 0.6146238896696701,
        "recall": 0.24920220481578184,
        "f1-score": 0.20050487929202257,
        "support": 3447.0
    }
}