{
    "R2": 0.8437238920946308,
    "RMSE": 183.36357113600604,
    "MSE": 33622.19921974915,
    "MAPE": 0.07046941542208085,
    "ACMAPE": 1.1204113434127894
}