{
    "DOWN": {
        "precision": 0.9059907834101383,
        "recall": 0.3575845762095307,
        "f1-score": 0.5127803860198226,
        "support": 2749.0
    },
    "UP": {
        "precision": 0.25074246924056004,
        "recall": 0.8528138528138528,
        "f1-score": 0.38754098360655737,
        "support": 693.0
    },
    "accuracy": 0.45729227193492156,
    "macro avg": {
        "precision": 0.5783666263253492,
        "recall": 0.6051992145116918,
        "f1-score": 0.45016068481318994,
        "support": 3442.0
    },
    "weighted avg": {
        "precision": 0.7740654255601913,
        "recall": 0.45729227193492156,
        "f1-score": 0.4875651315537003,
        "support": 3442.0
    }
}