{
    "DOWN": {
        "precision": 0.6290322580645161,
        "recall": 0.06914893617021277,
        "f1-score": 0.12460063897763579,
        "support": 564.0
    },
    "UP": {
        "precision": 0.3429286608260325,
        "recall": 0.9225589225589226,
        "f1-score": 0.5,
        "support": 297.0
    },
    "accuracy": 0.3635307781649245,
    "macro avg": {
        "precision": 0.48598045944527435,
        "recall": 0.4958539293645677,
        "f1-score": 0.31230031948881787,
        "support": 861.0
    },
    "weighted avg": {
        "precision": 0.5303414701669207,
        "recall": 0.3635307781649245,
        "f1-score": 0.25409379835468826,
        "support": 861.0
    }
}