{
    "DOWN": {
        "precision": 0.6133603238866396,
        "recall": 0.5372340425531915,
        "f1-score": 0.5727788279773156,
        "support": 564.0
    },
    "UP": {
        "precision": 0.2888283378746594,
        "recall": 0.3569023569023569,
        "f1-score": 0.3192771084337349,
        "support": 297.0
    },
    "accuracy": 0.47502903600464574,
    "macro avg": {
        "precision": 0.45109433088064954,
        "recall": 0.44706819972777423,
        "f1-score": 0.44602796820552526,
        "support": 861.0
    },
    "weighted avg": {
        "precision": 0.5014137503145628,
        "recall": 0.47502903600464574,
        "f1-score": 0.4853339839535717,
        "support": 861.0
    }
}