{
    "DOWN": {
        "precision": 0.6039296794208894,
        "recall": 0.8709917971662938,
        "f1-score": 0.7132824427480916,
        "support": 1341.0
    },
    "UP": {
        "precision": 0.429042904290429,
        "recall": 0.14508928571428573,
        "f1-score": 0.21684737281067556,
        "support": 896.0
    },
    "accuracy": 0.5802413947250782,
    "macro avg": {
        "precision": 0.5164862918556592,
        "recall": 0.5080405414402898,
        "f1-score": 0.4650649077793836,
        "support": 2237.0
    },
    "weighted avg": {
        "precision": 0.533881154379811,
        "recall": 0.5802413947250782,
        "f1-score": 0.5144421107570658,
        "support": 2237.0
    }
}