{
<<<<<<< HEAD
    "R2": 0.9748306377228907,
    "RMSE": 19.274939101172617,
    "MSE": 371.523277353913,
    "MAPE": 0.07785500515487427,
    "ACMAPE": 1.1044675446226235
=======
    "R2": 0.9759569989239879,
    "RMSE": 18.838713724978557,
    "MSE": 354.8971348116955,
    "MAPE": 0.08122590338164798,
    "ACMAPE": 1.1114469227772277
>>>>>>> d5f42532be6a9c18a5da3fb21b671ebbe5b6efbf
}