{
    "R2": 0.8621656062962967,
    "RMSE": 45.026852409289575,
    "MSE": 2027.4174378879466,
    "MAPE": 0.18621551705771708,
    "ACMAPE": 1.2883660546921256
}