{
    "DOWN": {
        "precision": 0.6044776119402985,
        "recall": 0.4835820895522388,
        "f1-score": 0.5373134328358209,
        "support": 335.0
    },
    "UP": {
        "precision": 0.4054982817869416,
        "recall": 0.5267857142857143,
        "f1-score": 0.45825242718446607,
        "support": 224.0
    },
    "accuracy": 0.5008944543828264,
    "macro avg": {
        "precision": 0.50498794686362,
        "recall": 0.5051839019189766,
        "f1-score": 0.4977829300101435,
        "support": 559.0
    },
    "weighted avg": {
        "precision": 0.5247434975317977,
        "recall": 0.5008944543828264,
        "f1-score": 0.5056324574048665,
        "support": 559.0
    }
}