{
    "DOWN": {
        "precision": 0.6104513064133017,
        "recall": 0.3870481927710843,
        "f1-score": 0.47373271889400925,
        "support": 1328.0
    },
    "UP": {
        "precision": 0.408,
        "recall": 0.6310461192350956,
        "f1-score": 0.495583038869258,
        "support": 889.0
    },
    "accuracy": 0.4848894903022102,
    "macro avg": {
        "precision": 0.5092256532066508,
        "recall": 0.5090471560030899,
        "f1-score": 0.4846578788816336,
        "support": 2217.0
    },
    "weighted avg": {
        "precision": 0.5292698849422033,
        "recall": 0.4848894903022102,
        "f1-score": 0.4824945296553968,
        "support": 2217.0
    }
}