{
    "R2": -0.255614092949368,
    "RMSE": 65.40337305574371,
    "MSE": 4277.601207068782,
    "MAPE": 0.14828922073165052,
    "ACMAPE": 0.9701553847278804
}