{
    "R2": 0.9831937911782274,
    "RMSE": 6.569847043685729,
    "MSE": 43.162890177426114,
    "MAPE": 0.13149952666646944,
    "ACMAPE": 1.8568881277027387
}