{
    "DOWN": {
        "precision": 0.8341346153846154,
        "recall": 0.47326786688488814,
        "f1-score": 0.6038983640793595,
        "support": 3666.0
    },
    "UP": {
        "precision": 0.10435992578849722,
        "recall": 0.39473684210526316,
        "f1-score": 0.16507703595011006,
        "support": 570.0
    },
    "accuracy": 0.4627006610009443,
    "macro avg": {
        "precision": 0.4692472705865563,
        "recall": 0.4340023544950756,
        "f1-score": 0.38448770001473476,
        "support": 4236.0
    },
    "weighted avg": {
        "precision": 0.7359354716004352,
        "recall": 0.4627006610009443,
        "f1-score": 0.5448501683679166,
        "support": 4236.0
    }
}