{
    "R2": 0.9614478438800512,
    "RMSE": 11.46031070308108,
    "MSE": 131.33872141115475,
    "MAPE": 0.04476978881546906,
    "ACMAPE": 1.3171543316995407
}