{
    "R2": 0.9688448496928401,
    "RMSE": 11.770446994597414,
    "MSE": 138.54342245262728,
    "MAPE": 0.07122394464901853,
    "ACMAPE": 1.2669096149109602
}