{
    "DOWN": {
<<<<<<< HEAD
        "precision": 0.875,
        "recall": 0.05737704918032787,
        "f1-score": 0.1076923076923077,
        "support": 122.0
    },
    "UP": {
        "precision": 0.25806451612903225,
        "recall": 0.975609756097561,
        "f1-score": 0.40816326530612246,
        "support": 41.0
    },
    "accuracy": 0.2883435582822086,
    "macro avg": {
        "precision": 0.5665322580645161,
        "recall": 0.5164934026389444,
        "f1-score": 0.2579277864992151,
        "support": 163.0
    },
    "weighted avg": {
        "precision": 0.7198199089649713,
        "recall": 0.2883435582822086,
        "f1-score": 0.18327089212277642,
=======
        "precision": 1.0,
        "recall": 0.05737704918032787,
        "f1-score": 0.10852713178294575,
        "support": 122.0
    },
    "UP": {
        "precision": 0.26282051282051283,
        "recall": 1.0,
        "f1-score": 0.41624365482233505,
        "support": 41.0
    },
    "accuracy": 0.294478527607362,
    "macro avg": {
        "precision": 0.6314102564102564,
        "recall": 0.5286885245901639,
        "f1-score": 0.2623853933026404,
        "support": 163.0
    },
    "weighted avg": {
        "precision": 0.8145744848198836,
        "recall": 0.294478527607362,
        "f1-score": 0.18592822040021545,
>>>>>>> d5f42532be6a9c18a5da3fb21b671ebbe5b6efbf
        "support": 163.0
    }
}