{
    "R2": 0.9477295260945596,
    "RMSE": 2.312415616266644,
    "MSE": 5.347265982353843,
    "MAPE": 0.030918137328188863,
    "ACMAPE": 1.1597524931564098
}