{
    "DOWN": {
<<<<<<< HEAD
        "precision": 0.7142857142857143,
        "recall": 0.4823529411764706,
        "f1-score": 0.5758426966292135,
        "support": 425.0
    },
    "UP": {
        "precision": 0.3659942363112392,
        "recall": 0.6076555023923444,
        "f1-score": 0.4568345323741007,
        "support": 209.0
    },
    "accuracy": 0.5236593059936908,
    "macro avg": {
        "precision": 0.5401399752984768,
        "recall": 0.5450042217844075,
        "f1-score": 0.5163386145016571,
        "support": 634.0
    },
    "weighted avg": {
        "precision": 0.5994703847957059,
        "recall": 0.5236593059936908,
        "f1-score": 0.5366112986334429,
=======
        "precision": 0.7230215827338129,
        "recall": 0.47294117647058825,
        "f1-score": 0.5718349928876244,
        "support": 425.0
    },
    "UP": {
        "precision": 0.3707865168539326,
        "recall": 0.631578947368421,
        "f1-score": 0.46725663716814164,
        "support": 209.0
    },
    "accuracy": 0.5252365930599369,
    "macro avg": {
        "precision": 0.5469040497938727,
        "recall": 0.5522600619195046,
        "f1-score": 0.519545815027883,
        "support": 634.0
    },
    "weighted avg": {
        "precision": 0.6069062376724642,
        "recall": 0.5252365930599369,
        "f1-score": 0.5373604245195298,
>>>>>>> d5f42532be6a9c18a5da3fb21b671ebbe5b6efbf
        "support": 634.0
    }
}