{
<<<<<<< HEAD
    "R2": 0.7260638089348697,
    "RMSE": 5.293737244417595,
    "MSE": 28.023654012933992,
    "MAPE": 0.08042052622828001,
    "ACMAPE": 1.5037334096638628
=======
    "R2": 0.7139921901245939,
    "RMSE": 5.409120058691501,
    "MSE": 29.258579809338748,
    "MAPE": 0.08227178970481637,
    "ACMAPE": 1.4933147344900923
>>>>>>> d5f42532be6a9c18a5da3fb21b671ebbe5b6efbf
}