{
    "R2": 0.08319991029202678,
    "RMSE": 9.684450827010489,
    "MSE": 93.78858782078414,
    "MAPE": 0.15409918284870575,
    "ACMAPE": 1.651031698186129
}