{
    "DOWN": {
        "precision": 0.7388059701492538,
        "recall": 0.12571428571428572,
        "f1-score": 0.2148670645686381,
        "support": 1575.0
    },
    "UP": {
        "precision": 0.28910686628807436,
        "recall": 0.8888888888888888,
        "f1-score": 0.4363069731203739,
        "support": 630.0
    },
    "accuracy": 0.3437641723356009,
    "macro avg": {
        "precision": 0.513956418218664,
        "recall": 0.5073015873015873,
        "f1-score": 0.325587018844506,
        "support": 2205.0
    },
    "weighted avg": {
        "precision": 0.6103205119032025,
        "recall": 0.3437641723356009,
        "f1-score": 0.27813560986913405,
        "support": 2205.0
    }
}