{
    "DOWN": {
        "precision": 0.5768463073852296,
        "recall": 0.9059561128526645,
        "f1-score": 0.7048780487804879,
        "support": 319.0
    },
    "UP": {
        "precision": 0.4117647058823529,
        "recall": 0.09012875536480687,
        "f1-score": 0.14788732394366197,
        "support": 233.0
    },
    "accuracy": 0.5615942028985508,
    "macro avg": {
        "precision": 0.49430550663379125,
        "recall": 0.4980424341087357,
        "f1-score": 0.42638268636207494,
        "support": 552.0
    },
    "weighted avg": {
        "precision": 0.5071651241421675,
        "recall": 0.5615942028985508,
        "f1-score": 0.46977145659392905,
        "support": 552.0
    }
}