{
    "DOWN": {
        "precision": 0.7914110429447853,
        "recall": 0.0818008877615726,
        "f1-score": 0.1482758620689655,
        "support": 1577.0
    },
    "UP": {
        "precision": 0.29262335124572547,
        "recall": 0.9462875197472354,
        "f1-score": 0.4470149253731343,
        "support": 633.0
    },
    "accuracy": 0.32941176470588235,
    "macro avg": {
        "precision": 0.5420171970952554,
        "recall": 0.514044203754404,
        "f1-score": 0.2976453937210499,
        "support": 2210.0
    },
    "weighted avg": {
        "precision": 0.648545609078041,
        "recall": 0.32941176470588235,
        "f1-score": 0.2338422996578971,
        "support": 2210.0
    }
}