{
    "DOWN": {
        "precision": 0.5559006211180124,
        "recall": 0.5611285266457681,
        "f1-score": 0.5585023400936038,
        "support": 319.0
    },
    "UP": {
        "precision": 0.391304347826087,
        "recall": 0.38626609442060084,
        "f1-score": 0.38876889848812096,
        "support": 233.0
    },
    "accuracy": 0.48731884057971014,
    "macro avg": {
        "precision": 0.47360248447204967,
        "recall": 0.4736973105331844,
        "f1-score": 0.4736356192908624,
        "support": 552.0
    },
    "weighted avg": {
        "precision": 0.4864242956161671,
        "recall": 0.48731884057971014,
        "f1-score": 0.4868576084014344,
        "support": 552.0
    }
}