{
<<<<<<< HEAD
    "R2": 0.7572022191429396,
    "RMSE": 173.2422177575461,
    "MSE": 30012.86601355302,
    "MAPE": 0.15347641634679965,
    "ACMAPE": 0.9976793148975243
=======
    "R2": 0.659645174023719,
    "RMSE": 205.1149590594975,
    "MSE": 42072.14642997933,
    "MAPE": 0.1813369663206178,
    "ACMAPE": 1.0581485605235161
>>>>>>> d5f42532be6a9c18a5da3fb21b671ebbe5b6efbf
}