{
    "R2": 0.9643898718919214,
    "RMSE": 66.34651969332717,
    "MSE": 4401.8606754170505,
    "MAPE": 0.05714932474393844,
    "ACMAPE": 0.9629464261932138
}