{
<<<<<<< HEAD
    "R2": -6.376016689311929,
    "RMSE": 79.51296199773482,
    "MSE": 6322.311125653222,
    "MAPE": 0.29749725012776035,
    "ACMAPE": 1.7029026555331657
=======
    "R2": -6.432666666749671,
    "RMSE": 79.81771942664422,
    "MSE": 6370.868334470498,
    "MAPE": 0.28975460990376745,
    "ACMAPE": 1.6681329882821458
>>>>>>> d5f42532be6a9c18a5da3fb21b671ebbe5b6efbf
}