{
    "DOWN": {
<<<<<<< HEAD
        "precision": 0.6875,
        "recall": 0.18803418803418803,
        "f1-score": 0.29530201342281875,
        "support": 351.0
    },
    "UP": {
        "precision": 0.4,
        "recall": 0.8636363636363636,
        "f1-score": 0.5467625899280576,
        "support": 220.0
    },
    "accuracy": 0.44833625218914186,
    "macro avg": {
        "precision": 0.54375,
        "recall": 0.5258352758352758,
        "f1-score": 0.42103230167543815,
        "support": 571.0
    },
    "weighted avg": {
        "precision": 0.5767294220665499,
        "recall": 0.44833625218914186,
        "f1-score": 0.39218699911660604,
=======
        "precision": 0.7029702970297029,
        "recall": 0.2022792022792023,
        "f1-score": 0.3141592920353982,
        "support": 351.0
    },
    "UP": {
        "precision": 0.40425531914893614,
        "recall": 0.8636363636363636,
        "f1-score": 0.5507246376811594,
        "support": 220.0
    },
    "accuracy": 0.45709281961471104,
    "macro avg": {
        "precision": 0.5536128080893196,
        "recall": 0.532957782957783,
        "f1-score": 0.4324419648582788,
        "support": 571.0
    },
    "weighted avg": {
        "precision": 0.587878711856728,
        "recall": 0.45709281961471104,
        "f1-score": 0.4053053096222064,
>>>>>>> d5f42532be6a9c18a5da3fb21b671ebbe5b6efbf
        "support": 571.0
    }
}