{
    "R2": -4.384092488372269,
    "RMSE": 67.9333829980545,
    "MSE": 4614.94452556036,
    "MAPE": 0.22555416862226257,
    "ACMAPE": 1.1715001145682087
}