{
    "DOWN": {
<<<<<<< HEAD
        "precision": 0.8333333333333334,
        "recall": 0.046296296296296294,
        "f1-score": 0.08771929824561403,
        "support": 108.0
    },
    "UP": {
        "precision": 0.2746478873239437,
        "recall": 0.975,
        "f1-score": 0.4285714285714286,
        "support": 40.0
    },
    "accuracy": 0.2972972972972973,
    "macro avg": {
        "precision": 0.5539906103286385,
        "recall": 0.5106481481481482,
        "f1-score": 0.25814536340852134,
        "support": 148.0
    },
    "weighted avg": {
        "precision": 0.6823372668443091,
        "recall": 0.2972972972972973,
        "f1-score": 0.17984149563096932,
=======
        "precision": 0.75,
        "recall": 0.08333333333333333,
        "f1-score": 0.15,
        "support": 108.0
    },
    "UP": {
        "precision": 0.27205882352941174,
        "recall": 0.925,
        "f1-score": 0.42045454545454547,
        "support": 40.0
    },
    "accuracy": 0.3108108108108108,
    "macro avg": {
        "precision": 0.5110294117647058,
        "recall": 0.5041666666666667,
        "f1-score": 0.2852272727272727,
        "support": 148.0
    },
    "weighted avg": {
        "precision": 0.6208267090620031,
        "recall": 0.3108108108108108,
        "f1-score": 0.22309582309582307,
>>>>>>> d5f42532be6a9c18a5da3fb21b671ebbe5b6efbf
        "support": 148.0
    }
}