{
    "DOWN": {
        "precision": 0.6447368421052632,
        "recall": 0.13387978142076504,
        "f1-score": 0.22171945701357468,
        "support": 366.0
    },
    "UP": {
        "precision": 0.3844660194174757,
        "recall": 0.88,
        "f1-score": 0.5351351351351351,
        "support": 225.0
    },
    "accuracy": 0.4179357021996616,
    "macro avg": {
        "precision": 0.5146014307613694,
        "recall": 0.5069398907103825,
        "f1-score": 0.3784272960743549,
        "support": 591.0
    },
    "weighted avg": {
        "precision": 0.5456489654474761,
        "recall": 0.4179357021996616,
        "f1-score": 0.34104014665376264,
        "support": 591.0
    }
}