{
    "R2": 0.9528823134253762,
    "RMSE": 31.780409322521404,
    "MSE": 1009.9944167070053,
    "MAPE": 0.08661498388045916,
    "ACMAPE": 1.172429344651037
}