{
    "R2": -6.376016689311929,
    "RMSE": 79.51296199773482,
    "MSE": 6322.311125653222,
    "MAPE": 0.29749725012776035,
    "ACMAPE": 1.7029026555331657
}