{
    "DOWN": {
        "precision": 0.9340749896992171,
        "recall": 0.5886782653856141,
        "f1-score": 0.722204523733673,
        "support": 3851.0
    },
    "UP": {
        "precision": 0.11458915595304639,
        "recall": 0.5616438356164384,
        "f1-score": 0.1903435468895079,
        "support": 365.0
    },
    "accuracy": 0.5863377609108159,
    "macro avg": {
        "precision": 0.5243320728261317,
        "recall": 0.5751610505010263,
        "f1-score": 0.4562740353115905,
        "support": 4216.0
    },
    "weighted avg": {
        "precision": 0.8631280425176819,
        "recall": 0.5863377609108159,
        "f1-score": 0.676158684893986,
        "support": 4216.0
    }
}