{
    "DOWN": {
        "precision": 0.78125,
        "recall": 0.6097560975609756,
        "f1-score": 0.684931506849315,
        "support": 779.0
    },
    "UP": {
        "precision": 0.3259423503325942,
        "recall": 0.525,
        "f1-score": 0.40218878248974005,
        "support": 280.0
    },
    "accuracy": 0.5873465533522191,
    "macro avg": {
        "precision": 0.5535961751662971,
        "recall": 0.5673780487804878,
        "f1-score": 0.5435601446695275,
        "support": 1059.0
    },
    "weighted avg": {
        "precision": 0.6608664854514885,
        "recall": 0.5873465533522191,
        "f1-score": 0.6101742237325246,
        "support": 1059.0
    }
}