{
    "DOWN": {
        "precision": 0.7324414715719063,
        "recall": 0.8433889602053916,
        "f1-score": 0.7840095465393795,
        "support": 779.0
    },
    "UP": {
        "precision": 0.24691358024691357,
        "recall": 0.14285714285714285,
        "f1-score": 0.18099547511312217,
        "support": 280.0
    },
    "accuracy": 0.6581680830972616,
    "macro avg": {
        "precision": 0.48967752590940994,
        "recall": 0.49312305153126723,
        "f1-score": 0.48250251082625084,
        "support": 1059.0
    },
    "weighted avg": {
        "precision": 0.6040677137144955,
        "recall": 0.6581680830972616,
        "f1-score": 0.6245723982869225,
        "support": 1059.0
    }
}