{
    "R2": 0.9964492031637968,
    "RMSE": 4.56909213570843,
    "MSE": 20.87660294459262,
    "MAPE": 0.02028284271076234,
    "ACMAPE": 0.8476073208891305
}