{
    "R2": 0.9711897841868099,
    "RMSE": 13.009758750438602,
    "MSE": 169.25382274461376,
    "MAPE": 0.07996193973562978,
    "ACMAPE": 0.29718863164287074
}