{
    "R2": 0.9810171633562315,
    "RMSE": 7.422669372204636,
    "MSE": 55.096020609064766,
    "MAPE": 0.06904774847029836,
    "ACMAPE": 1.7142966172485787
}