{
    "DOWN": {
        "precision": 0.7913862718707941,
        "recall": 0.17828987265009097,
        "f1-score": 0.29101707498144025,
        "support": 3298.0
    },
    "UP": {
        "precision": 0.2593604810057393,
        "recall": 0.8596014492753623,
        "f1-score": 0.3984883476800336,
        "support": 1104.0
    },
    "accuracy": 0.34915947296683325,
    "macro avg": {
        "precision": 0.5253733764382666,
        "recall": 0.5189456609627267,
        "f1-score": 0.3447527113307369,
        "support": 4402.0
    },
    "weighted avg": {
        "precision": 0.6579568140981862,
        "recall": 0.34915947296683325,
        "f1-score": 0.31797034282770265,
        "support": 4402.0
    }
}