{
    "DOWN": {
        "precision": 0.8198458574181118,
        "recall": 0.9540358744394619,
        "f1-score": 0.8818652849740933,
        "support": 892.0
    },
    "UP": {
        "precision": 0.3880597014925373,
        "recall": 0.12206572769953052,
        "f1-score": 0.18571428571428572,
        "support": 213.0
    },
    "accuracy": 0.7936651583710407,
    "macro avg": {
        "precision": 0.6039527794553246,
        "recall": 0.5380508010694962,
        "f1-score": 0.5337897853441895,
        "support": 1105.0
    },
    "weighted avg": {
        "precision": 0.7366146798505576,
        "recall": 0.7936651583710407,
        "f1-score": 0.7476750923565919,
        "support": 1105.0
    }
}