{
    "DOWN": {
        "precision": 0.7239784117193524,
        "recall": 0.2842009685230024,
        "f1-score": 0.4081721364920669,
        "support": 3304.0
    },
    "UP": {
        "precision": 0.24077046548956663,
        "recall": 0.6768953068592057,
        "f1-score": 0.3551977267345489,
        "support": 1108.0
    },
    "accuracy": 0.3828195829555757,
    "macro avg": {
        "precision": 0.4823744386044595,
        "recall": 0.48054813769110405,
        "f1-score": 0.3816849316133079,
        "support": 4412.0
    },
    "weighted avg": {
        "precision": 0.6026288186951904,
        "recall": 0.3828195829555757,
        "f1-score": 0.39486849959013354,
        "support": 4412.0
    }
}