{
    "R2": 0.9382490173002168,
    "RMSE": 13.387562077476217,
    "MSE": 179.22681837827932,
    "MAPE": 0.1795218121652556,
    "ACMAPE": 0.5921914954231742
}