{
    "DOWN": {
        "precision": 0.6568047337278107,
        "recall": 0.21470019342359767,
        "f1-score": 0.3236151603498542,
        "support": 517.0
    },
    "UP": {
        "precision": 0.4158273381294964,
        "recall": 0.8328530259365994,
        "f1-score": 0.5547024952015355,
        "support": 347.0
    },
    "accuracy": 0.46296296296296297,
    "macro avg": {
        "precision": 0.5363160359286535,
        "recall": 0.5237766096800985,
        "f1-score": 0.4391588277756948,
        "support": 864.0
    },
    "weighted avg": {
        "precision": 0.5600233028567284,
        "recall": 0.46296296296296297,
        "f1-score": 0.41642454136088825,
        "support": 864.0
    }
}