{
    "DOWN": {
        "precision": 0.5950920245398773,
        "recall": 0.4507434944237918,
        "f1-score": 0.5129561078794288,
        "support": 2152.0
    },
    "UP": {
        "precision": 0.35232876712328765,
        "recall": 0.49347659247889486,
        "f1-score": 0.41112531969309457,
        "support": 1303.0
    },
    "accuracy": 0.46685962373371925,
    "macro avg": {
        "precision": 0.4737103958315825,
        "recall": 0.47211004345134333,
        "f1-score": 0.46204071378626166,
        "support": 3455.0
    },
    "weighted avg": {
        "precision": 0.5035376035807408,
        "recall": 0.46685962373371925,
        "f1-score": 0.4745521955764495,
        "support": 3455.0
    }
}