{
    "R2": 0.8992524980102485,
    "RMSE": 435.0609619017459,
    "MSE": 189278.04057087237,
    "MAPE": 0.1310405963424001,
    "ACMAPE": 1.1779971180815305
}