{
    "DOWN": {
        "precision": 0.6333333333333333,
        "recall": 0.1470019342359768,
        "f1-score": 0.23861852433281006,
        "support": 517.0
    },
    "UP": {
        "precision": 0.40725806451612906,
        "recall": 0.8731988472622478,
        "f1-score": 0.5554537121906508,
        "support": 347.0
    },
    "accuracy": 0.4386574074074074,
    "macro avg": {
        "precision": 0.5202956989247312,
        "recall": 0.5101003907491123,
        "f1-score": 0.3970361182617304,
        "support": 864.0
    },
    "weighted avg": {
        "precision": 0.5425369001393867,
        "recall": 0.4386574074074074,
        "f1-score": 0.3658659898266419,
        "support": 864.0
    }
}