{
    "R2": -1.960840357911585,
    "RMSE": 79.67398476505579,
    "MSE": 6347.943848342343,
    "MAPE": 0.01642709941581436,
    "ACMAPE": 0.8054179251038877
}