{
    "DOWN": {
        "precision": 0.7474402730375427,
        "recall": 0.8295454545454546,
        "f1-score": 0.7863554757630162,
        "support": 792.0
    },
    "UP": {
        "precision": 0.425531914893617,
        "recall": 0.3105590062111801,
        "f1-score": 0.3590664272890485,
        "support": 322.0
    },
    "accuracy": 0.6795332136445242,
    "macro avg": {
        "precision": 0.5864860939655798,
        "recall": 0.5700522303783173,
        "f1-score": 0.5727109515260324,
        "support": 1114.0
    },
    "weighted avg": {
        "precision": 0.6543931533585983,
        "recall": 0.6795332136445242,
        "f1-score": 0.662848228358512,
        "support": 1114.0
    }
}