{
    "DOWN": {
        "precision": 0.8149253731343283,
        "recall": 0.06928934010152284,
        "f1-score": 0.127719298245614,
        "support": 3940.0
    },
    "UP": {
        "precision": 0.10560975609756097,
        "recall": 0.8747474747474747,
        "f1-score": 0.1884657236126224,
        "support": 495.0
    },
    "accuracy": 0.1591882750845547,
    "macro avg": {
        "precision": 0.46026756461594465,
        "recall": 0.4720184074244988,
        "f1-score": 0.1580925109291182,
        "support": 4435.0
    },
    "weighted avg": {
        "precision": 0.7357571137356361,
        "recall": 0.1591882750845547,
        "f1-score": 0.13449933895737706,
        "support": 4435.0
    }
}