{
    "R2": 0.9977914164141704,
    "RMSE": 19.3065041837689,
    "MSE": 372.741103797886,
    "MAPE": 0.02236044093597068,
    "ACMAPE": 1.3467150986239618
}