{
    "R2": 0.9662630276516436,
    "RMSE": 27.966719664422026,
    "MSE": 782.1374087883696,
    "MAPE": 0.015986896196273238,
    "ACMAPE": 0.6569204689072248
}