{
    "R2": 0.9002179259048839,
    "RMSE": 129.76329006068357,
    "MSE": 16838.511447373097,
    "MAPE": 0.9319039020235791,
    "ACMAPE": 2.620542822158562
}