{
    "R2": 0.4951151919401481,
    "RMSE": 382.0181866103976,
    "MSE": 145937.89490109656,
    "MAPE": 0.051520328791343356,
    "ACMAPE": 0.3762909709931782
}