{
<<<<<<< HEAD
    "R2": 0.9570508854728264,
    "RMSE": 156.42607898282986,
    "MSE": 24469.118185942523,
    "MAPE": 0.06507629207199725,
    "ACMAPE": 1.2703164667444864
=======
    "R2": 0.9511136169423486,
    "RMSE": 166.8883440012602,
    "MSE": 27851.71936348296,
    "MAPE": 0.06751239683814883,
    "ACMAPE": 1.2465516981481923
>>>>>>> d5f42532be6a9c18a5da3fb21b671ebbe5b6efbf
}