{
    "R2": -1.454576989471129,
    "RMSE": 1182.5523660034241,
    "MSE": 1398430.0983402962,
    "MAPE": 0.398504720157154,
    "ACMAPE": 1.472740528017416
}