{
<<<<<<< HEAD
    "R2": 0.9849211732964818,
    "RMSE": 41.65219585599929,
    "MSE": 1734.9054196265245,
    "MAPE": 0.07342191478461842,
    "ACMAPE": 1.174645496542127
=======
    "R2": 0.9843488260809897,
    "RMSE": 42.435330168800874,
    "MSE": 1800.7572465351416,
    "MAPE": 0.08318978461140909,
    "ACMAPE": 1.1643911194278718
>>>>>>> d5f42532be6a9c18a5da3fb21b671ebbe5b6efbf
}