{
    "R2": 0.8993720693620811,
    "RMSE": 111.69949656031926,
    "MSE": 12476.777531828773,
    "MAPE": 0.36454283347665795,
    "ACMAPE": 1.508657244917802
}