{
    "DOWN": {
<<<<<<< HEAD
        "precision": 0.42,
        "recall": 0.5526315789473685,
        "f1-score": 0.4772727272727273,
        "support": 114.0
    },
    "UP": {
        "precision": 0.35443037974683544,
        "recall": 0.24347826086956523,
        "f1-score": 0.288659793814433,
        "support": 115.0
    },
    "accuracy": 0.39737991266375544,
    "macro avg": {
        "precision": 0.38721518987341774,
        "recall": 0.39805491990846686,
        "f1-score": 0.3829662605435802,
        "support": 229.0
    },
    "weighted avg": {
        "precision": 0.3870720247636946,
        "recall": 0.39737991266375544,
        "f1-score": 0.38255444191157517,
=======
        "precision": 0.43312101910828027,
        "recall": 0.5964912280701754,
        "f1-score": 0.5018450184501845,
        "support": 114.0
    },
    "UP": {
        "precision": 0.3611111111111111,
        "recall": 0.22608695652173913,
        "f1-score": 0.27807486631016043,
        "support": 115.0
    },
    "accuracy": 0.4104803493449782,
    "macro avg": {
        "precision": 0.39711606510969566,
        "recall": 0.4112890922959573,
        "f1-score": 0.38995994238017245,
        "support": 229.0
    },
    "weighted avg": {
        "precision": 0.39695883823633943,
        "recall": 0.4104803493449782,
        "f1-score": 0.3894713612619628,
>>>>>>> d5f42532be6a9c18a5da3fb21b671ebbe5b6efbf
        "support": 229.0
    }
}