{
    "R2": 0.03873456632665795,
    "RMSE": 3.9229890268103227,
    "MSE": 15.389842904474202,
    "MAPE": 0.04230889925081439,
    "ACMAPE": 0.821256267671867
}