{
    "R2": 0.9555499500147555,
    "RMSE": 1.821632102815741,
    "MSE": 3.3183435180088985,
    "MAPE": 0.024976693524151893,
    "ACMAPE": 0.9753683384327682
}