{
    "DOWN": {
        "precision": 0.6282051282051282,
        "recall": 0.8166666666666667,
        "f1-score": 0.7101449275362318,
        "support": 60.0
    },
    "UP": {
        "precision": 0.35294117647058826,
        "recall": 0.17142857142857143,
        "f1-score": 0.23076923076923078,
        "support": 35.0
    },
    "accuracy": 0.5789473684210527,
    "macro avg": {
        "precision": 0.49057315233785825,
        "recall": 0.49404761904761907,
        "f1-score": 0.4704570791527313,
        "support": 95.0
    },
    "weighted avg": {
        "precision": 0.5267920933555609,
        "recall": 0.5789473684210527,
        "f1-score": 0.5335328287273368,
        "support": 95.0
    }
}