{
    "DOWN": {
        "precision": 0.7423312883435583,
        "recall": 0.8962962962962963,
        "f1-score": 0.8120805369127516,
        "support": 270.0
    },
    "UP": {
        "precision": 0.46153846153846156,
        "recall": 0.2222222222222222,
        "f1-score": 0.3,
        "support": 108.0
    },
    "accuracy": 0.7037037037037037,
    "macro avg": {
        "precision": 0.60193487494101,
        "recall": 0.5592592592592592,
        "f1-score": 0.5560402684563758,
        "support": 378.0
    },
    "weighted avg": {
        "precision": 0.662104766399245,
        "recall": 0.7037037037037037,
        "f1-score": 0.6657718120805369,
        "support": 378.0
    }
}