{
    "R2": -1.1024629629236355,
    "RMSE": 5.801757969384305,
    "MSE": 33.66039553531429,
    "MAPE": 0.06720357202469807,
    "ACMAPE": 0.8461509404457507
}