{
    "DOWN": {
        "precision": 0.7665505226480837,
        "recall": 0.8461538461538461,
        "f1-score": 0.8043875685557588,
        "support": 260.0
    },
    "UP": {
        "precision": 0.5061728395061729,
        "recall": 0.37962962962962965,
        "f1-score": 0.4338624338624339,
        "support": 108.0
    },
    "accuracy": 0.7092391304347826,
    "macro avg": {
        "precision": 0.6363616810771282,
        "recall": 0.6128917378917379,
        "f1-score": 0.6191250012090963,
        "support": 368.0
    },
    "weighted avg": {
        "precision": 0.690135333030349,
        "recall": 0.7092391304347826,
        "f1-score": 0.6956464964175004,
        "support": 368.0
    }
}