{
<<<<<<< HEAD
    "R2": 0.931907230504379,
    "RMSE": 628.6553445700087,
    "MSE": 395207.54225643637,
    "MAPE": 1.6117412697234283,
    "ACMAPE": 2.828598161733964
=======
    "R2": 0.9396149134926354,
    "RMSE": 592.0071600390202,
    "MSE": 350472.477537466,
    "MAPE": 1.4739626951827467,
    "ACMAPE": 2.7101347759553542
>>>>>>> d5f42532be6a9c18a5da3fb21b671ebbe5b6efbf
}