{
    "R2": 0.989643188701132,
    "RMSE": 243.1700111096543,
    "MSE": 59131.6543030694,
    "MAPE": 0.40867097309322786,
    "ACMAPE": 1.4233387901769208
}