{
    "DOWN": {
        "precision": 0.5,
        "recall": 0.004739336492890996,
        "f1-score": 0.009389671361502348,
        "support": 211.0
    },
    "UP": {
        "precision": 0.2708333333333333,
        "recall": 0.9873417721518988,
        "f1-score": 0.4250681198910081,
        "support": 79.0
    },
    "accuracy": 0.27241379310344827,
    "macro avg": {
        "precision": 0.38541666666666663,
        "recall": 0.4960405543223949,
        "f1-score": 0.21722889562625525,
        "support": 290.0
    },
    "weighted avg": {
        "precision": 0.43757183908045977,
        "recall": 0.27241379310344827,
        "f1-score": 0.1226262142367815,
        "support": 290.0
    }
}