{
    "R2": -127.68235553098162,
    "RMSE": 891.0878837712768,
    "MSE": 794037.6166039724,
    "MAPE": 4.627480537293329,
    "ACMAPE": 6.082652951086432
}