{
    "DOWN": {
        "precision": 0.7395833333333334,
        "recall": 0.09466666666666666,
        "f1-score": 0.16784869976359337,
        "support": 750.0
    },
    "UP": {
        "precision": 0.348993288590604,
        "recall": 0.9357326478149101,
        "f1-score": 0.5083798882681564,
        "support": 389.0
    },
    "accuracy": 0.38191395961369623,
    "macro avg": {
        "precision": 0.5442883109619687,
        "recall": 0.5151996572407883,
        "f1-score": 0.3381142940158749,
        "support": 1139.0
    },
    "weighted avg": {
        "precision": 0.6061860309585118,
        "recall": 0.38191395961369623,
        "f1-score": 0.2841495183134397,
        "support": 1139.0
    }
}