{
    "R2": -8.347736715698543,
    "RMSE": 240.1675199328321,
    "MSE": 57680.43763068731,
    "MAPE": 1.2197219447960874,
    "ACMAPE": 2.674894358589191
}