{
    "R2": 0.9658309490329633,
    "RMSE": 160.02898210220266,
    "MSE": 25609.275112667103,
    "MAPE": 0.4270447504244885,
    "ACMAPE": 1.437843886493603
}