{
    "DOWN": {
        "precision": 0.8724373576309795,
        "recall": 0.21331105541631856,
        "f1-score": 0.3428059968673081,
        "support": 3591.0
    },
    "UP": {
        "precision": 0.1371411117898595,
        "recall": 0.8003565062388592,
        "f1-score": 0.23415906127770536,
        "support": 561.0
    },
    "accuracy": 0.29263005780346824,
    "macro avg": {
        "precision": 0.5047892347104195,
        "recall": 0.5068337808275889,
        "f1-score": 0.2884825290725067,
        "support": 4152.0
    },
    "weighted avg": {
        "precision": 0.7730873590960883,
        "recall": 0.29263005780346824,
        "f1-score": 0.3281261002233372,
        "support": 4152.0
    }
}