{
    "R2": 0.9884974985828937,
    "RMSE": 92.84351293534647,
    "MSE": 8619.917894175847,
    "MAPE": 0.24363817793749437,
    "ACMAPE": 1.9634844057126024
}