{
    "R2": 0.9426187339277563,
    "RMSE": 541.7277494677871,
    "MSE": 293468.95454343356,
    "MAPE": 0.051307401802481896,
    "ACMAPE": 1.217175091160104
}