{
    "R2": 0.9887541203479052,
    "RMSE": 15.952902164720028,
    "MSE": 254.49508747712892,
    "MAPE": 0.11556488049136598,
    "ACMAPE": 1.3161181308371475
}