{
    "DOWN": {
<<<<<<< HEAD
        "precision": 0.744,
        "recall": 0.19057377049180327,
        "f1-score": 0.3034257748776509,
        "support": 488.0
    },
    "UP": {
        "precision": 0.3394648829431438,
        "recall": 0.8638297872340426,
        "f1-score": 0.48739495798319327,
        "support": 235.0
    },
    "accuracy": 0.4094052558782849,
    "macro avg": {
        "precision": 0.5417324414715718,
        "recall": 0.527201778862923,
        "f1-score": 0.39541036643042204,
        "support": 723.0
    },
    "weighted avg": {
        "precision": 0.6125120988819347,
        "recall": 0.4094052558782849,
        "f1-score": 0.36322212070033755,
=======
        "precision": 0.7368421052631579,
        "recall": 0.1721311475409836,
        "f1-score": 0.27906976744186046,
        "support": 488.0
    },
    "UP": {
        "precision": 0.3366174055829228,
        "recall": 0.8723404255319149,
        "f1-score": 0.485781990521327,
        "support": 235.0
    },
    "accuracy": 0.3997233748271093,
    "macro avg": {
        "precision": 0.5367297554230404,
        "recall": 0.5222357865364493,
        "f1-score": 0.38242587898159375,
        "support": 723.0
    },
    "weighted avg": {
        "precision": 0.6067552388387384,
        "recall": 0.3997233748271093,
        "f1-score": 0.346258387668243,
>>>>>>> d5f42532be6a9c18a5da3fb21b671ebbe5b6efbf
        "support": 723.0
    }
}