{
    "DOWN": {
        "precision": 0.7263157894736842,
        "recall": 0.552,
        "f1-score": 0.6272727272727273,
        "support": 125.0
    },
    "UP": {
        "precision": 0.37777777777777777,
        "recall": 0.5666666666666667,
        "f1-score": 0.4533333333333333,
        "support": 60.0
    },
    "accuracy": 0.5567567567567567,
    "macro avg": {
        "precision": 0.552046783625731,
        "recall": 0.5593333333333333,
        "f1-score": 0.5403030303030303,
        "support": 185.0
    },
    "weighted avg": {
        "precision": 0.613276434329066,
        "recall": 0.5567567567567567,
        "f1-score": 0.5708599508599509,
        "support": 185.0
    }
}