{
<<<<<<< HEAD
    "R2": 0.989268798985096,
    "RMSE": 15.58357699272713,
    "MSE": 242.84787188825433,
    "MAPE": 0.11086168058752031,
    "ACMAPE": 1.2920511688309504
=======
    "R2": 0.9887541203479052,
    "RMSE": 15.952902164720028,
    "MSE": 254.49508747712892,
    "MAPE": 0.11556488049136598,
    "ACMAPE": 1.3161181308371475
>>>>>>> d5f42532be6a9c18a5da3fb21b671ebbe5b6efbf
}