{
    "DOWN": {
        "precision": 0.5,
        "recall": 0.056,
        "f1-score": 0.10071942446043165,
        "support": 125.0
    },
    "UP": {
        "precision": 0.30994152046783624,
        "recall": 0.8833333333333333,
        "f1-score": 0.4588744588744589,
        "support": 60.0
    },
    "accuracy": 0.32432432432432434,
    "macro avg": {
        "precision": 0.4049707602339181,
        "recall": 0.4696666666666667,
        "f1-score": 0.2797969416674453,
        "support": 185.0
    },
    "weighted avg": {
        "precision": 0.4383594120436226,
        "recall": 0.32432432432432434,
        "f1-score": 0.21687781400011616,
        "support": 185.0
    }
}