{
<<<<<<< HEAD
    "R2": 0.9563158626948552,
    "RMSE": 22.177331442270823,
    "MSE": 491.83402990033414,
    "MAPE": 0.04278264983982828,
    "ACMAPE": 0.9292691363263148
=======
    "R2": 0.9551365495495324,
    "RMSE": 22.474691621457644,
    "MSE": 505.1117634796184,
    "MAPE": 0.04357701371739659,
    "ACMAPE": 0.9516851218255048
>>>>>>> d5f42532be6a9c18a5da3fb21b671ebbe5b6efbf
}