{
    "DOWN": {
        "precision": 0.9047240968638348,
        "recall": 0.6829487563679952,
        "f1-score": 0.778346994535519,
        "support": 3337.0
    },
    "UP": {
        "precision": 0.244825124910778,
        "recall": 0.5883361921097771,
        "f1-score": 0.34576612903225806,
        "support": 583.0
    },
    "accuracy": 0.6688775510204081,
    "macro avg": {
        "precision": 0.5747746108873064,
        "recall": 0.6356424742388862,
        "f1-score": 0.5620565617838885,
        "support": 3920.0
    },
    "weighted avg": {
        "precision": 0.8065809589432655,
        "recall": 0.6688775510204081,
        "f1-score": 0.7140116260180698,
        "support": 3920.0
    }
}