{
    "R2": 0.994858811680484,
    "RMSE": 15.615973844727217,
    "MSE": 243.8586391192045,
    "MAPE": 0.09881118331235969,
    "ACMAPE": 1.466288776142065
}