{
    "R2": 0.9974581189719743,
    "RMSE": 10.95469326342683,
    "MSE": 120.00530449576917,
    "MAPE": 0.03267190574611849,
    "ACMAPE": 0.5977674471473924
}