{
    "DOWN": {
<<<<<<< HEAD
        "precision": 0.7481662591687042,
        "recall": 0.5474060822898033,
        "f1-score": 0.6322314049586777,
        "support": 559.0
    },
    "UP": {
        "precision": 0.3706467661691542,
        "recall": 0.5912698412698413,
        "f1-score": 0.45565749235474,
        "support": 252.0
    },
    "accuracy": 0.561035758323058,
    "macro avg": {
        "precision": 0.5594065126689292,
        "recall": 0.5693379617798222,
        "f1-score": 0.5439444486567089,
        "support": 811.0
    },
    "weighted avg": {
        "precision": 0.6308605720714333,
        "recall": 0.561035758323058,
        "f1-score": 0.5773650350743469,
=======
        "precision": 0.7589285714285714,
        "recall": 0.6082289803220036,
        "f1-score": 0.6752730883813307,
        "support": 559.0
    },
    "UP": {
        "precision": 0.39669421487603307,
        "recall": 0.5714285714285714,
        "f1-score": 0.4682926829268293,
        "support": 252.0
    },
    "accuracy": 0.5967940813810111,
    "macro avg": {
        "precision": 0.5778113931523022,
        "recall": 0.5898287758752875,
        "f1-score": 0.57178288565408,
        "support": 811.0
    },
    "weighted avg": {
        "precision": 0.6463723965195213,
        "recall": 0.5967940813810111,
        "f1-score": 0.6109585850835079,
>>>>>>> d5f42532be6a9c18a5da3fb21b671ebbe5b6efbf
        "support": 811.0
    }
}