{
    "DOWN": {
        "precision": 0.7086092715231788,
        "recall": 0.9336823734729494,
        "f1-score": 0.805722891566265,
        "support": 573.0
    },
    "UP": {
        "precision": 0.5,
        "recall": 0.14728682170542637,
        "f1-score": 0.22754491017964074,
        "support": 258.0
    },
    "accuracy": 0.6895306859205776,
    "macro avg": {
        "precision": 0.6043046357615893,
        "recall": 0.5404845975891879,
        "f1-score": 0.5166339008729528,
        "support": 831.0
    },
    "weighted avg": {
        "precision": 0.6438424940827695,
        "recall": 0.6895306859205776,
        "f1-score": 0.6262163702693347,
        "support": 831.0
    }
}