{
    "DOWN": {
        "precision": 0.7132667617689016,
        "recall": 0.8771929824561403,
        "f1-score": 0.7867820613690008,
        "support": 570.0
    },
    "UP": {
        "precision": 0.44,
        "recall": 0.21484375,
        "f1-score": 0.2887139107611549,
        "support": 256.0
    },
    "accuracy": 0.6719128329297821,
    "macro avg": {
        "precision": 0.5766333808844508,
        "recall": 0.5460183662280702,
        "f1-score": 0.5377479860650778,
        "support": 826.0
    },
    "weighted avg": {
        "precision": 0.6285739155063849,
        "recall": 0.6719128329297821,
        "f1-score": 0.6324171139651162,
        "support": 826.0
    }
}