{
    "R2": 0.9649105472718942,
    "RMSE": 7.284443786290331,
    "MSE": 53.063121275623814,
    "MAPE": 0.04682915627157722,
    "ACMAPE": 1.2356233097429536
}