{
    "DOWN": {
<<<<<<< HEAD
        "precision": 0.7094017094017094,
        "recall": 0.6287878787878788,
        "f1-score": 0.6666666666666666,
        "support": 132.0
    },
    "UP": {
        "precision": 0.45555555555555555,
        "recall": 0.5466666666666666,
        "f1-score": 0.496969696969697,
        "support": 75.0
    },
    "accuracy": 0.5990338164251208,
    "macro avg": {
        "precision": 0.5824786324786325,
        "recall": 0.5877272727272727,
        "f1-score": 0.5818181818181818,
        "support": 207.0
    },
    "weighted avg": {
        "precision": 0.6174284652545523,
        "recall": 0.5990338164251208,
        "f1-score": 0.6051822573561705,
=======
        "precision": 0.7164179104477612,
        "recall": 0.7272727272727273,
        "f1-score": 0.7218045112781953,
        "support": 132.0
    },
    "UP": {
        "precision": 0.5068493150684932,
        "recall": 0.49333333333333335,
        "f1-score": 0.5,
        "support": 75.0
    },
    "accuracy": 0.642512077294686,
    "macro avg": {
        "precision": 0.6116336127581272,
        "recall": 0.6103030303030303,
        "f1-score": 0.6109022556390977,
        "support": 207.0
    },
    "weighted avg": {
        "precision": 0.6404872599480264,
        "recall": 0.642512077294686,
        "f1-score": 0.6414405579165304,
>>>>>>> d5f42532be6a9c18a5da3fb21b671ebbe5b6efbf
        "support": 207.0
    }
}