{
    "DOWN": {
        "precision": 0.8362068965517241,
        "recall": 0.17137809187279152,
        "f1-score": 0.28445747800586507,
        "support": 566.0
    },
    "UP": {
        "precision": 0.3347517730496454,
        "recall": 0.9254901960784314,
        "f1-score": 0.4916666666666667,
        "support": 255.0
    },
    "accuracy": 0.4056029232643118,
    "macro avg": {
        "precision": 0.5854793348006847,
        "recall": 0.5484341439756115,
        "f1-score": 0.3880620723362659,
        "support": 821.0
    },
    "weighted avg": {
        "precision": 0.6804565232350005,
        "recall": 0.4056029232643118,
        "f1-score": 0.3488159957994149,
        "support": 821.0
    }
}