{
<<<<<<< HEAD
    "R2": 0.9623057764249721,
    "RMSE": 6.851233535570057,
    "MSE": 46.939400958919784,
    "MAPE": 0.03328049274962885,
    "ACMAPE": 0.9112089761035129
=======
    "R2": 0.9622705966165284,
    "RMSE": 6.854429898963653,
    "MSE": 46.983209239806875,
    "MAPE": 0.03262880095054924,
    "ACMAPE": 0.839040638188527
>>>>>>> d5f42532be6a9c18a5da3fb21b671ebbe5b6efbf
}