{
    "DOWN": {
        "precision": 0.7900912646675359,
        "recall": 0.1851512373968836,
        "f1-score": 0.3,
        "support": 3273.0
    },
    "UP": {
        "precision": 0.2247093023255814,
        "recall": 0.8276231263383298,
        "f1-score": 0.3534522176497485,
        "support": 934.0
    },
    "accuracy": 0.3277870216306156,
    "macro avg": {
        "precision": 0.5074002834965586,
        "recall": 0.5063871818676067,
        "f1-score": 0.32672610882487424,
        "support": 4207.0
    },
    "weighted avg": {
        "precision": 0.664570287052279,
        "recall": 0.3277870216306156,
        "f1-score": 0.311866976773203,
        "support": 4207.0
    }
}