{
    "DOWN": {
        "precision": 0.7800289435600579,
        "recall": 0.9841752891052952,
        "f1-score": 0.8702906350914963,
        "support": 3286.0
    },
    "UP": {
        "precision": 0.35802469135802467,
        "recall": 0.030818278427205102,
        "f1-score": 0.056751467710371824,
        "support": 941.0
    },
    "accuracy": 0.7719422758457535,
    "macro avg": {
        "precision": 0.5690268174590413,
        "recall": 0.5074967837662502,
        "f1-score": 0.4635210514009341,
        "support": 4227.0
    },
    "weighted avg": {
        "precision": 0.6860838285086944,
        "recall": 0.7719422758457535,
        "f1-score": 0.6891833825469876,
        "support": 4227.0
    }
}