{
    "R2": 0.18113705377762657,
    "RMSE": 95.9583597941437,
    "MSE": 9208.006814382336,
    "MAPE": 0.30852463033010297,
    "ACMAPE": 1.2893675422074977
}