{
    "R2": 0.3636221161570905,
    "RMSE": 84.59306198859389,
    "MSE": 7155.986136606089,
    "MAPE": 0.06900833062654721,
    "ACMAPE": 1.0594297865652444
}