{
    "DOWN": {
        "precision": 0.55,
        "recall": 0.021400778210116732,
        "f1-score": 0.04119850187265917,
        "support": 514.0
    },
    "UP": {
        "precision": 0.35012919896640826,
        "recall": 0.9678571428571429,
        "f1-score": 0.5142314990512333,
        "support": 280.0
    },
    "accuracy": 0.35516372795969775,
    "macro avg": {
        "precision": 0.45006459948320415,
        "recall": 0.4946289605336298,
        "f1-score": 0.27771500046194625,
        "support": 794.0
    },
    "weighted avg": {
        "precision": 0.47951659409394753,
        "recall": 0.35516372795969775,
        "f1-score": 0.20801114571396995,
        "support": 794.0
    }
}