{
    "R2": 0.9969300654005788,
    "RMSE": 87.16350679715103,
    "MSE": 7597.476917176994,
    "MAPE": 0.09770265050365735,
    "ACMAPE": 1.210856374750884
}