{
    "R2": 0.9672351249738175,
    "RMSE": 32.825746849438424,
    "MSE": 1077.5296562234164,
    "MAPE": 0.05085941856183616,
    "ACMAPE": 1.072837440539858
}