{
    "R2": 0.9547125929433,
    "RMSE": 38.592159930489345,
    "MSE": 1489.3548081004674,
    "MAPE": 0.08643144061930065,
    "ACMAPE": 0.9545633087511688
}