{
    "R2": 0.9816689281565747,
    "RMSE": 24.552984393692977,
    "MSE": 602.8490426369309,
    "MAPE": 0.04222609416857339,
    "ACMAPE": 0.9762920282345074
}