{
    "DOWN": {
        "precision": 0.8,
        "recall": 0.39669421487603307,
        "f1-score": 0.5303867403314917,
        "support": 121.0
    },
    "UP": {
        "precision": 0.4016393442622951,
        "recall": 0.8032786885245902,
        "f1-score": 0.53551912568306,
        "support": 61.0
    },
    "accuracy": 0.532967032967033,
    "macro avg": {
        "precision": 0.6008196721311476,
        "recall": 0.5999864517003116,
        "f1-score": 0.5329529330072759,
        "support": 182.0
    },
    "weighted avg": {
        "precision": 0.6664835164835166,
        "recall": 0.532967032967033,
        "f1-score": 0.5321069354218525,
        "support": 182.0
    }
}