{
<<<<<<< HEAD
    "R2": 0.9547125929433,
    "RMSE": 38.592159930489345,
    "MSE": 1489.3548081004674,
    "MAPE": 0.08643144061930065,
    "ACMAPE": 0.9545633087511688
=======
    "R2": 0.9547055666306165,
    "RMSE": 38.59515358903201,
    "MSE": 1489.5858805609703,
    "MAPE": 0.08682376419732965,
    "ACMAPE": 0.9329776103511759
>>>>>>> d5f42532be6a9c18a5da3fb21b671ebbe5b6efbf
}