{
    "DOWN": {
<<<<<<< HEAD
        "precision": 0.6809815950920245,
        "recall": 0.2534246575342466,
        "f1-score": 0.36938435940099834,
        "support": 438.0
    },
    "UP": {
        "precision": 0.39889705882352944,
        "recall": 0.8066914498141264,
        "f1-score": 0.5338253382533826,
        "support": 269.0
    },
    "accuracy": 0.4639321074964639,
    "macro avg": {
        "precision": 0.539939326957777,
        "recall": 0.5300580536741866,
        "f1-score": 0.4516048488271905,
        "support": 707.0
    },
    "weighted avg": {
        "precision": 0.5736538153802492,
        "recall": 0.4639321074964639,
        "f1-score": 0.4319510118922167,
=======
        "precision": 0.6802325581395349,
        "recall": 0.2671232876712329,
        "f1-score": 0.38360655737704913,
        "support": 438.0
    },
    "UP": {
        "precision": 0.4,
        "recall": 0.7955390334572491,
        "f1-score": 0.5323383084577115,
        "support": 269.0
    },
    "accuracy": 0.4681753889674682,
    "macro avg": {
        "precision": 0.5401162790697674,
        "recall": 0.531331160564241,
        "f1-score": 0.4579724329173803,
        "support": 707.0
    },
    "weighted avg": {
        "precision": 0.5736094207427388,
        "recall": 0.4681753889674682,
        "f1-score": 0.4401961486651654,
>>>>>>> d5f42532be6a9c18a5da3fb21b671ebbe5b6efbf
        "support": 707.0
    }
}