{
    "DOWN": {
        "precision": 0.6992481203007519,
        "recall": 0.4142538975501114,
        "f1-score": 0.5202797202797204,
        "support": 449.0
    },
    "UP": {
        "precision": 0.4232456140350877,
        "recall": 0.706959706959707,
        "f1-score": 0.5294924554183813,
        "support": 273.0
    },
    "accuracy": 0.5249307479224377,
    "macro avg": {
        "precision": 0.5612468671679198,
        "recall": 0.5606068022549092,
        "f1-score": 0.5248860878490509,
        "support": 722.0
    },
    "weighted avg": {
        "precision": 0.5948870618374191,
        "recall": 0.5249307479224377,
        "f1-score": 0.5237632060038955,
        "support": 722.0
    }
}