{
    "DOWN": {
        "precision": 0.868421052631579,
        "recall": 0.2727272727272727,
        "f1-score": 0.4150943396226415,
        "support": 121.0
    },
    "UP": {
        "precision": 0.3888888888888889,
        "recall": 0.9180327868852459,
        "f1-score": 0.5463414634146341,
        "support": 61.0
    },
    "accuracy": 0.489010989010989,
    "macro avg": {
        "precision": 0.6286549707602339,
        "recall": 0.5953800298062593,
        "f1-score": 0.4807179015186378,
        "support": 182.0
    },
    "weighted avg": {
        "precision": 0.7076987340145234,
        "recall": 0.489010989010989,
        "f1-score": 0.4590837602342434,
        "support": 182.0
    }
}