{
    "R2": -4256.884105439555,
    "RMSE": 3.997101999714585,
    "MSE": 15.976824396122336,
    "MAPE": 0.031084270318053813,
    "ACMAPE": 0.13297106277088397
}