{
    "R2": 0.9972721276002438,
    "RMSE": 5.676980895003689,
    "MSE": 32.22811208223689,
    "MAPE": 0.01933773822509459,
    "ACMAPE": 1.4031472620346184
}