{
    "R2": -5052.257188877182,
    "RMSE": 4.354457077651686,
    "MSE": 18.96129644111086,
    "MAPE": 0.019980599820169188,
    "ACMAPE": 0.18979192057488614
}