{
    "R2": -4876.569841240119,
    "RMSE": 4.278091421994717,
    "MSE": 18.302066214944784,
    "MAPE": 0.06423800828810668,
    "ACMAPE": 2.049143668665465
}