{
    "DOWN": {
        "precision": 0.672,
        "recall": 0.3952941176470588,
        "f1-score": 0.4977777777777778,
        "support": 425.0
    },
    "UP": {
        "precision": 0.3669950738916256,
        "recall": 0.645021645021645,
        "f1-score": 0.4678178963893249,
        "support": 231.0
    },
    "accuracy": 0.48323170731707316,
    "macro avg": {
        "precision": 0.5194975369458128,
        "recall": 0.5201578813343519,
        "f1-score": 0.4827978370835514,
        "support": 656.0
    },
    "weighted avg": {
        "precision": 0.5645973507148865,
        "recall": 0.48323170731707316,
        "f1-score": 0.48722788052056343,
        "support": 656.0
    }
}