{
    "DOWN": {
<<<<<<< HEAD
        "precision": 0.6567164179104478,
        "recall": 0.31058823529411766,
        "f1-score": 0.4217252396166134,
        "support": 425.0
    },
    "UP": {
        "precision": 0.35604395604395606,
        "recall": 0.7012987012987013,
        "f1-score": 0.47230320699708456,
        "support": 231.0
    },
    "accuracy": 0.4481707317073171,
    "macro avg": {
        "precision": 0.5063801869772019,
        "recall": 0.5059434682964095,
        "f1-score": 0.447014223306849,
        "support": 656.0
    },
    "weighted avg": {
        "precision": 0.5508393772227045,
        "recall": 0.4481707317073171,
        "f1-score": 0.439535468983822,
=======
        "precision": 0.672,
        "recall": 0.3952941176470588,
        "f1-score": 0.4977777777777778,
        "support": 425.0
    },
    "UP": {
        "precision": 0.3669950738916256,
        "recall": 0.645021645021645,
        "f1-score": 0.4678178963893249,
        "support": 231.0
    },
    "accuracy": 0.48323170731707316,
    "macro avg": {
        "precision": 0.5194975369458128,
        "recall": 0.5201578813343519,
        "f1-score": 0.4827978370835514,
        "support": 656.0
    },
    "weighted avg": {
        "precision": 0.5645973507148865,
        "recall": 0.48323170731707316,
        "f1-score": 0.48722788052056343,
>>>>>>> d5f42532be6a9c18a5da3fb21b671ebbe5b6efbf
        "support": 656.0
    }
}