{
    "DOWN": {
        "precision": 0.6552380952380953,
        "recall": 0.8094117647058824,
        "f1-score": 0.7242105263157895,
        "support": 425.0
    },
    "UP": {
        "precision": 0.3816793893129771,
        "recall": 0.21645021645021645,
        "f1-score": 0.27624309392265195,
        "support": 231.0
    },
    "accuracy": 0.600609756097561,
    "macro avg": {
        "precision": 0.5184587422755362,
        "recall": 0.5129309905780495,
        "f1-score": 0.5002268101192208,
        "support": 656.0
    },
    "weighted avg": {
        "precision": 0.5589087338528783,
        "recall": 0.600609756097561,
        "f1-score": 0.5664658969212548,
        "support": 656.0
    }
}