{
    "DOWN": {
        "precision": 0.6834061135371179,
        "recall": 0.7364705882352941,
        "f1-score": 0.7089467723669308,
        "support": 425.0
    },
    "UP": {
        "precision": 0.43434343434343436,
        "recall": 0.3722943722943723,
        "f1-score": 0.40093240093240096,
        "support": 231.0
    },
    "accuracy": 0.6082317073170732,
    "macro avg": {
        "precision": 0.5588747739402762,
        "recall": 0.5543824802648332,
        "f1-score": 0.5549395866496659,
        "support": 656.0
    },
    "weighted avg": {
        "precision": 0.5957026396137324,
        "recall": 0.6082317073170732,
        "f1-score": 0.6004843946209303,
        "support": 656.0
    }
}