{
    "DOWN": {
        "precision": 0.6567164179104478,
        "recall": 0.31058823529411766,
        "f1-score": 0.4217252396166134,
        "support": 425.0
    },
    "UP": {
        "precision": 0.35604395604395606,
        "recall": 0.7012987012987013,
        "f1-score": 0.47230320699708456,
        "support": 231.0
    },
    "accuracy": 0.4481707317073171,
    "macro avg": {
        "precision": 0.5063801869772019,
        "recall": 0.5059434682964095,
        "f1-score": 0.447014223306849,
        "support": 656.0
    },
    "weighted avg": {
        "precision": 0.5508393772227045,
        "recall": 0.4481707317073171,
        "f1-score": 0.439535468983822,
        "support": 656.0
    }
}