{
    "DOWN": {
        "precision": 0.6901408450704225,
        "recall": 0.19400452488687783,
        "f1-score": 0.3028697571743929,
        "support": 1768.0
    },
    "UP": {
        "precision": 0.32336182336182334,
        "recall": 0.8155688622754491,
        "f1-score": 0.463107786467188,
        "support": 835.0
    },
    "accuracy": 0.3933922397233961,
    "macro avg": {
        "precision": 0.506751334216123,
        "recall": 0.5047866935811635,
        "f1-score": 0.38298877182079044,
        "support": 2603.0
    },
    "weighted avg": {
        "precision": 0.5724841093321665,
        "recall": 0.3933922397233961,
        "f1-score": 0.3542715068706987,
        "support": 2603.0
    }
}