{
    "DOWN": {
        "precision": 0.683698296836983,
        "recall": 0.1589366515837104,
        "f1-score": 0.25791647544745294,
        "support": 1768.0
    },
    "UP": {
        "precision": 0.3216240875912409,
        "recall": 0.844311377245509,
        "f1-score": 0.4658077304261645,
        "support": 835.0
    },
    "accuracy": 0.37879369957741066,
    "macro avg": {
        "precision": 0.502661192214112,
        "recall": 0.5016240144146097,
        "f1-score": 0.36186210293680876,
        "support": 2603.0
    },
    "weighted avg": {
        "precision": 0.567550788300604,
        "recall": 0.37879369957741066,
        "f1-score": 0.3246046037252955,
        "support": 2603.0
    }
}