{
    "DOWN": {
        "precision": 0.8581352833638025,
        "recall": 0.6678998292544109,
        "f1-score": 0.7511601856297008,
        "support": 3514.0
    },
    "UP": {
        "precision": 0.15312046444121916,
        "recall": 0.35225375626043404,
        "f1-score": 0.21345472938796156,
        "support": 599.0
    },
    "accuracy": 0.6219304643812302,
    "macro avg": {
        "precision": 0.5056278739025108,
        "recall": 0.5100767927574225,
        "f1-score": 0.4823074575088312,
        "support": 4113.0
    },
    "weighted avg": {
        "precision": 0.7554598939802316,
        "recall": 0.6219304643812302,
        "f1-score": 0.6728510272808552,
        "support": 4113.0
    }
}