{
    "DOWN": {
        "precision": 0.8698630136986302,
        "recall": 0.4343117697349672,
        "f1-score": 0.5793575365900019,
        "support": 3509.0
    },
    "UP": {
        "precision": 0.15747028862478776,
        "recall": 0.6193656093489148,
        "f1-score": 0.25109983079526227,
        "support": 599.0
    },
    "accuracy": 0.4612950340798442,
    "macro avg": {
        "precision": 0.513666651161709,
        "recall": 0.526838689541941,
        "f1-score": 0.4152286836926321,
        "support": 4108.0
    },
    "weighted avg": {
        "precision": 0.7659868592879117,
        "recall": 0.4612950340798442,
        "f1-score": 0.5314932800731934,
        "support": 4108.0
    }
}