{
    "R2": 0.956097613047993,
    "RMSE": 139.78175240419466,
    "MSE": 19538.938305187577,
    "MAPE": 0.11468103368213416,
    "ACMAPE": 1.1920909655224459
}