{
    "DOWN": {
        "precision": 0.8161764705882353,
        "recall": 0.5692307692307692,
        "f1-score": 0.6706948640483383,
        "support": 780.0
    },
    "UP": {
        "precision": 0.30721649484536084,
        "recall": 0.5983935742971888,
        "f1-score": 0.40599455040871935,
        "support": 249.0
    },
    "accuracy": 0.576287657920311,
    "macro avg": {
        "precision": 0.5616964827167981,
        "recall": 0.583812171763979,
        "f1-score": 0.5383447072285288,
        "support": 1029.0
    },
    "weighted avg": {
        "precision": 0.6930170595484143,
        "recall": 0.576287657920311,
        "f1-score": 0.6066420184737367,
        "support": 1029.0
    }
}