{
    "R2": 0.9391390631742983,
    "RMSE": 75.35288865806227,
    "MSE": 5678.05782911433,
    "MAPE": 0.02427612324802192,
    "ACMAPE": 0.4985229648418023
}