{
    "R2": 0.6982409920915369,
    "RMSE": 35.6605474644942,
    "MSE": 1271.674645467444,
    "MAPE": 0.6844480784767351,
    "ACMAPE": 1.8598567147294798
}