{
    "DOWN": {
        "precision": 0.7648578811369509,
        "recall": 0.08956127080181543,
        "f1-score": 0.16034669555796316,
        "support": 3305.0
    },
    "UP": {
        "precision": 0.19047619047619047,
        "recall": 0.886107634543179,
        "f1-score": 0.3135518157661647,
        "support": 799.0
    },
    "accuracy": 0.24463937621832357,
    "macro avg": {
        "precision": 0.47766703580657066,
        "recall": 0.4878344526724972,
        "f1-score": 0.23694925566206393,
        "support": 4104.0
    },
    "weighted avg": {
        "precision": 0.6530325958450534,
        "recall": 0.24463937621832357,
        "f1-score": 0.19017391072520315,
        "support": 4104.0
    }
}