{
    "DOWN": {
        "precision": 0.7121140142517814,
        "recall": 0.4539672925499697,
        "f1-score": 0.5544664324024412,
        "support": 3302.0
    },
    "UP": {
        "precision": 0.09578736208625878,
        "recall": 0.2396486825595985,
        "f1-score": 0.13686850591185956,
        "support": 797.0
    },
    "accuracy": 0.4122956818736277,
    "macro avg": {
        "precision": 0.40395068816902013,
        "recall": 0.3468079875547841,
        "f1-score": 0.3456674691571504,
        "support": 4099.0
    },
    "weighted avg": {
        "precision": 0.5922768974486778,
        "recall": 0.4122956818736277,
        "f1-score": 0.47326966552930294,
        "support": 4099.0
    }
}