{
    "R2": 0.9845891500148947,
    "RMSE": 238.80298897999708,
    "MSE": 57026.8675457806,
    "MAPE": 0.027093430916679234,
    "ACMAPE": 1.0359744255880825
}