{
    "R2": 0.9688456619951563,
    "RMSE": 339.5359199330636,
    "MSE": 115284.64092479179,
    "MAPE": 0.046864839421834316,
    "ACMAPE": 0.9775930809848894
}