{
    "R2": 0.9842392689124103,
    "RMSE": 241.49861335403435,
    "MSE": 58321.580251921376,
    "MAPE": 0.0370742044070106,
    "ACMAPE": 1.3372518243004388
}