{
    "DOWN": {
        "precision": 0.8979591836734694,
        "recall": 0.11011011011011011,
        "f1-score": 0.1961658493089612,
        "support": 1998.0
    },
    "UP": {
        "precision": 0.10518369401107197,
        "recall": 0.8931623931623932,
        "f1-score": 0.18820351193156235,
        "support": 234.0
    },
    "accuracy": 0.1922043010752688,
    "macro avg": {
        "precision": 0.5015714388422707,
        "recall": 0.5016362516362517,
        "f1-score": 0.19218468062026178,
        "support": 2232.0
    },
    "weighted avg": {
        "precision": 0.8148456242733794,
        "recall": 0.1922043010752688,
        "f1-score": 0.1953310881322984,
        "support": 2232.0
    }
}