{
    "R2": 0.9411723847438659,
    "RMSE": 466.5702932410764,
    "MSE": 217687.83853506402,
    "MAPE": 0.07643609040955927,
    "ACMAPE": 0.77270607264757
}