{
    "R2": 0.9835778490726131,
    "RMSE": 246.51393913359752,
    "MSE": 60769.12218716302,
    "MAPE": 0.02813476550622648,
    "ACMAPE": 0.9837297921492105
}