{
    "R2": 0.9801513021853103,
    "RMSE": 41.256520354292945,
    "MSE": 1702.1004717441883,
    "MAPE": 0.026407991749548332,
    "ACMAPE": 0.2738490242373097
}