{
    "R2": 0.9950453721982169,
    "RMSE": 1483.15437454279,
    "MSE": 2199746.8987254146,
    "MAPE": 0.035775401222227166,
    "ACMAPE": 0.9913973832870695
}