{
    "DOWN": {
        "precision": 0.5535117056856187,
        "recall": 0.40235008103727715,
        "f1-score": 0.46597841389019246,
        "support": 2468.0
    },
    "UP": {
        "precision": 0.4215686274509804,
        "recall": 0.5730277185501066,
        "f1-score": 0.4857659286037054,
        "support": 1876.0
    },
    "accuracy": 0.47605893186003684,
    "macro avg": {
        "precision": 0.48754016656829957,
        "recall": 0.4876888997936919,
        "f1-score": 0.4758721712469489,
        "support": 4344.0
    },
    "weighted avg": {
        "precision": 0.4965307630594259,
        "recall": 0.47605893186003684,
        "f1-score": 0.474523850723192,
        "support": 4344.0
    }
}