{
    "DOWN": {
        "precision": 0.5830721003134797,
        "recall": 0.6009693053311793,
        "f1-score": 0.5918854415274464,
        "support": 619.0
    },
    "UP": {
        "precision": 0.45111111111111113,
        "recall": 0.43283582089552236,
        "f1-score": 0.441784548422198,
        "support": 469.0
    },
    "accuracy": 0.5284926470588235,
    "macro avg": {
        "precision": 0.5170916057122954,
        "recall": 0.5169025631133508,
        "f1-score": 0.5168349949748222,
        "support": 1088.0
    },
    "weighted avg": {
        "precision": 0.526188181254738,
        "recall": 0.5284926470588235,
        "f1-score": 0.5271820234517464,
        "support": 1088.0
    }
}