{
    "R2": 0.8838786097025921,
    "RMSE": 16.95973748446904,
    "MSE": 287.63269554210433,
    "MAPE": 0.020910599199191894,
    "ACMAPE": 0.8162322366260925
}