{
    "DOWN": {
        "precision": 0.6777777777777778,
        "recall": 0.29256594724220625,
        "f1-score": 0.4087102177554439,
        "support": 417.0
    },
    "UP": {
        "precision": 0.4111776447105788,
        "recall": 0.7803030303030303,
        "f1-score": 0.538562091503268,
        "support": 264.0
    },
    "accuracy": 0.48164464023494863,
    "macro avg": {
        "precision": 0.5444777112441783,
        "recall": 0.5364344887726182,
        "f1-score": 0.47363615462935593,
        "support": 681.0
    },
    "weighted avg": {
        "precision": 0.5744261843420354,
        "recall": 0.48164464023494863,
        "f1-score": 0.459049270133455,
        "support": 681.0
    }
}