{
    "DOWN": {
<<<<<<< HEAD
        "precision": 0.6853932584269663,
        "recall": 0.5596330275229358,
        "f1-score": 0.6161616161616161,
        "support": 109.0
    },
    "UP": {
        "precision": 0.4146341463414634,
        "recall": 0.5483870967741935,
        "f1-score": 0.4722222222222222,
        "support": 62.0
    },
    "accuracy": 0.5555555555555556,
    "macro avg": {
        "precision": 0.5500137023842149,
        "recall": 0.5540100621485646,
        "f1-score": 0.5441919191919191,
        "support": 171.0
    },
    "weighted avg": {
        "precision": 0.5872232879632167,
        "recall": 0.5555555555555556,
        "f1-score": 0.563973063973064,
=======
        "precision": 0.6588235294117647,
        "recall": 0.5137614678899083,
        "f1-score": 0.5773195876288661,
        "support": 109.0
    },
    "UP": {
        "precision": 0.38372093023255816,
        "recall": 0.532258064516129,
        "f1-score": 0.44594594594594594,
        "support": 62.0
    },
    "accuracy": 0.52046783625731,
    "macro avg": {
        "precision": 0.5212722298221615,
        "recall": 0.5230097662030186,
        "f1-score": 0.5116327667874061,
        "support": 171.0
    },
    "weighted avg": {
        "precision": 0.559078727370181,
        "recall": 0.52046783625731,
        "f1-score": 0.5296870391824272,
>>>>>>> d5f42532be6a9c18a5da3fb21b671ebbe5b6efbf
        "support": 171.0
    }
}