{
    "R2": 0.8895700102693604,
    "RMSE": 53.37359220640163,
    "MSE": 2848.7403450152574,
    "MAPE": 0.10338319620472787,
    "ACMAPE": 1.268548361369893
}