{
    "R2": 0.9813740935377451,
    "RMSE": 22.075307986237195,
    "MSE": 487.31922268722775,
    "MAPE": 0.03443486789178798,
    "ACMAPE": 0.7888727377142731
}