{
    "R2": 0.8798309728711192,
    "RMSE": 55.67743118831464,
    "MSE": 3099.9763437295123,
    "MAPE": 0.10511768385258233,
    "ACMAPE": 1.2702828490177474
}