{
    "DOWN": {
        "precision": 0.6676557863501483,
        "recall": 0.5344418052256532,
        "f1-score": 0.5936675461741425,
        "support": 421.0
    },
    "UP": {
        "precision": 0.4383954154727794,
        "recall": 0.5773584905660377,
        "f1-score": 0.4983713355048861,
        "support": 265.0
    },
    "accuracy": 0.5510204081632653,
    "macro avg": {
        "precision": 0.5530256009114638,
        "recall": 0.5559001478958454,
        "f1-score": 0.5460194408395143,
        "support": 686.0
    },
    "weighted avg": {
        "precision": 0.5790931066380451,
        "recall": 0.5510204081632653,
        "f1-score": 0.5568548700409749,
        "support": 686.0
    }
}