{
    "R2": 0.7733621568022546,
    "RMSE": 200.01097583553175,
    "MSE": 40004.39045468166,
    "MAPE": 0.06655739399713899,
    "ACMAPE": 0.8483567735214409
}