{
    "DOWN": {
        "precision": 0.7489361702127659,
        "recall": 0.5072046109510087,
        "f1-score": 0.604810996563574,
        "support": 694.0
    },
    "UP": {
        "precision": 0.33203125,
        "recall": 0.5902777777777778,
        "f1-score": 0.42500000000000004,
        "support": 288.0
    },
    "accuracy": 0.5315682281059063,
    "macro avg": {
        "precision": 0.540483710106383,
        "recall": 0.5487411943643932,
        "f1-score": 0.514905498281787,
        "support": 982.0
    },
    "weighted avg": {
        "precision": 0.6266667027776573,
        "recall": 0.5315682281059063,
        "f1-score": 0.5520762032740533,
        "support": 982.0
    }
}