{
    "R2": 0.9742272360046826,
    "RMSE": 67.38180732694988,
    "MSE": 4540.307958646196,
    "MAPE": 0.03250542036761894,
    "ACMAPE": 1.1084932623129076
}