{
    "R2": 0.777834476417514,
    "RMSE": 198.0277015208317,
    "MSE": 39214.970569623605,
    "MAPE": 0.06619882885610864,
    "ACMAPE": 0.8190426758054363
}