{
    "DOWN": {
        "precision": 0.8,
        "recall": 0.023952095808383235,
        "f1-score": 0.04651162790697675,
        "support": 167.0
    },
    "UP": {
        "precision": 0.32644628099173556,
        "recall": 0.9875,
        "f1-score": 0.4906832298136646,
        "support": 80.0
    },
    "accuracy": 0.3360323886639676,
    "macro avg": {
        "precision": 0.5632231404958679,
        "recall": 0.5057260479041916,
        "f1-score": 0.2685974288603207,
        "support": 247.0
    },
    "weighted avg": {
        "precision": 0.6466222772442868,
        "recall": 0.3360323886639676,
        "f1-score": 0.19037287548809023,
        "support": 247.0
    }
}