{
    "DOWN": {
        "precision": 0.6164383561643836,
        "recall": 0.08604206500956023,
        "f1-score": 0.15100671140939598,
        "support": 523.0
    },
    "UP": {
        "precision": 0.09297912713472485,
        "recall": 0.6363636363636364,
        "f1-score": 0.16225165562913907,
        "support": 77.0
    },
    "accuracy": 0.15666666666666668,
    "macro avg": {
        "precision": 0.35470874164955424,
        "recall": 0.3612028506865983,
        "f1-score": 0.15662918351926752,
        "support": 600.0
    },
    "weighted avg": {
        "precision": 0.5492610884389107,
        "recall": 0.15666666666666668,
        "f1-score": 0.152449812584263,
        "support": 600.0
    }
}