{
    "R2": -0.750338493991241,
    "RMSE": 98.99304239250533,
    "MSE": 9799.622442124359,
    "MAPE": 0.3469877573140875,
    "ACMAPE": 2.0269877573140875
}