{
    "R2": 0.9255730877032962,
    "RMSE": 35.7508570131846,
    "MSE": 1278.1237771771707,
    "MAPE": 0.0725123201259093,
    "ACMAPE": 1.1989297917764763
}