{
    "DOWN": {
        "precision": 0.74,
        "recall": 0.05692307692307692,
        "f1-score": 0.1057142857142857,
        "support": 650.0
    },
    "UP": {
        "precision": 0.3789260385005066,
        "recall": 0.9664082687338501,
        "f1-score": 0.5443959243085881,
        "support": 387.0
    },
    "accuracy": 0.39633558341369335,
    "macro avg": {
        "precision": 0.5594630192502533,
        "recall": 0.5116656728284635,
        "f1-score": 0.32505510501143686,
        "support": 1037.0
    },
    "weighted avg": {
        "precision": 0.6052501223719344,
        "recall": 0.39633558341369335,
        "f1-score": 0.26942671978949784,
        "support": 1037.0
    }
}