{
    "R2": 0.9960849214935292,
    "RMSE": 49.29048293280633,
    "MSE": 2429.551707749272,
    "MAPE": 0.05027938040804499,
    "ACMAPE": 1.1704913775171752
}