{
    "DOWN": {
        "precision": 0.6666666666666666,
        "recall": 0.008791208791208791,
        "f1-score": 0.01735357917570499,
        "support": 2730.0
    },
    "UP": {
        "precision": 0.3408038976857491,
        "recall": 0.9914953933380581,
        "f1-score": 0.507251631617114,
        "support": 1411.0
    },
    "accuracy": 0.34363680270466074,
    "macro avg": {
        "precision": 0.5037352821762079,
        "recall": 0.5001433010646334,
        "f1-score": 0.2623026053964095,
        "support": 4141.0
    },
    "weighted avg": {
        "precision": 0.5556325282865472,
        "recall": 0.34363680270466074,
        "f1-score": 0.18428092812398514,
        "support": 4141.0
    }
}