{
    "DOWN": {
        "precision": 0.631578947368421,
        "recall": 0.17142857142857143,
        "f1-score": 0.2696629213483146,
        "support": 350.0
    },
    "UP": {
        "precision": 0.3333333333333333,
        "recall": 0.8055555555555556,
        "f1-score": 0.47154471544715443,
        "support": 180.0
    },
    "accuracy": 0.3867924528301887,
    "macro avg": {
        "precision": 0.48245614035087714,
        "recall": 0.48849206349206353,
        "f1-score": 0.3706038183977345,
        "support": 530.0
    },
    "weighted avg": {
        "precision": 0.5302879841112215,
        "recall": 0.3867924528301887,
        "f1-score": 0.3382265495328262,
        "support": 530.0
    }
}