{
<<<<<<< HEAD
    "R2": -0.27266213262115224,
    "RMSE": 88.5140830346318,
    "MSE": 7834.742895461692,
    "MAPE": 0.5167855685219548,
    "ACMAPE": 1.728106323238936
=======
    "R2": -0.40249144860701547,
    "RMSE": 92.91929895489679,
    "MSE": 8633.996118269484,
    "MAPE": 0.5471491930258021,
    "ACMAPE": 1.7735642873654247
>>>>>>> d5f42532be6a9c18a5da3fb21b671ebbe5b6efbf
}