{
    "DOWN": {
        "precision": 0.8264192139737991,
        "recall": 0.9055023923444976,
        "f1-score": 0.8641552511415524,
        "support": 1672.0
    },
    "UP": {
        "precision": 0.45517241379310347,
        "recall": 0.29333333333333333,
        "f1-score": 0.3567567567567567,
        "support": 450.0
    },
    "accuracy": 0.7756833176248822,
    "macro avg": {
        "precision": 0.6407958138834513,
        "recall": 0.5994178628389155,
        "f1-score": 0.6104560039491546,
        "support": 2122.0
    },
    "weighted avg": {
        "precision": 0.7476910989496177,
        "recall": 0.7756833176248822,
        "f1-score": 0.7565542509185751,
        "support": 2122.0
    }
}