{
    "DOWN": {
        "precision": 0.8324468085106383,
        "recall": 0.7510497900419916,
        "f1-score": 0.7896562598549354,
        "support": 1667.0
    },
    "UP": {
        "precision": 0.32300163132137033,
        "recall": 0.44,
        "f1-score": 0.37253057384760113,
        "support": 450.0
    },
    "accuracy": 0.684931506849315,
    "macro avg": {
        "precision": 0.5777242199160043,
        "recall": 0.5955248950209958,
        "f1-score": 0.5810934168512683,
        "support": 2117.0
    },
    "weighted avg": {
        "precision": 0.7241566196891124,
        "recall": 0.684931506849315,
        "f1-score": 0.7009899590975899,
        "support": 2117.0
    }
}