{
    "R2": -1.9335898852196127,
    "RMSE": 134.3864598193575,
    "MSE": 18059.720582779784,
    "MAPE": 0.815427131461099,
    "ACMAPE": 2.0984459993856275
}