{
    "DOWN": {
        "precision": 0.7743055555555556,
        "recall": 0.2693236714975845,
        "f1-score": 0.3996415770609319,
        "support": 1656.0
    },
    "UP": {
        "precision": 0.20707732634338138,
        "recall": 0.7085201793721974,
        "f1-score": 0.3204868154158215,
        "support": 446.0
    },
    "accuracy": 0.362511893434824,
    "macro avg": {
        "precision": 0.4906914409494685,
        "recall": 0.48892192543489094,
        "f1-score": 0.3600641962383767,
        "support": 2102.0
    },
    "weighted avg": {
        "precision": 0.6539517067312789,
        "recall": 0.362511893434824,
        "f1-score": 0.38284660860530906,
        "support": 2102.0
    }
}