{
    "R2": 0.8845886492911226,
    "RMSE": 13.603053969549125,
    "MSE": 185.0430772984662,
    "MAPE": 0.039450235939298695,
    "ACMAPE": 1.1113456607759
}