{
    "R2": 0.4183652267824852,
    "RMSE": 151.2327316094005,
    "MSE": 22871.339110040964,
    "MAPE": 0.15593272521019,
    "ACMAPE": 1.2065656366025952
}