{
    "DOWN": {
        "precision": 0.506578947368421,
        "recall": 0.9871794871794872,
        "f1-score": 0.6695652173913044,
        "support": 78.0
    },
    "UP": {
        "precision": 0.8333333333333334,
        "recall": 0.0625,
        "f1-score": 0.11627906976744186,
        "support": 80.0
    },
    "accuracy": 0.5189873417721519,
    "macro avg": {
        "precision": 0.6699561403508771,
        "recall": 0.5248397435897436,
        "f1-score": 0.3929221435793731,
        "support": 158.0
    },
    "weighted avg": {
        "precision": 0.6720242060848324,
        "recall": 0.5189873417721519,
        "f1-score": 0.3894203325184626,
        "support": 158.0
    }
}