{
    "R2": 0.9051106748893847,
    "RMSE": 12.261271371001888,
    "MSE": 150.3387756333505,
    "MAPE": 0.03328274087718219,
    "ACMAPE": 1.044447015199351
}