{
    "DOWN": {
        "precision": 0.4774774774774775,
        "recall": 0.6794871794871795,
        "f1-score": 0.5608465608465608,
        "support": 78.0
    },
    "UP": {
        "precision": 0.46808510638297873,
        "recall": 0.275,
        "f1-score": 0.3464566929133859,
        "support": 80.0
    },
    "accuracy": 0.47468354430379744,
    "macro avg": {
        "precision": 0.4727812919302281,
        "recall": 0.47724358974358977,
        "f1-score": 0.45365162687997335,
        "support": 158.0
    },
    "weighted avg": {
        "precision": 0.47272184654355404,
        "recall": 0.47468354430379744,
        "f1-score": 0.4522947289816622,
        "support": 158.0
    }
}