{
    "R2": -1.3604428856498534,
    "RMSE": 304.6613507919019,
    "MSE": 92818.53866634629,
    "MAPE": 0.3184988567275077,
    "ACMAPE": 1.2931824010313053
}