{
<<<<<<< HEAD
    "R2": 0.8899812505256083,
    "RMSE": 13.28145060209644,
    "MSE": 176.39693009592787,
    "MAPE": 0.03814338188432534,
    "ACMAPE": 1.0904309635836718
=======
    "R2": 0.8845886492911226,
    "RMSE": 13.603053969549125,
    "MSE": 185.0430772984662,
    "MAPE": 0.039450235939298695,
    "ACMAPE": 1.1113456607759
>>>>>>> d5f42532be6a9c18a5da3fb21b671ebbe5b6efbf
}