{
    "DOWN": {
        "precision": 0.7458563535911602,
        "recall": 0.6766917293233082,
        "f1-score": 0.7095926412614979,
        "support": 399.0
    },
    "UP": {
        "precision": 0.49411764705882355,
        "recall": 0.5779816513761468,
        "f1-score": 0.53276955602537,
        "support": 218.0
    },
    "accuracy": 0.6418152350081038,
    "macro avg": {
        "precision": 0.6199870003249919,
        "recall": 0.6273366903497275,
        "f1-score": 0.621181098643434,
        "support": 617.0
    },
    "weighted avg": {
        "precision": 0.656911397312312,
        "recall": 0.6418152350081038,
        "f1-score": 0.6471170617129146,
        "support": 617.0
    }
}