{
    "R2": 0.9733323274164052,
    "RMSE": 15.65682668949568,
    "MSE": 245.13622198490427,
    "MAPE": 0.09061435675014666,
    "ACMAPE": 1.2047948355715095
}