{
    "R2": 0.9122133282891809,
    "RMSE": 2.09568637376802,
    "MSE": 4.391901377196953,
    "MAPE": 0.021819530162470836,
    "ACMAPE": 1.2644665889860003
}