{
    "R2": 0.994768512641129,
    "RMSE": 6.964021976775461,
    "MSE": 48.49760209301161,
    "MAPE": 0.025554409583216153,
    "ACMAPE": 0.8669842904264792
}