{
    "DOWN": {
        "precision": 0.6941176470588235,
        "recall": 0.3202170963364993,
        "f1-score": 0.4382544103992571,
        "support": 737.0
    },
    "UP": {
        "precision": 0.3284182305630027,
        "recall": 0.7020057306590258,
        "f1-score": 0.4474885844748859,
        "support": 349.0
    },
    "accuracy": 0.4429097605893186,
    "macro avg": {
        "precision": 0.5112679388109131,
        "recall": 0.5111114134977626,
        "f1-score": 0.4428714974370715,
        "support": 1086.0
    },
    "weighted avg": {
        "precision": 0.5765954588847523,
        "recall": 0.4429097605893186,
        "f1-score": 0.44122193042908625,
        "support": 1086.0
    }
}