{
    "DOWN": {
        "precision": 0.7378640776699029,
        "recall": 0.10340136054421768,
        "f1-score": 0.18138424821002389,
        "support": 735.0
    },
    "UP": {
        "precision": 0.3261758691206544,
        "recall": 0.9219653179190751,
        "f1-score": 0.4818731117824774,
        "support": 346.0
    },
    "accuracy": 0.3654024051803885,
    "macro avg": {
        "precision": 0.5320199733952786,
        "recall": 0.5126833392316464,
        "f1-score": 0.3316286799962506,
        "support": 1081.0
    },
    "weighted avg": {
        "precision": 0.6060933837216698,
        "recall": 0.3654024051803885,
        "f1-score": 0.27756292239695163,
        "support": 1081.0
    }
}