{
    "R2": 0.5394525281804201,
    "RMSE": 1091.1424500948035,
    "MSE": 1190591.8463988907,
    "MAPE": 0.06304275556340745,
    "ACMAPE": 1.9283928453300143
}