{
    "DOWN": {
        "precision": 0.7386363636363636,
        "recall": 0.015565134099616858,
        "f1-score": 0.03048780487804878,
        "support": 4176.0
    },
    "UP": {
        "precision": 0.05646086756942851,
        "recall": 0.9144981412639405,
        "f1-score": 0.10635538261997407,
        "support": 269.0
    },
    "accuracy": 0.06996625421822272,
    "macro avg": {
        "precision": 0.39754861560289606,
        "recall": 0.4650316376817787,
        "f1-score": 0.06842159374901143,
        "support": 4445.0
    },
    "weighted avg": {
        "precision": 0.697352852175845,
        "recall": 0.06996625421822272,
        "f1-score": 0.03507911610697519,
        "support": 4445.0
    }
}