{
    "R2": 0.9261109931679973,
    "RMSE": 437.05305999769826,
    "MSE": 191015.37725335162,
    "MAPE": 0.02057571797189757,
    "ACMAPE": 1.8679724863740519
}