{
    "R2": -1.472979008803359,
    "RMSE": 119.50934213787748,
    "MSE": 14282.482858228259,
    "MAPE": 0.2443281756600687,
    "ACMAPE": 1.0633757947076878
}