{
    "DOWN": {
        "precision": 0.8333333333333334,
        "recall": 0.9373446046742914,
        "f1-score": 0.8822841095249239,
        "support": 2011.0
    },
    "UP": {
        "precision": 0.5,
        "recall": 0.2504970178926441,
        "f1-score": 0.33377483443708605,
        "support": 503.0
    },
    "accuracy": 0.799920445505171,
    "macro avg": {
        "precision": 0.6666666666666667,
        "recall": 0.5939208112834677,
        "f1-score": 0.608029471981005,
        "support": 2514.0
    },
    "weighted avg": {
        "precision": 0.7666401485017238,
        "recall": 0.799920445505171,
        "f1-score": 0.7725386181290677,
        "support": 2514.0
    }
}