{
<<<<<<< HEAD
    "R2": 0.008925493614468705,
    "RMSE": 75.65624687271766,
    "MSE": 5723.867690865602,
    "MAPE": 0.13697536013728415,
    "ACMAPE": 0.9338007569626811
=======
    "R2": -0.2648183113279037,
    "RMSE": 85.46842737290899,
    "MSE": 7304.852077598219,
    "MAPE": 0.15747621749959795,
    "ACMAPE": 0.9701746301980106
>>>>>>> d5f42532be6a9c18a5da3fb21b671ebbe5b6efbf
}