{
    "DOWN": {
        "precision": 0.8432671081677704,
        "recall": 0.5690168818272096,
        "f1-score": 0.679513785947228,
        "support": 2014.0
    },
    "UP": {
        "precision": 0.2517241379310345,
        "recall": 0.5782178217821782,
        "f1-score": 0.35075075075075074,
        "support": 505.0
    },
    "accuracy": 0.5708614529575228,
    "macro avg": {
        "precision": 0.5474956230494025,
        "recall": 0.5736173518046939,
        "f1-score": 0.5151322683489894,
        "support": 2519.0
    },
    "weighted avg": {
        "precision": 0.7246767151667574,
        "recall": 0.5708614529575228,
        "f1-score": 0.6136045629324519,
        "support": 2519.0
    }
}