{
    "DOWN": {
        "precision": 0.636697247706422,
        "recall": 0.8675,
        "f1-score": 0.7343915343915345,
        "support": 400.0
    },
    "UP": {
        "precision": 0.3764705882352941,
        "recall": 0.1391304347826087,
        "f1-score": 0.2031746031746032,
        "support": 230.0
    },
    "accuracy": 0.6015873015873016,
    "macro avg": {
        "precision": 0.506583917970858,
        "recall": 0.5033152173913044,
        "f1-score": 0.46878306878306886,
        "support": 630.0
    },
    "weighted avg": {
        "precision": 0.5416938640899784,
        "recall": 0.6015873015873016,
        "f1-score": 0.5404551944234485,
        "support": 630.0
    }
}