{
    "DOWN": {
        "precision": 0.6394779771615008,
        "recall": 0.98,
        "f1-score": 0.7739387956564658,
        "support": 400.0
    },
    "UP": {
        "precision": 0.5294117647058824,
        "recall": 0.0391304347826087,
        "f1-score": 0.07287449392712551,
        "support": 230.0
    },
    "accuracy": 0.6365079365079365,
    "macro avg": {
        "precision": 0.5844448709336916,
        "recall": 0.5095652173913043,
        "f1-score": 0.4234066447917957,
        "support": 630.0
    },
    "weighted avg": {
        "precision": 0.5992950742015131,
        "recall": 0.6365079365079365,
        "f1-score": 0.5179946855013099,
        "support": 630.0
    }
}