{
    "R2": 0.5852585342641672,
    "RMSE": 17.358627525253308,
    "MSE": 301.32194956048176,
    "MAPE": 0.029010164077206323,
    "ACMAPE": 0.6744647095317519
}