{
<<<<<<< HEAD
    "R2": 0.6713887695392283,
    "RMSE": 15.451400730017841,
    "MSE": 238.7457845195959,
    "MAPE": 0.02530489014953579,
    "ACMAPE": 0.6616685265131722
=======
    "R2": 0.6704030035371001,
    "RMSE": 15.474558885309404,
    "MSE": 239.4619726949082,
    "MAPE": 0.02534315788500763,
    "ACMAPE": 0.6526158851577348
>>>>>>> d5f42532be6a9c18a5da3fb21b671ebbe5b6efbf
}