{
    "R2": 0.829705617019441,
    "RMSE": 11.123124977904606,
    "MSE": 123.72390927408533,
    "MAPE": 0.015790055297249538,
    "ACMAPE": 0.9157900552972494
}