{
    "DOWN": {
        "precision": 0.6828193832599119,
        "recall": 0.285451197053407,
        "f1-score": 0.40259740259740256,
        "support": 543.0
    },
    "UP": {
        "precision": 0.40853658536585363,
        "recall": 0.788235294117647,
        "f1-score": 0.538152610441767,
        "support": 340.0
    },
    "accuracy": 0.47904869762174407,
    "macro avg": {
        "precision": 0.5456779843128827,
        "recall": 0.536843245585527,
        "f1-score": 0.47037500651958475,
        "support": 883.0
    },
    "weighted avg": {
        "precision": 0.5772065278986664,
        "recall": 0.47904869762174407,
        "f1-score": 0.4547930658670333,
        "support": 883.0
    }
}