{
    "R2": -45.63833242514752,
    "RMSE": 39.062919134237305,
    "MSE": 1525.9116512879632,
    "MAPE": 0.2235333181715136,
    "ACMAPE": 1.3539681007802093
}