{
    "DOWN": {
        "precision": 0.4166666666666667,
        "recall": 0.38461538461538464,
        "f1-score": 0.4,
        "support": 26.0
    },
    "UP": {
        "precision": 0.2727272727272727,
        "recall": 0.3,
        "f1-score": 0.28571428571428564,
        "support": 20.0
    },
    "accuracy": 0.34782608695652173,
    "macro avg": {
        "precision": 0.3446969696969697,
        "recall": 0.3423076923076923,
        "f1-score": 0.34285714285714286,
        "support": 46.0
    },
    "weighted avg": {
        "precision": 0.35408432147562585,
        "recall": 0.34782608695652173,
        "f1-score": 0.35031055900621116,
        "support": 46.0
    }
}