{
    "R2": 0.9820557682521245,
    "RMSE": 12.213518040938606,
    "MSE": 149.1700229363328,
    "MAPE": 0.04516594617827791,
    "ACMAPE": 0.8037866358334503
}