{
    "R2": -33.18624330750191,
    "RMSE": 33.44405102599867,
    "MSE": 1118.5045490296027,
    "MAPE": 0.2124858913931408,
    "ACMAPE": 1.2994424131322713
}