{
    "R2": 0.9250096760621677,
    "RMSE": 4.941631672815064,
    "MSE": 24.419723589769006,
    "MAPE": 0.0651747478781908,
    "ACMAPE": 0.647621556388829
}