{
    "DOWN": {
        "precision": 0.6190476190476191,
        "recall": 0.024208566108007448,
        "f1-score": 0.04659498207885304,
        "support": 537.0
    },
    "UP": {
        "precision": 0.28317373461012313,
        "recall": 0.9627906976744186,
        "f1-score": 0.4376321353065539,
        "support": 215.0
    },
    "accuracy": 0.2925531914893617,
    "macro avg": {
        "precision": 0.45111067682887107,
        "recall": 0.49349963189121304,
        "f1-score": 0.24211355869270348,
        "support": 752.0
    },
    "weighted avg": {
        "precision": 0.5230198462363669,
        "recall": 0.2925531914893617,
        "f1-score": 0.1583941681745388,
        "support": 752.0
    }
}