{
    "R2": 0.8798460611290932,
    "RMSE": 21.067152523441674,
    "MSE": 443.8249154459549,
    "MAPE": 0.16558147980539242,
    "ACMAPE": 1.271353918911165
}