{
    "DOWN": {
        "precision": 0.6807705538355693,
        "recall": 0.9797029702970297,
        "f1-score": 0.8033285975238482,
        "support": 2020.0
    },
    "UP": {
        "precision": 0.59,
        "recall": 0.05977710233029382,
        "f1-score": 0.10855565777368906,
        "support": 987.0
    },
    "accuracy": 0.6777519122048553,
    "macro avg": {
        "precision": 0.6353852769177846,
        "recall": 0.5197400363136617,
        "f1-score": 0.4559421276487686,
        "support": 3007.0
    },
    "weighted avg": {
        "precision": 0.6509765609404223,
        "recall": 0.6777519122048553,
        "f1-score": 0.5752804127771216,
        "support": 3007.0
    }
}