{
    "R2": 0.9880776062389898,
    "RMSE": 6.647077462150813,
    "MSE": 44.18363878783329,
    "MAPE": 0.03476709905471792,
    "ACMAPE": 1.324573894524405
}