{
    "DOWN": {
        "precision": 1.0,
        "recall": 0.0037243947858473,
        "f1-score": 0.007421150278293135,
        "support": 537.0
    },
    "UP": {
        "precision": 0.2866666666666667,
        "recall": 1.0,
        "f1-score": 0.4455958549222798,
        "support": 215.0
    },
    "accuracy": 0.28856382978723405,
    "macro avg": {
        "precision": 0.6433333333333333,
        "recall": 0.5018621973929237,
        "f1-score": 0.2265085026002865,
        "support": 752.0
    },
    "weighted avg": {
        "precision": 0.796054964539007,
        "recall": 0.28856382978723405,
        "f1-score": 0.13269716290922018,
        "support": 752.0
    }
}