{
    "DOWN": {
<<<<<<< HEAD
        "precision": 0.7096774193548387,
        "recall": 0.27404085700049824,
        "f1-score": 0.39539899352983465,
        "support": 2007.0
    },
    "UP": {
        "precision": 0.34132007233273054,
        "recall": 0.7704081632653061,
        "f1-score": 0.4730576441102757,
        "support": 980.0
    },
    "accuracy": 0.4368932038834951,
    "macro avg": {
        "precision": 0.5254987458437846,
        "recall": 0.5222245101329022,
        "f1-score": 0.4342283188200552,
        "support": 2987.0
    },
    "weighted avg": {
        "precision": 0.5888236530067752,
        "recall": 0.4368932038834951,
        "f1-score": 0.42087789462418757,
=======
        "precision": 0.7021739130434783,
        "recall": 0.3218734429496761,
        "f1-score": 0.4414075845575675,
        "support": 2007.0
    },
    "UP": {
        "precision": 0.3415578132559265,
        "recall": 0.7204081632653061,
        "f1-score": 0.46340662947161143,
        "support": 980.0
    },
    "accuracy": 0.4526280549045865,
    "macro avg": {
        "precision": 0.5218658631497024,
        "recall": 0.5211408031074911,
        "f1-score": 0.45240710701458947,
        "support": 2987.0
    },
    "weighted avg": {
        "precision": 0.583859959982949,
        "recall": 0.4526280549045865,
        "f1-score": 0.4486252156308059,
>>>>>>> d5f42532be6a9c18a5da3fb21b671ebbe5b6efbf
        "support": 2987.0
    }
}