{
    "DOWN": {
        "precision": 0.7314285714285714,
        "recall": 0.06346058502726822,
        "f1-score": 0.11678832116788321,
        "support": 2017.0
    },
    "UP": {
        "precision": 0.33180049522461974,
        "recall": 0.9522842639593908,
        "f1-score": 0.4921301154249738,
        "support": 985.0
    },
    "accuracy": 0.35509660226515655,
    "macro avg": {
        "precision": 0.5316145333265956,
        "recall": 0.5078724244933295,
        "f1-score": 0.3044592182964285,
        "support": 3002.0
    },
    "weighted avg": {
        "precision": 0.6003047689432641,
        "recall": 0.35509660226515655,
        "f1-score": 0.23994344020293795,
        "support": 3002.0
    }
}