{
    "R2": 0.8991045751877583,
    "RMSE": 6.27299105682303,
    "MSE": 39.35041679898172,
    "MAPE": 0.034742753662064474,
    "ACMAPE": 0.9939264271314522
}