{
    "R2": 0.9341831475227129,
    "RMSE": 13.068417055571636,
    "MSE": 170.78352433835565,
    "MAPE": 0.10467953697971064,
    "ACMAPE": 1.5869440425000303
}