{
    "DOWN": {
        "precision": 0.8915159944367177,
        "recall": 0.36503416856492027,
        "f1-score": 0.5179797979797979,
        "support": 3512.0
    },
    "UP": {
        "precision": 0.2103399433427762,
        "recall": 0.792,
        "f1-score": 0.3324006715165081,
        "support": 750.0
    },
    "accuracy": 0.4401689347724073,
    "macro avg": {
        "precision": 0.5509279688897469,
        "recall": 0.5785170842824602,
        "f1-score": 0.425190234748153,
        "support": 4262.0
    },
    "weighted avg": {
        "precision": 0.7716469098941423,
        "recall": 0.4401689347724073,
        "f1-score": 0.4853227485083133,
        "support": 4262.0
    }
}