{
    "DOWN": {
        "precision": 0.8567591763652641,
        "recall": 0.2721843003412969,
        "f1-score": 0.4131232462767106,
        "support": 3516.0
    },
    "UP": {
        "precision": 0.18761904761904763,
        "recall": 0.7869507323568575,
        "f1-score": 0.3029992309664189,
        "support": 751.0
    },
    "accuracy": 0.36278415748769627,
    "macro avg": {
        "precision": 0.5221891119921559,
        "recall": 0.5295675163490772,
        "f1-score": 0.35806123862156475,
        "support": 4267.0
    },
    "weighted avg": {
        "precision": 0.7389892591661996,
        "recall": 0.36278415748769627,
        "f1-score": 0.39374121311570076,
        "support": 4267.0
    }
}