{
    "DOWN": {
        "precision": 0.7495029821073559,
        "recall": 0.17952380952380953,
        "f1-score": 0.2896657702650788,
        "support": 2100.0
    },
    "UP": {
        "precision": 0.22000905387052966,
        "recall": 0.7941176470588235,
        "f1-score": 0.3445586671393123,
        "support": 612.0
    },
    "accuracy": 0.31821533923303835,
    "macro avg": {
        "precision": 0.48475601798894274,
        "recall": 0.4868207282913165,
        "f1-score": 0.3171122187021955,
        "support": 2712.0
    },
    "weighted avg": {
        "precision": 0.630015414230904,
        "recall": 0.31821533923303835,
        "f1-score": 0.3020531054004147,
        "support": 2712.0
    }
}