{
    "DOWN": {
<<<<<<< HEAD
        "precision": 0.0,
        "recall": 0.0,
        "f1-score": 0.0,
        "support": 643.0
    },
    "UP": {
        "precision": 0.04881656804733728,
        "recall": 0.9428571428571428,
        "f1-score": 0.09282700421940929,
        "support": 35.0
    },
    "accuracy": 0.048672566371681415,
    "macro avg": {
        "precision": 0.02440828402366864,
        "recall": 0.4714285714285714,
        "f1-score": 0.046413502109704644,
        "support": 678.0
    },
    "weighted avg": {
        "precision": 0.0025200293239775883,
        "recall": 0.048672566371681415,
        "f1-score": 0.004791954495102249,
=======
        "precision": 0.948377581120944,
        "recall": 1.0,
        "f1-score": 0.9735049205147615,
        "support": 643.0
    },
    "UP": {
        "precision": 0.0,
        "recall": 0.0,
        "f1-score": 0.0,
        "support": 35.0
    },
    "accuracy": 0.948377581120944,
    "macro avg": {
        "precision": 0.474188790560472,
        "recall": 0.5,
        "f1-score": 0.4867524602573807,
        "support": 678.0
    },
    "weighted avg": {
        "precision": 0.8994200363728126,
        "recall": 0.948377581120944,
        "f1-score": 0.9232502417271262,
>>>>>>> d5f42532be6a9c18a5da3fb21b671ebbe5b6efbf
        "support": 678.0
    }
}