{
    "R2": -11.139430114461481,
    "RMSE": 98.16438807252992,
    "MSE": 9636.247085654255,
    "MAPE": 1.2386405168946173,
    "ACMAPE": 3.1412953841512543
}