{
    "R2": -1.0021864672635612,
    "RMSE": 39.866405041608445,
    "MSE": 1589.3302509415835,
    "MAPE": 0.5023752089524882,
    "ACMAPE": 2.4020802237017507
}