{
    "R2": 0.9897880472238725,
    "RMSE": 137.3831820089074,
    "MSE": 18874.138698892573,
    "MAPE": 0.5227927095056691,
    "ACMAPE": 1.934382605493782
}