{
    "DOWN": {
<<<<<<< HEAD
        "precision": 0.8405797101449275,
        "recall": 0.1111111111111111,
        "f1-score": 0.19627749576988152,
        "support": 2088.0
    },
    "UP": {
        "precision": 0.23178807947019867,
        "recall": 0.9271523178807947,
        "f1-score": 0.3708609271523179,
        "support": 604.0
    },
    "accuracy": 0.29420505200594355,
    "macro avg": {
        "precision": 0.5361838948075631,
        "recall": 0.5191317144959529,
        "f1-score": 0.2835692114610997,
        "support": 2692.0
    },
    "weighted avg": {
        "precision": 0.7039860456101815,
        "recall": 0.29420505200594355,
        "f1-score": 0.2354485182643063,
=======
        "precision": 0.7939343581221437,
        "recall": 0.9152298850574713,
        "f1-score": 0.85027808676307,
        "support": 2088.0
    },
    "UP": {
        "precision": 0.37894736842105264,
        "recall": 0.17880794701986755,
        "f1-score": 0.2429696287964005,
        "support": 604.0
    },
    "accuracy": 0.75,
    "macro avg": {
        "precision": 0.5864408632715982,
        "recall": 0.5470189160386694,
        "f1-score": 0.5466238577797353,
        "support": 2692.0
    },
    "weighted avg": {
        "precision": 0.7008243500317058,
        "recall": 0.75,
        "f1-score": 0.7140171994629704,
>>>>>>> d5f42532be6a9c18a5da3fb21b671ebbe5b6efbf
        "support": 2692.0
    }
}