{
    "R2": 0.9905090803894244,
    "RMSE": 132.44431442890695,
    "MSE": 17541.49642454317,
    "MAPE": 0.5348636557738146,
    "ACMAPE": 1.0348636557738145
}