{
    "R2": 0.8781634079831823,
    "RMSE": 1.9450314099689185,
    "MSE": 3.783147185765679,
    "MAPE": 0.02336142552411894,
    "ACMAPE": 0.7733614255241189
}