{
    "DOWN": {
        "precision": 0.85,
        "recall": 0.4722222222222222,
        "f1-score": 0.6071428571428571,
        "support": 216.0
    },
    "UP": {
        "precision": 0.34104046242774566,
        "recall": 0.7662337662337663,
        "f1-score": 0.47200000000000003,
        "support": 77.0
    },
    "accuracy": 0.5494880546075085,
    "macro avg": {
        "precision": 0.5955202312138728,
        "recall": 0.6192279942279942,
        "f1-score": 0.5395714285714286,
        "support": 293.0
    },
    "weighted avg": {
        "precision": 0.7162461283513187,
        "recall": 0.5494880546075085,
        "f1-score": 0.5716274987810823,
        "support": 293.0
    }
}