{
    "DOWN": {
        "precision": 0.641860465116279,
        "recall": 0.7976878612716763,
        "f1-score": 0.7113402061855669,
        "support": 346.0
    },
    "UP": {
        "precision": 0.44881889763779526,
        "recall": 0.27014218009478674,
        "f1-score": 0.33727810650887574,
        "support": 211.0
    },
    "accuracy": 0.5978456014362658,
    "macro avg": {
        "precision": 0.5453396813770371,
        "recall": 0.5339150206832315,
        "f1-score": 0.5243091563472213,
        "support": 557.0
    },
    "weighted avg": {
        "precision": 0.5687334081360993,
        "recall": 0.5978456014362658,
        "f1-score": 0.5696398416760843,
        "support": 557.0
    }
}