{
    "DOWN": {
        "precision": 0.7286096256684492,
        "recall": 0.7425068119891008,
        "f1-score": 0.7354925775978407,
        "support": 1468.0
    },
    "UP": {
        "precision": 0.47132867132867134,
        "recall": 0.4535666218034993,
        "f1-score": 0.46227709190672156,
        "support": 743.0
    },
    "accuracy": 0.645409317051108,
    "macro avg": {
        "precision": 0.5999691484985603,
        "recall": 0.5980367168963001,
        "f1-score": 0.5988848347522812,
        "support": 2211.0
    },
    "weighted avg": {
        "precision": 0.6421511231472123,
        "recall": 0.645409317051108,
        "f1-score": 0.643679323021404,
        "support": 2211.0
    }
}