{
    "DOWN": {
        "precision": 0.6739130434782609,
        "recall": 0.3583815028901734,
        "f1-score": 0.46792452830188674,
        "support": 346.0
    },
    "UP": {
        "precision": 0.40482573726541554,
        "recall": 0.7156398104265402,
        "f1-score": 0.5171232876712328,
        "support": 211.0
    },
    "accuracy": 0.49371633752244165,
    "macro avg": {
        "precision": 0.5393693903718382,
        "recall": 0.5370106566583568,
        "f1-score": 0.49252390798655976,
        "support": 557.0
    },
    "weighted avg": {
        "precision": 0.5719787138356929,
        "recall": 0.49371633752244165,
        "f1-score": 0.48656176030715065,
        "support": 557.0
    }
}