{
<<<<<<< HEAD
    "R2": 0.9842532412150129,
    "RMSE": 5.816645635821769,
    "MSE": 33.833366452724434,
    "MAPE": 0.025188176423501286,
    "ACMAPE": 0.7343695423212852
=======
    "R2": 0.9825033903600559,
    "RMSE": 6.131319819038972,
    "MSE": 37.593082723340096,
    "MAPE": 0.02987748416693934,
    "ACMAPE": 0.8050923190832668
>>>>>>> d5f42532be6a9c18a5da3fb21b671ebbe5b6efbf
}