{
<<<<<<< HEAD
    "R2": 0.855814404036197,
    "RMSE": 8.07855100883481,
    "MSE": 65.2629864023459,
    "MAPE": 0.02557601195980038,
    "ACMAPE": 0.9376047372739836
=======
    "R2": 0.8454271507373933,
    "RMSE": 8.36448370199257,
    "MSE": 69.96458760089934,
    "MAPE": 0.027425998187897878,
    "ACMAPE": 0.8676414380442714
>>>>>>> d5f42532be6a9c18a5da3fb21b671ebbe5b6efbf
}