{
    "DOWN": {
        "precision": 0.7397129186602871,
        "recall": 0.5212407282535402,
        "f1-score": 0.6115506329113926,
        "support": 1483.0
    },
    "UP": {
        "precision": 0.40134907251264756,
        "recall": 0.6363636363636364,
        "f1-score": 0.49224405377456054,
        "support": 748.0
    },
    "accuracy": 0.5598386373823397,
    "macro avg": {
        "precision": 0.5705309955864674,
        "recall": 0.5788021823085883,
        "f1-score": 0.5518973433429766,
        "support": 2231.0
    },
    "weighted avg": {
        "precision": 0.6262677564377707,
        "recall": 0.5598386373823397,
        "f1-score": 0.5715500407131181,
        "support": 2231.0
    }
}