{
    "R2": 0.9842532412150129,
    "RMSE": 5.816645635821769,
    "MSE": 33.833366452724434,
    "MAPE": 0.025188176423501286,
    "ACMAPE": 0.7343695423212852
}