{
    "DOWN": {
        "precision": 0.6784511784511784,
        "recall": 0.3905038759689923,
        "f1-score": 0.4956949569495695,
        "support": 2064.0
    },
    "UP": {
        "precision": 0.2765957446808511,
        "recall": 0.5573580533024334,
        "f1-score": 0.3697156033820138,
        "support": 863.0
    },
    "accuracy": 0.43969935087119916,
    "macro avg": {
        "precision": 0.4775234615660148,
        "recall": 0.4739309646357128,
        "f1-score": 0.4327052801657917,
        "support": 2927.0
    },
    "weighted avg": {
        "precision": 0.5599676665469104,
        "recall": 0.43969935087119916,
        "f1-score": 0.4585510614494668,
        "support": 2927.0
    }
}