{
    "DOWN": {
        "precision": 0.7174163783160323,
        "recall": 0.3010648596321394,
        "f1-score": 0.4241391067166724,
        "support": 2066.0
    },
    "UP": {
        "precision": 0.30072639225181597,
        "recall": 0.7170900692840647,
        "f1-score": 0.4237461617195496,
        "support": 866.0
    },
    "accuracy": 0.42394270122783084,
    "macro avg": {
        "precision": 0.5090713852839241,
        "recall": 0.5090774644581021,
        "f1-score": 0.42394263421811096,
        "support": 2932.0
    },
    "weighted avg": {
        "precision": 0.5943421873434499,
        "recall": 0.42394270122783084,
        "f1-score": 0.4240230458819151,
        "support": 2932.0
    }
}