{
    "R2": 0.9292035534717109,
    "RMSE": 22.8614161003793,
    "MSE": 522.644346114682,
    "MAPE": 0.23044025055022554,
    "ACMAPE": 1.5729153962478604
}