{
    "DOWN": {
        "precision": 0.8501742160278746,
        "recall": 0.8229342327150084,
        "f1-score": 0.8363324764353043,
        "support": 593.0
    },
    "UP": {
        "precision": 0.34375,
        "recall": 0.3900709219858156,
        "f1-score": 0.3654485049833887,
        "support": 141.0
    },
    "accuracy": 0.7397820163487738,
    "macro avg": {
        "precision": 0.5969621080139373,
        "recall": 0.606502577350412,
        "f1-score": 0.6008904907093465,
        "support": 734.0
    },
    "weighted avg": {
        "precision": 0.752891090060667,
        "recall": 0.7397820163487738,
        "f1-score": 0.7458765636632062,
        "support": 734.0
    }
}