{
    "DOWN": {
        "precision": 0.6524390243902439,
        "recall": 0.10398445092322643,
        "f1-score": 0.17937971500419111,
        "support": 2058.0
    },
    "UP": {
        "precision": 0.2877558903051371,
        "recall": 0.8672875436554133,
        "f1-score": 0.43213457076566125,
        "support": 859.0
    },
    "accuracy": 0.3287624271511827,
    "macro avg": {
        "precision": 0.4700974573476905,
        "recall": 0.48563599728931983,
        "f1-score": 0.30575714288492617,
        "support": 2917.0
    },
    "weighted avg": {
        "precision": 0.5450469050281915,
        "recall": 0.3287624271511827,
        "f1-score": 0.253811124362814,
        "support": 2917.0
    }
}