{
    "R2": 0.9306949465484833,
    "RMSE": 8.228572905725553,
    "MSE": 67.70941206484066,
    "MAPE": 0.02669073361764467,
    "ACMAPE": 0.8213035282304392
}