{
    "DOWN": {
        "precision": 1.0,
        "recall": 0.01818181818181818,
        "f1-score": 0.03571428571428572,
        "support": 55.0
    },
    "UP": {
        "precision": 0.28,
        "recall": 1.0,
        "f1-score": 0.43750000000000006,
        "support": 21.0
    },
    "accuracy": 0.2894736842105263,
    "macro avg": {
        "precision": 0.64,
        "recall": 0.509090909090909,
        "f1-score": 0.23660714285714288,
        "support": 76.0
    },
    "weighted avg": {
        "precision": 0.8010526315789473,
        "recall": 0.2894736842105263,
        "f1-score": 0.146734022556391,
        "support": 76.0
    }
}