{
    "DOWN": {
        "precision": 0.8235294117647058,
        "recall": 0.509090909090909,
        "f1-score": 0.6292134831460674,
        "support": 55.0
    },
    "UP": {
        "precision": 0.35714285714285715,
        "recall": 0.7142857142857143,
        "f1-score": 0.4761904761904762,
        "support": 21.0
    },
    "accuracy": 0.5657894736842105,
    "macro avg": {
        "precision": 0.5903361344537815,
        "recall": 0.6116883116883116,
        "f1-score": 0.5527019796682718,
        "support": 76.0
    },
    "weighted avg": {
        "precision": 0.6946594427244581,
        "recall": 0.5657894736842105,
        "f1-score": 0.5869308101714962,
        "support": 76.0
    }
}