{
    "R2": 0.6523980544862433,
    "RMSE": 7.092421279872012,
    "MSE": 50.30243961118135,
    "MAPE": 0.02967894240652772,
    "ACMAPE": 1.4507315739854751
}