{
    "R2": 0.8854985237575523,
    "RMSE": 12.075363743020391,
    "MSE": 145.81440952625144,
    "MAPE": 0.03800648137462284,
    "ACMAPE": 0.7250813113065957
}