{
    "R2": 0.8898594064759876,
    "RMSE": 11.843181499855136,
    "MSE": 140.26094803851095,
    "MAPE": 0.0444108470045547,
    "ACMAPE": 1.1804652687732624
}