{
    "R2": 0.883377709411159,
    "RMSE": 12.186681539547973,
    "MSE": 148.51520694635934,
    "MAPE": 0.044542416860885774,
    "ACMAPE": 1.2316172467928586
}