{
    "R2": 0.9470598869176098,
    "RMSE": 9.385295042950142,
    "MSE": 88.08376304322452,
    "MAPE": 0.029343577973054442,
    "ACMAPE": 0.5663019467071242
}