{
    "R2": 0.9470679405708875,
    "RMSE": 9.422941873331983,
    "MSE": 88.79183354819327,
    "MAPE": 0.03365314292947324,
    "ACMAPE": 0.43810901268097274
}