{
    "DOWN": {
<<<<<<< HEAD
        "precision": 0.7120181405895691,
        "recall": 0.8071979434447301,
        "f1-score": 0.7566265060240963,
        "support": 389.0
    },
    "UP": {
        "precision": 0.4897959183673469,
        "recall": 0.36180904522613067,
        "f1-score": 0.4161849710982659,
        "support": 199.0
    },
    "accuracy": 0.6564625850340136,
    "macro avg": {
        "precision": 0.600907029478458,
        "recall": 0.5845034943354304,
        "f1-score": 0.5864057385611812,
        "support": 588.0
    },
    "weighted avg": {
        "precision": 0.6368102796674225,
        "recall": 0.6564625850340136,
        "f1-score": 0.6414090477753884,
=======
        "precision": 0.7023255813953488,
        "recall": 0.7763496143958869,
        "f1-score": 0.7374847374847375,
        "support": 389.0
    },
    "UP": {
        "precision": 0.44936708860759494,
        "recall": 0.35678391959798994,
        "f1-score": 0.39775910364145656,
        "support": 199.0
    },
    "accuracy": 0.6343537414965986,
    "macro avg": {
        "precision": 0.5758463350014719,
        "recall": 0.5665667669969384,
        "f1-score": 0.567621920563097,
        "support": 588.0
    },
    "weighted avg": {
        "precision": 0.6167154792443913,
        "recall": 0.6343537414965986,
        "f1-score": 0.6225095654867564,
>>>>>>> d5f42532be6a9c18a5da3fb21b671ebbe5b6efbf
        "support": 588.0
    }
}