{
    "DOWN": {
        "precision": 0.6538461538461539,
        "recall": 0.125,
        "f1-score": 0.20987654320987653,
        "support": 136.0
    },
    "UP": {
        "precision": 0.23225806451612904,
        "recall": 0.8,
        "f1-score": 0.36000000000000004,
        "support": 45.0
    },
    "accuracy": 0.292817679558011,
    "macro avg": {
        "precision": 0.44305210918114146,
        "recall": 0.4625,
        "f1-score": 0.2849382716049383,
        "support": 181.0
    },
    "weighted avg": {
        "precision": 0.549031435504435,
        "recall": 0.292817679558011,
        "f1-score": 0.24720005456653707,
        "support": 181.0
    }
}