{
    "DOWN": {
<<<<<<< HEAD
        "precision": 0.68,
        "recall": 0.125,
        "f1-score": 0.2111801242236025,
        "support": 136.0
    },
    "UP": {
        "precision": 0.23717948717948717,
        "recall": 0.8222222222222222,
        "f1-score": 0.3681592039800995,
        "support": 45.0
    },
    "accuracy": 0.2983425414364641,
    "macro avg": {
        "precision": 0.4585897435897436,
        "recall": 0.4736111111111111,
        "f1-score": 0.289669664101851,
        "support": 181.0
    },
    "weighted avg": {
        "precision": 0.5699065023374416,
        "recall": 0.2983425414364641,
        "f1-score": 0.2502080722293614,
=======
        "precision": 0.6538461538461539,
        "recall": 0.125,
        "f1-score": 0.20987654320987653,
        "support": 136.0
    },
    "UP": {
        "precision": 0.23225806451612904,
        "recall": 0.8,
        "f1-score": 0.36000000000000004,
        "support": 45.0
    },
    "accuracy": 0.292817679558011,
    "macro avg": {
        "precision": 0.44305210918114146,
        "recall": 0.4625,
        "f1-score": 0.2849382716049383,
        "support": 181.0
    },
    "weighted avg": {
        "precision": 0.549031435504435,
        "recall": 0.292817679558011,
        "f1-score": 0.24720005456653707,
>>>>>>> d5f42532be6a9c18a5da3fb21b671ebbe5b6efbf
        "support": 181.0
    }
}