{
    "R2": -60.50099084942251,
    "RMSE": 155.88721891408616,
    "MSE": 24300.825020768225,
    "MAPE": 2.229904833792357,
    "ACMAPE": 3.533772237107274
}