{
<<<<<<< HEAD
    "R2": -743.6904557326793,
    "RMSE": 542.4470436578353,
    "MSE": 294248.79517312546,
    "MAPE": 2.1586599156586015,
    "ACMAPE": 3.5619748327856735
=======
    "R2": -740.2424315630902,
    "RMSE": 541.1897826369263,
    "MSE": 292886.38083060354,
    "MAPE": 2.131530200818009,
    "ACMAPE": 3.545894841701987
>>>>>>> d5f42532be6a9c18a5da3fb21b671ebbe5b6efbf
}