{
    "DOWN": {
<<<<<<< HEAD
        "precision": 0.7507598784194529,
        "recall": 0.5311827956989247,
        "f1-score": 0.6221662468513854,
        "support": 465.0
    },
    "UP": {
        "precision": 0.42021276595744683,
        "recall": 0.6583333333333333,
        "f1-score": 0.512987012987013,
        "support": 240.0
    },
    "accuracy": 0.574468085106383,
    "macro avg": {
        "precision": 0.5854863221884499,
        "recall": 0.594758064516129,
        "f1-score": 0.5675766299191992,
        "support": 705.0
    },
    "weighted avg": {
        "precision": 0.6382332018366423,
        "recall": 0.574468085106383,
        "f1-score": 0.5849988480890459,
=======
        "precision": 0.7447447447447447,
        "recall": 0.5333333333333333,
        "f1-score": 0.6215538847117795,
        "support": 465.0
    },
    "UP": {
        "precision": 0.4166666666666667,
        "recall": 0.6458333333333334,
        "f1-score": 0.5065359477124184,
        "support": 240.0
    },
    "accuracy": 0.5716312056737589,
    "macro avg": {
        "precision": 0.5807057057057057,
        "recall": 0.5895833333333333,
        "f1-score": 0.564044916212099,
        "support": 705.0
    },
    "weighted avg": {
        "precision": 0.633058590505399,
        "recall": 0.5716312056737589,
        "f1-score": 0.5823988423290183,
>>>>>>> d5f42532be6a9c18a5da3fb21b671ebbe5b6efbf
        "support": 705.0
    }
}