{
<<<<<<< HEAD
    "R2": 0.9842081192652696,
    "RMSE": 24.890774061139886,
    "MSE": 619.5506333627142,
    "MAPE": 0.05457267871640502,
    "ACMAPE": 0.905636508503639
=======
    "R2": 0.9840882650664843,
    "RMSE": 24.98505113807156,
    "MSE": 624.252780372051,
    "MAPE": 0.05484288511684255,
    "ACMAPE": 0.9115804737693247
>>>>>>> d5f42532be6a9c18a5da3fb21b671ebbe5b6efbf
}