{
    "DOWN": {
        "precision": 0.7507598784194529,
        "recall": 0.5311827956989247,
        "f1-score": 0.6221662468513854,
        "support": 465.0
    },
    "UP": {
        "precision": 0.42021276595744683,
        "recall": 0.6583333333333333,
        "f1-score": 0.512987012987013,
        "support": 240.0
    },
    "accuracy": 0.574468085106383,
    "macro avg": {
        "precision": 0.5854863221884499,
        "recall": 0.594758064516129,
        "f1-score": 0.5675766299191992,
        "support": 705.0
    },
    "weighted avg": {
        "precision": 0.6382332018366423,
        "recall": 0.574468085106383,
        "f1-score": 0.5849988480890459,
        "support": 705.0
    }
}