{
<<<<<<< HEAD
    "R2": 0.9905489973424262,
    "RMSE": 19.846576826960263,
    "MSE": 393.88661174843605,
    "MAPE": 0.020443834990127748,
    "ACMAPE": 1.0838687821360051
=======
    "R2": 0.9899674395115683,
    "RMSE": 20.448081170842723,
    "MSE": 418.12402356937275,
    "MAPE": 0.021483054633364477,
    "ACMAPE": 1.0954788263035546
>>>>>>> d5f42532be6a9c18a5da3fb21b671ebbe5b6efbf
}