{
    "R2": 0.3862082962145428,
    "RMSE": 64.94281400526954,
    "MSE": 4217.569090923034,
    "MAPE": 0.022181359223647883,
    "ACMAPE": 0.9184469193896229
}