{
    "DOWN": {
        "precision": 0.5594713656387665,
        "recall": 0.9694656488549618,
        "f1-score": 0.7094972067039106,
        "support": 131.0
    },
    "UP": {
        "precision": 0.7142857142857143,
        "recall": 0.09090909090909091,
        "f1-score": 0.16129032258064518,
        "support": 110.0
    },
    "accuracy": 0.5684647302904564,
    "macro avg": {
        "precision": 0.6368785399622404,
        "recall": 0.5301873698820263,
        "f1-score": 0.43539376464227786,
        "support": 241.0
    },
    "weighted avg": {
        "precision": 0.6301335164734729,
        "recall": 0.5684647302904564,
        "f1-score": 0.45927829693810485,
        "support": 241.0
    }
}