{
    "DOWN": {
        "precision": 0.5891472868217055,
        "recall": 0.5801526717557252,
        "f1-score": 0.5846153846153846,
        "support": 131.0
    },
    "UP": {
        "precision": 0.5089285714285714,
        "recall": 0.5181818181818182,
        "f1-score": 0.5135135135135134,
        "support": 110.0
    },
    "accuracy": 0.5518672199170125,
    "macro avg": {
        "precision": 0.5490379291251384,
        "recall": 0.5491672449687717,
        "f1-score": 0.549064449064449,
        "support": 241.0
    },
    "weighted avg": {
        "precision": 0.5525329353974534,
        "recall": 0.5518672199170125,
        "f1-score": 0.5521622484278086,
        "support": 241.0
    }
}