{
    "DOWN": {
        "precision": 0.5560344827586207,
        "recall": 0.9847328244274809,
        "f1-score": 0.7107438016528925,
        "support": 131.0
    },
    "UP": {
        "precision": 0.7777777777777778,
        "recall": 0.06363636363636363,
        "f1-score": 0.1176470588235294,
        "support": 110.0
    },
    "accuracy": 0.5643153526970954,
    "macro avg": {
        "precision": 0.6669061302681992,
        "recall": 0.5241845940319223,
        "f1-score": 0.414195430238211,
        "support": 241.0
    },
    "weighted avg": {
        "precision": 0.6572451153399786,
        "recall": 0.5643153526970954,
        "f1-score": 0.4400357447598222,
        "support": 241.0
    }
}