{
    "R2": 0.9899674395115683,
    "RMSE": 20.448081170842723,
    "MSE": 418.12402356937275,
    "MAPE": 0.021483054633364477,
    "ACMAPE": 1.0954788263035546
}