{
    "R2": -0.45409021790522974,
    "RMSE": 99.95770407606012,
    "MSE": 9991.542604157208,
    "MAPE": 0.05496217340558249,
    "ACMAPE": 0.9263314680113917
}