{
    "DOWN": {
<<<<<<< HEAD
        "precision": 0.5845410628019324,
        "recall": 0.9236641221374046,
        "f1-score": 0.7159763313609467,
        "support": 131.0
    },
    "UP": {
        "precision": 0.7058823529411765,
        "recall": 0.21818181818181817,
        "f1-score": 0.33333333333333337,
        "support": 110.0
    },
    "accuracy": 0.6016597510373444,
    "macro avg": {
        "precision": 0.6452117078715545,
        "recall": 0.5709229701596114,
        "f1-score": 0.52465483234714,
        "support": 241.0
    },
    "weighted avg": {
        "precision": 0.6399250541517949,
        "recall": 0.6016597510373444,
        "f1-score": 0.5413260003109989,
=======
        "precision": 0.59375,
        "recall": 0.8702290076335878,
        "f1-score": 0.7058823529411765,
        "support": 131.0
    },
    "UP": {
        "precision": 0.6530612244897959,
        "recall": 0.2909090909090909,
        "f1-score": 0.4025157232704402,
        "support": 110.0
    },
    "accuracy": 0.6058091286307054,
    "macro avg": {
        "precision": 0.6234056122448979,
        "recall": 0.5805690492713393,
        "f1-score": 0.5541990381058084,
        "support": 241.0
    },
    "weighted avg": {
        "precision": 0.6208215132526038,
        "recall": 0.6058091286307054,
        "f1-score": 0.5674162564109649,
>>>>>>> d5f42532be6a9c18a5da3fb21b671ebbe5b6efbf
        "support": 241.0
    }
}