{
    "R2": -0.5501326297961213,
    "RMSE": 103.20601870012116,
    "MSE": 10651.482295929758,
    "MAPE": 0.0542989977674998,
    "ACMAPE": 0.8509794956928111
}