{
    "R2": 0.9368867732798811,
    "RMSE": 22.692999634325364,
    "MSE": 514.9722324034911,
    "MAPE": 0.11937909253555888,
    "ACMAPE": 1.2347637079201743
}