{
    "R2": 0.9807116660618371,
    "RMSE": 12.837922812110778,
    "MSE": 164.8122621297143,
    "MAPE": 0.03455676153719638,
    "ACMAPE": 0.8744359156157461
}