{
    "DOWN": {
        "precision": 0.6971428571428572,
        "recall": 0.7770700636942676,
        "f1-score": 0.7349397590361446,
        "support": 157.0
    },
    "UP": {
        "precision": 0.5205479452054794,
        "recall": 0.4175824175824176,
        "f1-score": 0.4634146341463415,
        "support": 91.0
    },
    "accuracy": 0.6451612903225806,
    "macro avg": {
        "precision": 0.6088454011741683,
        "recall": 0.5973262406383426,
        "f1-score": 0.599177196591243,
        "support": 248.0
    },
    "weighted avg": {
        "precision": 0.6323439176819645,
        "recall": 0.6451612903225806,
        "f1-score": 0.6353075559515798,
        "support": 248.0
    }
}