{
    "R2": 0.6810780282815434,
    "RMSE": 10.182108533522094,
    "MSE": 103.67533418842345,
    "MAPE": 0.025755235482833108,
    "ACMAPE": 0.7031745903215428
}