{
    "R2": 0.7152060909099707,
    "RMSE": 9.621900247231768,
    "MSE": 92.58096436767875,
    "MAPE": 0.02282397041270103,
    "ACMAPE": 0.6841142929933463
}