{
    "R2": 0.411834746890115,
    "RMSE": 13.82754829119998,
    "MSE": 191.20109174546747,
    "MAPE": 0.03509965492046775,
    "ACMAPE": 0.825422235565629
}