{
    "DOWN": {
        "precision": 0.5660377358490566,
        "recall": 0.044642857142857144,
        "f1-score": 0.08275862068965519,
        "support": 672.0
    },
    "UP": {
        "precision": 0.33746130030959753,
        "recall": 0.9342857142857143,
        "f1-score": 0.4958301743745262,
        "support": 350.0
    },
    "accuracy": 0.3493150684931507,
    "macro avg": {
        "precision": 0.45174951807932706,
        "recall": 0.4894642857142857,
        "f1-score": 0.2892943975320907,
        "support": 1022.0
    },
    "weighted avg": {
        "precision": 0.4877581346369131,
        "recall": 0.3493150684931507,
        "f1-score": 0.22422148154063842,
        "support": 1022.0
    }
}