{
    "R2": 0.7718719952903002,
    "RMSE": 197.14099636679634,
    "MSE": 38864.572448493214,
    "MAPE": 0.17221426215320124,
    "ACMAPE": 1.4735841251668997
}