{
    "R2": 0.7842891028827687,
    "RMSE": 191.70069557352525,
    "MSE": 36749.1566833734,
    "MAPE": 0.09406059445741173,
    "ACMAPE": 0.9238061913262963
}