{
    "R2": 0.9903933129792919,
    "RMSE": 112.07574914940253,
    "MSE": 12560.9735473998,
    "MAPE": 0.358902639339503,
    "ACMAPE": 1.9963811774802929
}