{
    "DOWN": {
        "precision": 0.6120906801007556,
        "recall": 0.5510204081632653,
        "f1-score": 0.5799522673031027,
        "support": 2646.0
    },
    "UP": {
        "precision": 0.3105049332559489,
        "recall": 0.3666895133653187,
        "f1-score": 0.33626649905719674,
        "support": 1459.0
    },
    "accuracy": 0.48550548112058467,
    "macro avg": {
        "precision": 0.4612978066783523,
        "recall": 0.458854960764292,
        "f1-score": 0.4581093831801497,
        "support": 4105.0
    },
    "weighted avg": {
        "precision": 0.5049010078360606,
        "recall": 0.4855054811205846,
        "f1-score": 0.4933414181262996,
        "support": 4105.0
    }
}