{
    "DOWN": {
        "precision": 0.5771889400921659,
        "recall": 0.8240131578947368,
        "f1-score": 0.6788617886178863,
        "support": 608.0
    },
    "UP": {
        "precision": 0.33540372670807456,
        "recall": 0.12826603325415678,
        "f1-score": 0.18556701030927836,
        "support": 421.0
    },
    "accuracy": 0.5393586005830904,
    "macro avg": {
        "precision": 0.4562963334001202,
        "recall": 0.4761395955744468,
        "f1-score": 0.4322143994635823,
        "support": 1029.0
    },
    "weighted avg": {
        "precision": 0.4782661268417262,
        "recall": 0.5393586005830904,
        "f1-score": 0.4770375887462401,
        "support": 1029.0
    }
}