{
    "DOWN": {
        "precision": 0.5882352941176471,
        "recall": 0.9539473684210527,
        "f1-score": 0.7277289836888331,
        "support": 608.0
    },
    "UP": {
        "precision": 0.3488372093023256,
        "recall": 0.035629453681710214,
        "f1-score": 0.06465517241379311,
        "support": 421.0
    },
    "accuracy": 0.5782312925170068,
    "macro avg": {
        "precision": 0.46853625170998636,
        "recall": 0.49478841105138144,
        "f1-score": 0.3961920780513131,
        "support": 1029.0
    },
    "weighted avg": {
        "precision": 0.49028913891137854,
        "recall": 0.5782312925170068,
        "f1-score": 0.45644222513995863,
        "support": 1029.0
    }
}