{
    "R2": 0.9553057220477393,
    "RMSE": 126.74269581160567,
    "MSE": 16063.710941593205,
    "MAPE": 0.7740808204431227,
    "ACMAPE": 1.8030698582019533
}