{
    "R2": -1.4945616851971981,
    "RMSE": 2511.6755697429503,
    "MSE": 6308514.167643575,
    "MAPE": 0.34467848650634536,
    "ACMAPE": 1.2659612853401647
}