{
    "DOWN": {
        "precision": 0.7910662824207493,
        "recall": 0.21196911196911197,
        "f1-score": 0.3343483556638246,
        "support": 2590.0
    },
    "UP": {
        "precision": 0.1720081135902637,
        "recall": 0.7451669595782073,
        "f1-score": 0.2794990112063283,
        "support": 569.0
    },
    "accuracy": 0.30800886356441914,
    "macro avg": {
        "precision": 0.4815371980055065,
        "recall": 0.47856803577365964,
        "f1-score": 0.3069236834350765,
        "support": 3159.0
    },
    "weighted avg": {
        "precision": 0.6795613447618236,
        "recall": 0.30800886356441914,
        "f1-score": 0.32446887576628886,
        "support": 3159.0
    }
}