{
    "DOWN": {
        "precision": 0.7577639751552795,
        "recall": 0.43727598566308246,
        "f1-score": 0.5545454545454546,
        "support": 558.0
    },
    "UP": {
        "precision": 0.32762312633832974,
        "recall": 0.6623376623376623,
        "f1-score": 0.4383954154727794,
        "support": 231.0
    },
    "accuracy": 0.5031685678073511,
    "macro avg": {
        "precision": 0.5426935507468046,
        "recall": 0.5498068240003724,
        "f1-score": 0.496470435009117,
        "support": 789.0
    },
    "weighted avg": {
        "precision": 0.6318292019275032,
        "recall": 0.5031685678073511,
        "f1-score": 0.5205395495698044,
        "support": 789.0
    }
}