{
    "R2": 0.9963678360353884,
    "RMSE": 68.77156367709249,
    "MSE": 4729.527970592387,
    "MAPE": 0.09563067534009007,
    "ACMAPE": 1.1223160685985172
}