{
    "R2": 0.5292654824457739,
    "RMSE": 476.7938871156621,
    "MSE": 227332.41079086272,
    "MAPE": 0.2509132980971448,
    "ACMAPE": 1.123810494358827
}