{
    "DOWN": {
        "precision": 0.6181192660550459,
        "recall": 0.8008915304606241,
        "f1-score": 0.6977346278317152,
        "support": 673.0
    },
    "UP": {
        "precision": 0.32323232323232326,
        "recall": 0.16120906801007556,
        "f1-score": 0.21512605042016808,
        "support": 397.0
    },
    "accuracy": 0.5635514018691589,
    "macro avg": {
        "precision": 0.4706757946436846,
        "recall": 0.4810502992353498,
        "f1-score": 0.45643033912594166,
        "support": 1070.0
    },
    "weighted avg": {
        "precision": 0.5087079424096058,
        "recall": 0.5635514018691589,
        "f1-score": 0.5186733145304215,
        "support": 1070.0
    }
}