{
    "R2": 0.9846314206190875,
    "RMSE": 141.43216883339093,
    "MSE": 20003.058380916795,
    "MAPE": 0.2247427369595481,
    "ACMAPE": 1.190179448776456
}