{
    "DOWN": {
        "precision": 0.5904688105385509,
        "recall": 0.5729323308270676,
        "f1-score": 0.5815684029765311,
        "support": 2660.0
    },
    "UP": {
        "precision": 0.3282081608515671,
        "recall": 0.3442928039702233,
        "f1-score": 0.3360581289736603,
        "support": 1612.0
    },
    "accuracy": 0.4866573033707865,
    "macro avg": {
        "precision": 0.45933848569505903,
        "recall": 0.4586125673986455,
        "f1-score": 0.4588132659750957,
        "support": 4272.0
    },
    "weighted avg": {
        "precision": 0.4915071608907471,
        "recall": 0.4866573033707865,
        "f1-score": 0.48892735389117814,
        "support": 4272.0
    }
}