{
    "DOWN": {
<<<<<<< HEAD
        "precision": 0.68,
        "recall": 0.4207920792079208,
        "f1-score": 0.5198776758409787,
        "support": 202.0
    },
    "UP": {
        "precision": 0.2777777777777778,
        "recall": 0.5294117647058824,
        "f1-score": 0.3643724696356275,
        "support": 85.0
    },
    "accuracy": 0.4529616724738676,
    "macro avg": {
        "precision": 0.4788888888888889,
        "recall": 0.4751019219569016,
        "f1-score": 0.4421250727383031,
        "support": 287.0
    },
    "weighted avg": {
        "precision": 0.560874951606659,
        "recall": 0.4529616724738676,
        "f1-score": 0.4738221269648294,
=======
        "precision": 0.6956521739130435,
        "recall": 0.31683168316831684,
        "f1-score": 0.43537414965986393,
        "support": 202.0
    },
    "UP": {
        "precision": 0.2923076923076923,
        "recall": 0.6705882352941176,
        "f1-score": 0.4071428571428572,
        "support": 85.0
    },
    "accuracy": 0.42160278745644597,
    "macro avg": {
        "precision": 0.4939799331103679,
        "recall": 0.4937099592312172,
        "f1-score": 0.42125850340136056,
        "support": 287.0
    },
    "weighted avg": {
        "precision": 0.5761947490473471,
        "recall": 0.42160278745644597,
        "f1-score": 0.4270129654649316,
>>>>>>> d5f42532be6a9c18a5da3fb21b671ebbe5b6efbf
        "support": 287.0
    }
}