{
    "R2": 0.6504939794854792,
    "RMSE": 29.861983254154687,
    "MSE": 891.7380438714149,
    "MAPE": 0.14881664255021643,
    "ACMAPE": 0.962646429784259
}