{
    "R2": -1.0248385086519187,
    "RMSE": 27.983036443767293,
    "MSE": 783.0503286132084,
    "MAPE": 0.17556746052989314,
    "ACMAPE": 1.2696441155821578
}