{
    "R2": 0.7421176448654285,
    "RMSE": 76.09525281303517,
    "MSE": 5790.4875006797365,
    "MAPE": 0.18486727093806002,
    "ACMAPE": 1.2417778400437511
}