{
    "DOWN": {
<<<<<<< HEAD
        "precision": 0.568,
        "recall": 0.5772357723577236,
        "f1-score": 0.5725806451612903,
        "support": 246.0
    },
    "UP": {
        "precision": 0.5377777777777778,
        "recall": 0.5283842794759825,
        "f1-score": 0.5330396475770925,
        "support": 229.0
    },
    "accuracy": 0.5536842105263158,
    "macro avg": {
        "precision": 0.5528888888888889,
        "recall": 0.5528100259168531,
        "f1-score": 0.5528101463691915,
        "support": 475.0
    },
    "weighted avg": {
        "precision": 0.5534297076023392,
        "recall": 0.5536842105263158,
        "f1-score": 0.5535177221154349,
=======
        "precision": 0.5879629629629629,
        "recall": 0.516260162601626,
        "f1-score": 0.5497835497835497,
        "support": 246.0
    },
    "UP": {
        "precision": 0.5405405405405406,
        "recall": 0.611353711790393,
        "f1-score": 0.5737704918032788,
        "support": 229.0
    },
    "accuracy": 0.5621052631578948,
    "macro avg": {
        "precision": 0.5642517517517518,
        "recall": 0.5638069371960095,
        "f1-score": 0.5617770207934143,
        "support": 475.0
    },
    "weighted avg": {
        "precision": 0.5651003635214161,
        "recall": 0.5621052631578948,
        "f1-score": 0.5613477807783243,
>>>>>>> d5f42532be6a9c18a5da3fb21b671ebbe5b6efbf
        "support": 475.0
    }
}