{
    "DOWN": {
        "precision": 0.56,
        "recall": 0.22580645161290322,
        "f1-score": 0.3218390804597701,
        "support": 62.0
    },
    "UP": {
        "precision": 0.5102040816326531,
        "recall": 0.819672131147541,
        "f1-score": 0.628930817610063,
        "support": 61.0
    },
    "accuracy": 0.5203252032520326,
    "macro avg": {
        "precision": 0.5351020408163265,
        "recall": 0.5227392913802221,
        "f1-score": 0.47538494903491657,
        "support": 123.0
    },
    "weighted avg": {
        "precision": 0.5353044632487142,
        "recall": 0.5203252032520326,
        "f1-score": 0.4741366086399967,
        "support": 123.0
    }
}