{
    "R2": -2.5244066604197037,
    "RMSE": 281.3129707263865,
    "MSE": 79136.98749890478,
    "MAPE": 0.8111963990304263,
    "ACMAPE": 1.8193264803312394
}