{
<<<<<<< HEAD
    "R2": 0.6306842017272303,
    "RMSE": 91.06378412483011,
    "MSE": 8292.61277913366,
    "MAPE": 0.22392994876642958,
    "ACMAPE": 1.1995397048639904
=======
    "R2": 0.6414914848127949,
    "RMSE": 89.72149222079614,
    "MSE": 8049.946166326383,
    "MAPE": 0.21828239536457275,
    "ACMAPE": 1.1776319888605076
>>>>>>> d5f42532be6a9c18a5da3fb21b671ebbe5b6efbf
}