{
    "DOWN": {
        "precision": 0.7689530685920578,
        "recall": 0.8255813953488372,
        "f1-score": 0.7962616822429908,
        "support": 258.0
    },
    "UP": {
        "precision": 0.4578313253012048,
        "recall": 0.37254901960784315,
        "f1-score": 0.41081081081081083,
        "support": 102.0
    },
    "accuracy": 0.6972222222222222,
    "macro avg": {
        "precision": 0.6133921969466313,
        "recall": 0.5990652074783402,
        "f1-score": 0.6035362465269007,
        "support": 360.0
    },
    "weighted avg": {
        "precision": 0.6808019079929828,
        "recall": 0.6972222222222222,
        "f1-score": 0.687050602003873,
        "support": 360.0
    }
}