{
    "DOWN": {
        "precision": 0.7702127659574468,
        "recall": 0.724,
        "f1-score": 0.7463917525773195,
        "support": 250.0
    },
    "UP": {
        "precision": 0.4,
        "recall": 0.46,
        "f1-score": 0.42790697674418604,
        "support": 100.0
    },
    "accuracy": 0.6485714285714286,
    "macro avg": {
        "precision": 0.5851063829787234,
        "recall": 0.592,
        "f1-score": 0.5871493646607527,
        "support": 350.0
    },
    "weighted avg": {
        "precision": 0.6644376899696048,
        "recall": 0.6485714285714286,
        "f1-score": 0.6553961023392814,
        "support": 350.0
    }
}