{
    "R2": -25.452421970168107,
    "RMSE": 9.75723707713907,
    "MSE": 95.20367537949737,
    "MAPE": 0.18068538476183946,
    "ACMAPE": 1.7373864156896746
}