{
    "DOWN": {
<<<<<<< HEAD
        "precision": 0.6996047430830039,
        "recall": 0.6519337016574586,
        "f1-score": 0.674928503336511,
        "support": 543.0
    },
    "UP": {
        "precision": 0.244,
        "recall": 0.2863849765258216,
        "f1-score": 0.2634989200863931,
        "support": 213.0
    },
    "accuracy": 0.548941798941799,
    "macro avg": {
        "precision": 0.47180237154150195,
        "recall": 0.4691593390916401,
        "f1-score": 0.46921371171145204,
        "support": 756.0
    },
    "weighted avg": {
        "precision": 0.5712399146746973,
        "recall": 0.548941798941799,
        "f1-score": 0.5590098509128667,
=======
        "precision": 0.6243093922651933,
        "recall": 0.20810313075506445,
        "f1-score": 0.31215469613259667,
        "support": 543.0
    },
    "UP": {
        "precision": 0.25217391304347825,
        "recall": 0.6807511737089202,
        "f1-score": 0.3680203045685279,
        "support": 213.0
    },
    "accuracy": 0.3412698412698413,
    "macro avg": {
        "precision": 0.4382416526543358,
        "recall": 0.44442715223199236,
        "f1-score": 0.3400875003505623,
        "support": 756.0
    },
    "weighted avg": {
        "precision": 0.5194616977225673,
        "recall": 0.3412698412698413,
        "f1-score": 0.32789460962049793,
>>>>>>> d5f42532be6a9c18a5da3fb21b671ebbe5b6efbf
        "support": 756.0
    }
}