{
<<<<<<< HEAD
    "R2": -0.43568897735607126,
    "RMSE": 2.2731302396285935,
    "MSE": 5.167121086313948,
    "MAPE": 0.03023817339171033,
    "ACMAPE": 0.8652897197834628
=======
    "R2": -67.54857997605048,
    "RMSE": 15.707004483665852,
    "MSE": 246.7099898498992,
    "MAPE": 0.29535301375187134,
    "ACMAPE": 1.8520540446797065
>>>>>>> d5f42532be6a9c18a5da3fb21b671ebbe5b6efbf
}