{
<<<<<<< HEAD
    "R2": 0.9934949391731888,
    "RMSE": 30.635505087541347,
    "MSE": 938.5341719687718,
    "MAPE": 0.08248377231985382,
    "ACMAPE": 0.9846001744362559
=======
    "R2": 0.9931501969417071,
    "RMSE": 31.436805387512717,
    "MSE": 988.2727329723485,
    "MAPE": 0.21333380759532275,
    "ACMAPE": 1.5307941250556403
>>>>>>> d5f42532be6a9c18a5da3fb21b671ebbe5b6efbf
}