{
    "DOWN": {
        "precision": 0.7794117647058824,
        "recall": 0.09515260323159784,
        "f1-score": 0.16959999999999997,
        "support": 557.0
    },
    "UP": {
        "precision": 0.288135593220339,
        "recall": 0.9315068493150684,
        "f1-score": 0.4401294498381878,
        "support": 219.0
    },
    "accuracy": 0.33118556701030927,
    "macro avg": {
        "precision": 0.5337736789631107,
        "recall": 0.5133297262733332,
        "f1-score": 0.3048647249190939,
        "support": 776.0
    },
    "weighted avg": {
        "precision": 0.6407655255881839,
        "recall": 0.33118556701030927,
        "f1-score": 0.2459478730857772,
        "support": 776.0
    }
}