{
    "R2": 0.9931501969417071,
    "RMSE": 31.436805387512717,
    "MSE": 988.2727329723485,
    "MAPE": 0.21333380759532275,
    "ACMAPE": 1.5307941250556403
}