{
    "R2": -67.54857997605048,
    "RMSE": 15.707004483665852,
    "MSE": 246.7099898498992,
    "MAPE": 0.29535301375187134,
    "ACMAPE": 1.8520540446797065
}