{
    "R2": 0.7880531841752852,
    "RMSE": 11.216761574064535,
    "MSE": 125.8157402094107,
    "MAPE": 0.0395389024362309,
    "ACMAPE": 0.9574559368581197
}