{
    "R2": 0.333734188252509,
    "RMSE": 27.557314782519544,
    "MSE": 759.4055980228702,
    "MAPE": 0.08999599121614282,
    "ACMAPE": 1.4302737689939204
}