{
    "DOWN": {
        "precision": 0.4583333333333333,
        "recall": 0.05699481865284974,
        "f1-score": 0.10138248847926266,
        "support": 193.0
    },
    "UP": {
        "precision": 0.3106060606060606,
        "recall": 0.8631578947368421,
        "f1-score": 0.456824512534819,
        "support": 95.0
    },
    "accuracy": 0.3229166666666667,
    "macro avg": {
        "precision": 0.38446969696969696,
        "recall": 0.4600763566948459,
        "f1-score": 0.2791035005070408,
        "support": 288.0
    },
    "weighted avg": {
        "precision": 0.409603851010101,
        "recall": 0.3229166666666667,
        "f1-score": 0.21862898946981074,
        "support": 288.0
    }
}