{
    "DOWN": {
        "precision": 0.5421245421245421,
        "recall": 0.896969696969697,
        "f1-score": 0.6757990867579908,
        "support": 330.0
    },
    "UP": {
        "precision": 0.5277777777777778,
        "recall": 0.13194444444444445,
        "f1-score": 0.21111111111111114,
        "support": 288.0
    },
    "accuracy": 0.540453074433657,
    "macro avg": {
        "precision": 0.5349511599511599,
        "recall": 0.5144570707070707,
        "f1-score": 0.443455098934551,
        "support": 618.0
    },
    "weighted avg": {
        "precision": 0.5354386713610014,
        "recall": 0.540453074433657,
        "f1-score": 0.4592454670390566,
        "support": 618.0
    }
}