{
    "R2": 0.9681438081418762,
    "RMSE": 96.83622996527491,
    "MSE": 9377.255433887605,
    "MAPE": 0.04858939681002977,
    "ACMAPE": 0.9676832479427158
}