{
    "DOWN": {
<<<<<<< HEAD
        "precision": 0.6350461133069829,
        "recall": 0.3070063694267516,
        "f1-score": 0.41391155002146846,
        "support": 1570.0
    },
    "UP": {
        "precision": 0.35735380980507975,
        "recall": 0.6859410430839002,
        "f1-score": 0.4699029126213592,
        "support": 882.0
    },
    "accuracy": 0.4433115823817292,
    "macro avg": {
        "precision": 0.4961999615560313,
        "recall": 0.49647370625532594,
        "f1-score": 0.44190723132141385,
        "support": 2452.0
    },
    "weighted avg": {
        "precision": 0.5351584250163309,
        "recall": 0.4433115823817292,
        "f1-score": 0.43405199937428396,
=======
        "precision": 0.657672849915683,
        "recall": 0.2484076433121019,
        "f1-score": 0.36061026352288494,
        "support": 1570.0
    },
    "UP": {
        "precision": 0.3652501344809037,
        "recall": 0.7698412698412699,
        "f1-score": 0.4954396205764319,
        "support": 882.0
    },
    "accuracy": 0.43597063621533444,
    "macro avg": {
        "precision": 0.5114614921982934,
        "recall": 0.5091244565766859,
        "f1-score": 0.42802494204965846,
        "support": 2452.0
    },
    "weighted avg": {
        "precision": 0.552486538735636,
        "recall": 0.43597063621533444,
        "f1-score": 0.40910924106009067,
>>>>>>> d5f42532be6a9c18a5da3fb21b671ebbe5b6efbf
        "support": 2452.0
    }
}