{
    "R2": 0.9954762354260973,
    "RMSE": 23.052560688375916,
    "MSE": 531.4205542912547,
    "MAPE": 0.03396874661223451,
    "ACMAPE": 1.1282010780500897
}