{
    "DOWN": {
        "precision": 0.657672849915683,
        "recall": 0.2484076433121019,
        "f1-score": 0.36061026352288494,
        "support": 1570.0
    },
    "UP": {
        "precision": 0.3652501344809037,
        "recall": 0.7698412698412699,
        "f1-score": 0.4954396205764319,
        "support": 882.0
    },
    "accuracy": 0.43597063621533444,
    "macro avg": {
        "precision": 0.5114614921982934,
        "recall": 0.5091244565766859,
        "f1-score": 0.42802494204965846,
        "support": 2452.0
    },
    "weighted avg": {
        "precision": 0.552486538735636,
        "recall": 0.43597063621533444,
        "f1-score": 0.40910924106009067,
        "support": 2452.0
    }
}