{
    "R2": 0.9796678479760885,
    "RMSE": 77.36287807333444,
    "MSE": 5985.014903789611,
    "MAPE": 0.03831074812877547,
    "ACMAPE": 1.064200715766316
}