{
    "DOWN": {
        "precision": 0.534804753820034,
        "recall": 0.9545454545454546,
        "f1-score": 0.6855277475516868,
        "support": 330.0
    },
    "UP": {
        "precision": 0.4827586206896552,
        "recall": 0.04861111111111111,
        "f1-score": 0.08832807570977917,
        "support": 288.0
    },
    "accuracy": 0.5323624595469255,
    "macro avg": {
        "precision": 0.5087816872548446,
        "recall": 0.5015782828282829,
        "f1-score": 0.386927911630733,
        "support": 618.0
    },
    "weighted avg": {
        "precision": 0.5105502451767506,
        "recall": 0.5323624595469255,
        "f1-score": 0.407221104363225,
        "support": 618.0
    }
}