{
    "DOWN": {
        "precision": 0.7335203366058906,
        "recall": 0.18894508670520233,
        "f1-score": 0.30048836541223783,
        "support": 2768.0
    },
    "UP": {
        "precision": 0.11891679748822606,
        "recall": 0.6146044624746451,
        "f1-score": 0.1992765537652088,
        "support": 493.0
    },
    "accuracy": 0.2532965348052745,
    "macro avg": {
        "precision": 0.4262185670470583,
        "recall": 0.4017747745899237,
        "f1-score": 0.24988245958872332,
        "support": 3261.0
    },
    "weighted avg": {
        "precision": 0.6406041928509048,
        "recall": 0.2532965348052745,
        "f1-score": 0.2851871010326042,
        "support": 3261.0
    }
}