{
    "R2": 0.9911184030345999,
    "RMSE": 3.6402971677203437,
    "MSE": 13.251763469312756,
    "MAPE": 0.03462444927229863,
    "ACMAPE": 1.5280313796617497
}