{
    "DOWN": {
        "precision": 0.9131147540983606,
        "recall": 0.7934472934472935,
        "f1-score": 0.8490853658536587,
        "support": 702.0
    },
    "UP": {
        "precision": 0.2961165048543689,
        "recall": 0.5350877192982456,
        "f1-score": 0.38125,
        "support": 114.0
    },
    "accuracy": 0.7573529411764706,
    "macro avg": {
        "precision": 0.6046156294763647,
        "recall": 0.6642675063727695,
        "f1-score": 0.6151676829268293,
        "support": 816.0
    },
    "weighted avg": {
        "precision": 0.826916469277509,
        "recall": 0.7573529411764706,
        "f1-score": 0.7837260132711622,
        "support": 816.0
    }
}