{
    "R2": 0.9858316763278426,
    "RMSE": 4.562189591860354,
    "MSE": 20.813573872078937,
    "MAPE": 0.04332676340130602,
    "ACMAPE": 1.467233109673641
}