{
    "DOWN": {
        "precision": 0.7094594594594594,
        "recall": 0.14957264957264957,
        "f1-score": 0.24705882352941175,
        "support": 702.0
    },
    "UP": {
        "precision": 0.1062874251497006,
        "recall": 0.6228070175438597,
        "f1-score": 0.18158567774936063,
        "support": 114.0
    },
    "accuracy": 0.21568627450980393,
    "macro avg": {
        "precision": 0.40787344230458,
        "recall": 0.38618983355825465,
        "f1-score": 0.2143222506393862,
        "support": 816.0
    },
    "weighted avg": {
        "precision": 0.625192778195596,
        "recall": 0.21568627450980393,
        "f1-score": 0.23791183992778697,
        "support": 816.0
    }
}