{
<<<<<<< HEAD
    "R2": -60.85529092491744,
    "RMSE": 126.99519183299597,
    "MSE": 16127.778748699448,
    "MAPE": 0.9212036714885766,
    "ACMAPE": 2.6815948695325864
=======
    "R2": -56.17731246422111,
    "RMSE": 122.09861019907429,
    "MSE": 14908.070612545489,
    "MAPE": 0.8066458506830355,
    "ACMAPE": 2.5670370487270455
>>>>>>> d5f42532be6a9c18a5da3fb21b671ebbe5b6efbf
}