{
    "DOWN": {
        "precision": 0.820830298616169,
        "recall": 0.8777258566978193,
        "f1-score": 0.8483251787730522,
        "support": 1284.0
    },
    "UP": {
        "precision": 0.3794466403162055,
        "recall": 0.2807017543859649,
        "f1-score": 0.32268907563025206,
        "support": 342.0
    },
    "accuracy": 0.7521525215252153,
    "macro avg": {
        "precision": 0.6001384694661872,
        "recall": 0.5792138055418921,
        "f1-score": 0.5855071272016521,
        "support": 1626.0
    },
    "weighted avg": {
        "precision": 0.7279931453944055,
        "recall": 0.7521525215252153,
        "f1-score": 0.7377670316175555,
        "support": 1626.0
    }
}