{
    "DOWN": {
        "precision": 0.8210922787193974,
        "recall": 0.33798449612403103,
        "f1-score": 0.4788577704557936,
        "support": 1290.0
    },
    "UP": {
        "precision": 0.22714932126696832,
        "recall": 0.7254335260115607,
        "f1-score": 0.3459682977257064,
        "support": 346.0
    },
    "accuracy": 0.41992665036674814,
    "macro avg": {
        "precision": 0.5241207999931828,
        "recall": 0.5317090110677959,
        "f1-score": 0.41241303409075003,
        "support": 1636.0
    },
    "weighted avg": {
        "precision": 0.6954784258596539,
        "recall": 0.41992665036674826,
        "f1-score": 0.45075278416935705,
        "support": 1636.0
    }
}