{
    "R2": 0.9878307356440499,
    "RMSE": 46.09754174792533,
    "MSE": 2124.9833552017185,
    "MAPE": 0.07256538688472747,
    "ACMAPE": 0.9661297433203709
}