{
    "R2": 0.989778074787767,
    "RMSE": 42.24856409481957,
    "MSE": 1784.9411680740777,
    "MAPE": 0.05959172378638159,
    "ACMAPE": 0.930878852499253
}