{
    "R2": 0.9456032419552965,
    "RMSE": 2.5933904690992526,
    "MSE": 6.725674125214842,
    "MAPE": 0.018713472091453492,
    "ACMAPE": 0.6698762627891279
}