{
    "DOWN": {
        "precision": 0.7936507936507936,
        "recall": 0.43478260869565216,
        "f1-score": 0.5617977528089887,
        "support": 115.0
    },
    "UP": {
        "precision": 0.375,
        "recall": 0.75,
        "f1-score": 0.5,
        "support": 52.0
    },
    "accuracy": 0.5329341317365269,
    "macro avg": {
        "precision": 0.5843253968253967,
        "recall": 0.592391304347826,
        "f1-score": 0.5308988764044944,
        "support": 167.0
    },
    "weighted avg": {
        "precision": 0.6632924626936603,
        "recall": 0.5329341317365269,
        "f1-score": 0.5425553387606808,
        "support": 167.0
    }
}