{
    "DOWN": {
        "precision": 0.810126582278481,
        "recall": 0.5981308411214953,
        "f1-score": 0.6881720430107526,
        "support": 107.0
    },
    "UP": {
        "precision": 0.44871794871794873,
        "recall": 0.7,
        "f1-score": 0.546875,
        "support": 50.0
    },
    "accuracy": 0.6305732484076433,
    "macro avg": {
        "precision": 0.6294222654982149,
        "recall": 0.6490654205607476,
        "f1-score": 0.6175235215053763,
        "support": 157.0
    },
    "weighted avg": {
        "precision": 0.6950282913356364,
        "recall": 0.6305732484076433,
        "f1-score": 0.6431729847270734,
        "support": 157.0
    }
}