{
    "R2": 0.8897835036872355,
    "RMSE": 3.213269542671153,
    "MSE": 10.325101153858078,
    "MAPE": 0.02556294118382168,
    "ACMAPE": 0.7644164443685351
}