{
    "R2": 0.9535065281691868,
    "RMSE": 2.4666209708967166,
    "MSE": 6.084219014067461,
    "MAPE": 0.018078480085306898,
    "ACMAPE": 0.616948536582482
}