{
    "R2": -3.2570346504897616,
    "RMSE": 77.7867518978658,
    "MSE": 6050.778770820128,
    "MAPE": 0.37469549967489485,
    "ACMAPE": 1.4656045905839856
}