{
    "R2": 0.9897465455196564,
    "RMSE": 245.56871805051352,
    "MSE": 60303.9952849726,
    "MAPE": 0.037644835654937765,
    "ACMAPE": 0.9195725464983112
}