{
    "R2": 0.9161956404310968,
    "RMSE": 374.37278030133956,
    "MSE": 140154.97863055504,
    "MAPE": 0.039177342575651086,
    "ACMAPE": 1.282007170491521
}