{
    "DOWN": {
<<<<<<< HEAD
        "precision": 0.9078138718173837,
        "recall": 0.5684442001099506,
        "f1-score": 0.6991210277214334,
        "support": 1819.0
    },
    "UP": {
        "precision": 0.16132478632478633,
        "recall": 0.58984375,
        "f1-score": 0.2533557046979866,
        "support": 256.0
    },
    "accuracy": 0.5710843373493976,
    "macro avg": {
        "precision": 0.534569329071085,
        "recall": 0.5791439750549753,
        "f1-score": 0.47623836620970994,
        "support": 2075.0
    },
    "weighted avg": {
        "precision": 0.8157169051252849,
        "recall": 0.5710843373493976,
        "f1-score": 0.6441254023267333,
=======
        "precision": 0.9124087591240876,
        "recall": 0.5497526113249038,
        "f1-score": 0.6861063464837049,
        "support": 1819.0
    },
    "UP": {
        "precision": 0.1634320735444331,
        "recall": 0.625,
        "f1-score": 0.2591093117408907,
        "support": 256.0
    },
    "accuracy": 0.5590361445783133,
    "macro avg": {
        "precision": 0.5379204163342604,
        "recall": 0.5873763056624519,
        "f1-score": 0.4726078291122978,
        "support": 2075.0
    },
    "weighted avg": {
        "precision": 0.8200048885176338,
        "recall": 0.5590361445783133,
        "f1-score": 0.6334262303901337,
>>>>>>> d5f42532be6a9c18a5da3fb21b671ebbe5b6efbf
        "support": 2075.0
    }
}