{
    "R2": 0.8959017696970624,
    "RMSE": 417.2464325983594,
    "MSE": 174094.58551605727,
    "MAPE": 0.05125523538243065,
    "ACMAPE": 1.5579473959942853
}