{
    "DOWN": {
        "precision": 0.5643340857787811,
        "recall": 0.7961783439490446,
        "f1-score": 0.6605019815059445,
        "support": 628.0
    },
    "UP": {
        "precision": 0.46218487394957986,
        "recall": 0.2217741935483871,
        "f1-score": 0.2997275204359673,
        "support": 496.0
    },
    "accuracy": 0.5427046263345195,
    "macro avg": {
        "precision": 0.5132594798641805,
        "recall": 0.5089762687487158,
        "f1-score": 0.4801147509709559,
        "support": 1124.0
    },
    "weighted avg": {
        "precision": 0.5192575652562865,
        "recall": 0.5427046263345195,
        "f1-score": 0.5012990164786236,
        "support": 1124.0
    }
}