{
<<<<<<< HEAD
    "R2": -0.20512141102048287,
    "RMSE": 1055.1333552812337,
    "MSE": 1113306.3974270339,
    "MAPE": 0.08718989957100769,
    "ACMAPE": 1.0017806469019686
=======
    "R2": -0.8523062581146437,
    "RMSE": 1308.1222964146612,
    "MSE": 1711183.9423771664,
    "MAPE": 0.10543334401689773,
    "ACMAPE": 1.0004511376112037
>>>>>>> d5f42532be6a9c18a5da3fb21b671ebbe5b6efbf
}