{
    "DOWN": {
        "precision": 0.6374453618261292,
        "recall": 0.9236453201970444,
        "f1-score": 0.7543103448275863,
        "support": 2842.0
    },
    "UP": {
        "precision": 0.41192411924119243,
        "recall": 0.09240121580547113,
        "f1-score": 0.1509433962264151,
        "support": 1645.0
    },
    "accuracy": 0.6188990416759528,
    "macro avg": {
        "precision": 0.5246847405336608,
        "recall": 0.5080232680012577,
        "f1-score": 0.4526268705270007,
        "support": 4487.0
    },
    "weighted avg": {
        "precision": 0.5547659671187032,
        "recall": 0.6188990416759528,
        "f1-score": 0.5331071733435376,
        "support": 4487.0
    }
}