{
    "DOWN": {
<<<<<<< HEAD
        "precision": 0.5643340857787811,
        "recall": 0.7961783439490446,
        "f1-score": 0.6605019815059445,
        "support": 628.0
    },
    "UP": {
        "precision": 0.46218487394957986,
        "recall": 0.2217741935483871,
        "f1-score": 0.2997275204359673,
        "support": 496.0
    },
    "accuracy": 0.5427046263345195,
    "macro avg": {
        "precision": 0.5132594798641805,
        "recall": 0.5089762687487158,
        "f1-score": 0.4801147509709559,
        "support": 1124.0
    },
    "weighted avg": {
        "precision": 0.5192575652562865,
        "recall": 0.5427046263345195,
        "f1-score": 0.5012990164786236,
=======
        "precision": 0.5712656784492588,
        "recall": 0.7977707006369427,
        "f1-score": 0.66578073089701,
        "support": 628.0
    },
    "UP": {
        "precision": 0.48582995951417,
        "recall": 0.24193548387096775,
        "f1-score": 0.3230148048452221,
        "support": 496.0
    },
    "accuracy": 0.552491103202847,
    "macro avg": {
        "precision": 0.5285478189817144,
        "recall": 0.5198530922539553,
        "f1-score": 0.494397767871116,
        "support": 1124.0
    },
    "weighted avg": {
        "precision": 0.5335645071042374,
        "recall": 0.552491103202847,
        "f1-score": 0.5145245927104559,
>>>>>>> d5f42532be6a9c18a5da3fb21b671ebbe5b6efbf
        "support": 1124.0
    }
}