{
    "DOWN": {
        "precision": 0.5900116144018583,
        "recall": 0.17931521355453583,
        "f1-score": 0.2750406063887385,
        "support": 2833.0
    },
    "UP": {
        "precision": 0.35702433628318586,
        "recall": 0.7852798053527981,
        "f1-score": 0.4908745247148289,
        "support": 1644.0
    },
    "accuracy": 0.40183158364976546,
    "macro avg": {
        "precision": 0.4735179753425221,
        "recall": 0.48229750945366695,
        "f1-score": 0.38295756555178373,
        "support": 4477.0
    },
    "weighted avg": {
        "precision": 0.5044563128099223,
        "recall": 0.40183158364976546,
        "f1-score": 0.35429701955114473,
        "support": 4477.0
    }
}