{
    "R2": -0.20512141102048287,
    "RMSE": 1055.1333552812337,
    "MSE": 1113306.3974270339,
    "MAPE": 0.08718989957100769,
    "ACMAPE": 1.0017806469019686
}