{
    "R2": 0.03559510861731474,
    "RMSE": 943.8905831142818,
    "MSE": 890929.4328918188,
    "MAPE": 0.09971526216335042,
    "ACMAPE": 0.9822775397434216
}