{
    "R2": -62.85494500751487,
    "RMSE": 142.492696445821,
    "MSE": 20304.16854040089,
    "MAPE": 0.9847564876697967,
    "ACMAPE": 1.9898326298017766
}