{
    "DOWN": {
        "precision": 0.6750902527075813,
        "recall": 0.338768115942029,
        "f1-score": 0.451145958986731,
        "support": 552.0
    },
    "UP": {
        "precision": 0.2857142857142857,
        "recall": 0.6186440677966102,
        "f1-score": 0.3908969210174029,
        "support": 236.0
    },
    "accuracy": 0.42258883248730966,
    "macro avg": {
        "precision": 0.4804022692109335,
        "recall": 0.47870609186931956,
        "f1-score": 0.421021440002067,
        "support": 788.0
    },
    "weighted avg": {
        "precision": 0.5584751153847161,
        "recall": 0.42258883248730966,
        "f1-score": 0.4331018308639373,
        "support": 788.0
    }
}