{
    "R2": 0.9532633430352115,
    "RMSE": 44.53725804120567,
    "MSE": 1983.567353828939,
    "MAPE": 0.16099824520375083,
    "ACMAPE": 1.5356014198069254
}