{
    "DOWN": {
        "precision": 0.950733752620545,
        "recall": 0.663254113345521,
        "f1-score": 0.7813913418048675,
        "support": 2735.0
    },
    "UP": {
        "precision": 0.24938875305623473,
        "recall": 0.765,
        "f1-score": 0.3761524277811924,
        "support": 400.0
    },
    "accuracy": 0.6762360446570973,
    "macro avg": {
        "precision": 0.6000612528383898,
        "recall": 0.7141270566727604,
        "f1-score": 0.5787718847930299,
        "support": 3135.0
    },
    "weighted avg": {
        "precision": 0.8612479472534879,
        "recall": 0.6762360446570973,
        "f1-score": 0.7296862172085452,
        "support": 3135.0
    }
}