{
    "R2": -187.53857764210719,
    "RMSE": 244.8473739496374,
    "MSE": 59950.23653003357,
    "MAPE": 0.7367927691089496,
    "ACMAPE": 1.8916151041343303
}