{
    "R2": -22.75053613577628,
    "RMSE": 86.90245512691558,
    "MSE": 7552.036707085577,
    "MAPE": 1.054956995810077,
    "ACMAPE": 2.3468351683989095
}