{
    "DOWN": {
        "precision": 0.6830985915492958,
        "recall": 0.5271739130434783,
        "f1-score": 0.5950920245398773,
        "support": 552.0
    },
    "UP": {
        "precision": 0.27900552486187846,
        "recall": 0.4279661016949153,
        "f1-score": 0.3377926421404682,
        "support": 236.0
    },
    "accuracy": 0.49746192893401014,
    "macro avg": {
        "precision": 0.4810520582055871,
        "recall": 0.47757000736919675,
        "f1-score": 0.46644233334017277,
        "support": 788.0
    },
    "weighted avg": {
        "precision": 0.5620757949271759,
        "recall": 0.49746192893401014,
        "f1-score": 0.5180328186436076,
        "support": 788.0
    }
}