{
    "DOWN": {
        "precision": 0.6538461538461539,
        "recall": 0.7555555555555555,
        "f1-score": 0.7010309278350516,
        "support": 45.0
    },
    "UP": {
        "precision": 0.5217391304347826,
        "recall": 0.4,
        "f1-score": 0.4528301886792453,
        "support": 30.0
    },
    "accuracy": 0.6133333333333333,
    "macro avg": {
        "precision": 0.5877926421404682,
        "recall": 0.5777777777777777,
        "f1-score": 0.5769305582571485,
        "support": 75.0
    },
    "weighted avg": {
        "precision": 0.6010033444816054,
        "recall": 0.6133333333333333,
        "f1-score": 0.6017506321727291,
        "support": 75.0
    }
}