{
    "DOWN": {
        "precision": 0.4,
        "recall": 0.13333333333333333,
        "f1-score": 0.2,
        "support": 45.0
    },
    "UP": {
        "precision": 0.35,
        "recall": 0.7,
        "f1-score": 0.4666666666666667,
        "support": 30.0
    },
    "accuracy": 0.36,
    "macro avg": {
        "precision": 0.375,
        "recall": 0.41666666666666663,
        "f1-score": 0.33333333333333337,
        "support": 75.0
    },
    "weighted avg": {
        "precision": 0.38,
        "recall": 0.36,
        "f1-score": 0.30666666666666664,
        "support": 75.0
    }
}