{
    "R2": 0.5747963334281923,
    "RMSE": 5.434680658382803,
    "MSE": 29.53575385860014,
    "MAPE": 0.05554597728350999,
    "ACMAPE": 1.25554597728351
}