{
    "DOWN": {
        "precision": 0.7183098591549296,
        "recall": 0.2562814070351759,
        "f1-score": 0.37777777777777777,
        "support": 199.0
    },
    "UP": {
        "precision": 0.34513274336283184,
        "recall": 0.7959183673469388,
        "f1-score": 0.48148148148148145,
        "support": 98.0
    },
    "accuracy": 0.43434343434343436,
    "macro avg": {
        "precision": 0.5317213012588807,
        "recall": 0.5260998871910574,
        "f1-score": 0.4296296296296296,
        "support": 297.0
    },
    "weighted avg": {
        "precision": 0.595173975829591,
        "recall": 0.43434343434343436,
        "f1-score": 0.4119965082928046,
        "support": 297.0
    }
}