{
    "DOWN": {
        "precision": 0.6794871794871795,
        "recall": 0.8071065989847716,
        "f1-score": 0.7378190255220418,
        "support": 197.0
    },
    "UP": {
        "precision": 0.3448275862068966,
        "recall": 0.21052631578947367,
        "f1-score": 0.26143790849673204,
        "support": 95.0
    },
    "accuracy": 0.613013698630137,
    "macro avg": {
        "precision": 0.512157382847038,
        "recall": 0.5088164573871226,
        "f1-score": 0.4996284670093869,
        "support": 292.0
    },
    "weighted avg": {
        "precision": 0.570608202221334,
        "recall": 0.613013698630137,
        "f1-score": 0.5828320182706568,
        "support": 292.0
    }
}