{
    "DOWN": {
        "precision": 0.6029411764705882,
        "recall": 0.9111111111111111,
        "f1-score": 0.7256637168141592,
        "support": 45.0
    },
    "UP": {
        "precision": 0.42857142857142855,
        "recall": 0.1,
        "f1-score": 0.16216216216216217,
        "support": 30.0
    },
    "accuracy": 0.5866666666666667,
    "macro avg": {
        "precision": 0.5157563025210083,
        "recall": 0.5055555555555555,
        "f1-score": 0.4439129394881607,
        "support": 75.0
    },
    "weighted avg": {
        "precision": 0.5331932773109244,
        "recall": 0.5866666666666667,
        "f1-score": 0.5002630949533603,
        "support": 75.0
    }
}