{
    "R2": 0.9624252868007511,
    "RMSE": 85.60118389945025,
    "MSE": 7327.5626849875,
    "MAPE": 0.2018222613082478,
    "ACMAPE": 1.1492644477132934
}