{
    "DOWN": {
        "precision": 0.8757763975155279,
        "recall": 0.13140726933830382,
        "f1-score": 0.22852512155591573,
        "support": 1073.0
    },
    "UP": {
        "precision": 0.27527216174183516,
        "recall": 0.946524064171123,
        "f1-score": 0.42650602409638555,
        "support": 374.0
    },
    "accuracy": 0.34208707671043537,
    "macro avg": {
        "precision": 0.5755242796286816,
        "recall": 0.5389656667547134,
        "f1-score": 0.3275155728261506,
        "support": 1447.0
    },
    "weighted avg": {
        "precision": 0.7205665950418851,
        "recall": 0.34208707671043537,
        "f1-score": 0.2796964121918077,
        "support": 1447.0
    }
}