{
    "R2": 0.9892390211202687,
    "RMSE": 45.97229802568249,
    "MSE": 2113.4521857621703,
    "MAPE": 0.11250283773493783,
    "ACMAPE": 1.428328684314067
}