{
    "DOWN": {
<<<<<<< HEAD
        "precision": 0.0,
        "recall": 0.0,
        "f1-score": 0.0,
        "support": 229.0
    },
    "UP": {
        "precision": 0.3674033149171271,
        "recall": 1.0,
        "f1-score": 0.5373737373737374,
        "support": 133.0
    },
    "accuracy": 0.3674033149171271,
    "macro avg": {
        "precision": 0.18370165745856354,
        "recall": 0.5,
        "f1-score": 0.2686868686868687,
        "support": 362.0
    },
    "weighted avg": {
        "precision": 0.13498519581209364,
        "recall": 0.3674033149171271,
        "f1-score": 0.1974328924605168,
=======
        "precision": 1.0,
        "recall": 0.004366812227074236,
        "f1-score": 0.008695652173913044,
        "support": 229.0
    },
    "UP": {
        "precision": 0.3684210526315789,
        "recall": 1.0,
        "f1-score": 0.5384615384615384,
        "support": 133.0
    },
    "accuracy": 0.3701657458563536,
    "macro avg": {
        "precision": 0.6842105263157895,
        "recall": 0.5021834061135371,
        "f1-score": 0.2735785953177257,
        "support": 362.0
    },
    "weighted avg": {
        "precision": 0.7679558011049724,
        "recall": 0.3701657458563536,
        "f1-score": 0.20333339492599642,
>>>>>>> d5f42532be6a9c18a5da3fb21b671ebbe5b6efbf
        "support": 362.0
    }
}