{
    "R2": -10.274328932932765,
    "RMSE": 53.90927892953934,
    "MSE": 2906.210354702874,
    "MAPE": 0.28732538717921574,
    "ACMAPE": 1.5359441717096027
}