{
    "DOWN": {
        "precision": 0.6111111111111112,
        "recall": 0.8461538461538461,
        "f1-score": 0.7096774193548387,
        "support": 91.0
    },
    "UP": {
        "precision": 0.5882352941176471,
        "recall": 0.2898550724637681,
        "f1-score": 0.38834951456310673,
        "support": 69.0
    },
    "accuracy": 0.60625,
    "macro avg": {
        "precision": 0.5996732026143792,
        "recall": 0.5680044593088072,
        "f1-score": 0.5490134669589728,
        "support": 160.0
    },
    "weighted avg": {
        "precision": 0.6012459150326798,
        "recall": 0.60625,
        "f1-score": 0.5711047604134043,
        "support": 160.0
    }
}