{
    "DOWN": {
        "precision": 0.6696165191740413,
        "recall": 0.5761421319796954,
        "f1-score": 0.6193724420190996,
        "support": 394.0
    },
    "UP": {
        "precision": 0.41403508771929826,
        "recall": 0.5130434782608696,
        "f1-score": 0.458252427184466,
        "support": 230.0
    },
    "accuracy": 0.5528846153846154,
    "macro avg": {
        "precision": 0.5418258034466698,
        "recall": 0.5445928051202825,
        "f1-score": 0.5388124346017829,
        "support": 624.0
    },
    "weighted avg": {
        "precision": 0.5754118248878379,
        "recall": 0.5528846153846154,
        "f1-score": 0.5599852570640262,
        "support": 624.0
    }
}