{
    "R2": 0.8669737210367057,
    "RMSE": 3.7398085157658665,
    "MSE": 13.986167734594893,
    "MAPE": 0.014047414295877777,
    "ACMAPE": 0.8390474142958777
}