{
    "R2": 0.9290297407164688,
    "RMSE": 4.418409900100775,
    "MSE": 19.522346045308538,
    "MAPE": 0.018093271038106724,
    "ACMAPE": 0.9770838073157093
}