{
    "R2": 0.8806975828010243,
    "RMSE": 5.148941915668563,
    "MSE": 26.511602850928647,
    "MAPE": 0.025827136293221382,
    "ACMAPE": 0.9200579055239906
}