{
    "DOWN": {
        "precision": 0.5954198473282443,
        "recall": 0.8571428571428571,
        "f1-score": 0.7027027027027027,
        "support": 91.0
    },
    "UP": {
        "precision": 0.5517241379310345,
        "recall": 0.2318840579710145,
        "f1-score": 0.32653061224489793,
        "support": 69.0
    },
    "accuracy": 0.5875,
    "macro avg": {
        "precision": 0.5735719926296394,
        "recall": 0.5445134575569358,
        "f1-score": 0.5146166574738004,
        "support": 160.0
    },
    "weighted avg": {
        "precision": 0.5765760726506975,
        "recall": 0.5875,
        "f1-score": 0.5404784886927744,
        "support": 160.0
    }
}