{
    "R2": 0.26557193935581547,
    "RMSE": 84.99860920911907,
    "MSE": 7224.76356748454,
    "MAPE": 0.05470448936828184,
    "ACMAPE": 0.8047044893682819
}