{
    "DOWN": {
        "precision": 0.6795865633074936,
        "recall": 0.5950226244343891,
        "f1-score": 0.6344993968636911,
        "support": 442.0
    },
    "UP": {
        "precision": 0.284,
        "recall": 0.3641025641025641,
        "f1-score": 0.3191011235955056,
        "support": 195.0
    },
    "accuracy": 0.5243328100470958,
    "macro avg": {
        "precision": 0.4817932816537468,
        "recall": 0.4795625942684766,
        "f1-score": 0.4768002602295983,
        "support": 637.0
    },
    "weighted avg": {
        "precision": 0.5584886357643833,
        "recall": 0.5243328100470958,
        "f1-score": 0.5379489050468995,
        "support": 637.0
    }
}