{
    "R2": 0.6724026524443178,
    "RMSE": 56.76849452763437,
    "MSE": 3222.6619709340534,
    "MAPE": 0.035024458767609276,
    "ACMAPE": 0.7725244587676093
}