{
    "DOWN": {
        "precision": 0.6896551724137931,
        "recall": 0.5714285714285714,
        "f1-score": 0.625,
        "support": 105.0
    },
    "UP": {
        "precision": 0.3835616438356164,
        "recall": 0.509090909090909,
        "f1-score": 0.43749999999999994,
        "support": 55.0
    },
    "accuracy": 0.55,
    "macro avg": {
        "precision": 0.5366084081247048,
        "recall": 0.5402597402597402,
        "f1-score": 0.53125,
        "support": 160.0
    },
    "weighted avg": {
        "precision": 0.5844355219650449,
        "recall": 0.55,
        "f1-score": 0.560546875,
        "support": 160.0
    }
}