{
    "R2": 0.9936248903215306,
    "RMSE": 12.03960697728451,
    "MSE": 144.95213616747785,
    "MAPE": 0.0849751406699898,
    "ACMAPE": 0.9348296942613973
}