{
    "R2": 0.9850451169171579,
    "RMSE": 8.855985065182171,
    "MSE": 78.42847147472966,
    "MAPE": 0.016121814855805276,
    "ACMAPE": 0.680401134461893
}