{
    "DOWN": {
        "precision": 0.6530398322851153,
        "recall": 0.4018058690744921,
        "f1-score": 0.49750449191455376,
        "support": 3101.0
    },
    "UP": {
        "precision": 0.2742566510172144,
        "recall": 0.5143066764490095,
        "f1-score": 0.35774432253125793,
        "support": 1363.0
    },
    "accuracy": 0.4361559139784946,
    "macro avg": {
        "precision": 0.46364824165116486,
        "recall": 0.4580562727617508,
        "f1-score": 0.42762440722290584,
        "support": 4464.0
    },
    "weighted avg": {
        "precision": 0.5373853797608884,
        "recall": 0.4361559139784946,
        "f1-score": 0.45483130399577415,
        "support": 4464.0
    }
}