{
    "R2": 0.008861682183133768,
    "RMSE": 18.714821007833553,
    "MSE": 350.2445253552481,
    "MAPE": 0.22647851252414747,
    "ACMAPE": 2.1074068677209183
}