{
    "R2": 0.9844685321372657,
    "RMSE": 12.942475436850184,
    "MSE": 167.5076704334704,
    "MAPE": 0.3763797457293082,
    "ACMAPE": 1.1047122343253548
}