{
    "R2": 0.9076698806464494,
    "RMSE": 31.500630440900547,
    "MSE": 992.2897181741902,
    "MAPE": 0.6271407655976615,
    "ACMAPE": 1.7470599779177827
}