{
    "DOWN": {
        "precision": 0.8148148148148148,
        "recall": 0.02268041237113402,
        "f1-score": 0.04413239719157472,
        "support": 970.0
    },
    "UP": {
        "precision": 0.016597510373443983,
        "recall": 0.7619047619047619,
        "f1-score": 0.03248730964467005,
        "support": 21.0
    },
    "accuracy": 0.03834510595358224,
    "macro avg": {
        "precision": 0.4157061625941294,
        "recall": 0.39229258713794796,
        "f1-score": 0.03830985341812239,
        "support": 991.0
    },
    "weighted avg": {
        "precision": 0.797900018252485,
        "recall": 0.03834510595358224,
        "f1-score": 0.04388562944335574,
        "support": 991.0
    }
}