{
    "R2": 0.9790159758587212,
    "RMSE": 2.7230958805416443,
    "MSE": 7.415251174622874,
    "MAPE": 0.03688618561816616,
    "ACMAPE": 0.1337580322377423
}