{
    "DOWN": {
        "precision": 0.7871825876662636,
        "recall": 0.19877862595419848,
        "f1-score": 0.3174061433447099,
        "support": 3275.0
    },
    "UP": {
        "precision": 0.2280082377169756,
        "recall": 0.814931650893796,
        "f1-score": 0.3563218390804597,
        "support": 951.0
    },
    "accuracy": 0.3374349266445812,
    "macro avg": {
        "precision": 0.5075954126916196,
        "recall": 0.5068551384239972,
        "f1-score": 0.3368639912125848,
        "support": 4226.0
    },
    "weighted avg": {
        "precision": 0.6613485112815563,
        "recall": 0.3374349266445812,
        "f1-score": 0.32616355618065357,
        "support": 4226.0
    }
}