{
    "R2": 0.8882081938379004,
    "RMSE": 65.228847827028,
    "MSE": 4254.802588841577,
    "MAPE": 0.7048050436773153,
    "ACMAPE": 2.029935190388153
}