{
    "DOWN": {
        "precision": 0.7349397590361446,
        "recall": 0.16732703444071928,
        "f1-score": 0.27259185700099303,
        "support": 3281.0
    },
    "UP": {
        "precision": 0.2169676124964173,
        "recall": 0.7926701570680629,
        "f1-score": 0.3406840684068406,
        "support": 955.0
    },
    "accuracy": 0.3083097261567517,
    "macro avg": {
        "precision": 0.47595368576628094,
        "recall": 0.4799985957543911,
        "f1-score": 0.30663796270391686,
        "support": 4236.0
    },
    "weighted avg": {
        "precision": 0.6181636967260786,
        "recall": 0.3083097261567517,
        "f1-score": 0.28794314639962015,
        "support": 4236.0
    }
}