{
    "R2": 0.9777246450255432,
    "RMSE": 21.869178219959664,
    "MSE": 478.26095601635814,
    "MAPE": 0.1157425756530583,
    "ACMAPE": 1.1805889920353108
}