{
<<<<<<< HEAD
    "R2": 0.9777246450255432,
    "RMSE": 21.869178219959664,
    "MSE": 478.26095601635814,
    "MAPE": 0.1157425756530583,
    "ACMAPE": 1.1805889920353108
=======
    "R2": 0.9747118180927975,
    "RMSE": 23.301235568201477,
    "MSE": 542.9475790048176,
    "MAPE": 0.13994272877147737,
    "ACMAPE": 1.2628096229694297
>>>>>>> d5f42532be6a9c18a5da3fb21b671ebbe5b6efbf
}