{
    "R2": 0.9787614371745178,
    "RMSE": 21.010471546841032,
    "MSE": 441.43991462061655,
    "MAPE": 0.05065767538629318,
    "ACMAPE": 1.0572583354522997
}