{
    "R2": -1.7174095637843587,
    "RMSE": 9.17636667393395,
    "MSE": 84.20570533448564,
    "MAPE": 0.12959601652599856,
    "ACMAPE": 1.5733046257975218
}