{
    "R2": 0.9259467726717692,
    "RMSE": 39.71161286794225,
    "MSE": 1577.0121965733167,
    "MAPE": 0.1308192986410597,
    "ACMAPE": 1.1358954407730395
}