{
    "R2": -18.693371235059814,
    "RMSE": 24.703201627937972,
    "MSE": 610.2481706705573,
    "MAPE": 0.38154171135733506,
    "ACMAPE": 1.8782304530791896
}