{
    "DOWN": {
        "precision": 0.6965174129353234,
        "recall": 0.691358024691358,
        "f1-score": 0.6939281288723669,
        "support": 405.0
    },
    "UP": {
        "precision": 0.37185929648241206,
        "recall": 0.37755102040816324,
        "f1-score": 0.37468354430379747,
        "support": 196.0
    },
    "accuracy": 0.589018302828619,
    "macro avg": {
        "precision": 0.5341883547088677,
        "recall": 0.5344545225497606,
        "f1-score": 0.5343058365880822,
        "support": 601.0
    },
    "weighted avg": {
        "precision": 0.5906388924282175,
        "recall": 0.589018302828619,
        "f1-score": 0.5898150863175589,
        "support": 601.0
    }
}