{
    "DOWN": {
        "precision": 0.7005988023952096,
        "recall": 0.29545454545454547,
        "f1-score": 0.41563055062166965,
        "support": 396.0
    },
    "UP": {
        "precision": 0.3341288782816229,
        "recall": 0.7368421052631579,
        "f1-score": 0.4597701149425288,
        "support": 190.0
    },
    "accuracy": 0.43856655290102387,
    "macro avg": {
        "precision": 0.5173638403384162,
        "recall": 0.5161483253588517,
        "f1-score": 0.4377003327820992,
        "support": 586.0
    },
    "weighted avg": {
        "precision": 0.5817774959419988,
        "recall": 0.43856655290102387,
        "f1-score": 0.4299420134560779,
        "support": 586.0
    }
}