{
    "DOWN": {
        "precision": 0.7361111111111112,
        "recall": 0.1318407960199005,
        "f1-score": 0.22362869198312238,
        "support": 402.0
    },
    "UP": {
        "precision": 0.33396946564885494,
        "recall": 0.9020618556701031,
        "f1-score": 0.4874651810584958,
        "support": 194.0
    },
    "accuracy": 0.3825503355704698,
    "macro avg": {
        "precision": 0.5350402883799831,
        "recall": 0.5169513258450018,
        "f1-score": 0.3555469365208091,
        "support": 596.0
    },
    "weighted avg": {
        "precision": 0.6052126560445379,
        "recall": 0.3825503355704698,
        "f1-score": 0.3095083545345024,
        "support": 596.0
    }
}