{
    "DOWN": {
        "precision": 0.904993909866017,
        "recall": 0.9893475366178429,
        "f1-score": 0.94529262086514,
        "support": 3755.0
    },
    "UP": {
        "precision": 0.3442622950819672,
        "recall": 0.051094890510948905,
        "f1-score": 0.08898305084745764,
        "support": 411.0
    },
    "accuracy": 0.8967834853576572,
    "macro avg": {
        "precision": 0.6246281024739921,
        "recall": 0.5202212135643959,
        "f1-score": 0.5171378358562988,
        "support": 4166.0
    },
    "weighted avg": {
        "precision": 0.8496744922769041,
        "recall": 0.8967834853576572,
        "f1-score": 0.8608127280957527,
        "support": 4166.0
    }
}