{
    "R2": 0.6903496499733753,
    "RMSE": 11.297179573058077,
    "MSE": 127.62626630592068,
    "MAPE": 0.04106372569303145,
    "ACMAPE": 0.628959979295337
}