{
    "DOWN": {
        "precision": 0.6834577114427861,
        "recall": 0.3377381684081131,
        "f1-score": 0.4520773344302756,
        "support": 3254.0
    },
    "UP": {
        "precision": 0.12291412291412292,
        "recall": 0.3723797780517879,
        "f1-score": 0.18482252141982863,
        "support": 811.0
    },
    "accuracy": 0.34464944649446494,
    "macro avg": {
        "precision": 0.40318591717845453,
        "recall": 0.3550589732299505,
        "f1-score": 0.3184499279250521,
        "support": 4065.0
    },
    "weighted avg": {
        "precision": 0.5716247839405116,
        "recall": 0.34464944649446494,
        "f1-score": 0.39875786251109413,
        "support": 4065.0
    }
}