{
    "R2": 0.9944910032399645,
    "RMSE": 152.00728322259485,
    "MSE": 23106.214152714165,
    "MAPE": 0.10694104936830555,
    "ACMAPE": 1.6961699355372162
}