{
    "R2": 0.991438294437675,
    "RMSE": 189.6407351260808,
    "MSE": 35963.608419160344,
    "MAPE": 0.13057554578315383,
    "ACMAPE": 1.441276652794224
}