{
    "R2": 0.9966301419814674,
    "RMSE": 118.90916407034723,
    "MSE": 14139.389299908757,
    "MAPE": 0.06852985372187943,
    "ACMAPE": 1.6351965203885461
}