{
    "DOWN": {
        "precision": 0.6442307692307693,
        "recall": 0.10634920634920635,
        "f1-score": 0.1825613079019074,
        "support": 630.0
    },
    "UP": {
        "precision": 0.386041439476554,
        "recall": 0.9053708439897699,
        "f1-score": 0.5412844036697247,
        "support": 391.0
    },
    "accuracy": 0.41234084231145934,
    "macro avg": {
        "precision": 0.5151361043536616,
        "recall": 0.5058600251694881,
        "f1-score": 0.36192285578581607,
        "support": 1021.0
    },
    "weighted avg": {
        "precision": 0.5453551297264616,
        "recall": 0.41234084231145934,
        "f1-score": 0.3199371457522664,
        "support": 1021.0
    }
}