{
    "R2": 0.20996727746376087,
    "RMSE": 571.605218083299,
    "MSE": 326732.5253400557,
    "MAPE": 0.21175001802266186,
    "ACMAPE": 1.3420144646436216
}