{
    "DOWN": {
        "precision": 0.5925925925925926,
        "recall": 0.024457352491592785,
        "f1-score": 0.04697592483852026,
        "support": 3271.0
    },
    "UP": {
        "precision": 0.1921518987341772,
        "recall": 0.9324324324324325,
        "f1-score": 0.31863979848866497,
        "support": 814.0
    },
    "accuracy": 0.20538555691554466,
    "macro avg": {
        "precision": 0.3923722456633849,
        "recall": 0.4784448924620126,
        "f1-score": 0.1828078616635926,
        "support": 4085.0
    },
    "weighted avg": {
        "precision": 0.5127985351138287,
        "recall": 0.20538555691554466,
        "f1-score": 0.10110919121580736,
        "support": 4085.0
    }
}