{
    "DOWN": {
        "precision": 0.6666666666666666,
        "recall": 0.16825396825396827,
        "f1-score": 0.2686945500633714,
        "support": 630.0
    },
    "UP": {
        "precision": 0.39211136890951276,
        "recall": 0.8644501278772379,
        "f1-score": 0.5395051875498803,
        "support": 391.0
    },
    "accuracy": 0.4348677766895201,
    "macro avg": {
        "precision": 0.5293890177880897,
        "recall": 0.5163520480656031,
        "f1-score": 0.40409986880662585,
        "support": 1021.0
    },
    "weighted avg": {
        "precision": 0.561523550679353,
        "recall": 0.4348677766895201,
        "f1-score": 0.3724036188755408,
        "support": 1021.0
    }
}