{
<<<<<<< HEAD
    "R2": 0.8693098826913546,
    "RMSE": 60.7912769252822,
    "MSE": 3695.5793502063475,
    "MAPE": 0.15816051159143116,
    "ACMAPE": 1.2736720627465465
=======
    "R2": 0.8873331158167405,
    "RMSE": 56.44403259458594,
    "MSE": 3185.9288155386803,
    "MAPE": 0.14228738481324904,
    "ACMAPE": 1.2599991559903667
>>>>>>> d5f42532be6a9c18a5da3fb21b671ebbe5b6efbf
}