{
    "DOWN": {
<<<<<<< HEAD
        "precision": 0.6578947368421053,
        "recall": 0.2568493150684932,
        "f1-score": 0.3694581280788178,
        "support": 292.0
    },
    "UP": {
        "precision": 0.3710144927536232,
        "recall": 0.7664670658682635,
        "f1-score": 0.5,
        "support": 167.0
    },
    "accuracy": 0.4422657952069717,
    "macro avg": {
        "precision": 0.5144546147978643,
        "recall": 0.5116581904683783,
        "f1-score": 0.4347290640394089,
        "support": 459.0
    },
    "weighted avg": {
        "precision": 0.5535178288622,
        "recall": 0.4422657952069717,
        "f1-score": 0.4169537546819494,
=======
        "precision": 0.6614173228346457,
        "recall": 0.2876712328767123,
        "f1-score": 0.4009546539379475,
        "support": 292.0
    },
    "UP": {
        "precision": 0.37349397590361444,
        "recall": 0.7425149700598802,
        "f1-score": 0.4969939879759519,
        "support": 167.0
    },
    "accuracy": 0.4531590413943355,
    "macro avg": {
        "precision": 0.51745564936913,
        "recall": 0.5150931014682962,
        "f1-score": 0.44897432095694967,
        "support": 459.0
    },
    "weighted avg": {
        "precision": 0.5566608981342488,
        "recall": 0.4531590413943355,
        "f1-score": 0.43589706959011904,
>>>>>>> d5f42532be6a9c18a5da3fb21b671ebbe5b6efbf
        "support": 459.0
    }
}