{
    "DOWN": {
        "precision": 0.7375201288244766,
        "recall": 0.34988540870893814,
        "f1-score": 0.4746113989637306,
        "support": 1309.0
    },
    "UP": {
        "precision": 0.28905597326649957,
        "recall": 0.6797642436149313,
        "f1-score": 0.4056271981242673,
        "support": 509.0
    },
    "accuracy": 0.44224422442244227,
    "macro avg": {
        "precision": 0.513288051045488,
        "recall": 0.5148248261619347,
        "f1-score": 0.44011929854399895,
        "support": 1818.0
    },
    "weighted avg": {
        "precision": 0.6119600324663851,
        "recall": 0.44224422442244227,
        "f1-score": 0.45529734053287974,
        "support": 1818.0
    }
}