{
    "R2": 0.8400052951244283,
    "RMSE": 258.08251184208217,
    "MSE": 66606.58291871849,
    "MAPE": 0.06606567400528111,
    "ACMAPE": 0.8709437227857689
}