{
    "DOWN": {
        "precision": 0.6789791806581599,
        "recall": 0.9199272065514104,
        "f1-score": 0.7812982998454406,
        "support": 1099.0
    },
    "UP": {
        "precision": 0.37142857142857144,
        "recall": 0.09811320754716982,
        "f1-score": 0.15522388059701495,
        "support": 530.0
    },
    "accuracy": 0.6525475751995089,
    "macro avg": {
        "precision": 0.5252038760433657,
        "recall": 0.5090202070492901,
        "f1-score": 0.4682610902212278,
        "support": 1629.0
    },
    "weighted avg": {
        "precision": 0.5789166742789813,
        "recall": 0.6525475751995089,
        "f1-score": 0.5776031235399369,
        "support": 1629.0
    }
}