{
    "R2": 0.9108194020307538,
    "RMSE": 192.68191861642052,
    "MSE": 37126.3217617049,
    "MAPE": 0.04781477198100977,
    "ACMAPE": 0.8283025768590586
}