{
    "DOWN": {
        "precision": 0.6768916155419223,
        "recall": 0.9010889292196007,
        "f1-score": 0.7730634488127677,
        "support": 1102.0
    },
    "UP": {
        "precision": 0.3473053892215569,
        "recall": 0.10902255639097744,
        "f1-score": 0.1659513590844063,
        "support": 532.0
    },
    "accuracy": 0.6432068543451652,
    "macro avg": {
        "precision": 0.5120985023817396,
        "recall": 0.5050557428052891,
        "f1-score": 0.469507403948587,
        "support": 1634.0
    },
    "weighted avg": {
        "precision": 0.56958447208878,
        "recall": 0.6432068543451652,
        "f1-score": 0.5753990475058594,
        "support": 1634.0
    }
}