{
    "DOWN": {
        "precision": 0.6996649406031069,
        "recall": 0.7484522645812969,
        "f1-score": 0.7232367758186398,
        "support": 3069.0
    },
    "UP": {
        "precision": 0.29304029304029305,
        "recall": 0.2450229709035222,
        "f1-score": 0.2668890742285238,
        "support": 1306.0
    },
    "accuracy": 0.5981714285714286,
    "macro avg": {
        "precision": 0.49635261682169995,
        "recall": 0.49673761774240954,
        "f1-score": 0.4950629250235818,
        "support": 4375.0
    },
    "weighted avg": {
        "precision": 0.5782816743820705,
        "recall": 0.5981714285714286,
        "f1-score": 0.5870104676411103,
        "support": 4375.0
    }
}