{
    "R2": 0.9635254222469252,
    "RMSE": 216.71399171179246,
    "MSE": 46964.95420365885,
    "MAPE": 0.20237488009290433,
    "ACMAPE": 1.0060320229500472
}