{
    "DOWN": {
        "precision": 0.69921875,
        "recall": 0.5840130505709625,
        "f1-score": 0.6364444444444445,
        "support": 3065.0
    },
    "UP": {
        "precision": 0.2955801104972376,
        "recall": 0.4099616858237548,
        "f1-score": 0.3434991974317817,
        "support": 1305.0
    },
    "accuracy": 0.5320366132723112,
    "macro avg": {
        "precision": 0.49739943024861877,
        "recall": 0.49698736819735867,
        "f1-score": 0.4899718209381131,
        "support": 4370.0
    },
    "weighted avg": {
        "precision": 0.5786813530775503,
        "recall": 0.5320366132723112,
        "f1-score": 0.5489630834944388,
        "support": 4370.0
    }
}