{
    "R2": 0.9110685943607832,
    "RMSE": 338.89940989907336,
    "MSE": 114852.81002994014,
    "MAPE": 0.7211323650535217,
    "ACMAPE": 2.1215910806498517
}