{
    "DOWN": {
        "precision": 0.7454147276211334,
        "recall": 0.8919095971175892,
        "f1-score": 0.8121085594989561,
        "support": 3053.0
    },
    "UP": {
        "precision": 0.34393638170974156,
        "recall": 0.15684496826835903,
        "f1-score": 0.2154420921544209,
        "support": 1103.0
    },
    "accuracy": 0.6968238691049086,
    "macro avg": {
        "precision": 0.5446755546654375,
        "recall": 0.5243772826929741,
        "f1-score": 0.5137753258266885,
        "support": 4156.0
    },
    "weighted avg": {
        "precision": 0.6388626064613006,
        "recall": 0.6968238691049086,
        "f1-score": 0.6537536236276803,
        "support": 4156.0
    }
}