{
    "DOWN": {
        "precision": 0.7506105834464043,
        "recall": 0.9045127534336167,
        "f1-score": 0.82040634732315,
        "support": 3058.0
    },
    "UP": {
        "precision": 0.3865546218487395,
        "recall": 0.16681776971894832,
        "f1-score": 0.23305889803673216,
        "support": 1103.0
    },
    "accuracy": 0.7089641913001682,
    "macro avg": {
        "precision": 0.5685826026475719,
        "recall": 0.5356652615762825,
        "f1-score": 0.526732622679941,
        "support": 4161.0
    },
    "weighted avg": {
        "precision": 0.654106443662164,
        "recall": 0.7089641913001682,
        "f1-score": 0.664711986216945,
        "support": 4161.0
    }
}