{
    "R2": 0.9230401471922968,
    "RMSE": 28.042512675313017,
    "MSE": 786.3825171450912,
    "MAPE": 0.30225468031223934,
    "ACMAPE": 0.9086069421024222
}