{
    "DOWN": {
<<<<<<< HEAD
        "precision": 0.759956942949408,
        "recall": 0.8982188295165394,
        "f1-score": 0.8233236151603499,
        "support": 786.0
    },
    "UP": {
        "precision": 0.24528301886792453,
        "recall": 0.10441767068273092,
        "f1-score": 0.14647887323943662,
        "support": 249.0
    },
    "accuracy": 0.7072463768115942,
    "macro avg": {
        "precision": 0.5026199809086662,
        "recall": 0.5013182500996352,
        "f1-score": 0.4849012441998933,
        "support": 1035.0
    },
    "weighted avg": {
        "precision": 0.6361368394747322,
        "recall": 0.7072463768115942,
        "f1-score": 0.6604885033358983,
=======
        "precision": 0.6494845360824743,
        "recall": 0.16030534351145037,
        "f1-score": 0.2571428571428571,
        "support": 786.0
    },
    "UP": {
        "precision": 0.21521997621878716,
        "recall": 0.7269076305220884,
        "f1-score": 0.3321100917431193,
        "support": 249.0
    },
    "accuracy": 0.2966183574879227,
    "macro avg": {
        "precision": 0.4323522561506307,
        "recall": 0.4436064870167694,
        "f1-score": 0.2946264744429882,
        "support": 1035.0
    },
    "weighted avg": {
        "precision": 0.5450092941442538,
        "recall": 0.2966183574879227,
        "f1-score": 0.27517845271335495,
>>>>>>> d5f42532be6a9c18a5da3fb21b671ebbe5b6efbf
        "support": 1035.0
    }
}