{
    "R2": 0.9962972984399374,
    "RMSE": 83.81509090742263,
    "MSE": 7024.96946381952,
    "MAPE": 0.036456072035164294,
    "ACMAPE": 0.35531071896552113
}