{
    "DOWN": {
        "precision": 0.9665416786847418,
        "recall": 0.8609969167523125,
        "f1-score": 0.9107215654300856,
        "support": 3892.0
    },
    "UP": {
        "precision": 0.172782874617737,
        "recall": 0.49344978165938863,
        "f1-score": 0.2559456398640996,
        "support": 229.0
    },
    "accuracy": 0.8405726765348216,
    "macro avg": {
        "precision": 0.5696622766512394,
        "recall": 0.6772233492058506,
        "f1-score": 0.5833336026470927,
        "support": 4121.0
    },
    "weighted avg": {
        "precision": 0.9224332666169563,
        "recall": 0.8405726765348216,
        "f1-score": 0.8743362980302771,
        "support": 4121.0
    }
}