{
    "R2": 0.9615822228646674,
    "RMSE": 26.41963331930732,
    "MSE": 697.9970247266534,
    "MAPE": 0.1081366759440028,
    "ACMAPE": 0.6936439223208144
}