{
    "R2": 0.9969047714975561,
    "RMSE": 76.58684113564016,
    "MSE": 5865.544235135782,
    "MAPE": 0.1791463502759845,
    "ACMAPE": 1.393362984705385
}