{
    "R2": 0.9979879118741389,
    "RMSE": 61.76132126849178,
    "MSE": 3814.460804829855,
    "MAPE": 0.10153378279533415,
    "ACMAPE": 1.9756562712969077
}