{
    "DOWN": {
        "precision": 0.6597938144329897,
        "recall": 0.016401845207585853,
        "f1-score": 0.03200800200050013,
        "support": 3902.0
    },
    "UP": {
        "precision": 0.04858701041150223,
        "recall": 0.8558951965065502,
        "f1-score": 0.09195402298850573,
        "support": 229.0
    },
    "accuracy": 0.06293875574921326,
    "macro avg": {
        "precision": 0.35419041242224597,
        "recall": 0.436148520857068,
        "f1-score": 0.06198101249450293,
        "support": 4131.0
    },
    "weighted avg": {
        "precision": 0.6259118589449915,
        "recall": 0.06293875574921326,
        "f1-score": 0.03533108086911627,
        "support": 4131.0
    }
}