{
    "DOWN": {
        "precision": 0.559322033898305,
        "recall": 0.00843558282208589,
        "f1-score": 0.01662049861495845,
        "support": 3912.0
    },
    "UP": {
        "precision": 0.049730524252817244,
        "recall": 0.8864628820960698,
        "f1-score": 0.09417768499188124,
        "support": 229.0
    },
    "accuracy": 0.056991064960154554,
    "macro avg": {
        "precision": 0.3045262790755611,
        "recall": 0.44744923245907786,
        "f1-score": 0.05539909180341984,
        "support": 4141.0
    },
    "weighted avg": {
        "precision": 0.5311412911528772,
        "recall": 0.056991064960154554,
        "f1-score": 0.02090946159016138,
        "support": 4141.0
    }
}