{
    "R2": 0.7775721903860431,
    "RMSE": 63.570439186782515,
    "MSE": 4041.2007384004137,
    "MAPE": 0.8641944678474418,
    "ACMAPE": 2.357914274610727
}