{
    "R2": 0.9807323503315397,
    "RMSE": 10.73615162949039,
    "MSE": 115.26495181140918,
    "MAPE": 0.04227026936039887,
    "ACMAPE": 1.2482525943094132
}