{
    "R2": 0.9654056424621497,
    "RMSE": 31.1317951448126,
    "MSE": 969.1886689385774,
    "MAPE": 0.03190505033542692,
    "ACMAPE": 0.7124480367607663
}