{
    "R2": -0.9603284566107206,
    "RMSE": 234.3505361056952,
    "MSE": 54920.17377302675,
    "MAPE": 0.20824369106602264,
    "ACMAPE": 0.9901441435547105
}