{
    "DOWN": {
        "precision": 0.660559305689489,
        "recall": 0.9716312056737588,
        "f1-score": 0.7864523536165328,
        "support": 705.0
    },
    "UP": {
        "precision": 0.7058823529411765,
        "recall": 0.12,
        "f1-score": 0.20512820512820512,
        "support": 400.0
    },
    "accuracy": 0.6633484162895927,
    "macro avg": {
        "precision": 0.6832208293153328,
        "recall": 0.5458156028368795,
        "f1-score": 0.49579027937236897,
        "support": 1105.0
    },
    "weighted avg": {
        "precision": 0.6769658386312764,
        "recall": 0.6633484162895927,
        "f1-score": 0.5760182727157808,
        "support": 1105.0
    }
}