{
    "R2": 0.9296219804893302,
    "RMSE": 20.515693110741744,
    "MSE": 420.8936638141363,
    "MAPE": 0.0806432874035113,
    "ACMAPE": 1.0294889189109806
}