{
    "DOWN": {
        "precision": 0.6570771001150748,
        "recall": 0.8099290780141843,
        "f1-score": 0.7255400254129607,
        "support": 705.0
    },
    "UP": {
        "precision": 0.4322033898305085,
        "recall": 0.255,
        "f1-score": 0.32075471698113206,
        "support": 400.0
    },
    "accuracy": 0.609049773755656,
    "macro avg": {
        "precision": 0.5446402449727916,
        "recall": 0.5324645390070921,
        "f1-score": 0.5231473711970464,
        "support": 1105.0
    },
    "weighted avg": {
        "precision": 0.5756748520482634,
        "recall": 0.609049773755656,
        "f1-score": 0.5790114069760997,
        "support": 1105.0
    }
}