{
    "R2": -1.2628855785308337,
    "RMSE": 2290.420853575112,
    "MSE": 5246027.686491743,
    "MAPE": 0.3379377375588032,
    "ACMAPE": 1.2281111479634275
}