{
    "DOWN": {
        "precision": 0.5898412698412698,
        "recall": 0.4615002483854943,
        "f1-score": 0.5178372352285396,
        "support": 2013.0
    },
    "UP": {
        "precision": 0.42371079213184476,
        "recall": 0.5523215523215523,
        "f1-score": 0.4795427196149218,
        "support": 1443.0
    },
    "accuracy": 0.4994212962962963,
    "macro avg": {
        "precision": 0.5067760309865573,
        "recall": 0.5069109003535233,
        "f1-score": 0.4986899774217307,
        "support": 3456.0
    },
    "weighted avg": {
        "precision": 0.5204760269782199,
        "recall": 0.4994212962962963,
        "f1-score": 0.5018479452891731,
        "support": 3456.0
    }
}