{
    "R2": 0.9899674645114485,
    "RMSE": 118.18450127953145,
    "MSE": 13967.576342691571,
    "MAPE": 0.027152451819375267,
    "ACMAPE": 1.0283098592267828
}