{
    "DOWN": {
        "precision": 0.5998659517426274,
        "recall": 0.4439484126984127,
        "f1-score": 0.5102622576966932,
        "support": 2016.0
    },
    "UP": {
        "precision": 0.43067546978161503,
        "recall": 0.5868512110726644,
        "f1-score": 0.4967779730521383,
        "support": 1445.0
    },
    "accuracy": 0.5036116729268998,
    "macro avg": {
        "precision": 0.5152707107621212,
        "recall": 0.5153998118855385,
        "f1-score": 0.5035201153744158,
        "support": 3461.0
    },
    "weighted avg": {
        "precision": 0.5292273367661284,
        "recall": 0.5036116729268998,
        "f1-score": 0.5046324422354445,
        "support": 3461.0
    }
}