{
    "R2": 0.980295039713382,
    "RMSE": 213.73309455525012,
    "MSE": 45681.83570816349,
    "MAPE": 0.029573036438158496,
    "ACMAPE": 0.9544285277676382
}