{
    "DOWN": {
        "precision": 0.665719965918773,
        "recall": 0.8136063866712947,
        "f1-score": 0.732271165260856,
        "support": 2881.0
    },
    "UP": {
        "precision": 0.4492307692307692,
        "recall": 0.2712074303405573,
        "f1-score": 0.3382239382239382,
        "support": 1615.0
    },
    "accuracy": 0.6187722419928826,
    "macro avg": {
        "precision": 0.5574753675747711,
        "recall": 0.542406908505926,
        "f1-score": 0.5352475517423971,
        "support": 4496.0
    },
    "weighted avg": {
        "precision": 0.5879552744928108,
        "recall": 0.6187722419928826,
        "f1-score": 0.5907261760116073,
        "support": 4496.0
    }
}