{
    "DOWN": {
        "precision": 0.5881617340558566,
        "recall": 0.49061196105702365,
        "f1-score": 0.5349763033175357,
        "support": 2876.0
    },
    "UP": {
        "precision": 0.29803545759463346,
        "recall": 0.38633540372670805,
        "f1-score": 0.33648904517176087,
        "support": 1610.0
    },
    "accuracy": 0.4531876950512706,
    "macro avg": {
        "precision": 0.443098595825245,
        "recall": 0.43847368239186585,
        "f1-score": 0.43573267424464823,
        "support": 4486.0
    },
    "weighted avg": {
        "precision": 0.48403705614623355,
        "recall": 0.4531876950512706,
        "f1-score": 0.46374035021573057,
        "support": 4486.0
    }
}