{
    "R2": 0.9944517641698495,
    "RMSE": 166.8049293373043,
    "MSE": 27823.88445122308,
    "MAPE": 0.045871337336500145,
    "ACMAPE": 1.0184832277840619
}