{
    "R2": 0.677176156449063,
    "RMSE": 296.58194286432354,
    "MSE": 87960.84883317687,
    "MAPE": 0.044741610677861275,
    "ACMAPE": 1.178193567973235
}