{
    "R2": 0.9986712161836034,
    "RMSE": 81.633691658979,
    "MSE": 6664.059613873257,
    "MAPE": 0.05282103134813828,
    "ACMAPE": 0.8152765473623731
}