{
<<<<<<< HEAD
    "R2": 0.604544984742809,
    "RMSE": 10.283149000638891,
    "MSE": 105.74315336934065,
    "MAPE": 0.07861206298321934,
    "ACMAPE": 1.1939966783678349
=======
    "R2": 0.601500126002457,
    "RMSE": 10.322661328877185,
    "MSE": 106.5573369106965,
    "MAPE": 0.07850130847282413,
    "ACMAPE": 1.1938859238574395
>>>>>>> d5f42532be6a9c18a5da3fb21b671ebbe5b6efbf
}