{
    "DOWN": {
        "precision": 0.6744186046511628,
        "recall": 0.37662337662337664,
        "f1-score": 0.48333333333333334,
        "support": 385.0
    },
    "UP": {
        "precision": 0.4044665012406948,
        "recall": 0.6995708154506438,
        "f1-score": 0.5125786163522013,
        "support": 233.0
    },
    "accuracy": 0.49838187702265374,
    "macro avg": {
        "precision": 0.5394425529459288,
        "recall": 0.5380970960370102,
        "f1-score": 0.4979559748427673,
        "support": 618.0
    },
    "weighted avg": {
        "precision": 0.5726405462455979,
        "recall": 0.49838187702265374,
        "f1-score": 0.49435946754594856,
        "support": 618.0
    }
}