{
    "R2": 0.04401728380195058,
    "RMSE": 15.988311648222679,
    "MSE": 255.626109360693,
    "MAPE": 0.08578471918734817,
    "ACMAPE": 1.0857847191873482
}