{
    "DOWN": {
        "precision": 0.9230769230769231,
        "recall": 0.096,
        "f1-score": 0.17391304347826086,
        "support": 375.0
    },
    "UP": {
        "precision": 0.39893617021276595,
        "recall": 0.9868421052631579,
        "f1-score": 0.5681818181818181,
        "support": 228.0
    },
    "accuracy": 0.43283582089552236,
    "macro avg": {
        "precision": 0.6610065466448445,
        "recall": 0.5414210526315789,
        "f1-score": 0.3710474308300395,
        "support": 603.0
    },
    "weighted avg": {
        "precision": 0.7248943498546548,
        "recall": 0.43283582089552236,
        "f1-score": 0.3229897941124418,
        "support": 603.0
    }
}