{
    "DOWN": {
        "precision": 0.5614035087719298,
        "recall": 0.3404255319148936,
        "f1-score": 0.42384105960264895,
        "support": 94.0
    },
    "UP": {
        "precision": 0.37373737373737376,
        "recall": 0.5967741935483871,
        "f1-score": 0.4596273291925466,
        "support": 62.0
    },
    "accuracy": 0.4423076923076923,
    "macro avg": {
        "precision": 0.46757044125465175,
        "recall": 0.46859986273164034,
        "f1-score": 0.44173419439759776,
        "support": 156.0
    },
    "weighted avg": {
        "precision": 0.4868182499761447,
        "recall": 0.4423076923076923,
        "f1-score": 0.4380638077729929,
        "support": 156.0
    }
}