{
    "DOWN": {
        "precision": 0.8809523809523809,
        "recall": 0.09866666666666667,
        "f1-score": 0.17745803357314147,
        "support": 375.0
    },
    "UP": {
        "precision": 0.39750445632798576,
        "recall": 0.9780701754385965,
        "f1-score": 0.5652724968314322,
        "support": 228.0
    },
    "accuracy": 0.4311774461028192,
    "macro avg": {
        "precision": 0.6392284186401833,
        "recall": 0.5383684210526316,
        "f1-score": 0.37136526520228685,
        "support": 603.0
    },
    "weighted avg": {
        "precision": 0.6981561507461419,
        "recall": 0.4311774461028192,
        "f1-score": 0.32409434803896287,
        "support": 603.0
    }
}