{
    "R2": -2.6928613094463394,
    "RMSE": 3750.50158411329,
    "MSE": 14066262.132436296,
    "MAPE": 0.7262420281682761,
    "ACMAPE": 1.4947245184406497
}