{
    "DOWN": {
        "precision": 0.7423698384201077,
        "recall": 0.2658309225329476,
        "f1-score": 0.3914792899408284,
        "support": 3111.0
    },
    "UP": {
        "precision": 0.2373956594323873,
        "recall": 0.7124248496993988,
        "f1-score": 0.35612321562734783,
        "support": 998.0
    },
    "accuracy": 0.37430031637868094,
    "macro avg": {
        "precision": 0.4898827489262475,
        "recall": 0.4891278861161732,
        "f1-score": 0.37380125278408816,
        "support": 4109.0
    },
    "weighted avg": {
        "precision": 0.6197209626280061,
        "recall": 0.37430031637868094,
        "f1-score": 0.38289195429593825,
        "support": 4109.0
    }
}