{
    "R2": 0.9959815490467786,
    "RMSE": 58.46909946724014,
    "MSE": 3418.635592510021,
    "MAPE": 0.6674151608695923,
    "ACMAPE": 1.8800172612196508
}