{
    "DOWN": {
        "precision": 0.7865384615384615,
        "recall": 0.11036157582298975,
        "f1-score": 0.1935636535731188,
        "support": 3706.0
    },
    "UP": {
        "precision": 0.12546419098143236,
        "recall": 0.809931506849315,
        "f1-score": 0.21727147450620118,
        "support": 584.0
    },
    "accuracy": 0.2055944055944056,
    "macro avg": {
        "precision": 0.45600132625994694,
        "recall": 0.4601465413361524,
        "f1-score": 0.20541756403966,
        "support": 4290.0
    },
    "weighted avg": {
        "precision": 0.69654606666543,
        "recall": 0.2055944055944056,
        "f1-score": 0.19679101194722604,
        "support": 4290.0
    }
}