{
    "R2": 0.9976238933890681,
    "RMSE": 44.952241849017724,
    "MSE": 2020.7040472525805,
    "MAPE": 0.037038789901523934,
    "ACMAPE": 1.6258499787127128
}