{
    "DOWN": {
        "precision": 0.7692307692307693,
        "recall": 0.04230118443316413,
        "f1-score": 0.08019246190858059,
        "support": 3546.0
    },
    "UP": {
        "precision": 0.18482957273163705,
        "recall": 0.9447852760736196,
        "f1-score": 0.30917486448504317,
        "support": 815.0
    },
    "accuracy": 0.21096078880990599,
    "macro avg": {
        "precision": 0.47703017098120315,
        "recall": 0.49354323025339186,
        "f1-score": 0.19468366319681188,
        "support": 4361.0
    },
    "weighted avg": {
        "precision": 0.660015686647235,
        "recall": 0.21096078880990599,
        "f1-score": 0.12298555021397316,
        "support": 4361.0
    }
}