{
    "R2": -802.696218620053,
    "RMSE": 2553.9214380694116,
    "MSE": 6522514.711830532,
    "MAPE": 5.4175098379729665,
    "ACMAPE": 6.202830938890398
}