{
    "R2": -606.7750226912564,
    "RMSE": 2220.9204102583967,
    "MSE": 4932487.468702325,
    "MAPE": 4.320270995059054,
    "ACMAPE": 5.094582921664558
}