{
    "DOWN": {
        "precision": 0.822560825755714,
        "recall": 0.9457473862673071,
        "f1-score": 0.8798633017875921,
        "support": 3539.0
    },
    "UP": {
        "precision": 0.3191489361702128,
        "recall": 0.11083743842364532,
        "f1-score": 0.16453382084095064,
        "support": 812.0
    },
    "accuracy": 0.7899333486554815,
    "macro avg": {
        "precision": 0.5708548809629634,
        "recall": 0.5282924123454762,
        "f1-score": 0.5221985613142713,
        "support": 4351.0
    },
    "weighted avg": {
        "precision": 0.7286122037507895,
        "recall": 0.7899333486554815,
        "f1-score": 0.7463658210869089,
        "support": 4351.0
    }
}