{
    "DOWN": {
        "precision": 0.636963696369637,
        "recall": 0.24967658473479948,
        "f1-score": 0.3587360594795539,
        "support": 773.0
    },
    "UP": {
        "precision": 0.2630241423125794,
        "recall": 0.6529968454258676,
        "f1-score": 0.37500000000000006,
        "support": 317.0
    },
    "accuracy": 0.3669724770642202,
    "macro avg": {
        "precision": 0.4499939193411082,
        "recall": 0.4513367150803335,
        "f1-score": 0.36686802973977695,
        "support": 1090.0
    },
    "weighted avg": {
        "precision": 0.528212468263135,
        "recall": 0.3669724770642202,
        "f1-score": 0.3634660311721974,
        "support": 1090.0
    }
}