{
<<<<<<< HEAD
    "R2": 0.9950094262977297,
    "RMSE": 58.39445639758884,
    "MSE": 3409.912537969904,
    "MAPE": 0.038789562649327314,
    "ACMAPE": 0.83934071662797
=======
    "R2": 0.9949772530680487,
    "RMSE": 58.58238268908316,
    "MSE": 3431.89556153019,
    "MAPE": 0.05157794125684811,
    "ACMAPE": 0.8624632323350431
>>>>>>> d5f42532be6a9c18a5da3fb21b671ebbe5b6efbf
}