{
    "R2": 0.9099045455228997,
    "RMSE": 248.1147188121006,
    "MSE": 61560.913691207745,
    "MAPE": 0.46771353794620024,
    "ACMAPE": 1.5655508190996503
}