{
    "DOWN": {
<<<<<<< HEAD
        "precision": 0.5406976744186046,
        "recall": 0.7045454545454546,
        "f1-score": 0.6118421052631577,
        "support": 396.0
    },
    "UP": {
        "precision": 0.4532710280373832,
        "recall": 0.2904191616766467,
        "f1-score": 0.35401459854014605,
        "support": 334.0
    },
    "accuracy": 0.5150684931506849,
    "macro avg": {
        "precision": 0.4969843512279939,
        "recall": 0.49748230811105065,
        "f1-score": 0.4829283519016519,
        "support": 730.0
    },
    "weighted avg": {
        "precision": 0.5006969896359637,
        "recall": 0.5150684931506849,
        "f1-score": 0.4938771912282456,
=======
        "precision": 0.5336225596529284,
        "recall": 0.6212121212121212,
        "f1-score": 0.5740956826137689,
        "support": 396.0
    },
    "UP": {
        "precision": 0.4423791821561338,
        "recall": 0.3562874251497006,
        "f1-score": 0.3946932006633499,
        "support": 334.0
    },
    "accuracy": 0.5,
    "macro avg": {
        "precision": 0.4880008709045311,
        "recall": 0.4887497731809109,
        "f1-score": 0.4843944416385594,
        "support": 730.0
    },
    "weighted avg": {
        "precision": 0.49187558967494294,
        "recall": 0.5,
        "f1-score": 0.49201290320083746,
>>>>>>> d5f42532be6a9c18a5da3fb21b671ebbe5b6efbf
        "support": 730.0
    }
}