{
    "DOWN": {
        "precision": 0.615296803652968,
        "recall": 0.2943746586564719,
        "f1-score": 0.398226819357222,
        "support": 1831.0
    },
    "UP": {
        "precision": 0.3672869735553379,
        "recall": 0.6899724011039559,
        "f1-score": 0.4793863854266539,
        "support": 1087.0
    },
    "accuracy": 0.4417409184372858,
    "macro avg": {
        "precision": 0.49129188860415296,
        "recall": 0.4921735298802139,
        "f1-score": 0.4388066023919379,
        "support": 2918.0
    },
    "weighted avg": {
        "precision": 0.5229093172526514,
        "recall": 0.4417409184372858,
        "f1-score": 0.4284600093220858,
        "support": 2918.0
    }
}