{
    "DOWN": {
        "precision": 0.5472103004291845,
        "recall": 0.6439393939393939,
        "f1-score": 0.5916473317865429,
        "support": 396.0
    },
    "UP": {
        "precision": 0.4659090909090909,
        "recall": 0.36826347305389223,
        "f1-score": 0.411371237458194,
        "support": 334.0
    },
    "accuracy": 0.5178082191780822,
    "macro avg": {
        "precision": 0.5065596956691377,
        "recall": 0.506101433496643,
        "f1-score": 0.5015092846223684,
        "support": 730.0
    },
    "weighted avg": {
        "precision": 0.5100122127857444,
        "recall": 0.5178082191780822,
        "f1-score": 0.5091648447924765,
        "support": 730.0
    }
}