{
    "DOWN": {
        "precision": 0.6195876288659794,
        "recall": 0.6553980370774264,
        "f1-score": 0.6369899311075782,
        "support": 1834.0
    },
    "UP": {
        "precision": 0.3570701932858596,
        "recall": 0.32231404958677684,
        "f1-score": 0.3388030888030888,
        "support": 1089.0
    },
    "accuracy": 0.5313034553540883,
    "macro avg": {
        "precision": 0.48832891107591947,
        "recall": 0.48885604333210164,
        "f1-score": 0.4878965099553335,
        "support": 2923.0
    },
    "weighted avg": {
        "precision": 0.521783493612216,
        "recall": 0.5313034553540883,
        "f1-score": 0.5258967147991317,
        "support": 2923.0
    }
}