{
    "R2": 0.7488155718672999,
    "RMSE": 374.07708305621253,
    "MSE": 139933.6640678445,
    "MAPE": 0.14757108929277607,
    "ACMAPE": 1.062639582443461
}