{
    "R2": 0.9860180020762906,
    "RMSE": 88.25704114930227,
    "MSE": 7789.305312429635,
    "MAPE": 0.037496664303720895,
    "ACMAPE": 1.037496664303721
}