{
    "DOWN": {
        "precision": 0.6414762741652021,
        "recall": 0.8017572762218561,
        "f1-score": 0.712716621918477,
        "support": 1821.0
    },
    "UP": {
        "precision": 0.42424242424242425,
        "recall": 0.24584103512014788,
        "f1-score": 0.3112931538911644,
        "support": 1082.0
    },
    "accuracy": 0.5945573544609025,
    "macro avg": {
        "precision": 0.5328593492038132,
        "recall": 0.523799155671002,
        "f1-score": 0.5120048879048207,
        "support": 2903.0
    },
    "weighted avg": {
        "precision": 0.560509334579792,
        "recall": 0.5945573544609025,
        "f1-score": 0.5630989187129819,
        "support": 2903.0
    }
}