{
    "DOWN": {
        "precision": 0.53125,
        "recall": 0.03512396694214876,
        "f1-score": 0.06589147286821706,
        "support": 2904.0
    },
    "UP": {
        "precision": 0.34101599247412984,
        "recall": 0.9415584415584416,
        "f1-score": 0.5006906077348067,
        "support": 1540.0
    },
    "accuracy": 0.34923492349234925,
    "macro avg": {
        "precision": 0.4361329962370649,
        "recall": 0.4883412042502952,
        "f1-score": 0.28329104030151186,
        "support": 4444.0
    },
    "weighted avg": {
        "precision": 0.4653273241246984,
        "recall": 0.34923492349234925,
        "f1-score": 0.21656444039624315,
        "support": 4444.0
    }
}