{
    "DOWN": {
        "precision": 0.6607142857142857,
        "recall": 0.16767371601208458,
        "f1-score": 0.2674698795180723,
        "support": 662.0
    },
    "UP": {
        "precision": 0.41693121693121693,
        "recall": 0.8736141906873615,
        "f1-score": 0.5644699140401147,
        "support": 451.0
    },
    "accuracy": 0.4537286612758311,
    "macro avg": {
        "precision": 0.5388227513227513,
        "recall": 0.520643953349723,
        "f1-score": 0.41596989677909346,
        "support": 1113.0
    },
    "weighted avg": {
        "precision": 0.5619306702415416,
        "recall": 0.4537286612758311,
        "f1-score": 0.3878176024016672,
        "support": 1113.0
    }
}