{
    "DOWN": {
        "precision": 0.6363636363636364,
        "recall": 0.23728813559322035,
        "f1-score": 0.345679012345679,
        "support": 118.0
    },
    "UP": {
        "precision": 0.34306569343065696,
        "recall": 0.746031746031746,
        "f1-score": 0.4699999999999999,
        "support": 63.0
    },
    "accuracy": 0.4143646408839779,
    "macro avg": {
        "precision": 0.48971466489714666,
        "recall": 0.4916599408124832,
        "f1-score": 0.4078395061728395,
        "support": 181.0
    },
    "weighted avg": {
        "precision": 0.5342765070554722,
        "recall": 0.4143646408839779,
        "f1-score": 0.38895095832480725,
        "support": 181.0
    }
}