{
    "DOWN": {
        "precision": 0.688,
        "recall": 0.5695364238410596,
        "f1-score": 0.6231884057971014,
        "support": 453.0
    },
    "UP": {
        "precision": 0.4460227272727273,
        "recall": 0.572992700729927,
        "f1-score": 0.501597444089457,
        "support": 274.0
    },
    "accuracy": 0.5708390646492435,
    "macro avg": {
        "precision": 0.5670113636363636,
        "recall": 0.5712645622854933,
        "f1-score": 0.5623929249432792,
        "support": 727.0
    },
    "weighted avg": {
        "precision": 0.5968008628235588,
        "recall": 0.5708390646492435,
        "f1-score": 0.5773618260063249,
        "support": 727.0
    }
}