{
<<<<<<< HEAD
    "R2": -0.5269241278426418,
    "RMSE": 24.914227634014157,
    "MSE": 620.7187385994746,
    "MAPE": 0.1499382230421341,
    "ACMAPE": 1.3322586650310844
=======
    "R2": -0.6007495577143034,
    "RMSE": 25.509408854764118,
    "MSE": 650.7299401195179,
    "MAPE": 0.1534520004780189,
    "ACMAPE": 1.3247227187100632
>>>>>>> d5f42532be6a9c18a5da3fb21b671ebbe5b6efbf
}