{
    "R2": 0.9828929042370627,
    "RMSE": 9.926894184005473,
    "MSE": 98.54322814044168,
    "MAPE": 0.02911748811117536,
    "ACMAPE": 0.8874393588126883
}