{
    "R2": 0.9875200613988048,
    "RMSE": 20.416072456389,
    "MSE": 416.81601454452556,
    "MAPE": 0.05044790122792648,
    "ACMAPE": 0.9383230512879505
}