{
    "R2": 0.6395053178428816,
    "RMSE": 26.868211922025967,
    "MSE": 721.9008118868984,
    "MAPE": 0.0705138344120906,
    "ACMAPE": 0.7589126838847655
}