{
    "R2": 0.7857173676343363,
    "RMSE": 20.71489900486723,
    "MSE": 429.1070407818494,
    "MAPE": 0.04914200339314484,
    "ACMAPE": 0.6301583025302493
}