{
    "R2": 0.9894563378153911,
    "RMSE": 22.329003444875177,
    "MSE": 498.58439484124756,
    "MAPE": 0.06666057718694493,
    "ACMAPE": 0.3391316075658989
}