{
    "DOWN": {
        "precision": 0.8,
        "recall": 0.06261117040199217,
        "f1-score": 0.116133289343451,
        "support": 2811.0
    },
    "UP": {
        "precision": 0.10919540229885058,
        "recall": 0.8801089918256131,
        "f1-score": 0.1942857142857143,
        "support": 367.0
    },
    "accuracy": 0.15701699181875392,
    "macro avg": {
        "precision": 0.4545977011494253,
        "recall": 0.4713600811138026,
        "f1-score": 0.15520950181458265,
        "support": 3178.0
    },
    "weighted avg": {
        "precision": 0.7202248938463431,
        "recall": 0.15701699181875392,
        "f1-score": 0.12515844351393893,
        "support": 3178.0
    }
}