{
    "DOWN": {
        "precision": 0.8363636363636363,
        "recall": 0.07692307692307693,
        "f1-score": 0.14088820826952525,
        "support": 598.0
    },
    "UP": {
        "precision": 0.25806451612903225,
        "recall": 0.9552238805970149,
        "f1-score": 0.4063492063492064,
        "support": 201.0
    },
    "accuracy": 0.2978723404255319,
    "macro avg": {
        "precision": 0.5472140762463342,
        "recall": 0.516073478760046,
        "f1-score": 0.2736187073093658,
        "support": 799.0
    },
    "weighted avg": {
        "precision": 0.6908841330255194,
        "recall": 0.2978723404255319,
        "f1-score": 0.20766875972636617,
        "support": 799.0
    }
}