{
    "DOWN": {
        "precision": 0.7819148936170213,
        "recall": 0.7374581939799331,
        "f1-score": 0.7590361445783131,
        "support": 598.0
    },
    "UP": {
        "precision": 0.33191489361702126,
        "recall": 0.3880597014925373,
        "f1-score": 0.35779816513761464,
        "support": 201.0
    },
    "accuracy": 0.6495619524405507,
    "macro avg": {
        "precision": 0.5569148936170213,
        "recall": 0.5627589477362351,
        "f1-score": 0.558417154857964,
        "support": 799.0
    },
    "weighted avg": {
        "precision": 0.6687108886107634,
        "recall": 0.6495619524405507,
        "f1-score": 0.6580989307265229,
        "support": 799.0
    }
}