{
    "R2": 0.8802682166874665,
    "RMSE": 52.988696061060566,
    "MSE": 2807.801910251456,
    "MAPE": 0.06731188002747698,
    "ACMAPE": 1.4715671991764132
}