{
    "DOWN": {
<<<<<<< HEAD
        "precision": 0.7380952380952381,
        "recall": 0.08857142857142856,
        "f1-score": 0.15816326530612246,
        "support": 700.0
    },
    "UP": {
        "precision": 0.27746319365798416,
        "recall": 0.9176029962546817,
        "f1-score": 0.42608695652173917,
        "support": 267.0
    },
    "accuracy": 0.31747673216132366,
    "macro avg": {
        "precision": 0.5077792158766111,
        "recall": 0.5030872124130551,
        "f1-score": 0.2921251109139308,
        "support": 967.0
    },
    "weighted avg": {
        "precision": 0.6109093478524804,
        "recall": 0.31747673216132366,
        "f1-score": 0.23214012730671157,
=======
        "precision": 0.7373737373737373,
        "recall": 0.10428571428571429,
        "f1-score": 0.18272841051314143,
        "support": 700.0
    },
    "UP": {
        "precision": 0.27764976958525345,
        "recall": 0.9026217228464419,
        "f1-score": 0.42466960352422906,
        "support": 267.0
    },
    "accuracy": 0.3247156153050672,
    "macro avg": {
        "precision": 0.5075117534794954,
        "recall": 0.5034537185660781,
        "f1-score": 0.30369900701868524,
        "support": 967.0
    },
    "weighted avg": {
        "precision": 0.6104385777051488,
        "recall": 0.3247156153050672,
        "f1-score": 0.24953120113771265,
>>>>>>> d5f42532be6a9c18a5da3fb21b671ebbe5b6efbf
        "support": 967.0
    }
}