{
    "R2": -4.169293455292714,
    "RMSE": 718.9973188528758,
    "MSE": 516957.14451762394,
    "MAPE": 0.2819124993976753,
    "ACMAPE": 1.7555967099239913
}