{
    "R2": 0.9433686167673819,
    "RMSE": 295.33840426887593,
    "MSE": 87224.77303608599,
    "MAPE": 0.11424474613549662,
    "ACMAPE": 1.4648135155253623
}