{
    "R2": 0.9894880781951098,
    "RMSE": 36.09654957966254,
    "MSE": 1302.9608915570361,
    "MAPE": 0.05576038731973848,
    "ACMAPE": 1.16312880837237
}