{
    "R2": 0.9979764375754466,
    "RMSE": 7.95795552175319,
    "MSE": 63.329056086202094,
    "MAPE": 0.028828188963298435,
    "ACMAPE": 0.9943454303426087
}