{
    "R2": 0.9968763232940182,
    "RMSE": 9.47019033227386,
    "MSE": 89.68450492949329,
    "MAPE": 0.042981849343596897,
    "ACMAPE": 0.5984372145374652
}