{
    "DOWN": {
        "precision": 0.7247333671914677,
        "recall": 0.9115298626636857,
        "f1-score": 0.8074692318574055,
        "support": 3131.0
    },
    "UP": {
        "precision": 0.42171189979123175,
        "recall": 0.15707620528771385,
        "f1-score": 0.22889518413597731,
        "support": 1286.0
    },
    "accuracy": 0.6918723115236586,
    "macro avg": {
        "precision": 0.5732226334913497,
        "recall": 0.5343030339756998,
        "f1-score": 0.5181822079966913,
        "support": 4417.0
    },
    "weighted avg": {
        "precision": 0.6365093221208987,
        "recall": 0.6918723115236586,
        "f1-score": 0.6390186487988235,
        "support": 4417.0
    }
}