{
    "DOWN": {
        "precision": 0.7957219251336899,
        "recall": 0.8651162790697674,
        "f1-score": 0.8289693593314763,
        "support": 860.0
    },
    "UP": {
        "precision": 0.3333333333333333,
        "recall": 0.23293172690763053,
        "f1-score": 0.27423167848699764,
        "support": 249.0
    },
    "accuracy": 0.7231740306582507,
    "macro avg": {
        "precision": 0.5645276292335116,
        "recall": 0.549024002988699,
        "f1-score": 0.551600518909237,
        "support": 1109.0
    },
    "weighted avg": {
        "precision": 0.6919033864878028,
        "recall": 0.7231740306582507,
        "f1-score": 0.7044159936594517,
        "support": 1109.0
    }
}