{
    "DOWN": {
        "precision": 0.846307385229541,
        "recall": 0.4930232558139535,
        "f1-score": 0.6230712711241735,
        "support": 860.0
    },
    "UP": {
        "precision": 0.28289473684210525,
        "recall": 0.6907630522088354,
        "f1-score": 0.40140023337222874,
        "support": 249.0
    },
    "accuracy": 0.5374211000901713,
    "macro avg": {
        "precision": 0.5646010610358231,
        "recall": 0.5918931540113944,
        "f1-score": 0.5122357522482011,
        "support": 1109.0
    },
    "weighted avg": {
        "precision": 0.7198062585852925,
        "recall": 0.5374211000901713,
        "f1-score": 0.5733002265793276,
        "support": 1109.0
    }
}