{
    "R2": 0.99050814717358,
    "RMSE": 10.364279039760413,
    "MSE": 107.41828001401704,
    "MAPE": 0.051241608725785606,
    "ACMAPE": 1.8910872430721435
}