{
    "R2": 0.9870724682641325,
    "RMSE": 12.090533563020108,
    "MSE": 146.1810018385157,
    "MAPE": 0.1444714206926909,
    "ACMAPE": 1.8765841646098194
}