{
    "DOWN": {
        "precision": 0.5824039653035935,
        "recall": 0.7484076433121019,
        "f1-score": 0.6550522648083623,
        "support": 628.0
    },
    "UP": {
        "precision": 0.487012987012987,
        "recall": 0.3080082135523614,
        "f1-score": 0.3773584905660377,
        "support": 487.0
    },
    "accuracy": 0.5560538116591929,
    "macro avg": {
        "precision": 0.5347084761582903,
        "recall": 0.5282079284322316,
        "f1-score": 0.5162053776872,
        "support": 1115.0
    },
    "weighted avg": {
        "precision": 0.5407399236645573,
        "recall": 0.5560538116591929,
        "f1-score": 0.5337635939061093,
        "support": 1115.0
    }
}