{
    "DOWN": {
        "precision": 0.6267087276550999,
        "recall": 0.6742081447963801,
        "f1-score": 0.649591280653951,
        "support": 2652.0
    },
    "UP": {
        "precision": 0.46201743462017436,
        "recall": 0.41062534587714444,
        "f1-score": 0.4348080867272195,
        "support": 1807.0
    },
    "accuracy": 0.5673917918815878,
    "macro avg": {
        "precision": 0.5443630811376371,
        "recall": 0.5424167453367623,
        "f1-score": 0.5421996836905852,
        "support": 4459.0
    },
    "weighted avg": {
        "precision": 0.559967941264853,
        "recall": 0.5673917918815878,
        "f1-score": 0.5625508609576955,
        "support": 4459.0
    }
}