{
    "R2": -0.016071342430527435,
    "RMSE": 11.715767314580615,
    "MSE": 137.25920376939547,
    "MAPE": 0.05351239840011148,
    "ACMAPE": 0.7358653395765821
}