{
    "R2": 0.9840367747654822,
    "RMSE": 5.651721756963973,
    "MSE": 31.941958818139938,
    "MAPE": 0.030332704917946526,
    "ACMAPE": 0.8601834511866031
}