{
    "DOWN": {
        "precision": 0.803921568627451,
        "recall": 0.7699530516431925,
        "f1-score": 0.7865707434052758,
        "support": 213.0
    },
    "UP": {
        "precision": 0.5775862068965517,
        "recall": 0.6261682242990654,
        "f1-score": 0.600896860986547,
        "support": 107.0
    },
    "accuracy": 0.721875,
    "macro avg": {
        "precision": 0.6907538877620014,
        "recall": 0.6980606379711289,
        "f1-score": 0.6937338021959114,
        "support": 320.0
    },
    "weighted avg": {
        "precision": 0.7282406820486816,
        "recall": 0.721875,
        "f1-score": 0.7244860389715134,
        "support": 320.0
    }
}