{
    "DOWN": {
        "precision": 0.7307692307692307,
        "recall": 0.6909090909090909,
        "f1-score": 0.7102803738317757,
        "support": 55.0
    },
    "UP": {
        "precision": 0.48484848484848486,
        "recall": 0.5333333333333333,
        "f1-score": 0.507936507936508,
        "support": 30.0
    },
    "accuracy": 0.6352941176470588,
    "macro avg": {
        "precision": 0.6078088578088578,
        "recall": 0.6121212121212121,
        "f1-score": 0.6091084408841418,
        "support": 85.0
    },
    "weighted avg": {
        "precision": 0.6439736733854381,
        "recall": 0.6352941176470588,
        "f1-score": 0.638864891751093,
        "support": 85.0
    }
}