{
    "DOWN": {
        "precision": 0.6896551724137931,
        "recall": 0.7272727272727273,
        "f1-score": 0.7079646017699116,
        "support": 55.0
    },
    "UP": {
        "precision": 0.4444444444444444,
        "recall": 0.4,
        "f1-score": 0.4210526315789474,
        "support": 30.0
    },
    "accuracy": 0.611764705882353,
    "macro avg": {
        "precision": 0.5670498084291188,
        "recall": 0.5636363636363637,
        "f1-score": 0.5645086166744295,
        "support": 85.0
    },
    "weighted avg": {
        "precision": 0.6031102096010819,
        "recall": 0.611764705882353,
        "f1-score": 0.6067015534672183,
        "support": 85.0
    }
}