{
    "R2": 0.9770171087455918,
    "RMSE": 6.873671234913531,
    "MSE": 47.24735624567771,
    "MAPE": 0.030993077085669573,
    "ACMAPE": 0.6545224888503755
}