{
    "R2": 0.26693575925267854,
    "RMSE": 36.24174940673897,
    "MSE": 1313.4644000608646,
    "MAPE": 0.0534782951181655,
    "ACMAPE": 1.0705723122121826
}