{
    "DOWN": {
        "precision": 0.6451612903225806,
        "recall": 0.5673758865248227,
        "f1-score": 0.6037735849056604,
        "support": 141.0
    },
    "UP": {
        "precision": 0.44545454545454544,
        "recall": 0.5268817204301075,
        "f1-score": 0.48275862068965514,
        "support": 93.0
    },
    "accuracy": 0.5512820512820513,
    "macro avg": {
        "precision": 0.545307917888563,
        "recall": 0.5471288034774651,
        "f1-score": 0.5432661027976577,
        "support": 234.0
    },
    "weighted avg": {
        "precision": 0.5657906609519512,
        "recall": 0.5512820512820513,
        "f1-score": 0.5556778939992993,
        "support": 234.0
    }
}