{
    "DOWN": {
<<<<<<< HEAD
        "precision": 0.7349397590361446,
        "recall": 0.20926243567753003,
        "f1-score": 0.32576769025367164,
        "support": 583.0
    },
    "UP": {
        "precision": 0.38451268357810414,
        "recall": 0.8674698795180723,
        "f1-score": 0.5328399629972248,
        "support": 332.0
    },
    "accuracy": 0.44808743169398907,
    "macro avg": {
        "precision": 0.5597262213071243,
        "recall": 0.5383661575978012,
        "f1-score": 0.4293038266254482,
        "support": 915.0
    },
    "weighted avg": {
        "precision": 0.6077902628043749,
        "recall": 0.44808743169398907,
        "f1-score": 0.4009021105278352,
=======
        "precision": 0.6832740213523132,
        "recall": 0.3293310463121784,
        "f1-score": 0.4444444444444445,
        "support": 583.0
    },
    "UP": {
        "precision": 0.3832807570977918,
        "recall": 0.7319277108433735,
        "f1-score": 0.5031055900621118,
        "support": 332.0
    },
    "accuracy": 0.47540983606557374,
    "macro avg": {
        "precision": 0.5332773892250525,
        "recall": 0.5306293785777759,
        "f1-score": 0.4737750172532781,
        "support": 915.0
    },
    "weighted avg": {
        "precision": 0.5744240063441153,
        "recall": 0.47540983606557374,
        "f1-score": 0.4657291442751172,
>>>>>>> d5f42532be6a9c18a5da3fb21b671ebbe5b6efbf
        "support": 915.0
    }
}