{
    "R2": 0.29162111944519986,
    "RMSE": 35.62631783138704,
    "MSE": 1269.2345222230063,
    "MAPE": 0.05407313495903435,
    "ACMAPE": 1.1309962118821113
}