{
    "R2": 0.8459897377771919,
    "RMSE": 16.611657407692924,
    "MSE": 275.9471618305592,
    "MAPE": 0.020871995181269535,
    "ACMAPE": 0.9183078926171669
}