{
    "R2": 0.9910417416281861,
    "RMSE": 31.64963630015969,
    "MSE": 1001.6994779323858,
    "MAPE": 0.036370003300482096,
    "ACMAPE": 1.17647695517214
}