{
    "R2": 0.9916355040005888,
    "RMSE": 30.379503524586717,
    "MSE": 922.9142344003767,
    "MAPE": 0.03477662669686571,
    "ACMAPE": 1.103593830997941
}