{
<<<<<<< HEAD
    "R2": 0.29162111944519986,
    "RMSE": 35.62631783138704,
    "MSE": 1269.2345222230063,
    "MAPE": 0.05407313495903435,
    "ACMAPE": 1.1309962118821113
=======
    "R2": 0.21595292159489932,
    "RMSE": 37.480830557308764,
    "MSE": 1404.8126592656906,
    "MAPE": 0.05446273916437936,
    "ACMAPE": 1.1313858160874561
>>>>>>> d5f42532be6a9c18a5da3fb21b671ebbe5b6efbf
}