{
    "DOWN": {
        "precision": 0.7349397590361446,
        "recall": 0.20926243567753003,
        "f1-score": 0.32576769025367164,
        "support": 583.0
    },
    "UP": {
        "precision": 0.38451268357810414,
        "recall": 0.8674698795180723,
        "f1-score": 0.5328399629972248,
        "support": 332.0
    },
    "accuracy": 0.44808743169398907,
    "macro avg": {
        "precision": 0.5597262213071243,
        "recall": 0.5383661575978012,
        "f1-score": 0.4293038266254482,
        "support": 915.0
    },
    "weighted avg": {
        "precision": 0.6077902628043749,
        "recall": 0.44808743169398907,
        "f1-score": 0.4009021105278352,
        "support": 915.0
    }
}