{
    "DOWN": {
        "precision": 0.5789473684210527,
        "recall": 0.3900709219858156,
        "f1-score": 0.4661016949152542,
        "support": 141.0
    },
    "UP": {
        "precision": 0.381294964028777,
        "recall": 0.5698924731182796,
        "f1-score": 0.45689655172413796,
        "support": 93.0
    },
    "accuracy": 0.46153846153846156,
    "macro avg": {
        "precision": 0.48012116622491485,
        "recall": 0.4799816975520476,
        "f1-score": 0.4614991233196961,
        "support": 234.0
    },
    "weighted avg": {
        "precision": 0.5003932077010457,
        "recall": 0.46153846153846156,
        "f1-score": 0.46244324057006697,
        "support": 234.0
    }
}