{
    "DOWN": {
        "precision": 0.6590909090909091,
        "recall": 0.3525835866261398,
        "f1-score": 0.4594059405940593,
        "support": 658.0
    },
    "UP": {
        "precision": 0.3698224852071006,
        "recall": 0.6756756756756757,
        "f1-score": 0.4780114722753346,
        "support": 370.0
    },
    "accuracy": 0.4688715953307393,
    "macro avg": {
        "precision": 0.5144566971490048,
        "recall": 0.5141296311509077,
        "f1-score": 0.468708706434697,
        "support": 1028.0
    },
    "weighted avg": {
        "precision": 0.5549767876541297,
        "recall": 0.4688715953307393,
        "f1-score": 0.46610248409802024,
        "support": 1028.0
    }
}