{
<<<<<<< HEAD
    "R2": 0.2959789257084928,
    "RMSE": 6.60495965676874,
    "MSE": 43.62549206754263,
    "MAPE": 0.020075348375824354,
    "ACMAPE": 1.3559532109712442
=======
    "R2": 0.416063929465997,
    "RMSE": 6.015337387444041,
    "MSE": 36.1842838847821,
    "MAPE": 0.017178508983964065,
    "ACMAPE": 1.3225220204343457
>>>>>>> d5f42532be6a9c18a5da3fb21b671ebbe5b6efbf
}