{
    "DOWN": {
        "precision": 0.6873065015479877,
        "recall": 0.33183856502242154,
        "f1-score": 0.44758064516129037,
        "support": 669.0
    },
    "UP": {
        "precision": 0.37916666666666665,
        "recall": 0.7299465240641712,
        "f1-score": 0.4990859232175503,
        "support": 374.0
    },
    "accuracy": 0.47459252157238735,
    "macro avg": {
        "precision": 0.5332365841073272,
        "recall": 0.5308925445432964,
        "f1-score": 0.47333328418942033,
        "support": 1043.0
    },
    "weighted avg": {
        "precision": 0.5768134063939953,
        "recall": 0.47459252157238735,
        "f1-score": 0.4660494601114737,
        "support": 1043.0
    }
}