{
    "R2": 0.9774841676670717,
    "RMSE": 10.958451076176832,
    "MSE": 120.08764998896119,
    "MAPE": 0.02888397314178346,
    "ACMAPE": 1.0561213272273864
}