{
    "DOWN": {
        "precision": 0.6818181818181818,
        "recall": 0.2571428571428571,
        "f1-score": 0.3734439834024896,
        "support": 175.0
    },
    "UP": {
        "precision": 0.336734693877551,
        "recall": 0.7586206896551724,
        "f1-score": 0.46643109540636035,
        "support": 87.0
    },
    "accuracy": 0.42366412213740456,
    "macro avg": {
        "precision": 0.5092764378478664,
        "recall": 0.5078817733990147,
        "f1-score": 0.41993753940442496,
        "support": 262.0
    },
    "weighted avg": {
        "precision": 0.5672293900211021,
        "recall": 0.42366412213740456,
        "f1-score": 0.40432138319003447,
        "support": 262.0
    }
}