{
    "DOWN": {
        "precision": 0.5,
        "recall": 0.045714285714285714,
        "f1-score": 0.08376963350785341,
        "support": 175.0
    },
    "UP": {
        "precision": 0.32113821138211385,
        "recall": 0.9080459770114943,
        "f1-score": 0.4744744744744745,
        "support": 87.0
    },
    "accuracy": 0.3320610687022901,
    "macro avg": {
        "precision": 0.4105691056910569,
        "recall": 0.47688013136289,
        "f1-score": 0.27912205399116397,
        "support": 262.0
    },
    "weighted avg": {
        "precision": 0.4406069633215416,
        "recall": 0.3320610687022901,
        "f1-score": 0.21350750054638787,
        "support": 262.0
    }
}