{
    "R2": -3.2970020077336475,
    "RMSE": 16.31774408814663,
    "MSE": 266.2687721262443,
    "MAPE": 0.04162016165065503,
    "ACMAPE": 1.194291917375846
}