{
    "DOWN": {
<<<<<<< HEAD
        "precision": 0.6794871794871795,
        "recall": 0.13216957605985039,
        "f1-score": 0.221294363256785,
        "support": 401.0
    },
    "UP": {
        "precision": 0.3684210526315789,
        "recall": 0.8903508771929824,
        "f1-score": 0.521181001283697,
        "support": 228.0
    },
    "accuracy": 0.4069952305246423,
    "macro avg": {
        "precision": 0.5239541160593792,
        "recall": 0.5112602266264165,
        "f1-score": 0.371237682270241,
        "support": 629.0
    },
    "weighted avg": {
        "precision": 0.5667318902613021,
        "recall": 0.4069952305246423,
        "f1-score": 0.3299973099501649,
=======
        "precision": 0.6747967479674797,
        "recall": 0.20698254364089774,
        "f1-score": 0.31679389312977096,
        "support": 401.0
    },
    "UP": {
        "precision": 0.3715415019762846,
        "recall": 0.8245614035087719,
        "f1-score": 0.5122615803814714,
        "support": 228.0
    },
    "accuracy": 0.43084260731319557,
    "macro avg": {
        "precision": 0.5231691249718822,
        "recall": 0.5157719735748348,
        "f1-score": 0.41452773675562116,
        "support": 629.0
    },
    "weighted avg": {
        "precision": 0.5648727478307667,
        "recall": 0.43084260731319557,
        "f1-score": 0.38764704526552246,
>>>>>>> d5f42532be6a9c18a5da3fb21b671ebbe5b6efbf
        "support": 629.0
    }
}