{
    "DOWN": {
<<<<<<< HEAD
        "precision": 0.7664670658682635,
        "recall": 0.0763267740011926,
        "f1-score": 0.13882863340563992,
        "support": 1677.0
    },
    "UP": {
        "precision": 0.3351931330472103,
        "recall": 0.9524390243902439,
        "f1-score": 0.49587301587301597,
        "support": 820.0
    },
    "accuracy": 0.36403684421305565,
    "macro avg": {
        "precision": 0.5508300994577369,
        "recall": 0.5143828991957182,
        "f1-score": 0.31735082463932796,
        "support": 2497.0
    },
    "weighted avg": {
        "precision": 0.6248392625389629,
        "recall": 0.36403684421305565,
        "f1-score": 0.25607989236569134,
=======
        "precision": 0.7878787878787878,
        "recall": 0.09302325581395349,
        "f1-score": 0.1664,
        "support": 1677.0
    },
    "UP": {
        "precision": 0.3384080034797738,
        "recall": 0.948780487804878,
        "f1-score": 0.4988778454632895,
        "support": 820.0
    },
    "accuracy": 0.3740488586303564,
    "macro avg": {
        "precision": 0.5631433956792808,
        "recall": 0.5209018718094157,
        "f1-score": 0.33263892273164475,
        "support": 2497.0
    },
    "weighted avg": {
        "precision": 0.6402752463460719,
        "recall": 0.3740488586303564,
        "f1-score": 0.2755837538165388,
>>>>>>> d5f42532be6a9c18a5da3fb21b671ebbe5b6efbf
        "support": 2497.0
    }
}