{
    "R2": 0.9637523518077649,
    "RMSE": 4.918063030516117,
    "MSE": 24.18734397212937,
    "MAPE": 0.01892235342276191,
    "ACMAPE": 0.7915773613718876
}