{
<<<<<<< HEAD
    "R2": 0.9881076054597253,
    "RMSE": 4.028049678875577,
    "MSE": 16.225184215489644,
    "MAPE": 0.03005653241620722,
    "ACMAPE": 1.3019828439900958
=======
    "R2": 0.9880990798933112,
    "RMSE": 4.029493259155934,
    "MSE": 16.23681592558311,
    "MAPE": 0.031975953785504545,
    "ACMAPE": 1.2838782365247916
>>>>>>> d5f42532be6a9c18a5da3fb21b671ebbe5b6efbf
}