{
    "DOWN": {
        "precision": 0.6794871794871795,
        "recall": 0.13216957605985039,
        "f1-score": 0.221294363256785,
        "support": 401.0
    },
    "UP": {
        "precision": 0.3684210526315789,
        "recall": 0.8903508771929824,
        "f1-score": 0.521181001283697,
        "support": 228.0
    },
    "accuracy": 0.4069952305246423,
    "macro avg": {
        "precision": 0.5239541160593792,
        "recall": 0.5112602266264165,
        "f1-score": 0.371237682270241,
        "support": 629.0
    },
    "weighted avg": {
        "precision": 0.5667318902613021,
        "recall": 0.4069952305246423,
        "f1-score": 0.3299973099501649,
        "support": 629.0
    }
}