{
    "DOWN": {
        "precision": 0.7461538461538462,
        "recall": 0.60625,
        "f1-score": 0.6689655172413793,
        "support": 160.0
    },
    "UP": {
        "precision": 0.4793388429752066,
        "recall": 0.6373626373626373,
        "f1-score": 0.5471698113207547,
        "support": 91.0
    },
    "accuracy": 0.6175298804780877,
    "macro avg": {
        "precision": 0.6127463445645264,
        "recall": 0.6218063186813186,
        "f1-score": 0.608067664281067,
        "support": 251.0
    },
    "weighted avg": {
        "precision": 0.6494201199018294,
        "recall": 0.6175298804780877,
        "f1-score": 0.6248085083219497,
        "support": 251.0
    }
}