{
    "R2": -8.784627015169683,
    "RMSE": 109.12347587446368,
    "MSE": 11907.932986924658,
    "MAPE": 1.4844940281049452,
    "ACMAPE": 3.2909456410081708
}