{
    "DOWN": {
        "precision": 0.7166666666666667,
        "recall": 0.5972222222222222,
        "f1-score": 0.6515151515151515,
        "support": 144.0
    },
    "UP": {
        "precision": 0.4774774774774775,
        "recall": 0.6091954022988506,
        "f1-score": 0.5353535353535355,
        "support": 87.0
    },
    "accuracy": 0.6017316017316018,
    "macro avg": {
        "precision": 0.5970720720720721,
        "recall": 0.6032088122605364,
        "f1-score": 0.5934343434343434,
        "support": 231.0
    },
    "weighted avg": {
        "precision": 0.6265824265824266,
        "recall": 0.6017316017316018,
        "f1-score": 0.6077659714023351,
        "support": 231.0
    }
}