{
    "R2": 0.9917588197412661,
    "RMSE": 10.588560146595306,
    "MSE": 112.11760597806642,
    "MAPE": 0.025586909264484817,
    "ACMAPE": 1.0173451510227267
}