{
    "DOWN": {
<<<<<<< HEAD
        "precision": 0.7616822429906542,
        "recall": 0.31898238747553814,
        "f1-score": 0.44965517241379305,
        "support": 511.0
    },
    "UP": {
        "precision": 0.29554655870445345,
        "recall": 0.7411167512690355,
        "f1-score": 0.42257597684515197,
        "support": 197.0
    },
    "accuracy": 0.4364406779661017,
    "macro avg": {
        "precision": 0.5286144008475538,
        "recall": 0.5300495693722869,
        "f1-score": 0.4361155746294725,
        "support": 708.0
    },
    "weighted avg": {
        "precision": 0.6319806472217537,
        "recall": 0.4364406779661017,
        "f1-score": 0.4421204244942701,
=======
        "precision": 0.771689497716895,
        "recall": 0.33072407045009783,
        "f1-score": 0.46301369863013697,
        "support": 511.0
    },
    "UP": {
        "precision": 0.3006134969325153,
        "recall": 0.7461928934010152,
        "f1-score": 0.4285714285714286,
        "support": 197.0
    },
    "accuracy": 0.4463276836158192,
    "macro avg": {
        "precision": 0.5361514973247051,
        "recall": 0.5384584819255566,
        "f1-score": 0.4457925636007828,
        "support": 708.0
    },
    "weighted avg": {
        "precision": 0.6406132658602244,
        "recall": 0.4463276836158192,
        "f1-score": 0.45343018563357546,
>>>>>>> d5f42532be6a9c18a5da3fb21b671ebbe5b6efbf
        "support": 708.0
    }
}