{
    "DOWN": {
        "precision": 0.625,
        "recall": 0.03787878787878788,
        "f1-score": 0.07142857142857144,
        "support": 132.0
    },
    "UP": {
        "precision": 0.27011494252873564,
        "recall": 0.94,
        "f1-score": 0.41964285714285715,
        "support": 50.0
    },
    "accuracy": 0.2857142857142857,
    "macro avg": {
        "precision": 0.44755747126436785,
        "recall": 0.4889393939393939,
        "f1-score": 0.2455357142857143,
        "support": 182.0
    },
    "weighted avg": {
        "precision": 0.527504105090312,
        "recall": 0.2857142857142857,
        "f1-score": 0.16709183673469388,
        "support": 182.0
    }
}