{
<<<<<<< HEAD
    "R2": 0.9679141794840865,
    "RMSE": 21.118406775592824,
    "MSE": 445.98710473940486,
    "MAPE": 0.06719797613479042,
    "ACMAPE": 1.1943166202025872
=======
    "R2": 0.9671882466390441,
    "RMSE": 21.355969658442667,
    "MSE": 456.0774400523239,
    "MAPE": 0.06922899967333711,
    "ACMAPE": 1.1765736324416987
>>>>>>> d5f42532be6a9c18a5da3fb21b671ebbe5b6efbf
}