{
    "R2": -0.136211210231586,
    "RMSE": 110.00528688185864,
    "MSE": 12101.16314196002,
    "MAPE": 0.07160697217055044,
    "ACMAPE": 1.1906545912181694
}