{
    "R2": 0.4124167688397341,
    "RMSE": 79.1076930229989,
    "MSE": 6258.027095421028,
    "MAPE": 0.06566853711219897,
    "ACMAPE": 1.3632875847312467
}