{
<<<<<<< HEAD
    "R2": 0.3469181862312929,
    "RMSE": 83.40033942529985,
    "MSE": 6955.616616255224,
    "MAPE": 0.07017874666640297,
    "ACMAPE": 1.3797025561902125
=======
    "R2": 0.4124167688397341,
    "RMSE": 79.1076930229989,
    "MSE": 6258.027095421028,
    "MAPE": 0.06566853711219897,
    "ACMAPE": 1.3632875847312467
>>>>>>> d5f42532be6a9c18a5da3fb21b671ebbe5b6efbf
}