{
    "R2": 0.9865450981734025,
    "RMSE": 72.14359447610138,
    "MSE": 5204.698223932166,
    "MAPE": 0.042876953706808454,
    "ACMAPE": 0.9768247263642585
}