{
    "DOWN": {
<<<<<<< HEAD
        "precision": 0.7289156626506024,
        "recall": 0.3086734693877551,
        "f1-score": 0.4336917562724014,
        "support": 392.0
    },
    "UP": {
        "precision": 0.44123711340206184,
        "recall": 0.8262548262548263,
        "f1-score": 0.5752688172043011,
        "support": 259.0
    },
    "accuracy": 0.5145929339477726,
    "macro avg": {
        "precision": 0.5850763880263321,
        "recall": 0.5674641478212907,
        "f1-score": 0.5044802867383513,
        "support": 651.0
    },
    "weighted avg": {
        "precision": 0.6144629064979573,
        "recall": 0.5145929339477726,
        "f1-score": 0.49001811384745836,
=======
        "precision": 0.72,
        "recall": 0.3673469387755102,
        "f1-score": 0.4864864864864865,
        "support": 392.0
    },
    "UP": {
        "precision": 0.4501108647450111,
        "recall": 0.7837837837837838,
        "f1-score": 0.571830985915493,
        "support": 259.0
    },
    "accuracy": 0.533026113671275,
    "macro avg": {
        "precision": 0.5850554323725056,
        "recall": 0.575565361279647,
        "f1-score": 0.5291587362009897,
        "support": 651.0
    },
    "weighted avg": {
        "precision": 0.6126247526404883,
        "recall": 0.533026113671275,
        "f1-score": 0.5204407497001773,
>>>>>>> d5f42532be6a9c18a5da3fb21b671ebbe5b6efbf
        "support": 651.0
    }
}