{
    "DOWN": {
        "precision": 1.0,
        "recall": 0.018018018018018018,
        "f1-score": 0.035398230088495575,
        "support": 111.0
    },
    "UP": {
        "precision": 0.3433734939759036,
        "recall": 1.0,
        "f1-score": 0.5112107623318385,
        "support": 57.0
    },
    "accuracy": 0.35119047619047616,
    "macro avg": {
        "precision": 0.6716867469879518,
        "recall": 0.509009009009009,
        "f1-score": 0.27330449621016706,
        "support": 168.0
    },
    "weighted avg": {
        "precision": 0.7772160068846816,
        "recall": 0.35119047619047616,
        "f1-score": 0.19683462495677265,
        "support": 168.0
    }
}