{
    "R2": 0.9323888555031484,
    "RMSE": 161.86493696230798,
    "MSE": 26200.257817811933,
    "MAPE": 0.11079262731328299,
    "ACMAPE": 0.8551194049229652
}