{
    "DOWN": {
        "precision": 0.6257976298997265,
        "recall": 0.5987788922808548,
        "f1-score": 0.61199019389347,
        "support": 2293.0
    },
    "UP": {
        "precision": 0.4177215189873418,
        "recall": 0.44564483457123566,
        "f1-score": 0.4312316236524012,
        "support": 1481.0
    },
    "accuracy": 0.5386857445680975,
    "macro avg": {
        "precision": 0.5217595744435342,
        "recall": 0.5222118634260452,
        "f1-score": 0.5216109087729356,
        "support": 3774.0
    },
    "weighted avg": {
        "precision": 0.5441440209274844,
        "recall": 0.5386857445680975,
        "f1-score": 0.5410565843208619,
        "support": 3774.0
    }
}