{
    "R2": 0.9824451484523441,
    "RMSE": 125.93635423307238,
    "MSE": 15859.965317517886,
    "MAPE": 0.024012676998412807,
    "ACMAPE": 0.9466411878622178
}