{
    "R2": 0.9880747275192896,
    "RMSE": 208.3183286008713,
    "MSE": 43396.52603106059,
    "MAPE": 0.046532681016684105,
    "ACMAPE": 1.0603184710484974
}