{
    "DOWN": {
        "precision": 0.5925925925925926,
        "recall": 0.3575418994413408,
        "f1-score": 0.44599303135888496,
        "support": 537.0
    },
    "UP": {
        "precision": 0.44264943457189015,
        "recall": 0.6748768472906403,
        "f1-score": 0.5346341463414633,
        "support": 406.0
    },
    "accuracy": 0.4941675503711559,
    "macro avg": {
        "precision": 0.5176210135822413,
        "recall": 0.5162093733659906,
        "f1-score": 0.4903135888501742,
        "support": 943.0
    },
    "weighted avg": {
        "precision": 0.5280359413132658,
        "recall": 0.4941675503711559,
        "f1-score": 0.48415665032275224,
        "support": 943.0
    }
}