{
    "DOWN": {
        "precision": 0.6149369544131911,
        "recall": 0.8334794040315513,
        "f1-score": 0.7077209302325582,
        "support": 2282.0
    },
    "UP": {
        "precision": 0.42511346444780634,
        "recall": 0.19089673913043478,
        "f1-score": 0.2634786685419597,
        "support": 1472.0
    },
    "accuracy": 0.58151305274374,
    "macro avg": {
        "precision": 0.5200252094304987,
        "recall": 0.512188071580993,
        "f1-score": 0.48559979938725895,
        "support": 3754.0
    },
    "weighted avg": {
        "precision": 0.5405043019813727,
        "recall": 0.58151305274374,
        "f1-score": 0.5335268414716203,
        "support": 3754.0
    }
}