{
    "DOWN": {
        "precision": 0.6309448319594166,
        "recall": 0.4348776223776224,
        "f1-score": 0.5148771021992239,
        "support": 2288.0
    },
    "UP": {
        "precision": 0.40877914951989025,
        "recall": 0.6056910569105691,
        "f1-score": 0.4881244881244881,
        "support": 1476.0
    },
    "accuracy": 0.5018597236981934,
    "macro avg": {
        "precision": 0.5198619907396534,
        "recall": 0.5202843396440957,
        "f1-score": 0.501500795161856,
        "support": 3764.0
    },
    "weighted avg": {
        "precision": 0.5438256642440232,
        "recall": 0.5018597236981934,
        "f1-score": 0.5043864384440937,
        "support": 3764.0
    }
}