{
    "DOWN": {
        "precision": 0.647887323943662,
        "recall": 0.2996742671009772,
        "f1-score": 0.4097995545657016,
        "support": 307.0
    },
    "UP": {
        "precision": 0.3994413407821229,
        "recall": 0.7409326424870466,
        "f1-score": 0.5190562613430127,
        "support": 193.0
    },
    "accuracy": 0.47,
    "macro avg": {
        "precision": 0.5236643323628924,
        "recall": 0.520303454794012,
        "f1-score": 0.4644279079543572,
        "support": 500.0
    },
    "weighted avg": {
        "precision": 0.5519871744433078,
        "recall": 0.47,
        "f1-score": 0.4519726433817437,
        "support": 500.0
    }
}