{
    "DOWN": {
<<<<<<< HEAD
        "precision": 0.6177777777777778,
        "recall": 0.4527687296416938,
        "f1-score": 0.5225563909774436,
        "support": 307.0
    },
    "UP": {
        "precision": 0.3890909090909091,
        "recall": 0.5544041450777202,
        "f1-score": 0.4572649572649572,
        "support": 193.0
    },
    "accuracy": 0.492,
    "macro avg": {
        "precision": 0.5034343434343435,
        "recall": 0.503586437359707,
        "f1-score": 0.4899106741212004,
        "support": 500.0
    },
    "weighted avg": {
        "precision": 0.5295046464646463,
        "recall": 0.492,
        "f1-score": 0.49735389756442383,
=======
        "precision": 0.647887323943662,
        "recall": 0.2996742671009772,
        "f1-score": 0.4097995545657016,
        "support": 307.0
    },
    "UP": {
        "precision": 0.3994413407821229,
        "recall": 0.7409326424870466,
        "f1-score": 0.5190562613430127,
        "support": 193.0
    },
    "accuracy": 0.47,
    "macro avg": {
        "precision": 0.5236643323628924,
        "recall": 0.520303454794012,
        "f1-score": 0.4644279079543572,
        "support": 500.0
    },
    "weighted avg": {
        "precision": 0.5519871744433078,
        "recall": 0.47,
        "f1-score": 0.4519726433817437,
>>>>>>> d5f42532be6a9c18a5da3fb21b671ebbe5b6efbf
        "support": 500.0
    }
}