{
    "R2": 0.922283742965329,
    "RMSE": 17.602519855585136,
    "MSE": 309.848705266269,
    "MAPE": 0.05205792385783144,
    "ACMAPE": 1.2600579238578313
}