{
    "DOWN": {
        "precision": 0.7588075880758808,
        "recall": 0.21488871834228704,
        "f1-score": 0.3349282296650718,
        "support": 1303.0
    },
    "UP": {
        "precision": 0.3649906890130354,
        "recall": 0.8685376661742984,
        "f1-score": 0.5139860139860141,
        "support": 677.0
    },
    "accuracy": 0.4383838383838384,
    "macro avg": {
        "precision": 0.561899138544458,
        "recall": 0.5417131922582927,
        "f1-score": 0.42445712182554296,
        "support": 1980.0
    },
    "weighted avg": {
        "precision": 0.6241540321841907,
        "recall": 0.4383838383838384,
        "f1-score": 0.3961515225869293,
        "support": 1980.0
    }
}