{
    "R2": 0.9758412286974444,
    "RMSE": 7.679371652394697,
    "MSE": 58.97274897560327,
    "MAPE": 0.033156635827504985,
    "ACMAPE": 1.2692468613914147
}