{
    "R2": 0.9014650675242608,
    "RMSE": 19.820473099233798,
    "MSE": 392.8511538774506,
    "MAPE": 0.0465758836662667,
    "ACMAPE": 0.8265758836662668
}