{
    "R2": -5.501434892643431,
    "RMSE": 48.99038097198712,
    "MSE": 2400.0574277804376,
    "MAPE": 0.1697719939757618,
    "ACMAPE": 0.9499917741955419
}