{
    "DOWN": {
        "precision": 0.6420454545454546,
        "recall": 0.7533333333333333,
        "f1-score": 0.6932515337423313,
        "support": 450.0
    },
    "UP": {
        "precision": 0.4504950495049505,
        "recall": 0.325,
        "f1-score": 0.37759336099585067,
        "support": 280.0
    },
    "accuracy": 0.589041095890411,
    "macro avg": {
        "precision": 0.5462702520252025,
        "recall": 0.5391666666666667,
        "f1-score": 0.535422447369091,
        "support": 730.0
    },
    "weighted avg": {
        "precision": 0.5685740663107407,
        "recall": 0.589041095890411,
        "f1-score": 0.5721771661135442,
        "support": 730.0
    }
}