{
    "DOWN": {
        "precision": 0.637123745819398,
        "recall": 0.8718535469107551,
        "f1-score": 0.736231884057971,
        "support": 437.0
    },
    "UP": {
        "precision": 0.5,
        "recall": 0.20512820512820512,
        "f1-score": 0.29090909090909095,
        "support": 273.0
    },
    "accuracy": 0.6154929577464788,
    "macro avg": {
        "precision": 0.5685618729096991,
        "recall": 0.5384908760194801,
        "f1-score": 0.513570487483531,
        "support": 710.0
    },
    "weighted avg": {
        "precision": 0.5843986998916576,
        "recall": 0.6154929577464788,
        "f1-score": 0.5650021340162186,
        "support": 710.0
    }
}