{
<<<<<<< HEAD
    "R2": -3.6955086719123376,
    "RMSE": 41.63394185532495,
    "MSE": 1733.3851144125786,
    "MAPE": 0.1427893794874001,
    "ACMAPE": 0.9230091597071802
=======
    "R2": -5.501434892643431,
    "RMSE": 48.99038097198712,
    "MSE": 2400.0574277804376,
    "MAPE": 0.1697719939757618,
    "ACMAPE": 0.9499917741955419
>>>>>>> d5f42532be6a9c18a5da3fb21b671ebbe5b6efbf
}