{
    "DOWN": {
        "precision": 0.6309148264984227,
        "recall": 0.898876404494382,
        "f1-score": 0.7414272474513438,
        "support": 445.0
    },
    "UP": {
        "precision": 0.47674418604651164,
        "recall": 0.14909090909090908,
        "f1-score": 0.22714681440443213,
        "support": 275.0
    },
    "accuracy": 0.6125,
    "macro avg": {
        "precision": 0.5538295062724672,
        "recall": 0.5239836567926456,
        "f1-score": 0.48428703092788794,
        "support": 720.0
    },
    "weighted avg": {
        "precision": 0.5720302068813734,
        "recall": 0.6125,
        "f1-score": 0.5450006931625928,
        "support": 720.0
    }
}