{
    "R2": 0.9819636433859409,
    "RMSE": 114.29297725519966,
    "MSE": 13062.884649857588,
    "MAPE": 0.11717470935829491,
    "ACMAPE": 0.8833718924568865
}