{
    "DOWN": {
        "precision": 0.6428571428571429,
        "recall": 0.703125,
        "f1-score": 0.6716417910447762,
        "support": 448.0
    },
    "UP": {
        "precision": 0.4340425531914894,
        "recall": 0.36823104693140796,
        "f1-score": 0.39843749999999994,
        "support": 277.0
    },
    "accuracy": 0.5751724137931035,
    "macro avg": {
        "precision": 0.5384498480243162,
        "recall": 0.5356780234657039,
        "f1-score": 0.535039645522388,
        "support": 725.0
    },
    "weighted avg": {
        "precision": 0.5630755685986794,
        "recall": 0.5751724137931035,
        "f1-score": 0.5672589101904272,
        "support": 725.0
    }
}