{
    "DOWN": {
        "precision": 0.6274509803921569,
        "recall": 0.8648648648648649,
        "f1-score": 0.7272727272727273,
        "support": 111.0
    },
    "UP": {
        "precision": 0.4827586206896552,
        "recall": 0.19718309859154928,
        "f1-score": 0.27999999999999997,
        "support": 71.0
    },
    "accuracy": 0.6043956043956044,
    "macro avg": {
        "precision": 0.555104800540906,
        "recall": 0.5310239817282071,
        "f1-score": 0.5036363636363637,
        "support": 182.0
    },
    "weighted avg": {
        "precision": 0.5710050598488732,
        "recall": 0.6043956043956044,
        "f1-score": 0.5527872127872128,
        "support": 182.0
    }
}