{
    "DOWN": {
        "precision": 0.8855874316939891,
        "recall": 0.9795995466565923,
        "f1-score": 0.9302242152466368,
        "support": 2647.0
    },
    "UP": {
        "precision": 0.3333333333333333,
        "recall": 0.07458563535911603,
        "f1-score": 0.1218961625282167,
        "support": 362.0
    },
    "accuracy": 0.8707211698238617,
    "macro avg": {
        "precision": 0.6094603825136612,
        "recall": 0.5270925910078542,
        "f1-score": 0.5260601888874268,
        "support": 3009.0
    },
    "weighted avg": {
        "precision": 0.8191480885213214,
        "recall": 0.8707211698238617,
        "f1-score": 0.8329777030884221,
        "support": 3009.0
    }
}