{
    "R2": 0.9906352038243109,
    "RMSE": 1185.049631382432,
    "MSE": 1404342.6288396379,
    "MAPE": 0.03686250230824977,
    "ACMAPE": 1.0488146935433096
}