{
    "R2": 0.8530294761720876,
    "RMSE": 1372.7799168379809,
    "MSE": 1884524.7000736936,
    "MAPE": 0.16004961182885039,
    "ACMAPE": 1.13447671245987
}