{
<<<<<<< HEAD
    "R2": 0.9921729075533698,
    "RMSE": 316.58838638684915,
    "MSE": 100228.2063950289,
    "MAPE": 0.035132692119009525,
    "ACMAPE": 1.02744295624472
=======
    "R2": 0.991840137781386,
    "RMSE": 323.2482336897558,
    "MSE": 104489.42058354699,
    "MAPE": 0.03797141535658713,
    "ACMAPE": 1.0302816794822975
>>>>>>> d5f42532be6a9c18a5da3fb21b671ebbe5b6efbf
}