{
    "R2": 0.8756665137153096,
    "RMSE": 1261.505405916529,
    "MSE": 1591395.8891566265,
    "MAPE": 0.1705831475323784,
    "ACMAPE": 1.1629190355696994
}