{
    "DOWN": {
        "precision": 0.5502717391304348,
        "recall": 0.49480757483200977,
        "f1-score": 0.5210678674815054,
        "support": 1637.0
    },
    "UP": {
        "precision": 0.4591236102027469,
        "recall": 0.5146627565982405,
        "f1-score": 0.485309367438645,
        "support": 1364.0
    },
    "accuracy": 0.5038320559813395,
    "macro avg": {
        "precision": 0.5046976746665909,
        "recall": 0.5047351657151251,
        "f1-score": 0.5031886174600751,
        "support": 3001.0
    },
    "weighted avg": {
        "precision": 0.5088435325801628,
        "recall": 0.5038320559813395,
        "f1-score": 0.5048150870554935,
        "support": 3001.0
    }
}