{
    "R2": 0.9892604888267819,
    "RMSE": 1269.052625420225,
    "MSE": 1610494.5660859658,
    "MAPE": 0.039126701212583416,
    "ACMAPE": 1.0404547224609233
}