{
    "DOWN": {
        "precision": 0.4954954954954955,
        "recall": 0.29023746701846964,
        "f1-score": 0.36605657237936773,
        "support": 379.0
    },
    "UP": {
        "precision": 0.4934086629001883,
        "recall": 0.7005347593582888,
        "f1-score": 0.5790055248618785,
        "support": 374.0
    },
    "accuracy": 0.4940239043824701,
    "macro avg": {
        "precision": 0.4944520791978419,
        "recall": 0.4953861131883792,
        "f1-score": 0.4725310486206231,
        "support": 753.0
    },
    "weighted avg": {
        "precision": 0.4944590075929126,
        "recall": 0.4940239043824701,
        "f1-score": 0.47182404678635187,
        "support": 753.0
    }
}