{
    "R2": -0.4565534263550306,
    "RMSE": 14779.188366005264,
    "MSE": 218424408.75786537,
    "MAPE": 0.39258331963342896,
    "ACMAPE": 1.388599255888409
}