{
    "R2": 0.9865391110337678,
    "RMSE": 415.196353613115,
    "MSE": 172388.01205362682,
    "MAPE": 0.03218324037112001,
    "ACMAPE": 1.123999607636589
}