{
    "DOWN": {
        "precision": 0.6749116607773852,
        "recall": 0.7811860940695297,
        "f1-score": 0.724170616113744,
        "support": 489.0
    },
    "UP": {
        "precision": 0.3742690058479532,
        "recall": 0.25806451612903225,
        "f1-score": 0.3054892601431981,
        "support": 248.0
    },
    "accuracy": 0.6051560379918589,
    "macro avg": {
        "precision": 0.5245903333126691,
        "recall": 0.519625305099281,
        "f1-score": 0.5148299381284711,
        "support": 737.0
    },
    "weighted avg": {
        "precision": 0.5737456113574407,
        "recall": 0.6051560379918589,
        "f1-score": 0.5832846238739945,
        "support": 737.0
    }
}