{
    "DOWN": {
        "precision": 0.6816326530612244,
        "recall": 0.6653386454183267,
        "f1-score": 0.6733870967741934,
        "support": 502.0
    },
    "UP": {
        "precision": 0.3707865168539326,
        "recall": 0.38823529411764707,
        "f1-score": 0.3793103448275863,
        "support": 255.0
    },
    "accuracy": 0.571994715984148,
    "macro avg": {
        "precision": 0.5262095849575785,
        "recall": 0.5267869697679869,
        "f1-score": 0.5263487208008899,
        "support": 757.0
    },
    "weighted avg": {
        "precision": 0.5769222637179492,
        "recall": 0.571994715984148,
        "f1-score": 0.5743255753126546,
        "support": 757.0
    }
}