{
<<<<<<< HEAD
    "R2": -0.497693918383608,
    "RMSE": 14.83794092659584,
    "MSE": 220.16449094114782,
    "MAPE": 0.14042955734099005,
    "ACMAPE": 0.7436041605155933
=======
    "R2": -0.321967822111759,
    "RMSE": 13.940313694369953,
    "MSE": 194.33234589743844,
    "MAPE": 0.13090600179833994,
    "ACMAPE": 0.7340806049729431
>>>>>>> d5f42532be6a9c18a5da3fb21b671ebbe5b6efbf
}