{
    "R2": 0.615915917201054,
    "RMSE": 7.514070393940978,
    "MSE": 56.46125388510032,
    "MAPE": 0.058659151980229314,
    "ACMAPE": 0.9898760831971605
}