{
    "R2": 0.9950364722066458,
    "RMSE": 43.5945064222112,
    "MSE": 1900.4809901962135,
    "MAPE": 0.08990091810956889,
    "ACMAPE": 0.8824042648297832
}