{
    "R2": 0.995660682943182,
    "RMSE": 40.494496365337234,
    "MSE": 1639.8042358823102,
    "MAPE": 0.06912550606516184,
    "ACMAPE": 0.9251360740968659
}