{
    "R2": 0.995390056632456,
    "RMSE": 41.87420158509708,
    "MSE": 1753.448758389347,
    "MAPE": 0.08539291145794164,
    "ACMAPE": 0.8540099327345374
}