{
    "R2": -0.7408114031634425,
    "RMSE": 63.51208403339898,
    "MSE": 4033.784818265533,
    "MAPE": 0.1325654967951824,
    "ACMAPE": 1.1155006503788
}