{
    "DOWN": {
        "precision": 0.7521691973969631,
        "recall": 0.8265792610250298,
        "f1-score": 0.7876206700738216,
        "support": 1678.0
    },
    "UP": {
        "precision": 0.3924843423799583,
        "recall": 0.29147286821705426,
        "f1-score": 0.3345195729537367,
        "support": 645.0
    },
    "accuracy": 0.6780025828669823,
    "macro avg": {
        "precision": 0.5723267698884607,
        "recall": 0.559026064621042,
        "f1-score": 0.5610701215137792,
        "support": 2323.0
    },
    "weighted avg": {
        "precision": 0.6522997477689098,
        "recall": 0.6780025828669823,
        "f1-score": 0.6618134347563637,
        "support": 2323.0
    }
}