{
    "DOWN": {
        "precision": 0.6486486486486487,
        "recall": 0.1935483870967742,
        "f1-score": 0.29813664596273287,
        "support": 124.0
    },
    "UP": {
        "precision": 0.3902439024390244,
        "recall": 0.8311688311688312,
        "f1-score": 0.5311203319502075,
        "support": 77.0
    },
    "accuracy": 0.43781094527363185,
    "macro avg": {
        "precision": 0.5194462755438365,
        "recall": 0.5123586091328027,
        "f1-score": 0.4146284889564702,
        "support": 201.0
    },
    "weighted avg": {
        "precision": 0.5496577757225737,
        "recall": 0.43781094527363185,
        "f1-score": 0.38738910278380523,
        "support": 201.0
    }
}