{
    "DOWN": {
        "precision": 0.6076923076923076,
        "recall": 0.6370967741935484,
        "f1-score": 0.6220472440944881,
        "support": 124.0
    },
    "UP": {
        "precision": 0.36619718309859156,
        "recall": 0.33766233766233766,
        "f1-score": 0.3513513513513513,
        "support": 77.0
    },
    "accuracy": 0.5223880597014925,
    "macro avg": {
        "precision": 0.48694474539544963,
        "recall": 0.487379555927943,
        "f1-score": 0.4866992977229197,
        "support": 201.0
    },
    "weighted avg": {
        "precision": 0.5151792500121278,
        "recall": 0.5223880597014925,
        "f1-score": 0.518347822496371,
        "support": 201.0
    }
}