{
    "R2": 0.9657558863832729,
    "RMSE": 6.686828793061131,
    "MSE": 44.71367930771138,
    "MAPE": 0.038312221917749516,
    "ACMAPE": 0.8000956614081954
}