{
    "DOWN": {
<<<<<<< HEAD
        "precision": 0.692,
        "recall": 0.6771037181996086,
        "f1-score": 0.6844708209693372,
        "support": 511.0
    },
    "UP": {
        "precision": 0.42105263157894735,
        "recall": 0.43795620437956206,
        "f1-score": 0.42933810375670844,
        "support": 274.0
    },
    "accuracy": 0.5936305732484076,
    "macro avg": {
        "precision": 0.5565263157894736,
        "recall": 0.5575299612895853,
        "f1-score": 0.5569044623630228,
        "support": 785.0
    },
    "weighted avg": {
        "precision": 0.5974272879651357,
        "recall": 0.5936305732484076,
        "f1-score": 0.5954181273180502,
=======
        "precision": 0.6955719557195572,
        "recall": 0.7377690802348337,
        "f1-score": 0.7160493827160493,
        "support": 511.0
    },
    "UP": {
        "precision": 0.448559670781893,
        "recall": 0.3978102189781022,
        "f1-score": 0.42166344294003877,
        "support": 274.0
    },
    "accuracy": 0.619108280254777,
    "macro avg": {
        "precision": 0.5720658132507251,
        "recall": 0.5677896496064679,
        "f1-score": 0.568856412828044,
        "support": 785.0
    },
    "weighted avg": {
        "precision": 0.6093536549897228,
        "recall": 0.619108280254777,
        "f1-score": 0.6132955642464609,
>>>>>>> d5f42532be6a9c18a5da3fb21b671ebbe5b6efbf
        "support": 785.0
    }
}