{
    "DOWN": {
        "precision": 0.6201550387596899,
        "recall": 0.6451612903225806,
        "f1-score": 0.6324110671936758,
        "support": 124.0
    },
    "UP": {
        "precision": 0.3888888888888889,
        "recall": 0.36363636363636365,
        "f1-score": 0.3758389261744966,
        "support": 77.0
    },
    "accuracy": 0.5373134328358209,
    "macro avg": {
        "precision": 0.5045219638242894,
        "recall": 0.5043988269794721,
        "f1-score": 0.5041249966840862,
        "support": 201.0
    },
    "weighted avg": {
        "precision": 0.5315605435355522,
        "recall": 0.5373134328358209,
        "f1-score": 0.5341222370520002,
        "support": 201.0
    }
}