{
    "R2": 0.7450361974231893,
    "RMSE": 4.442998634936577,
    "MSE": 19.74023687004829,
    "MAPE": 0.02708905451854,
    "ACMAPE": 0.9524621888468983
}