{
    "DOWN": {
        "precision": 0.625,
        "recall": 0.967741935483871,
        "f1-score": 0.759493670886076,
        "support": 124.0
    },
    "UP": {
        "precision": 0.5555555555555556,
        "recall": 0.06493506493506493,
        "f1-score": 0.11627906976744184,
        "support": 77.0
    },
    "accuracy": 0.6218905472636815,
    "macro avg": {
        "precision": 0.5902777777777778,
        "recall": 0.5163385002094679,
        "f1-score": 0.4378863703267589,
        "support": 201.0
    },
    "weighted avg": {
        "precision": 0.5983969043670536,
        "recall": 0.6218905472636815,
        "f1-score": 0.5130880774227187,
        "support": 201.0
    }
}