{
    "R2": 0.90267776193465,
    "RMSE": 278.33925940252396,
    "MSE": 77472.74332474552,
    "MAPE": 0.027709315165946498,
    "ACMAPE": 0.5445632477502161
}