{
    "R2": 0.9941041897130998,
    "RMSE": 124.3990035312509,
    "MSE": 15475.112079568175,
    "MAPE": 0.2032542474706754,
    "ACMAPE": 1.6831885351965612
}