{
    "DOWN": {
        "precision": 0.9269588313413014,
        "recall": 0.7595212187159956,
        "f1-score": 0.8349282296650717,
        "support": 919.0
    },
    "UP": {
        "precision": 0.2984126984126984,
        "recall": 0.6308724832214765,
        "f1-score": 0.4051724137931034,
        "support": 149.0
    },
    "accuracy": 0.7415730337078652,
    "macro avg": {
        "precision": 0.6126857648769999,
        "recall": 0.6951968509687361,
        "f1-score": 0.6200503217290876,
        "support": 1068.0
    },
    "weighted avg": {
        "precision": 0.8392684064289775,
        "recall": 0.7415730337078652,
        "f1-score": 0.7749716598477279,
        "support": 1068.0
    }
}