{
    "R2": 0.24389580937283273,
    "RMSE": 775.8169183590561,
    "MSE": 601891.8908121423,
    "MAPE": 0.11671435556556342,
    "ACMAPE": 1.7534184754157507
}