{
    "DOWN": {
        "precision": 0.8358531317494601,
        "recall": 0.4211099020674646,
        "f1-score": 0.5600578871201157,
        "support": 919.0
    },
    "UP": {
        "precision": 0.1206611570247934,
        "recall": 0.4899328859060403,
        "f1-score": 0.19363395225464194,
        "support": 149.0
    },
    "accuracy": 0.4307116104868914,
    "macro avg": {
        "precision": 0.47825714438712674,
        "recall": 0.45552139398675245,
        "f1-score": 0.37684591968737885,
        "support": 1068.0
    },
    "weighted avg": {
        "precision": 0.7360744760996704,
        "recall": 0.4307116104868914,
        "f1-score": 0.5089369448963744,
        "support": 1068.0
    }
}