{
    "DOWN": {
        "precision": 0.8239348370927319,
        "recall": 0.37063134160090194,
        "f1-score": 0.5112752721617418,
        "support": 3548.0
    },
    "UP": {
        "precision": 0.15894538606403014,
        "recall": 0.6002844950213371,
        "f1-score": 0.25134008338296604,
        "support": 703.0
    },
    "accuracy": 0.40860973888496827,
    "macro avg": {
        "precision": 0.49144011157838097,
        "recall": 0.4854579183111195,
        "f1-score": 0.38130767777235397,
        "support": 4251.0
    },
    "weighted avg": {
        "precision": 0.7139636340644615,
        "recall": 0.40860973888496827,
        "f1-score": 0.46828904828230655,
        "support": 4251.0
    }
}