{
    "DOWN": {
        "precision": 0.7450980392156863,
        "recall": 0.4351145038167939,
        "f1-score": 0.5493975903614459,
        "support": 524.0
    },
    "UP": {
        "precision": 0.31322505800464034,
        "recall": 0.6338028169014085,
        "f1-score": 0.4192546583850932,
        "support": 213.0
    },
    "accuracy": 0.4925373134328358,
    "macro avg": {
        "precision": 0.5291615486101633,
        "recall": 0.5344586603591012,
        "f1-score": 0.4843261243732695,
        "support": 737.0
    },
    "weighted avg": {
        "precision": 0.6202826457313542,
        "recall": 0.4925373134328358,
        "f1-score": 0.5117850469273032,
        "support": 737.0
    }
}