{
    "DOWN": {
        "precision": 0.602112676056338,
        "recall": 0.32633587786259544,
        "f1-score": 0.4232673267326733,
        "support": 524.0
    },
    "UP": {
        "precision": 0.22075055187637968,
        "recall": 0.4694835680751174,
        "f1-score": 0.30030030030030025,
        "support": 213.0
    },
    "accuracy": 0.3677069199457259,
    "macro avg": {
        "precision": 0.41143161396635886,
        "recall": 0.3979097229688564,
        "f1-score": 0.3617838135164868,
        "support": 737.0
    },
    "weighted avg": {
        "precision": 0.4918954000043283,
        "recall": 0.3677069199457259,
        "f1-score": 0.3877286881572385,
        "support": 737.0
    }
}