{
    "R2": -68.23607397278849,
    "RMSE": 924.6347089655848,
    "MSE": 854949.3450238716,
    "MAPE": 2.384001083371382,
    "ACMAPE": 3.5780309341176504
}