{
<<<<<<< HEAD
    "R2": 0.9950380415926507,
    "RMSE": 16.940659636475033,
    "MSE": 286.98594891889434,
    "MAPE": 0.038294676168762046,
    "ACMAPE": 1.161460831064702
=======
    "R2": 0.9953093834708028,
    "RMSE": 16.470952772994597,
    "MSE": 271.29228525021836,
    "MAPE": 0.04049011959313642,
    "ACMAPE": 1.0619844901151425
>>>>>>> d5f42532be6a9c18a5da3fb21b671ebbe5b6efbf
}