{
    "DOWN": {
        "precision": 0.8743789921930447,
        "recall": 0.7181579714368989,
        "f1-score": 0.7886061769883181,
        "support": 3431.0
    },
    "UP": {
        "precision": 0.27781926811053026,
        "recall": 0.512396694214876,
        "f1-score": 0.3602905569007264,
        "support": 726.0
    },
    "accuracy": 0.6822227567957662,
    "macro avg": {
        "precision": 0.5760991301517875,
        "recall": 0.6152773328258874,
        "f1-score": 0.5744483669445223,
        "support": 4157.0
    },
    "weighted avg": {
        "precision": 0.7701927137028101,
        "recall": 0.6822227567957662,
        "f1-score": 0.7138029197875504,
        "support": 4157.0
    }
}