{
    "DOWN": {
        "precision": 0.8580121703853956,
        "recall": 0.12357581069237511,
        "f1-score": 0.2160367722165475,
        "support": 3423.0
    },
    "UP": {
        "precision": 0.17898193760262726,
        "recall": 0.9033149171270718,
        "f1-score": 0.29876656007309277,
        "support": 724.0
    },
    "accuracy": 0.25970581142994936,
    "macro avg": {
        "precision": 0.5184970539940115,
        "recall": 0.5134453639097234,
        "f1-score": 0.25740166614482013,
        "support": 4147.0
    },
    "weighted avg": {
        "precision": 0.7394643313367522,
        "recall": 0.25970581142994936,
        "f1-score": 0.2304800725319897,
        "support": 4147.0
    }
}