{
    "DOWN": {
        "precision": 0.7622950819672131,
        "recall": 0.8554533508541393,
        "f1-score": 0.8061919504643964,
        "support": 761.0
    },
    "UP": {
        "precision": 0.4117647058823529,
        "recall": 0.275,
        "f1-score": 0.3297644539614561,
        "support": 280.0
    },
    "accuracy": 0.6993275696445725,
    "macro avg": {
        "precision": 0.587029893924783,
        "recall": 0.5652266754270696,
        "f1-score": 0.5679782022129263,
        "support": 1041.0
    },
    "weighted avg": {
        "precision": 0.6680121758156656,
        "recall": 0.6993275696445725,
        "f1-score": 0.6780462261408391,
        "support": 1041.0
    }
}