{
<<<<<<< HEAD
    "R2": 0.9833794520088224,
    "RMSE": 44.02634729773949,
    "MSE": 1938.319256381173,
    "MAPE": 0.1087736407519097,
    "ACMAPE": 1.0981043875996304
=======
    "R2": 0.9817207191918824,
    "RMSE": 46.171027346938594,
    "MSE": 2131.7637662717516,
    "MAPE": 0.12415284805273204,
    "ACMAPE": 1.051407940196282
>>>>>>> d5f42532be6a9c18a5da3fb21b671ebbe5b6efbf
}