{
    "R2": 0.9893873213344443,
    "RMSE": 35.106115030461744,
    "MSE": 1232.4393125320119,
    "MAPE": 0.08096337247816095,
    "ACMAPE": 1.3502307368930038
}