{
    "DOWN": {
        "precision": 0.5920925747348119,
        "recall": 0.9475308641975309,
        "f1-score": 0.7287833827893175,
        "support": 648.0
    },
    "UP": {
        "precision": 0.5072463768115942,
        "recall": 0.07641921397379912,
        "f1-score": 0.13282732447817835,
        "support": 458.0
    },
    "accuracy": 0.5867992766726944,
    "macro avg": {
        "precision": 0.549669475773203,
        "recall": 0.511975039085665,
        "f1-score": 0.43080535363374794,
        "support": 1106.0
    },
    "weighted avg": {
        "precision": 0.5569573499166982,
        "recall": 0.5867992766726944,
        "f1-score": 0.4819950693114679,
        "support": 1106.0
    }
}