{
    "DOWN": {
        "precision": 0.5866099893730075,
        "recall": 0.8518518518518519,
        "f1-score": 0.6947765890497168,
        "support": 648.0
    },
    "UP": {
        "precision": 0.41818181818181815,
        "recall": 0.15065502183406113,
        "f1-score": 0.22150882825040127,
        "support": 458.0
    },
    "accuracy": 0.5614828209764918,
    "macro avg": {
        "precision": 0.5023959037774128,
        "recall": 0.5012534368429565,
        "f1-score": 0.45814270865005907,
        "support": 1106.0
    },
    "weighted avg": {
        "precision": 0.5168630613390429,
        "recall": 0.5614828209764918,
        "f1-score": 0.49879409859213414,
        "support": 1106.0
    }
}