{
    "R2": 0.9612111152280032,
    "RMSE": 96.44026145162279,
    "MSE": 9300.724028857361,
    "MAPE": 0.9897731516736125,
    "ACMAPE": 2.230543253598867
}