{
    "R2": 0.8947637779443266,
    "RMSE": 158.81451953753026,
    "MSE": 25222.051615936583,
    "MAPE": 1.7477612413112409,
    "ACMAPE": 3.035996535428888
}