{
    "DOWN": {
        "precision": 0.75366250678242,
        "recall": 0.5419430355052672,
        "f1-score": 0.6305038583749432,
        "support": 2563.0
    },
    "UP": {
        "precision": 0.1818815331010453,
        "recall": 0.365034965034965,
        "f1-score": 0.24279069767441863,
        "support": 715.0
    },
    "accuracy": 0.5033557046979866,
    "macro avg": {
        "precision": 0.4677720199417326,
        "recall": 0.4534890002701161,
        "f1-score": 0.4366472780246809,
        "support": 3278.0
    },
    "weighted avg": {
        "precision": 0.6289451803082946,
        "recall": 0.5033557046979866,
        "f1-score": 0.5459355515107348,
        "support": 3278.0
    }
}