{
    "R2": 0.8925069461402206,
    "RMSE": 79.38745901263239,
    "MSE": 6302.3686484823875,
    "MAPE": 0.3057313701657989,
    "ACMAPE": 1.266929048137079
}