{
    "DOWN": {
        "precision": 0.7701908957415565,
        "recall": 0.4107282693813626,
        "f1-score": 0.5357507660878447,
        "support": 2554.0
    },
    "UP": {
        "precision": 0.21038824763903463,
        "recall": 0.561624649859944,
        "f1-score": 0.3061068702290076,
        "support": 714.0
    },
    "accuracy": 0.44369645042839656,
    "macro avg": {
        "precision": 0.4902895716902956,
        "recall": 0.48617645962065326,
        "f1-score": 0.42092881815842614,
        "support": 3268.0
    },
    "weighted avg": {
        "precision": 0.6478839524290717,
        "recall": 0.44369645042839656,
        "f1-score": 0.48557765052994695,
        "support": 3268.0
    }
}