{
    "DOWN": {
        "precision": 0.767353579175705,
        "recall": 0.5529503712387651,
        "f1-score": 0.6427435839200544,
        "support": 2559.0
    },
    "UP": {
        "precision": 0.1994401679496151,
        "recall": 0.39915966386554624,
        "f1-score": 0.2659822678488101,
        "support": 714.0
    },
    "accuracy": 0.51940116101436,
    "macro avg": {
        "precision": 0.48339687356266003,
        "recall": 0.4760550175521557,
        "f1-score": 0.4543629258844323,
        "support": 3273.0
    },
    "weighted avg": {
        "precision": 0.6434641274141931,
        "recall": 0.51940116101436,
        "f1-score": 0.5605536726231193,
        "support": 3273.0
    }
}