{
    "R2": 0.9823493730353721,
    "RMSE": 28.41463537546407,
    "MSE": 807.3915035205741,
    "MAPE": 0.051576203036370866,
    "ACMAPE": 0.8632579754432188
}