{
    "R2": -39.52506407437364,
    "RMSE": 63.67504779845364,
    "MSE": 4054.511712135356,
    "MAPE": 1.1450213443045818,
    "ACMAPE": 2.975666505594904
}