{
    "DOWN": {
        "precision": 0.5985820391627279,
        "recall": 0.9888455103179029,
        "f1-score": 0.7457413249211357,
        "support": 1793.0
    },
    "UP": {
        "precision": 0.6923076923076923,
        "recall": 0.03646677471636953,
        "f1-score": 0.06928406466512702,
        "support": 1234.0
    },
    "accuracy": 0.6005946481665014,
    "macro avg": {
        "precision": 0.6454448657352101,
        "recall": 0.5126561425171362,
        "f1-score": 0.40751269479313135,
        "support": 3027.0
    },
    "weighted avg": {
        "precision": 0.6367906470189837,
        "recall": 0.6005946481665014,
        "f1-score": 0.4699738128114843,
        "support": 3027.0
    }
}