{
    "DOWN": {
        "precision": 0.6097201767304861,
        "recall": 0.6973610331274565,
        "f1-score": 0.6506024096385543,
        "support": 1781.0
    },
    "UP": {
        "precision": 0.4471794871794872,
        "recall": 0.35418359057676685,
        "f1-score": 0.3952855847688123,
        "support": 1231.0
    },
    "accuracy": 0.5571049136786188,
    "macro avg": {
        "precision": 0.5284498319549866,
        "recall": 0.5257723118521116,
        "f1-score": 0.5229439972036833,
        "support": 3012.0
    },
    "weighted avg": {
        "precision": 0.5432900343542312,
        "recall": 0.5571049136786188,
        "f1-score": 0.5462547962870761,
        "support": 3012.0
    }
}