{
    "DOWN": {
        "precision": 0.609009009009009,
        "recall": 0.7591240875912408,
        "f1-score": 0.6758310422394401,
        "support": 1781.0
    },
    "UP": {
        "precision": 0.4583333333333333,
        "recall": 0.29488220958570266,
        "f1-score": 0.3588729609490855,
        "support": 1231.0
    },
    "accuracy": 0.5693891102257637,
    "macro avg": {
        "precision": 0.5336711711711711,
        "recall": 0.5270031485884717,
        "f1-score": 0.5173520015942628,
        "support": 3012.0
    },
    "weighted avg": {
        "precision": 0.5474280804709091,
        "recall": 0.5693891102257637,
        "f1-score": 0.5462907374358456,
        "support": 3012.0
    }
}