{
    "DOWN": {
        "precision": 0.9025641025641026,
        "recall": 0.20229885057471264,
        "f1-score": 0.3305164319248826,
        "support": 870.0
    },
    "UP": {
        "precision": 0.12594458438287154,
        "recall": 0.8403361344537815,
        "f1-score": 0.21905805038335158,
        "support": 119.0
    },
    "accuracy": 0.27906976744186046,
    "macro avg": {
        "precision": 0.5142543434734871,
        "recall": 0.5213174925142471,
        "f1-score": 0.2747872411541171,
        "support": 989.0
    },
    "weighted avg": {
        "precision": 0.8091184780306683,
        "recall": 0.27906976744186046,
        "f1-score": 0.31710536276063367,
        "support": 989.0
    }
}