{
    "DOWN": {
        "precision": 0.98,
        "recall": 0.10043556238790674,
        "f1-score": 0.1821984661863816,
        "support": 3903.0
    },
    "UP": {
        "precision": 0.013486934532171958,
        "recall": 0.8571428571428571,
        "f1-score": 0.026556016597510373,
        "support": 56.0
    },
    "accuracy": 0.1111391765597373,
    "macro avg": {
        "precision": 0.496743467266086,
        "recall": 0.4787892097653819,
        "f1-score": 0.10437724139194599,
        "support": 3959.0
    },
    "weighted avg": {
        "precision": 0.9663286861161409,
        "recall": 0.1111391765597373,
        "f1-score": 0.17999690589919373,
        "support": 3959.0
    }
}