{
    "DOWN": {
        "precision": 0.9661354581673307,
        "recall": 0.1245825841253532,
        "f1-score": 0.22070534698521047,
        "support": 3893.0
    },
    "UP": {
        "precision": 0.011314186248912098,
        "recall": 0.6964285714285714,
        "f1-score": 0.02226662860405367,
        "support": 56.0
    },
    "accuracy": 0.13269182071410485,
    "macro avg": {
        "precision": 0.4887248222081214,
        "recall": 0.4105055777769623,
        "f1-score": 0.12148598779463207,
        "support": 3949.0
    },
    "weighted avg": {
        "precision": 0.9525953236453172,
        "recall": 0.13269182071410485,
        "f1-score": 0.21789132616238321,
        "support": 3949.0
    }
}