{
    "DOWN": {
        "precision": 0.8832391713747646,
        "recall": 0.539080459770115,
        "f1-score": 0.6695217701641685,
        "support": 870.0
    },
    "UP": {
        "precision": 0.12445414847161572,
        "recall": 0.4789915966386555,
        "f1-score": 0.19757365684575393,
        "support": 119.0
    },
    "accuracy": 0.531850353892821,
    "macro avg": {
        "precision": 0.5038466599231901,
        "recall": 0.5090360282043852,
        "f1-score": 0.4335477135049612,
        "support": 989.0
    },
    "weighted avg": {
        "precision": 0.7919394567888447,
        "recall": 0.531850353892821,
        "f1-score": 0.6127352934352591,
        "support": 989.0
    }
}