{
    "DOWN": {
        "precision": 0.9634703196347032,
        "recall": 0.10867885655421067,
        "f1-score": 0.1953251562138394,
        "support": 3883.0
    },
    "UP": {
        "precision": 0.011425307055127107,
        "recall": 0.7142857142857143,
        "f1-score": 0.02249086308687096,
        "support": 56.0
    },
    "accuracy": 0.1172886519421173,
    "macro avg": {
        "precision": 0.48744781334491516,
        "recall": 0.41148228541996246,
        "f1-score": 0.10890800965035517,
        "support": 3939.0
    },
    "weighted avg": {
        "precision": 0.949935280105773,
        "recall": 0.1172886519421173,
        "f1-score": 0.19286800454714473,
        "support": 3939.0
    }
}