{
    "DOWN": {
        "precision": 0.7104136947218259,
        "recall": 0.6747967479674797,
        "f1-score": 0.6921473245309243,
        "support": 738.0
    },
    "UP": {
        "precision": 0.30029154518950435,
        "recall": 0.3366013071895425,
        "f1-score": 0.31741140215716485,
        "support": 306.0
    },
    "accuracy": 0.5756704980842912,
    "macro avg": {
        "precision": 0.5053526199556652,
        "recall": 0.5056990275785112,
        "f1-score": 0.5047793633440446,
        "support": 1044.0
    },
    "weighted avg": {
        "precision": 0.5902054784795937,
        "recall": 0.5756704980842912,
        "f1-score": 0.5823109334903397,
        "support": 1044.0
    }
}