{
    "R2": 0.996420705987344,
    "RMSE": 1.5453734813396398,
    "MSE": 2.388179196827798,
    "MAPE": 0.12390977485625919,
    "ACMAPE": 1.7231399889529635
}