{
    "R2": 0.9963241310066383,
    "RMSE": 1.564802072238734,
    "MSE": 2.4486055252826358,
    "MAPE": 0.16074883254315148,
    "ACMAPE": 0.6084957165316462
}