{
    "R2": -15.10990314728853,
    "RMSE": 179.33792182864764,
    "MSE": 32162.09020581813,
    "MAPE": 0.6848729749449458,
    "ACMAPE": 1.27107987149667
}