{
    "R2": 0.9887714481732021,
    "RMSE": 83.10587565006061,
    "MSE": 6906.586567563337,
    "MAPE": 0.16252325060684134,
    "ACMAPE": 1.332804745761433
}