{
    "DOWN": {
        "precision": 0.664396887159533,
        "recall": 0.9486111111111111,
        "f1-score": 0.7814645308924485,
        "support": 720.0
    },
    "UP": {
        "precision": 0.3392857142857143,
        "recall": 0.0521978021978022,
        "f1-score": 0.09047619047619049,
        "support": 364.0
    },
    "accuracy": 0.6476014760147601,
    "macro avg": {
        "precision": 0.5018413007226237,
        "recall": 0.5004044566544567,
        "f1-score": 0.4359703606843195,
        "support": 1084.0
    },
    "weighted avg": {
        "precision": 0.555226714718509,
        "recall": 0.6476014760147601,
        "f1-score": 0.5494352357711221,
        "support": 1084.0
    }
}