{
    "DOWN": {
        "precision": 0.6637596899224806,
        "recall": 0.9513888888888888,
        "f1-score": 0.7819634703196345,
        "support": 720.0
    },
    "UP": {
        "precision": 0.3269230769230769,
        "recall": 0.046703296703296704,
        "f1-score": 0.08173076923076923,
        "support": 364.0
    },
    "accuracy": 0.6476014760147601,
    "macro avg": {
        "precision": 0.4953413834227788,
        "recall": 0.4990460927960928,
        "f1-score": 0.4318471197752019,
        "support": 1084.0
    },
    "weighted avg": {
        "precision": 0.5506521925684373,
        "recall": 0.6476014760147601,
        "f1-score": 0.5468299802861042,
        "support": 1084.0
    }
}