{
    "R2": 0.9793110057651806,
    "RMSE": 25.800146339484566,
    "MSE": 665.6475511388188,
    "MAPE": 0.08318595571090154,
    "ACMAPE": 1.645611639420771
}