{
    "DOWN": {
        "precision": 0.75,
        "recall": 0.004076086956521739,
        "f1-score": 0.008108108108108107,
        "support": 736.0
    },
    "UP": {
        "precision": 0.30123927550047663,
        "recall": 0.9968454258675079,
        "f1-score": 0.46266471449487545,
        "support": 317.0
    },
    "accuracy": 0.3029439696106363,
    "macro avg": {
        "precision": 0.5256196377502383,
        "recall": 0.5004607564120148,
        "f1-score": 0.23538641130149177,
        "support": 1053.0
    },
    "weighted avg": {
        "precision": 0.6149029917698491,
        "recall": 0.3029439696106363,
        "f1-score": 0.14494993548190224,
        "support": 1053.0
    }
}