{
    "DOWN": {
        "precision": 0.0,
        "recall": 0.0,
        "f1-score": 0.0,
        "support": 736.0
    },
    "UP": {
        "precision": 0.3010446343779677,
        "recall": 1.0,
        "f1-score": 0.46277372262773725,
        "support": 317.0
    },
    "accuracy": 0.3010446343779677,
    "macro avg": {
        "precision": 0.15052231718898385,
        "recall": 0.5,
        "f1-score": 0.23138686131386862,
        "support": 1053.0
    },
    "weighted avg": {
        "precision": 0.09062787188776425,
        "recall": 0.3010446343779677,
        "f1-score": 0.1393155461281982,
        "support": 1053.0
    }
}