{
    "R2": 0.9716964464736098,
    "RMSE": 14.534118609243032,
    "MSE": 211.24060374754464,
    "MAPE": 0.11123915195768674,
    "ACMAPE": 1.4937148125974642
}