{
    "R2": 0.9766736342860126,
    "RMSE": 11.945635179849807,
    "MSE": 142.69819985006535,
    "MAPE": 0.13198171115629087,
    "ACMAPE": 1.5339563232860511
}