{
<<<<<<< HEAD
    "R2": 0.9766736342860126,
    "RMSE": 11.945635179849807,
    "MSE": 142.69819985006535,
    "MAPE": 0.13198171115629087,
    "ACMAPE": 1.5339563232860511
=======
    "R2": 0.9649572504334271,
    "RMSE": 14.641473796866817,
    "MSE": 214.37275494433763,
    "MAPE": 0.19137026646558802,
    "ACMAPE": 1.6271953722483807
>>>>>>> d5f42532be6a9c18a5da3fb21b671ebbe5b6efbf
}