{
    "R2": 0.9649572504334271,
    "RMSE": 14.641473796866817,
    "MSE": 214.37275494433763,
    "MAPE": 0.19137026646558802,
    "ACMAPE": 1.6271953722483807
}