{
    "R2": -30244.434512157168,
    "RMSE": 12.820782077568134,
    "MSE": 164.37245308049228,
    "MAPE": 0.2563784619956789,
    "ACMAPE": 2.245389451006668
}