{
<<<<<<< HEAD
    "R2": -10160.926038707676,
    "RMSE": 7.431433897419127,
    "MSE": 55.22620977171003,
    "MAPE": 0.1485806214804561,
    "ACMAPE": 2.137591610491445
=======
    "R2": -30244.434512157168,
    "RMSE": 12.820782077568134,
    "MSE": 164.37245308049228,
    "MAPE": 0.2563784619956789,
    "ACMAPE": 2.245389451006668
>>>>>>> d5f42532be6a9c18a5da3fb21b671ebbe5b6efbf
}