{
    "R2": -10160.926038707676,
    "RMSE": 7.431433897419127,
    "MSE": 55.22620977171003,
    "MAPE": 0.1485806214804561,
    "ACMAPE": 2.137591610491445
}