{
    "R2": 0.9906604063418559,
    "RMSE": 8.804185140361454,
    "MSE": 77.51367598576145,
    "MAPE": 0.04183739268955283,
    "ACMAPE": 1.4796752305273906
}