{
    "R2": 0.9924941685687781,
    "RMSE": 7.892681525922238,
    "MSE": 62.29442166963419,
    "MAPE": 0.041010799926836185,
    "ACMAPE": 1.4752450341610703
}