{
    "R2": 0.9935138418844919,
    "RMSE": 7.69008069715011,
    "MSE": 59.137341128680724,
    "MAPE": 0.05724277288520369,
    "ACMAPE": 1.6050688598417253
}