{
    "DOWN": {
        "precision": 1.0,
<<<<<<< HEAD
        "recall": 0.02112676056338028,
        "f1-score": 0.041379310344827586,
        "support": 142.0
    },
    "UP": {
        "precision": 0.007142857142857143,
        "recall": 1.0,
        "f1-score": 0.014184397163120567,
        "support": 1.0
    },
    "accuracy": 0.027972027972027972,
    "macro avg": {
        "precision": 0.5035714285714286,
        "recall": 0.5105633802816901,
        "f1-score": 0.027781853753974076,
        "support": 143.0
    },
    "weighted avg": {
        "precision": 0.9930569430569431,
        "recall": 0.027972027972027972,
        "f1-score": 0.04118913612677369,
=======
        "recall": 0.014084507042253521,
        "f1-score": 0.02777777777777778,
        "support": 142.0
    },
    "UP": {
        "precision": 0.0070921985815602835,
        "recall": 1.0,
        "f1-score": 0.014084507042253521,
        "support": 1.0
    },
    "accuracy": 0.02097902097902098,
    "macro avg": {
        "precision": 0.5035460992907801,
        "recall": 0.5070422535211268,
        "f1-score": 0.02093114241001565,
        "support": 143.0
    },
    "weighted avg": {
        "precision": 0.9930565888012698,
        "recall": 0.02097902097902098,
        "f1-score": 0.02768202063976712,
>>>>>>> d5f42532be6a9c18a5da3fb21b671ebbe5b6efbf
        "support": 143.0
    }
}