{
    "DOWN": {
        "precision": 0.916083916083916,
        "recall": 0.8136645962732919,
        "f1-score": 0.8618421052631579,
        "support": 483.0
    },
    "UP": {
        "precision": 0.3382352941176471,
        "recall": 0.5609756097560976,
        "f1-score": 0.4220183486238533,
        "support": 82.0
    },
    "accuracy": 0.7769911504424779,
    "macro avg": {
        "precision": 0.6271596051007815,
        "recall": 0.6873201030146947,
        "f1-score": 0.6419302269435055,
        "support": 565.0
    },
    "weighted avg": {
        "precision": 0.8322191603295196,
        "recall": 0.7769911504424779,
        "f1-score": 0.798009276865949,
        "support": 565.0
    }
}