{
    "DOWN": {
        "precision": 0.8142857142857143,
        "recall": 0.1165644171779141,
        "f1-score": 0.20393559928443647,
        "support": 489.0
    },
    "UP": {
        "precision": 0.14455445544554454,
        "recall": 0.8488372093023255,
        "f1-score": 0.24703891708967848,
        "support": 86.0
    },
    "accuracy": 0.22608695652173913,
    "macro avg": {
        "precision": 0.4794200848656294,
        "recall": 0.4827008132401198,
        "f1-score": 0.22548725818705748,
        "support": 575.0
    },
    "weighted avg": {
        "precision": 0.7141172129635324,
        "recall": 0.22608695652173913,
        "f1-score": 0.210382356382264,
        "support": 575.0
    }
}