{
    "R2": 0.988595806802383,
    "RMSE": 10.117424378044575,
    "MSE": 102.36227604545064,
    "MAPE": 0.10061732036356195,
    "ACMAPE": 1.7146524080828602
}