{
    "R2": -1053.0234177025857,
    "RMSE": 2.69606685057038,
    "MSE": 7.268776462744487,
    "MAPE": 0.053793458365706016,
    "ACMAPE": 2.039807444379692
}