{
    "R2": 0.9874467268799508,
    "RMSE": 16.760519372200537,
    "MSE": 280.91500962590953,
    "MAPE": 0.0994253568980169,
    "ACMAPE": 1.241329541252171
}