{
    "DOWN": {
        "precision": 0.7229885057471265,
        "recall": 0.2780725022104332,
        "f1-score": 0.4016602809706258,
        "support": 2262.0
    },
    "UP": {
        "precision": 0.32881216605014385,
        "recall": 0.7684918347742555,
        "f1-score": 0.4605641911341392,
        "support": 1041.0
    },
    "accuracy": 0.43263699666969424,
    "macro avg": {
        "precision": 0.5259003358986352,
        "recall": 0.5232821684923443,
        "f1-score": 0.43111223605238247,
        "support": 3303.0
    },
    "weighted avg": {
        "precision": 0.5987567256609748,
        "recall": 0.43263699666969424,
        "f1-score": 0.4202249102410519,
        "support": 3303.0
    }
}