{
    "R2": 0.8748580652408644,
    "RMSE": 23.68819690027544,
    "MSE": 561.130672386219,
    "MAPE": 0.054943113682350456,
    "ACMAPE": 0.7345078053389406
}