{
    "R2": 0.9652936772325543,
    "RMSE": 12.705621531706786,
    "MSE": 161.43281850697107,
    "MAPE": 0.12479372448601872,
    "ACMAPE": 1.4662049860683424
}