{
    "DOWN": {
        "precision": 0.87008,
        "recall": 0.7954944411936805,
        "f1-score": 0.8311172245147486,
        "support": 3418.0
    },
    "UP": {
        "precision": 0.3610603290676417,
        "recall": 0.49313358302122345,
        "f1-score": 0.41688654353562005,
        "support": 801.0
    },
    "accuracy": 0.738089594690685,
    "macro avg": {
        "precision": 0.6155701645338209,
        "recall": 0.644314012107452,
        "f1-score": 0.6240018840251843,
        "support": 4219.0
    },
    "weighted avg": {
        "precision": 0.7734398586355015,
        "recall": 0.738089594690685,
        "f1-score": 0.7524732862677037,
        "support": 4219.0
    }
}