{
    "DOWN": {
        "precision": 0.907075873827792,
        "recall": 0.8807947019867549,
        "f1-score": 0.8937421251574968,
        "support": 3624.0
    },
    "UP": {
        "precision": 0.3532934131736527,
        "recall": 0.4191829484902309,
        "f1-score": 0.38342810722989434,
        "support": 563.0
    },
    "accuracy": 0.8187246238356819,
    "macro avg": {
        "precision": 0.6301846435007223,
        "recall": 0.6499888252384929,
        "f1-score": 0.6385851161936956,
        "support": 4187.0
    },
    "weighted avg": {
        "precision": 0.8326121706158789,
        "recall": 0.8187246238356819,
        "f1-score": 0.8251233546551706,
        "support": 4187.0
    }
}