{
    "DOWN": {
        "precision": 0.6981132075471698,
        "recall": 0.1478029294274301,
        "f1-score": 0.24395604395604395,
        "support": 751.0
    },
    "UP": {
        "precision": 0.27927927927927926,
        "recall": 0.8378378378378378,
        "f1-score": 0.4189189189189189,
        "support": 296.0
    },
    "accuracy": 0.3428844317096466,
    "macro avg": {
        "precision": 0.4886962434132245,
        "recall": 0.492820383632634,
        "f1-score": 0.3314374814374814,
        "support": 1047.0
    },
    "weighted avg": {
        "precision": 0.5797036156013287,
        "recall": 0.3428844317096466,
        "f1-score": 0.29342023783284527,
        "support": 1047.0
    }
}