{
    "R2": 0.9246944127892688,
    "RMSE": 189.22199468806858,
    "MSE": 35804.96327373145,
    "MAPE": 0.19993833587833704,
    "ACMAPE": 1.484592393814655
}