{
    "R2": -42.04423840302263,
    "RMSE": 1271.422525395295,
    "MSE": 1616515.2380825498,
    "MAPE": 1.9932665415477808,
    "ACMAPE": 3.33806119293269
}