{
    "DOWN": {
        "precision": 0.7854489164086688,
        "recall": 0.7459570714495737,
        "f1-score": 0.7651937867591616,
        "support": 3401.0
    },
    "UP": {
        "precision": 0.32447224394057855,
        "recall": 0.37454873646209386,
        "f1-score": 0.34771679932970256,
        "support": 1108.0
    },
    "accuracy": 0.654690618762475,
    "macro avg": {
        "precision": 0.5549605801746237,
        "recall": 0.5602529039558337,
        "f1-score": 0.5564552930444321,
        "support": 4509.0
    },
    "weighted avg": {
        "precision": 0.6721727680177519,
        "recall": 0.654690618762475,
        "f1-score": 0.6626068490630337,
        "support": 4509.0
    }
}