{
    "R2": 0.9701835785164928,
    "RMSE": 15.124727084314946,
    "MSE": 228.7573693750101,
    "MAPE": 0.026620229232807956,
    "ACMAPE": 0.8516931155301841
}