{
    "R2": 0.9139055320317601,
    "RMSE": 33.15722715419729,
    "MSE": 1099.4017125550379,
    "MAPE": 0.03534581290611013,
    "ACMAPE": 0.9089090312969148
}