{
    "R2": 0.8802623674273046,
    "RMSE": 39.10262516308021,
    "MSE": 1529.0152946443536,
    "MAPE": 0.04097367025627987,
    "ACMAPE": 1.04097367025628
}