{
    "DOWN": {
        "precision": 0.5603448275862069,
        "recall": 0.6435643564356436,
        "f1-score": 0.5990783410138248,
        "support": 101.0
    },
    "UP": {
        "precision": 0.3793103448275862,
        "recall": 0.3013698630136986,
        "f1-score": 0.33587786259541985,
        "support": 73.0
    },
    "accuracy": 0.5,
    "macro avg": {
        "precision": 0.4698275862068965,
        "recall": 0.4724671097246711,
        "f1-score": 0.46747810180462235,
        "support": 174.0
    },
    "weighted avg": {
        "precision": 0.48439357907253267,
        "recall": 0.5,
        "f1-score": 0.48865515179231006,
        "support": 174.0
    }
}