{
    "DOWN": {
        "precision": 0.5696969696969697,
        "recall": 0.9306930693069307,
        "f1-score": 0.706766917293233,
        "support": 101.0
    },
    "UP": {
        "precision": 0.2222222222222222,
        "recall": 0.0273972602739726,
        "f1-score": 0.04878048780487805,
        "support": 73.0
    },
    "accuracy": 0.5517241379310345,
    "macro avg": {
        "precision": 0.39595959595959596,
        "recall": 0.47904516479045167,
        "f1-score": 0.37777370254905557,
        "support": 174.0
    },
    "weighted avg": {
        "precision": 0.4239173342621618,
        "recall": 0.5517241379310345,
        "f1-score": 0.4307151394044404,
        "support": 174.0
    }
}