{
<<<<<<< HEAD
    "R2": 0.9741211486201586,
    "RMSE": 13.595536953572674,
    "MSE": 184.83862505596016,
    "MAPE": 0.022565934982023982,
    "ACMAPE": 0.7089564675264026
=======
    "R2": 0.9750215447169532,
    "RMSE": 13.356930156102596,
    "MSE": 178.4075831950029,
    "MAPE": 0.022146150119662093,
    "ACMAPE": 0.7114952625456977
>>>>>>> d5f42532be6a9c18a5da3fb21b671ebbe5b6efbf
}