{
    "R2": 0.8847820721662878,
    "RMSE": 38.35752805947046,
    "MSE": 1471.2999588330636,
    "MAPE": 0.04078737233766245,
    "ACMAPE": 1.0752701309583519
}