{
    "DOWN": {
        "precision": 0.6697892271662763,
        "recall": 0.6682242990654206,
        "f1-score": 0.6690058479532163,
        "support": 428.0
    },
    "UP": {
        "precision": 0.4517374517374517,
        "recall": 0.45348837209302323,
        "f1-score": 0.4526112185686654,
        "support": 258.0
    },
    "accuracy": 0.5874635568513119,
    "macro avg": {
        "precision": 0.5607633394518641,
        "recall": 0.5608563355792219,
        "f1-score": 0.5608085332609408,
        "support": 686.0
    },
    "weighted avg": {
        "precision": 0.5877814165822577,
        "recall": 0.5874635568513119,
        "f1-score": 0.587621278884391,
        "support": 686.0
    }
}