{
    "R2": 0.9257763681635531,
    "RMSE": 30.7865966456413,
    "MSE": 947.8145330214121,
    "MAPE": 0.02981578395671681,
    "ACMAPE": 0.880390496600395
}