{
    "R2": -0.5792538523994104,
    "RMSE": 79.51829037645389,
    "MSE": 6323.158504394039,
    "MAPE": 0.04735106973840235,
    "ACMAPE": 0.6275979833186491
}