{
    "R2": 0.9317834565793405,
    "RMSE": 57.5437673698546,
    "MSE": 3311.285163115943,
    "MAPE": 0.039873824426509,
    "ACMAPE": 0.9634407034074007
}