{
    "R2": 0.9429969481129205,
    "RMSE": 53.17860638165161,
    "MSE": 2827.964176694638,
    "MAPE": 0.03261810373021807,
    "ACMAPE": 0.8946870692474594
}