{
    "R2": -0.6410565449499988,
    "RMSE": 81.05929730227338,
    "MSE": 6570.609679138343,
    "MAPE": 0.0462256900443274,
    "ACMAPE": 0.7005466776986484
}