{
    "DOWN": {
        "precision": 0.625,
        "recall": 0.5203045685279187,
        "f1-score": 0.5678670360110802,
        "support": 394.0
    },
    "UP": {
        "precision": 0.4,
        "recall": 0.5060240963855421,
        "f1-score": 0.4468085106382979,
        "support": 249.0
    },
    "accuracy": 0.5147744945567652,
    "macro avg": {
        "precision": 0.5125,
        "recall": 0.5131643324567304,
        "f1-score": 0.5073377733246891,
        "support": 643.0
    },
    "weighted avg": {
        "precision": 0.5378693623639191,
        "recall": 0.514774494556765,
        "f1-score": 0.5209874515354616,
        "support": 643.0
    }
}