{
    "DOWN": {
        "precision": 0.6615384615384615,
        "recall": 0.5402010050251256,
        "f1-score": 0.594744121715076,
        "support": 398.0
    },
    "UP": {
        "precision": 0.43343653250773995,
        "recall": 0.56,
        "f1-score": 0.4886561954624782,
        "support": 250.0
    },
    "accuracy": 0.5478395061728395,
    "macro avg": {
        "precision": 0.5474874970231007,
        "recall": 0.5501005025125628,
        "f1-score": 0.5417001585887771,
        "support": 648.0
    },
    "weighted avg": {
        "precision": 0.5735361741037696,
        "recall": 0.5478395061728395,
        "f1-score": 0.5538151378213269,
        "support": 648.0
    }
}