{
    "DOWN": {
        "precision": 0.7025316455696202,
        "recall": 0.9823008849557522,
        "f1-score": 0.8191881918819187,
        "support": 113.0
    },
    "UP": {
        "precision": 0.5,
        "recall": 0.04081632653061224,
        "f1-score": 0.07547169811320753,
        "support": 49.0
    },
    "accuracy": 0.6975308641975309,
    "macro avg": {
        "precision": 0.6012658227848101,
        "recall": 0.5115586057431822,
        "f1-score": 0.4473299449975631,
        "support": 162.0
    },
    "weighted avg": {
        "precision": 0.6412720737615252,
        "recall": 0.6975308641975309,
        "f1-score": 0.5942369067296542,
        "support": 162.0
    }
}