{
    "DOWN": {
        "precision": 0.7911547911547911,
        "recall": 0.29981378026070765,
        "f1-score": 0.4348413234301148,
        "support": 2148.0
    },
    "UP": {
        "precision": 0.2583826429980276,
        "recall": 0.7550432276657061,
        "f1-score": 0.3850110213078618,
        "support": 694.0
    },
    "accuracy": 0.41097818437719913,
    "macro avg": {
        "precision": 0.5247687170764094,
        "recall": 0.5274285039632068,
        "f1-score": 0.4099261723689883,
        "support": 2842.0
    },
    "weighted avg": {
        "precision": 0.6610549069813942,
        "recall": 0.41097818437719913,
        "f1-score": 0.4226730512018095,
        "support": 2842.0
    }
}