{
    "R2": 0.9840401733145568,
    "RMSE": 7.637105623386843,
    "MSE": 58.32538230276693,
    "MAPE": 0.05485060872713076,
    "ACMAPE": 1.3969093282177567
}