{
    "R2": -6.675343643917481,
    "RMSE": 8.418466720544702,
    "MSE": 70.87058192491867,
    "MAPE": 0.13911597791502905,
    "ACMAPE": 2.006907820390416
}