{
    "DOWN": {
        "precision": 0.8352272727272727,
        "recall": 0.13783403656821377,
        "f1-score": 0.23661971830985915,
        "support": 2133.0
    },
    "UP": {
        "precision": 0.25696969696969696,
        "recall": 0.9164265129682997,
        "f1-score": 0.40138845061533607,
        "support": 694.0
    },
    "accuracy": 0.328970640254687,
    "macro avg": {
        "precision": 0.5460984848484849,
        "recall": 0.5271302747682567,
        "f1-score": 0.3190040844625976,
        "support": 2827.0
    },
    "weighted avg": {
        "precision": 0.6932708675006163,
        "recall": 0.328970640254687,
        "f1-score": 0.2770687809982217,
        "support": 2827.0
    }
}