{
    "R2": 0.9504243722961112,
    "RMSE": 13.452044325299513,
    "MSE": 180.9574965298228,
    "MAPE": 0.05910643982566948,
    "ACMAPE": 1.365415921672691
}