{
    "R2": 0.9143020515697662,
    "RMSE": 13.042014555221131,
    "MSE": 170.09414365859985,
    "MAPE": 0.12773456490243584,
    "ACMAPE": 1.3158962588389134
}