{
    "R2": -0.4692535548699337,
    "RMSE": 58.65770334436765,
    "MSE": 3440.7261616358396,
    "MAPE": 0.1676104634589069,
    "ACMAPE": 1.118619108992048
}