{
    "DOWN": {
        "precision": 0.6902356902356902,
        "recall": 0.5782792665726375,
        "f1-score": 0.6293169608595548,
        "support": 709.0
    },
    "UP": {
        "precision": 0.33109619686800895,
        "recall": 0.4457831325301205,
        "f1-score": 0.37997432605905007,
        "support": 332.0
    },
    "accuracy": 0.5360230547550432,
    "macro avg": {
        "precision": 0.5106659435518496,
        "recall": 0.512031199551379,
        "f1-score": 0.5046456434593024,
        "support": 1041.0
    },
    "weighted avg": {
        "precision": 0.5756974464335094,
        "recall": 0.5360230547550432,
        "f1-score": 0.5497955826138606,
        "support": 1041.0
    }
}