{
    "DOWN": {
        "precision": 0.838698266713831,
        "recall": 0.6549723756906077,
        "f1-score": 0.7355359081743446,
        "support": 3620.0
    },
    "UP": {
        "precision": 0.05307050796057619,
        "recall": 0.13307984790874525,
        "f1-score": 0.07588075880758807,
        "support": 526.0
    },
    "accuracy": 0.5887602508441871,
    "macro avg": {
        "precision": 0.4458843873372036,
        "recall": 0.3940261117996765,
        "f1-score": 0.4057083334909663,
        "support": 4146.0
    },
    "weighted avg": {
        "precision": 0.7390262452222217,
        "recall": 0.5887602508441871,
        "f1-score": 0.6518459398755231,
        "support": 4146.0
    }
}