{
    "DOWN": {
        "precision": 0.8060094886663153,
        "recall": 0.4212121212121212,
        "f1-score": 0.5532838791387732,
        "support": 3630.0
    },
    "UP": {
        "precision": 0.06994245241257194,
        "recall": 0.30038022813688214,
        "f1-score": 0.11346499102333933,
        "support": 526.0
    },
    "accuracy": 0.4059191530317613,
    "macro avg": {
        "precision": 0.4379759705394436,
        "recall": 0.36079617467450165,
        "f1-score": 0.33337443508105624,
        "support": 4156.0
    },
    "weighted avg": {
        "precision": 0.7128498974561448,
        "recall": 0.4059191530317613,
        "f1-score": 0.4976186396900921,
        "support": 4156.0
    }
}