{
    "R2": 0.9933059121327521,
    "RMSE": 4.9046431751186494,
    "MSE": 24.05552467523795,
    "MAPE": 0.01692693739496929,
    "ACMAPE": 0.6748952505356963
}