{
    "DOWN": {
        "precision": 0.8181818181818182,
        "recall": 0.046632124352331605,
        "f1-score": 0.08823529411764705,
        "support": 772.0
    },
    "UP": {
        "precision": 0.2847424684159378,
        "recall": 0.973421926910299,
        "f1-score": 0.44060150375939844,
        "support": 301.0
    },
    "accuracy": 0.3066169617893756,
    "macro avg": {
        "precision": 0.551462143298878,
        "recall": 0.5100270256313153,
        "f1-score": 0.26441839893852276,
        "support": 1073.0
    },
    "weighted avg": {
        "precision": 0.668540397604437,
        "recall": 0.3066169617893756,
        "f1-score": 0.187081733169061,
        "support": 1073.0
    }
}