{
    "DOWN": {
        "precision": 0.7248268513585508,
        "recall": 0.9015904572564613,
        "f1-score": 0.8036030714707619,
        "support": 3018.0
    },
    "UP": {
        "precision": 0.4479553903345725,
        "recall": 0.1891679748822606,
        "f1-score": 0.2660044150110375,
        "support": 1274.0
    },
    "accuracy": 0.690121155638397,
    "macro avg": {
        "precision": 0.5863911208465616,
        "recall": 0.5453792160693609,
        "f1-score": 0.5348037432408997,
        "support": 4292.0
    },
    "weighted avg": {
        "precision": 0.6426427317535768,
        "recall": 0.690121155638397,
        "f1-score": 0.6440269558301075,
        "support": 4292.0
    }
}