{
    "DOWN": {
        "precision": 0.7423076923076923,
        "recall": 0.75,
        "f1-score": 0.7461340206185567,
        "support": 772.0
    },
    "UP": {
        "precision": 0.3412969283276451,
        "recall": 0.33222591362126247,
        "f1-score": 0.3367003367003367,
        "support": 301.0
    },
    "accuracy": 0.6328052190121156,
    "macro avg": {
        "precision": 0.5418023103176687,
        "recall": 0.5411129568106312,
        "f1-score": 0.5414171786594467,
        "support": 1073.0
    },
    "weighted avg": {
        "precision": 0.6298153903897108,
        "recall": 0.6328052190121156,
        "f1-score": 0.6312789051857662,
        "support": 1073.0
    }
}