{
    "R2": 0.8615219002034119,
    "RMSE": 22.30756978636153,
    "MSE": 497.62766977338975,
    "MAPE": 0.1061348047312325,
    "ACMAPE": 1.2468617385616148
}