{
    "R2": 0.9042110206832414,
    "RMSE": 26.07822803690015,
    "MSE": 680.0739775445651,
    "MAPE": 0.19006018427028865,
    "ACMAPE": 1.3605756962833513
}