{
    "R2": 0.9689084291106921,
    "RMSE": 151.42060738151082,
    "MSE": 22928.20033978565,
    "MAPE": 0.03351589082098451,
    "ACMAPE": 0.9310228160287408
}