{
    "R2": 0.9675934097899176,
    "RMSE": 154.58961657873954,
    "MSE": 23897.949553961702,
    "MAPE": 0.0322320255932549,
    "ACMAPE": 1.151345599000457
}