{
    "DOWN": {
        "precision": 0.6623931623931624,
        "recall": 0.32873806998939553,
        "f1-score": 0.4394046775336641,
        "support": 943.0
    },
    "UP": {
        "precision": 0.3534218590398366,
        "recall": 0.6865079365079365,
        "f1-score": 0.466621712744437,
        "support": 504.0
    },
    "accuracy": 0.45335176226675883,
    "macro avg": {
        "precision": 0.5079075107164994,
        "recall": 0.507623003248666,
        "f1-score": 0.45301319513905053,
        "support": 1447.0
    },
    "weighted avg": {
        "precision": 0.5547763435333999,
        "recall": 0.45335176226675883,
        "f1-score": 0.4488845571094965,
        "support": 1447.0
    }
}