{
    "DOWN": {
        "precision": 0.6620775969962454,
        "recall": 0.5621679064824655,
        "f1-score": 0.6080459770114943,
        "support": 941.0
    },
    "UP": {
        "precision": 0.359253499222395,
        "recall": 0.46107784431137727,
        "f1-score": 0.4038461538461539,
        "support": 501.0
    },
    "accuracy": 0.5270457697642164,
    "macro avg": {
        "precision": 0.5106655481093202,
        "recall": 0.5116228753969214,
        "f1-score": 0.5059460654288241,
        "support": 1442.0
    },
    "weighted avg": {
        "precision": 0.5568661732897967,
        "recall": 0.5270457697642164,
        "f1-score": 0.5370999912931618,
        "support": 1442.0
    }
}