{
    "DOWN": {
        "precision": 0.592741935483871,
        "recall": 0.7067307692307693,
        "f1-score": 0.6447368421052633,
        "support": 208.0
    },
    "UP": {
        "precision": 0.46017699115044247,
        "recall": 0.33986928104575165,
        "f1-score": 0.3909774436090226,
        "support": 153.0
    },
    "accuracy": 0.5512465373961218,
    "macro avg": {
        "precision": 0.5264594633171568,
        "recall": 0.5233000251382605,
        "f1-score": 0.5178571428571429,
        "support": 361.0
    },
    "weighted avg": {
        "precision": 0.5365579009048833,
        "recall": 0.5512465373961218,
        "f1-score": 0.5371878449586571,
        "support": 361.0
    }
}