{
    "R2": 0.9859822937897906,
    "RMSE": 113.26757536624298,
    "MSE": 12829.543629347534,
    "MAPE": 0.025414262548508936,
    "ACMAPE": 0.9713227230200763
}