{
    "DOWN": {
        "precision": 0.5333333333333333,
        "recall": 0.04597701149425287,
        "f1-score": 0.08465608465608465,
        "support": 174.0
    },
    "UP": {
        "precision": 0.35658914728682173,
        "recall": 0.9292929292929293,
        "f1-score": 0.515406162464986,
        "support": 99.0
    },
    "accuracy": 0.3663003663003663,
    "macro avg": {
        "precision": 0.44496124031007755,
        "recall": 0.48763497039359105,
        "f1-score": 0.30003112356053535,
        "support": 273.0
    },
    "weighted avg": {
        "precision": 0.469239287843939,
        "recall": 0.3663003663003663,
        "f1-score": 0.24086215682854342,
        "support": 273.0
    }
}