{
    "R2": 0.9785870172832912,
    "RMSE": 162.16644567724245,
    "MSE": 26297.956103590026,
    "MAPE": 0.16998186646627012,
    "ACMAPE": 1.2550687832091798
}