{
    "DOWN": {
        "precision": 0.6666666666666666,
        "recall": 0.1367741935483871,
        "f1-score": 0.22698072805139186,
        "support": 775.0
    },
    "UP": {
        "precision": 0.26805251641137856,
        "recall": 0.8221476510067114,
        "f1-score": 0.4042904290429043,
        "support": 298.0
    },
    "accuracy": 0.3271202236719478,
    "macro avg": {
        "precision": 0.4673595915390226,
        "recall": 0.4794609222775492,
        "f1-score": 0.3156355785471481,
        "support": 1073.0
    },
    "weighted avg": {
        "precision": 0.5559611524298764,
        "recall": 0.3271202236719478,
        "f1-score": 0.27622424239945403,
        "support": 1073.0
    }
}