{
    "DOWN": {
        "precision": 0.42857142857142855,
        "recall": 0.034482758620689655,
        "f1-score": 0.06382978723404255,
        "support": 174.0
    },
    "UP": {
        "precision": 0.35135135135135137,
        "recall": 0.9191919191919192,
        "f1-score": 0.5083798882681565,
        "support": 99.0
    },
    "accuracy": 0.3553113553113553,
    "macro avg": {
        "precision": 0.38996138996138996,
        "recall": 0.4768373389063044,
        "f1-score": 0.2861048377510995,
        "support": 273.0
    },
    "weighted avg": {
        "precision": 0.4005685434256863,
        "recall": 0.3553113553113553,
        "f1-score": 0.22504026343322672,
        "support": 273.0
    }
}