{
<<<<<<< HEAD
    "R2": 0.9950488987145577,
    "RMSE": 77.23452170807299,
    "MSE": 5965.171343474797,
    "MAPE": 0.07401091749140808,
    "ACMAPE": 1.4104508056554343
=======
    "R2": 0.9950746739976061,
    "RMSE": 77.03321908421567,
    "MSE": 5934.11684247677,
    "MAPE": 0.08041642286324756,
    "ACMAPE": 1.426175975519352
>>>>>>> d5f42532be6a9c18a5da3fb21b671ebbe5b6efbf
}