{
    "DOWN": {
        "precision": 0.5604395604395604,
        "recall": 0.29310344827586204,
        "f1-score": 0.38490566037735846,
        "support": 174.0
    },
    "UP": {
        "precision": 0.3241758241758242,
        "recall": 0.5959595959595959,
        "f1-score": 0.4199288256227758,
        "support": 99.0
    },
    "accuracy": 0.40293040293040294,
    "macro avg": {
        "precision": 0.4423076923076923,
        "recall": 0.44453152211772895,
        "f1-score": 0.4024172430000671,
        "support": 273.0
    },
    "weighted avg": {
        "precision": 0.4747615022340297,
        "recall": 0.4029304029304029,
        "f1-score": 0.3976063686531691,
        "support": 273.0
    }
}