{
    "R2": -5.952698584578683,
    "RMSE": 393.6686290070233,
    "MSE": 154974.98946426934,
    "MAPE": 1.3673321196611976,
    "ACMAPE": 2.6786874310165087
}