{
    "DOWN": {
        "precision": 0.6593406593406593,
        "recall": 0.15483870967741936,
        "f1-score": 0.2507836990595611,
        "support": 775.0
    },
    "UP": {
        "precision": 0.2648709315375982,
        "recall": 0.7919463087248322,
        "f1-score": 0.3969722455845248,
        "support": 298.0
    },
    "accuracy": 0.3317800559179869,
    "macro avg": {
        "precision": 0.4621057954391288,
        "recall": 0.47339250920112574,
        "f1-score": 0.32387797232204296,
        "support": 1073.0
    },
    "weighted avg": {
        "precision": 0.5497861589815614,
        "recall": 0.3317800559179869,
        "f1-score": 0.2913840596042388,
        "support": 1073.0
    }
}