{
    "R2": 0.9950488987145577,
    "RMSE": 77.23452170807299,
    "MSE": 5965.171343474797,
    "MAPE": 0.07401091749140808,
    "ACMAPE": 1.4104508056554343
}