{
    "DOWN": {
        "precision": 0.7981818181818182,
        "recall": 0.7938517179023508,
        "f1-score": 0.7960108794197642,
        "support": 553.0
    },
    "UP": {
        "precision": 0.2962962962962963,
        "recall": 0.3018867924528302,
        "f1-score": 0.2990654205607477,
        "support": 159.0
    },
    "accuracy": 0.6839887640449438,
    "macro avg": {
        "precision": 0.5472390572390573,
        "recall": 0.5478692551775904,
        "f1-score": 0.547538149990256,
        "support": 712.0
    },
    "weighted avg": {
        "precision": 0.6861034502326637,
        "recall": 0.6839887640449437,
        "f1-score": 0.6850356997026524,
        "support": 712.0
    }
}