{
    "DOWN": {
        "precision": 0.6851851851851852,
        "recall": 0.578125,
        "f1-score": 0.6271186440677967,
        "support": 128.0
    },
    "UP": {
        "precision": 0.28,
        "recall": 0.38181818181818183,
        "f1-score": 0.3230769230769231,
        "support": 55.0
    },
    "accuracy": 0.5191256830601093,
    "macro avg": {
        "precision": 0.48259259259259263,
        "recall": 0.4799715909090909,
        "f1-score": 0.4750977835723599,
        "support": 183.0
    },
    "weighted avg": {
        "precision": 0.5634082169601295,
        "recall": 0.5191256830601093,
        "f1-score": 0.5357399847535997,
        "support": 183.0
    }
}