{
<<<<<<< HEAD
    "R2": -11273.04643972738,
    "RMSE": 5632.389194789444,
    "MSE": 31723808.04158089,
    "MAPE": 15.494642311771967,
    "ACMAPE": 16.871691492099835
=======
    "R2": -11216.138260146561,
    "RMSE": 5618.155861336331,
    "MSE": 31563675.28226777,
    "MAPE": 15.447717578453396,
    "ACMAPE": 16.824766758781266
>>>>>>> d5f42532be6a9c18a5da3fb21b671ebbe5b6efbf
}