{
    "R2": -11273.04643972738,
    "RMSE": 5632.389194789444,
    "MSE": 31723808.04158089,
    "MAPE": 15.494642311771967,
    "ACMAPE": 16.871691492099835
}