{
    "R2": 0.9943001422211878,
    "RMSE": 17.458546694443456,
    "MSE": 304.80085268206255,
    "MAPE": 0.1948672437834672,
    "ACMAPE": 0.9285869846631126
}