{
    "DOWN": {
        "precision": 0.5689655172413793,
        "recall": 0.6890951276102089,
        "f1-score": 0.6232948583420778,
        "support": 431.0
    },
    "UP": {
        "precision": 0.37962962962962965,
        "recall": 0.2671009771986971,
        "f1-score": 0.3135755258126195,
        "support": 307.0
    },
    "accuracy": 0.513550135501355,
    "macro avg": {
        "precision": 0.4742975734355045,
        "recall": 0.47809805240445297,
        "f1-score": 0.4684351920773486,
        "support": 738.0
    },
    "weighted avg": {
        "precision": 0.49020384041643744,
        "recall": 0.513550135501355,
        "f1-score": 0.4944549734009616,
        "support": 738.0
    }
}