{
    "R2": 0.9824976755838055,
    "RMSE": 20.214292534549042,
    "MSE": 408.61762267232507,
    "MAPE": 0.04282443910295433,
    "ACMAPE": 0.8964829756883202
}