{
    "R2": 0.9158196940198571,
    "RMSE": 72.20616274563686,
    "MSE": 5213.729938449396,
    "MAPE": 0.03915734245821756,
    "ACMAPE": 0.893911783419555
}