{
    "R2": 0.9724657551041616,
    "RMSE": 41.29577313021576,
    "MSE": 1705.34087842225,
    "MAPE": 0.019001597106790898,
    "ACMAPE": 0.8361384832091943
}