{
    "R2": 0.9958551126968075,
    "RMSE": 36.10599101352209,
    "MSE": 1303.6425870685382,
    "MAPE": 0.16931486442944244,
    "ACMAPE": 1.2488960162619032
}