{
    "DOWN": {
        "precision": 0.5734806629834254,
        "recall": 0.9575645756457565,
        "f1-score": 0.7173462335867311,
        "support": 542.0
    },
    "UP": {
        "precision": 0.5576923076923077,
        "recall": 0.06987951807228916,
        "f1-score": 0.12419700214132763,
        "support": 415.0
    },
    "accuracy": 0.5726227795193313,
    "macro avg": {
        "precision": 0.5655864853378665,
        "recall": 0.5137220468590228,
        "f1-score": 0.4207716178640294,
        "support": 957.0
    },
    "weighted avg": {
        "precision": 0.5666340930295969,
        "recall": 0.5726227795193313,
        "f1-score": 0.46012895976244433,
        "support": 957.0
    }
}