{
    "DOWN": {
        "precision": 0.5885286783042394,
        "recall": 0.8708487084870848,
        "f1-score": 0.7023809523809523,
        "support": 542.0
    },
    "UP": {
        "precision": 0.5483870967741935,
        "recall": 0.20481927710843373,
        "f1-score": 0.2982456140350877,
        "support": 415.0
    },
    "accuracy": 0.5820271682340648,
    "macro avg": {
        "precision": 0.5684578875392164,
        "recall": 0.5378339927977593,
        "f1-score": 0.50031328320802,
        "support": 957.0
    },
    "weighted avg": {
        "precision": 0.5711214094066751,
        "recall": 0.5820271682340648,
        "f1-score": 0.5271289509039055,
        "support": 957.0
    }
}