{
    "DOWN": {
        "precision": 0.605060506050605,
        "recall": 0.472914875322442,
        "f1-score": 0.5308880308880309,
        "support": 2326.0
    },
    "UP": {
        "precision": 0.39065606361829025,
        "recall": 0.5226063829787234,
        "f1-score": 0.44709897610921506,
        "support": 1504.0
    },
    "accuracy": 0.49242819843342034,
    "macro avg": {
        "precision": 0.4978582848344476,
        "recall": 0.4977606291505827,
        "f1-score": 0.48899350349862303,
        "support": 3830.0
    },
    "weighted avg": {
        "precision": 0.5208661766985941,
        "recall": 0.49242819843342034,
        "f1-score": 0.4979849660349398,
        "support": 3830.0
    }
}