{
    "R2": 0.9037556050110656,
    "RMSE": 13.221522036565887,
    "MSE": 174.80864496339737,
    "MAPE": 0.017644088113023672,
    "ACMAPE": 0.8724827977904429
}