{
    "DOWN": {
        "precision": 0.8223350253807107,
        "recall": 0.5664335664335665,
        "f1-score": 0.6708074534161491,
        "support": 286.0
    },
    "UP": {
        "precision": 0.5724137931034483,
        "recall": 0.8258706467661692,
        "f1-score": 0.6761710794297353,
        "support": 201.0
    },
    "accuracy": 0.6735112936344969,
    "macro avg": {
        "precision": 0.6973744092420795,
        "recall": 0.6961521065998678,
        "f1-score": 0.6734892664229422,
        "support": 487.0
    },
    "weighted avg": {
        "precision": 0.719184783722128,
        "recall": 0.6735112936344969,
        "f1-score": 0.6730211881774034,
        "support": 487.0
    }
}