{
    "DOWN": {
        "precision": 0.6542056074766355,
        "recall": 0.875,
        "f1-score": 0.7486631016042781,
        "support": 80.0
    },
    "UP": {
        "precision": 0.4117647058823529,
        "recall": 0.1590909090909091,
        "f1-score": 0.22950819672131148,
        "support": 44.0
    },
    "accuracy": 0.6209677419354839,
    "macro avg": {
        "precision": 0.5329851566794942,
        "recall": 0.5170454545454546,
        "f1-score": 0.4890856491627948,
        "support": 124.0
    },
    "weighted avg": {
        "precision": 0.56817819078189,
        "recall": 0.6209677419354839,
        "f1-score": 0.5644468450329029,
        "support": 124.0
    }
}