{
    "R2": 0.9593883855730647,
    "RMSE": 11.63787322626684,
    "MSE": 135.44009323065856,
    "MAPE": 0.01874003723156387,
    "ACMAPE": 0.624431094142133
}