{
    "R2": 0.9534066738997115,
    "RMSE": 12.432816331223671,
    "MSE": 154.57492192594205,
    "MAPE": 0.02048792716679107,
    "ACMAPE": 0.6080130780722237
}