{
<<<<<<< HEAD
    "R2": 0.7200009879344651,
    "RMSE": 22.55132060780049,
    "MSE": 508.56206115580716,
    "MAPE": 0.03399656403085707,
    "ACMAPE": 1.2436739833856958
=======
    "R2": 0.6486580077747789,
    "RMSE": 25.261478167600036,
    "MSE": 638.1422792121332,
    "MAPE": 0.03930940406353281,
    "ACMAPE": 1.2973739201925651
>>>>>>> d5f42532be6a9c18a5da3fb21b671ebbe5b6efbf
}