{
    "DOWN": {
        "precision": 0.7213114754098361,
        "recall": 0.55,
        "f1-score": 0.624113475177305,
        "support": 80.0
    },
    "UP": {
        "precision": 0.42857142857142855,
        "recall": 0.6136363636363636,
        "f1-score": 0.5046728971962617,
        "support": 44.0
    },
    "accuracy": 0.5725806451612904,
    "macro avg": {
        "precision": 0.5749414519906323,
        "recall": 0.5818181818181818,
        "f1-score": 0.5643931861867834,
        "support": 124.0
    },
    "weighted avg": {
        "precision": 0.6174359749187882,
        "recall": 0.5725806451612904,
        "f1-score": 0.5817313346033864,
        "support": 124.0
    }
}