{
    "R2": 0.7200009879344651,
    "RMSE": 22.55132060780049,
    "MSE": 508.56206115580716,
    "MAPE": 0.03399656403085707,
    "ACMAPE": 1.2436739833856958
}