{
    "DOWN": {
        "precision": 0.7816593886462883,
        "recall": 0.6325088339222615,
        "f1-score": 0.69921875,
        "support": 283.0
    },
    "UP": {
        "precision": 0.5889328063241107,
        "recall": 0.7487437185929648,
        "f1-score": 0.6592920353982301,
        "support": 199.0
    },
    "accuracy": 0.6804979253112033,
    "macro avg": {
        "precision": 0.6852960974851995,
        "recall": 0.6906262762576132,
        "f1-score": 0.6792553926991151,
        "support": 482.0
    },
    "weighted avg": {
        "precision": 0.702089700094186,
        "recall": 0.6804979253112033,
        "f1-score": 0.6827344840129623,
        "support": 482.0
    }
}