{
    "R2": 0.8434909188347954,
    "RMSE": 16.860230228950815,
    "MSE": 284.26736337322683,
    "MAPE": 0.022506313611757218,
    "ACMAPE": 0.861215991031112
}