{
    "R2": 0.9377469841347131,
    "RMSE": 19.31879555072866,
    "MSE": 373.2158615308534,
    "MAPE": 0.039726190824486106,
    "ACMAPE": 0.960250208291735
}