{
    "DOWN": {
        "precision": 0.7212121212121212,
        "recall": 0.46727748691099474,
        "f1-score": 0.5671167593328037,
        "support": 764.0
    },
    "UP": {
        "precision": 0.38333333333333336,
        "recall": 0.6470588235294118,
        "f1-score": 0.48144624167459565,
        "support": 391.0
    },
    "accuracy": 0.5281385281385281,
    "macro avg": {
        "precision": 0.5522727272727272,
        "recall": 0.5571681552202032,
        "f1-score": 0.5242815005036997,
        "support": 1155.0
    },
    "weighted avg": {
        "precision": 0.6068306441033714,
        "recall": 0.5281385281385281,
        "f1-score": 0.5381148784632285,
        "support": 1155.0
    }
}