{
<<<<<<< HEAD
    "R2": 0.9675171200889622,
    "RMSE": 13.772030937043791,
    "MSE": 189.6688361308913,
    "MAPE": 0.02258519444504752,
    "ACMAPE": 0.9917481900397611
=======
    "R2": 0.9680570832711709,
    "RMSE": 13.65708495596965,
    "MSE": 186.51596949457254,
    "MAPE": 0.022256000192195834,
    "ACMAPE": 0.9702736213375702
>>>>>>> d5f42532be6a9c18a5da3fb21b671ebbe5b6efbf
}