{
    "R2": 0.9607639151673726,
    "RMSE": 15.521959821415914,
    "MSE": 240.93123669764995,
    "MAPE": 0.02427684060413839,
    "ACMAPE": 0.9679997843270821
}