{
    "DOWN": {
        "precision": 0.7828571428571428,
        "recall": 0.6884422110552764,
        "f1-score": 0.7326203208556149,
        "support": 199.0
    },
    "UP": {
        "precision": 0.45132743362831856,
        "recall": 0.5730337078651685,
        "f1-score": 0.504950495049505,
        "support": 89.0
    },
    "accuracy": 0.6527777777777778,
    "macro avg": {
        "precision": 0.6170922882427307,
        "recall": 0.6307379594602225,
        "f1-score": 0.6187854079525599,
        "support": 288.0
    },
    "weighted avg": {
        "precision": 0.6804052535468466,
        "recall": 0.6527777777777778,
        "f1-score": 0.6622640205196989,
        "support": 288.0
    }
}