{
    "R2": 0.752043572737655,
    "RMSE": 8.813802353273966,
    "MSE": 77.68311192257771,
    "MAPE": 0.02279185076395582,
    "ACMAPE": 1.3561251840972892
}