{
    "DOWN": {
<<<<<<< HEAD
        "precision": 0.7551546391752577,
        "recall": 0.3917112299465241,
        "f1-score": 0.5158450704225352,
        "support": 748.0
    },
    "UP": {
        "precision": 0.3908969210174029,
        "recall": 0.7545219638242894,
        "f1-score": 0.5149911816578484,
        "support": 387.0
    },
    "accuracy": 0.5154185022026432,
    "macro avg": {
        "precision": 0.5730257800963303,
        "recall": 0.5731165968854067,
        "f1-score": 0.5154181260401918,
        "support": 1135.0
    },
    "weighted avg": {
        "precision": 0.6309539899002887,
        "recall": 0.5154185022026432,
        "f1-score": 0.5155539206851487,
=======
        "precision": 0.7430555555555556,
        "recall": 0.42914438502673796,
        "f1-score": 0.5440677966101695,
        "support": 748.0
    },
    "UP": {
        "precision": 0.39260312944523473,
        "recall": 0.7131782945736435,
        "f1-score": 0.506422018348624,
        "support": 387.0
    },
    "accuracy": 0.5259911894273128,
    "macro avg": {
        "precision": 0.5678293425003952,
        "recall": 0.5711613398001907,
        "f1-score": 0.5252449074793968,
        "support": 1135.0
    },
    "weighted avg": {
        "precision": 0.6235620851549439,
        "recall": 0.5259911894273128,
        "f1-score": 0.5312317471060126,
>>>>>>> d5f42532be6a9c18a5da3fb21b671ebbe5b6efbf
        "support": 1135.0
    }
}