{
    "R2": 0.9680570832711709,
    "RMSE": 13.65708495596965,
    "MSE": 186.51596949457254,
    "MAPE": 0.022256000192195834,
    "ACMAPE": 0.9702736213375702
}