{
    "DOWN": {
        "precision": 0.7784810126582279,
        "recall": 0.6180904522613065,
        "f1-score": 0.6890756302521008,
        "support": 199.0
    },
    "UP": {
        "precision": 0.4153846153846154,
        "recall": 0.6067415730337079,
        "f1-score": 0.4931506849315069,
        "support": 89.0
    },
    "accuracy": 0.6145833333333334,
    "macro avg": {
        "precision": 0.5969328140214216,
        "recall": 0.6124160126475072,
        "f1-score": 0.5911131575918038,
        "support": 288.0
    },
    "weighted avg": {
        "precision": 0.6662741398896462,
        "recall": 0.6145833333333334,
        "f1-score": 0.628529379788445,
        "support": 288.0
    }
}