{
    "DOWN": {
        "precision": 0.7459105779716467,
        "recall": 0.4861407249466951,
        "f1-score": 0.5886402753872634,
        "support": 1407.0
    },
    "UP": {
        "precision": 0.39548494983277593,
        "recall": 0.669971671388102,
        "f1-score": 0.4973711882229232,
        "support": 706.0
    },
    "accuracy": 0.5475627070515854,
    "macro avg": {
        "precision": 0.5706977639022113,
        "recall": 0.5780561981673985,
        "f1-score": 0.5430057318050933,
        "support": 2113.0
    },
    "weighted avg": {
        "precision": 0.6288256307562927,
        "recall": 0.5475627070515854,
        "f1-score": 0.558145256202207,
        "support": 2113.0
    }
}