{
    "DOWN": {
<<<<<<< HEAD
        "precision": 0.5995423340961098,
        "recall": 0.842443729903537,
        "f1-score": 0.7005347593582887,
        "support": 311.0
    },
    "UP": {
        "precision": 0.4787234042553192,
        "recall": 0.20454545454545456,
        "f1-score": 0.28662420382165604,
        "support": 220.0
    },
    "accuracy": 0.5781544256120528,
    "macro avg": {
        "precision": 0.5391328691757145,
        "recall": 0.5234945922244958,
        "f1-score": 0.49357948158997234,
        "support": 531.0
    },
    "weighted avg": {
        "precision": 0.5494855270057635,
        "recall": 0.5781544256120528,
        "f1-score": 0.5290463935992319,
=======
        "precision": 0.587426326129666,
        "recall": 0.9614147909967846,
        "f1-score": 0.7292682926829269,
        "support": 311.0
    },
    "UP": {
        "precision": 0.45454545454545453,
        "recall": 0.045454545454545456,
        "f1-score": 0.08264462809917356,
        "support": 220.0
    },
    "accuracy": 0.5819209039548022,
    "macro avg": {
        "precision": 0.5209858903375603,
        "recall": 0.5034346682256651,
        "f1-score": 0.40595646039105027,
        "support": 531.0
    },
    "weighted avg": {
        "precision": 0.5323721043810286,
        "recall": 0.5819209039548022,
        "f1-score": 0.4613639495408822,
>>>>>>> d5f42532be6a9c18a5da3fb21b671ebbe5b6efbf
        "support": 531.0
    }
}