{
    "R2": 0.9641608939902281,
    "RMSE": 21.7898406993441,
    "MSE": 474.7971577027926,
    "MAPE": 0.047432404346494574,
    "ACMAPE": 0.9287883365498845
}