{
    "DOWN": {
        "precision": 0.666226040978189,
        "recall": 0.7148936170212766,
        "f1-score": 0.6897023605884366,
        "support": 1410.0
    },
    "UP": {
        "precision": 0.33553719008264465,
        "recall": 0.2867231638418079,
        "f1-score": 0.3092155369383092,
        "support": 708.0
    },
    "accuracy": 0.5717658168083097,
    "macro avg": {
        "precision": 0.5008816155304169,
        "recall": 0.5008083904315422,
        "f1-score": 0.49945894876337293,
        "support": 2118.0
    },
    "weighted avg": {
        "precision": 0.5556841588091402,
        "recall": 0.5717658168083097,
        "f1-score": 0.562514130586411,
        "support": 2118.0
    }
}