{
    "R2": 0.9880632812083471,
    "RMSE": 13.45480999007752,
    "MSE": 181.03191186908984,
    "MAPE": 0.04202413588628886,
    "ACMAPE": 0.9468987217831181
}