{
<<<<<<< HEAD
    "R2": 0.8929652860820616,
    "RMSE": 39.76433012390541,
    "MSE": 1581.2019502029314,
    "MAPE": 0.1236837144030548,
    "ACMAPE": 1.0138406330906438
=======
    "R2": 0.8630046850397841,
    "RMSE": 44.9867067619152,
    "MSE": 2023.8037852825466,
    "MAPE": 0.16201499389884427,
    "ACMAPE": 0.8515061969421158
>>>>>>> d5f42532be6a9c18a5da3fb21b671ebbe5b6efbf
}