{
    "R2": 0.993380239418492,
    "RMSE": 10.10121213084122,
    "MSE": 102.03448651225384,
    "MAPE": 0.051176159992127254,
    "ACMAPE": 1.1873042805762062
}