{
    "DOWN": {
        "precision": 0.5995423340961098,
        "recall": 0.842443729903537,
        "f1-score": 0.7005347593582887,
        "support": 311.0
    },
    "UP": {
        "precision": 0.4787234042553192,
        "recall": 0.20454545454545456,
        "f1-score": 0.28662420382165604,
        "support": 220.0
    },
    "accuracy": 0.5781544256120528,
    "macro avg": {
        "precision": 0.5391328691757145,
        "recall": 0.5234945922244958,
        "f1-score": 0.49357948158997234,
        "support": 531.0
    },
    "weighted avg": {
        "precision": 0.5494855270057635,
        "recall": 0.5781544256120528,
        "f1-score": 0.5290463935992319,
        "support": 531.0
    }
}