{
    "DOWN": {
        "precision": 0.7568922305764411,
        "recall": 0.21403260099220411,
        "f1-score": 0.3337016574585635,
        "support": 1411.0
    },
    "UP": {
        "precision": 0.35672853828306267,
        "recall": 0.8637640449438202,
        "f1-score": 0.5049261083743842,
        "support": 712.0
    },
    "accuracy": 0.43193593970796046,
    "macro avg": {
        "precision": 0.5568103844297518,
        "recall": 0.5388983229680122,
        "f1-score": 0.41931388291647387,
        "support": 2123.0
    },
    "weighted avg": {
        "precision": 0.6226875443244931,
        "recall": 0.43193593970796046,
        "f1-score": 0.3911259669508218,
        "support": 2123.0
    }
}