{
<<<<<<< HEAD
    "R2": 0.9100621499391496,
    "RMSE": 7.959775323355813,
    "MSE": 63.35802319830414,
    "MAPE": 0.029444830228037955,
    "ACMAPE": 1.3907438830020569
=======
    "R2": 0.9124032395513414,
    "RMSE": 7.855495443251848,
    "MSE": 61.70880865895055,
    "MAPE": 0.030973464907763742,
    "ACMAPE": 1.4220424770863835
>>>>>>> d5f42532be6a9c18a5da3fb21b671ebbe5b6efbf
}