{
    "DOWN": {
        "precision": 0.7272727272727273,
        "recall": 0.07421150278293136,
        "f1-score": 0.13468013468013468,
        "support": 539.0
    },
    "UP": {
        "precision": 0.27046783625730997,
        "recall": 0.925,
        "f1-score": 0.41855203619909515,
        "support": 200.0
    },
    "accuracy": 0.3044654939106901,
    "macro avg": {
        "precision": 0.49887028176501863,
        "recall": 0.4996057513914657,
        "f1-score": 0.2766160854396149,
        "support": 739.0
    },
    "weighted avg": {
        "precision": 0.6036448812604357,
        "recall": 0.3044654939106901,
        "f1-score": 0.21150608908310098,
        "support": 739.0
    }
}