{
    "R2": 0.8591678124248415,
    "RMSE": 9.960485810507796,
    "MSE": 99.21127758132715,
    "MAPE": 0.06166856816873839,
    "ACMAPE": 1.5258092988859238
}