{
    "DOWN": {
        "precision": 0.8285714285714286,
        "recall": 0.024026512013256007,
        "f1-score": 0.046698872785829314,
        "support": 2414.0
    },
    "UP": {
        "precision": 0.1822283929191253,
        "recall": 0.9776536312849162,
        "f1-score": 0.30719719133996487,
        "support": 537.0
    },
    "accuracy": 0.19756014910199932,
    "macro avg": {
        "precision": 0.5053999107452769,
        "recall": 0.5008400716490862,
        "f1-score": 0.17694803206289708,
        "support": 2951.0
    },
    "weighted avg": {
        "precision": 0.7109549561399523,
        "recall": 0.19756014910199932,
        "f1-score": 0.09410232824620572,
        "support": 2951.0
    }
}