{
    "R2": 0.978726765379489,
    "RMSE": 21.676684682850894,
    "MSE": 469.87865883974257,
    "MAPE": 0.07925020788288607,
    "ACMAPE": 0.9589834777090351
}