{
    "DOWN": {
        "precision": 0.875,
        "recall": 0.010736196319018405,
        "f1-score": 0.021212121212121213,
        "support": 652.0
    },
    "UP": {
        "precision": 0.2752808988764045,
        "recall": 0.9959349593495935,
        "f1-score": 0.43133802816901406,
        "support": 246.0
    },
    "accuracy": 0.2806236080178174,
    "macro avg": {
        "precision": 0.5751404494382022,
        "recall": 0.5033355778343059,
        "f1-score": 0.22627507469056765,
        "support": 898.0
    },
    "weighted avg": {
        "precision": 0.710711693901554,
        "recall": 0.2806236080178174,
        "f1-score": 0.13356287077937692,
        "support": 898.0
    }
}