{
<<<<<<< HEAD
    "R2": 0.7756000026650446,
    "RMSE": 31.74966666539688,
    "MSE": 1008.0413333638139,
    "MAPE": 0.03277565388206119,
    "ACMAPE": 1.1151809990936423
=======
    "R2": 0.747482762689064,
    "RMSE": 33.68009136646515,
    "MSE": 1134.34855445344,
    "MAPE": 0.03835363626217481,
    "ACMAPE": 0.6396899391574977
>>>>>>> d5f42532be6a9c18a5da3fb21b671ebbe5b6efbf
}