{
    "R2": 0.8095662566330689,
    "RMSE": 29.248237363355674,
    "MSE": 855.4593888631948,
    "MAPE": 0.031448066070703905,
    "ACMAPE": 1.2608467297678085
}