{
    "DOWN": {
        "precision": 0.7610062893081762,
        "recall": 0.37116564417177916,
        "f1-score": 0.4989690721649485,
        "support": 652.0
    },
    "UP": {
        "precision": 0.29310344827586204,
        "recall": 0.6910569105691057,
        "f1-score": 0.41162227602905566,
        "support": 246.0
    },
    "accuracy": 0.45879732739420936,
    "macro avg": {
        "precision": 0.5270548687920191,
        "recall": 0.5311112773704424,
        "f1-score": 0.4552956740970021,
        "support": 898.0
    },
    "weighted avg": {
        "precision": 0.6328280054619075,
        "recall": 0.45879732739420936,
        "f1-score": 0.4750411079673655,
        "support": 898.0
    }
}