{
    "R2": 0.747482762689064,
    "RMSE": 33.68009136646515,
    "MSE": 1134.34855445344,
    "MAPE": 0.03835363626217481,
    "ACMAPE": 0.6396899391574977
}