{
    "R2": 0.5925675962344428,
    "RMSE": 42.78145288956503,
    "MSE": 1830.2527113420724,
    "MAPE": 0.061490356316222065,
    "ACMAPE": 0.6182832293674471
}