{
    "DOWN": {
<<<<<<< HEAD
        "precision": 0.8032786885245902,
        "recall": 0.030218933086648164,
        "f1-score": 0.058246656760772654,
        "support": 3243.0
    },
    "UP": {
        "precision": 0.08919779901534897,
        "recall": 0.927710843373494,
        "f1-score": 0.16274768824306474,
        "support": 332.0
    },
    "accuracy": 0.11356643356643356,
    "macro avg": {
        "precision": 0.44623824376996957,
        "recall": 0.47896488823007105,
        "f1-score": 0.11049717250191869,
        "support": 3575.0
    },
    "weighted avg": {
        "precision": 0.736964043680655,
        "recall": 0.11356643356643356,
        "f1-score": 0.06795136793619111,
=======
        "precision": 0.7163265306122449,
        "recall": 0.21646623496762257,
        "f1-score": 0.3324650722235377,
        "support": 3243.0
    },
    "UP": {
        "precision": 0.020809248554913295,
        "recall": 0.16265060240963855,
        "f1-score": 0.03689784762555518,
        "support": 332.0
    },
    "accuracy": 0.21146853146853148,
    "macro avg": {
        "precision": 0.3685678895835791,
        "recall": 0.18955841868863055,
        "f1-score": 0.18468145992454646,
        "support": 3575.0
    },
    "weighted avg": {
        "precision": 0.6517358347680395,
        "recall": 0.21146853146853148,
        "f1-score": 0.30501659150562715,
>>>>>>> d5f42532be6a9c18a5da3fb21b671ebbe5b6efbf
        "support": 3575.0
    }
}