{
    "R2": 0.7756000026650446,
    "RMSE": 31.74966666539688,
    "MSE": 1008.0413333638139,
    "MAPE": 0.03277565388206119,
    "ACMAPE": 1.1151809990936423
}