{
<<<<<<< HEAD
    "R2": 0.9913232103099695,
    "RMSE": 29.22495672223722,
    "MSE": 854.0980954166386,
    "MAPE": 12.759826956041492,
    "ACMAPE": 14.532694088908624
=======
    "R2": 0.9914049159757112,
    "RMSE": 29.087031718552517,
    "MSE": 846.0554141960802,
    "MAPE": 11.554605740576124,
    "ACMAPE": 13.13166867763906
>>>>>>> d5f42532be6a9c18a5da3fb21b671ebbe5b6efbf
}