{
    "R2": -2.446479049278162,
    "RMSE": 39.773971532289764,
    "MSE": 1581.9688114513967,
    "MAPE": 0.22959447141705328,
    "ACMAPE": 1.0539422975040098
}