{
    "DOWN": {
        "precision": 0.7076923076923077,
        "recall": 0.7248484848484849,
        "f1-score": 0.7161676646706587,
        "support": 825.0
    },
    "UP": {
        "precision": 0.25573770491803277,
        "recall": 0.24,
        "f1-score": 0.2476190476190476,
        "support": 325.0
    },
    "accuracy": 0.5878260869565217,
    "macro avg": {
        "precision": 0.4817150063051703,
        "recall": 0.4824242424242424,
        "f1-score": 0.4818933561448532,
        "support": 1150.0
    },
    "weighted avg": {
        "precision": 0.5799660069082736,
        "recall": 0.5878260869565217,
        "f1-score": 0.583751751156073,
        "support": 1150.0
    }
}