{
    "R2": 0.9590574116103819,
    "RMSE": 10.876060382541153,
    "MSE": 118.28868944468121,
    "MAPE": 0.7229907699404112,
    "ACMAPE": 1.908272720735099
}