{
    "DOWN": {
        "precision": 0.75,
        "recall": 0.3479119638826185,
        "f1-score": 0.47532767925983044,
        "support": 3544.0
    },
    "UP": {
        "precision": 0.21634452356731096,
        "recall": 0.6081982840800763,
        "f1-score": 0.31915957978989495,
        "support": 1049.0
    },
    "accuracy": 0.4073590246026562,
    "macro avg": {
        "precision": 0.48317226178365547,
        "recall": 0.4780551239813474,
        "f1-score": 0.3972436295248627,
        "support": 4593.0
    },
    "weighted avg": {
        "precision": 0.6281178761641866,
        "recall": 0.4073590246026562,
        "f1-score": 0.43966028619561043,
        "support": 4593.0
    }
}