{
    "DOWN": {
        "precision": 0.75,
        "recall": 0.03636363636363636,
        "f1-score": 0.06936416184971098,
        "support": 825.0
    },
    "UP": {
        "precision": 0.28378378378378377,
        "recall": 0.9692307692307692,
        "f1-score": 0.4390243902439024,
        "support": 325.0
    },
    "accuracy": 0.3,
    "macro avg": {
        "precision": 0.5168918918918919,
        "recall": 0.5027972027972027,
        "f1-score": 0.25419427604680667,
        "support": 1150.0
    },
    "weighted avg": {
        "precision": 0.6182432432432432,
        "recall": 0.3,
        "f1-score": 0.1738333568306781,
        "support": 1150.0
    }
}