{
    "R2": -2.9762031834357923,
    "RMSE": 42.72139461020347,
    "MSE": 1825.1175574407218,
    "MAPE": 0.2596328544226576,
    "ACMAPE": 1.0770241587704836
}