{
    "R2": 0.9754431838539975,
    "RMSE": 18.479251413305793,
    "MSE": 341.4827327961641,
    "MAPE": 0.024088836095631283,
    "ACMAPE": 0.8886891623599054
}