{
    "R2": 0.9758669567785268,
    "RMSE": 18.31911083045668,
    "MSE": 335.5898216185552,
    "MAPE": 0.022630678156080813,
    "ACMAPE": 1.079726926116929
}