{
    "DOWN": {
        "precision": 0.6716417910447762,
        "recall": 0.027439024390243903,
        "f1-score": 0.05272407732864675,
        "support": 1640.0
    },
    "UP": {
        "precision": 0.3309563758389262,
        "recall": 0.9728729963008631,
        "f1-score": 0.49389671361502346,
        "support": 811.0
    },
    "accuracy": 0.3402692778457772,
    "macro avg": {
        "precision": 0.5012990834418511,
        "recall": 0.5001560103455535,
        "f1-score": 0.2733103954718351,
        "support": 2451.0
    },
    "weighted avg": {
        "precision": 0.5589139772006536,
        "recall": 0.3402692778457772,
        "f1-score": 0.19870164078366573,
        "support": 2451.0
    }
}