{
    "DOWN": {
        "precision": 0.625531914893617,
        "recall": 0.7696335078534031,
        "f1-score": 0.6901408450704226,
        "support": 382.0
    },
    "UP": {
        "precision": 0.38461538461538464,
        "recall": 0.23809523809523808,
        "f1-score": 0.2941176470588235,
        "support": 231.0
    },
    "accuracy": 0.5693311582381729,
    "macro avg": {
        "precision": 0.5050736497545009,
        "recall": 0.5038643729743206,
        "f1-score": 0.49212924606462305,
        "support": 613.0
    },
    "weighted avg": {
        "precision": 0.5347460772194381,
        "recall": 0.5693311582381729,
        "f1-score": 0.5409053495717613,
        "support": 613.0
    }
}