{
    "R2": 0.9693901597164525,
    "RMSE": 20.631408424902446,
    "MSE": 425.6550135951356,
    "MAPE": 0.032336068945741404,
    "ACMAPE": 1.2688776676406843
}