{
    "DOWN": {
        "precision": 0.6912568306010929,
        "recall": 0.08902181562280084,
        "f1-score": 0.15773067331670823,
        "support": 2842.0
    },
    "UP": {
        "precision": 0.3092315901814301,
        "recall": 0.9111635220125787,
        "f1-score": 0.46175298804780884,
        "support": 1272.0
    },
    "accuracy": 0.34321827904715607,
    "macro avg": {
        "precision": 0.5002442103912614,
        "recall": 0.5000926688176898,
        "f1-score": 0.3097418306822585,
        "support": 4114.0
    },
    "weighted avg": {
        "precision": 0.5731391578218487,
        "recall": 0.34321827904715607,
        "f1-score": 0.25173076673867223,
        "support": 4114.0
    }
}