{
    "DOWN": {
        "precision": 0.6674107142857143,
        "recall": 0.38831168831168833,
        "f1-score": 0.4909688013136289,
        "support": 770.0
    },
    "UP": {
        "precision": 0.19487179487179487,
        "recall": 0.43346007604562736,
        "f1-score": 0.2688679245283019,
        "support": 263.0
    },
    "accuracy": 0.3998063891577928,
    "macro avg": {
        "precision": 0.4311412545787546,
        "recall": 0.41088588217865785,
        "f1-score": 0.37991836292096537,
        "support": 1033.0
    },
    "weighted avg": {
        "precision": 0.5471031288008539,
        "recall": 0.3998063891577928,
        "f1-score": 0.4344223050943249,
        "support": 1033.0
    }
}