{
    "DOWN": {
        "precision": 0.8092485549132948,
        "recall": 0.5454545454545454,
        "f1-score": 0.6516679596586501,
        "support": 770.0
    },
    "UP": {
        "precision": 0.31906614785992216,
        "recall": 0.623574144486692,
        "f1-score": 0.4221364221364221,
        "support": 263.0
    },
    "accuracy": 0.5653436592449177,
    "macro avg": {
        "precision": 0.5641573513866085,
        "recall": 0.5845143449706187,
        "f1-score": 0.5369021908975361,
        "support": 1033.0
    },
    "weighted avg": {
        "precision": 0.6844489682191642,
        "recall": 0.5653436592449177,
        "f1-score": 0.5932296301636395,
        "support": 1033.0
    }
}