{
    "DOWN": {
        "precision": 0.6993049259595043,
        "recall": 0.8088081090527788,
        "f1-score": 0.7500810372771476,
        "support": 2861.0
    },
    "UP": {
        "precision": 0.336969696969697,
        "recall": 0.21838177533385703,
        "f1-score": 0.2650142993326978,
        "support": 1273.0
    },
    "accuracy": 0.6269956458635704,
    "macro avg": {
        "precision": 0.5181373114646006,
        "recall": 0.5135949421933179,
        "f1-score": 0.5075476683049227,
        "support": 4134.0
    },
    "weighted avg": {
        "precision": 0.5877295155811723,
        "recall": 0.6269956458635704,
        "f1-score": 0.6007123973634358,
        "support": 4134.0
    }
}