{
    "R2": 0.9986306971962362,
    "RMSE": 7.681071599288638,
    "MSE": 58.9988609133985,
    "MAPE": 0.12162327172026269,
    "ACMAPE": 0.8676319799931219
}