{
    "R2": 0.9962619231361252,
    "RMSE": 12.840008622606273,
    "MSE": 164.86582142860345,
    "MAPE": 0.06597473932685072,
    "ACMAPE": 0.8268653492010037
}