{
    "R2": -63.96295384514566,
    "RMSE": 14.593574841231204,
    "MSE": 212.97242664661638,
    "MAPE": 0.26969442256553045,
    "ACMAPE": 1.8349118138698783
}