{
    "R2": -7.399281252956232,
    "RMSE": 5.247468856262677,
    "MSE": 27.535929397446726,
    "MAPE": 0.0936221931565244,
    "ACMAPE": 0.5284048018521765
}