{
    "DOWN": {
        "precision": 0.782608695652174,
        "recall": 1.0,
        "f1-score": 0.878048780487805,
        "support": 54.0
    },
    "UP": {
        "precision": 0.0,
        "recall": 0.0,
        "f1-score": 0.0,
        "support": 15.0
    },
    "accuracy": 0.782608695652174,
    "macro avg": {
        "precision": 0.391304347826087,
        "recall": 0.5,
        "f1-score": 0.4390243902439025,
        "support": 69.0
    },
    "weighted avg": {
        "precision": 0.6124763705103969,
        "recall": 0.782608695652174,
        "f1-score": 0.687168610816543,
        "support": 69.0
    }
}