{
    "R2": 0.9643242261806938,
    "RMSE": 8.487130748949792,
    "MSE": 72.03138834976905,
    "MAPE": 0.0352452615117641,
    "ACMAPE": 0.7139456225225945
}