{
    "DOWN": {
        "precision": 0.7804878048780488,
        "recall": 0.35555555555555557,
        "f1-score": 0.48854961832061067,
        "support": 180.0
    },
    "UP": {
        "precision": 0.35555555555555557,
        "recall": 0.7804878048780488,
        "f1-score": 0.48854961832061067,
        "support": 82.0
    },
    "accuracy": 0.48854961832061067,
    "macro avg": {
        "precision": 0.5680216802168022,
        "recall": 0.5680216802168022,
        "f1-score": 0.48854961832061067,
        "support": 262.0
    },
    "weighted avg": {
        "precision": 0.6474937421129937,
        "recall": 0.48854961832061067,
        "f1-score": 0.4885496183206106,
        "support": 262.0
    }
}