{
    "R2": 0.9799666399767043,
    "RMSE": 6.000621688032726,
    "MSE": 36.00746064288872,
    "MAPE": 0.06377927175268704,
    "ACMAPE": 1.0784851541056282
}