{
    "DOWN": {
        "precision": 0.8076923076923077,
        "recall": 0.3387096774193548,
        "f1-score": 0.4772727272727273,
        "support": 186.0
    },
    "UP": {
        "precision": 0.36597938144329895,
        "recall": 0.8255813953488372,
        "f1-score": 0.5071428571428571,
        "support": 86.0
    },
    "accuracy": 0.49264705882352944,
    "macro avg": {
        "precision": 0.5868358445678034,
        "recall": 0.582145536384096,
        "f1-score": 0.4922077922077922,
        "support": 272.0
    },
    "weighted avg": {
        "precision": 0.6680330736576946,
        "recall": 0.49264705882352944,
        "f1-score": 0.48671695951107724,
        "support": 272.0
    }
}