{
    "DOWN": {
        "precision": 0.7216981132075472,
        "recall": 0.8138297872340425,
        "f1-score": 0.765,
        "support": 188.0
    },
    "UP": {
        "precision": 0.46153846153846156,
        "recall": 0.33707865168539325,
        "f1-score": 0.3896103896103896,
        "support": 89.0
    },
    "accuracy": 0.6606498194945848,
    "macro avg": {
        "precision": 0.5916182873730044,
        "recall": 0.5754542194597179,
        "f1-score": 0.5773051948051948,
        "support": 277.0
    },
    "weighted avg": {
        "precision": 0.6381089110467218,
        "recall": 0.6606498194945848,
        "f1-score": 0.644387453701533,
        "support": 277.0
    }
}