{
    "R2": -1.5386873382664854,
    "RMSE": 21.742011321773475,
    "MSE": 472.7150563161259,
    "MAPE": 0.23539876456390407,
    "ACMAPE": 1.6444896736548134
}