{
    "R2": 0.9799757074390887,
    "RMSE": 20.486798780680147,
    "MSE": 419.7089242800776,
    "MAPE": 0.07557831894804794,
    "ACMAPE": 0.9577535455341506
}