{
    "R2": 0.982186713801865,
    "RMSE": 19.115374319687024,
    "MSE": 365.39753538175023,
    "MAPE": 0.05318337958295948,
    "ACMAPE": 0.9505440833952763
}