{
    "DOWN": {
        "precision": 0.7142857142857143,
        "recall": 0.08064516129032258,
        "f1-score": 0.14492753623188404,
        "support": 62.0
    },
    "UP": {
        "precision": 0.2962962962962963,
        "recall": 0.9230769230769231,
        "f1-score": 0.44859813084112155,
        "support": 26.0
    },
    "accuracy": 0.32954545454545453,
    "macro avg": {
        "precision": 0.5052910052910053,
        "recall": 0.5018610421836228,
        "f1-score": 0.2967628335365028,
        "support": 88.0
    },
    "weighted avg": {
        "precision": 0.5907888407888408,
        "recall": 0.32954545454545453,
        "f1-score": 0.23464839373006782,
        "support": 88.0
    }
}