{
    "R2": 0.9782197753361459,
    "RMSE": 21.290952233593817,
    "MSE": 453.3046470131736,
    "MAPE": 0.05874904572495498,
    "ACMAPE": 0.8266061885820978
}