{
    "DOWN": {
        "precision": 0.6949152542372882,
        "recall": 0.7420814479638009,
        "f1-score": 0.7177242888402627,
        "support": 221.0
    },
    "UP": {
        "precision": 0.43,
        "recall": 0.3739130434782609,
        "f1-score": 0.39999999999999997,
        "support": 115.0
    },
    "accuracy": 0.6160714285714286,
    "macro avg": {
        "precision": 0.5624576271186441,
        "recall": 0.5579972457210309,
        "f1-score": 0.5588621444201314,
        "support": 336.0
    },
    "weighted avg": {
        "precision": 0.6042448547215497,
        "recall": 0.6160714285714286,
        "f1-score": 0.6089793685526728,
        "support": 336.0
    }
}