{
    "R2": -3.6668387027332354,
    "RMSE": 29.478576268868203,
    "MSE": 868.9864588394796,
    "MAPE": 0.30593203066565317,
    "ACMAPE": 1.646841121574744
}