{
    "R2": -0.208038363168642,
    "RMSE": 14.998073313264973,
    "MSE": 224.94220311007095,
    "MAPE": 0.16567118078945237,
    "ACMAPE": 1.5747620898803616
}