{
    "R2": 0.9870781073726037,
    "RMSE": 16.16501833888594,
    "MSE": 261.30781789651877,
    "MAPE": 0.06341060265299975,
    "ACMAPE": 1.2194799668148493
}