{
    "R2": 0.9787560259687642,
    "RMSE": 77.41258401758047,
    "MSE": 5992.708164278955,
    "MAPE": 0.3413058780019426,
    "ACMAPE": 1.5629031783394005
}