{
    "DOWN": {
        "precision": 0.7055016181229773,
        "recall": 0.3663865546218487,
        "f1-score": 0.48230088495575224,
        "support": 595.0
    },
    "UP": {
        "precision": 0.37166666666666665,
        "recall": 0.7101910828025477,
        "f1-score": 0.48796498905908103,
        "support": 314.0
    },
    "accuracy": 0.48514851485148514,
    "macro avg": {
        "precision": 0.538584142394822,
        "recall": 0.5382888187121982,
        "f1-score": 0.48513293700741666,
        "support": 909.0
    },
    "weighted avg": {
        "precision": 0.5901834940775631,
        "recall": 0.4851485148514851,
        "f1-score": 0.4842574621707635,
        "support": 909.0
    }
}