{
    "DOWN": {
        "precision": 0.6631578947368421,
        "recall": 0.3387096774193548,
        "f1-score": 0.44839857651245546,
        "support": 186.0
    },
    "UP": {
        "precision": 0.06818181818181818,
        "recall": 0.21951219512195122,
        "f1-score": 0.10404624277456645,
        "support": 41.0
    },
    "accuracy": 0.31718061674008813,
    "macro avg": {
        "precision": 0.36566985645933014,
        "recall": 0.27911093627065303,
        "f1-score": 0.27622240964351097,
        "support": 227.0
    },
    "weighted avg": {
        "precision": 0.5556952553590624,
        "recall": 0.31718061674008813,
        "f1-score": 0.38620278055098656,
        "support": 227.0
    }
}