{
    "R2": -7.139000756094232,
    "RMSE": 169.21637780262114,
    "MSE": 28634.182516639416,
    "MAPE": 1.2804162499444278,
    "ACMAPE": 2.901561624393767
}