{
    "DOWN": {
<<<<<<< HEAD
        "precision": 0.7065217391304348,
        "recall": 0.11187607573149742,
        "f1-score": 0.19316493313521546,
        "support": 581.0
    },
    "UP": {
        "precision": 0.35257214554579674,
        "recall": 0.9123376623376623,
        "f1-score": 0.5085972850678734,
        "support": 308.0
    },
    "accuracy": 0.3892013498312711,
    "macro avg": {
        "precision": 0.5295469423381158,
        "recall": 0.5121068690345799,
        "f1-score": 0.3508811091015444,
        "support": 889.0
    },
    "weighted avg": {
        "precision": 0.5838935334790641,
        "recall": 0.3892013498312711,
        "f1-score": 0.30244858262369534,
=======
        "precision": 0.6956521739130435,
        "recall": 0.11015490533562823,
        "f1-score": 0.19019316493313523,
        "support": 581.0
    },
    "UP": {
        "precision": 0.35131744040150564,
        "recall": 0.9090909090909091,
        "f1-score": 0.5067873303167421,
        "support": 308.0
    },
    "accuracy": 0.38695163104611924,
    "macro avg": {
        "precision": 0.5234848071572745,
        "recall": 0.5096229072132686,
        "f1-score": 0.34849024762493863,
        "support": 889.0
    },
    "weighted avg": {
        "precision": 0.5763551008854241,
        "recall": 0.38695163104611924,
        "f1-score": 0.29987933246761317,
>>>>>>> d5f42532be6a9c18a5da3fb21b671ebbe5b6efbf
        "support": 889.0
    }
}