{
    "R2": -8.518391841459852,
    "RMSE": 182.9947539606818,
    "MSE": 33487.079977130474,
    "MAPE": 1.7305065931119812,
    "ACMAPE": 3.096145359631805
}