{
    "DOWN": {
        "precision": 0.7942477876106194,
        "recall": 0.4736147757255937,
        "f1-score": 0.5933884297520662,
        "support": 758.0
    },
    "UP": {
        "precision": 0.30849220103986136,
        "recall": 0.6568265682656826,
        "f1-score": 0.41981132075471694,
        "support": 271.0
    },
    "accuracy": 0.521865889212828,
    "macro avg": {
        "precision": 0.5513699943252404,
        "recall": 0.5652206719956382,
        "f1-score": 0.5065998752533916,
        "support": 1029.0
    },
    "weighted avg": {
        "precision": 0.6663179878431993,
        "recall": 0.521865889212828,
        "f1-score": 0.5476747304923172,
        "support": 1029.0
    }
}