{
    "DOWN": {
<<<<<<< HEAD
        "precision": 0.7644539614561028,
        "recall": 0.9545454545454546,
        "f1-score": 0.8489892984542211,
        "support": 748.0
    },
    "UP": {
        "precision": 0.575,
        "recall": 0.17293233082706766,
        "f1-score": 0.2658959537572254,
        "support": 266.0
    },
    "accuracy": 0.7495069033530573,
    "macro avg": {
        "precision": 0.6697269807280514,
        "recall": 0.5637388926862611,
        "f1-score": 0.5574426261057233,
        "support": 1014.0
    },
    "weighted avg": {
        "precision": 0.7147549932634762,
        "recall": 0.7495069033530573,
        "f1-score": 0.6960279279518534,
=======
        "precision": 0.7609391675560299,
        "recall": 0.9532085561497327,
        "f1-score": 0.8462908011869437,
        "support": 748.0
    },
    "UP": {
        "precision": 0.5454545454545454,
        "recall": 0.15789473684210525,
        "f1-score": 0.24489795918367344,
        "support": 266.0
    },
    "accuracy": 0.7445759368836292,
    "macro avg": {
        "precision": 0.6531968565052877,
        "recall": 0.5555516464959189,
        "f1-score": 0.5455943801853086,
        "support": 1014.0
    },
    "weighted avg": {
        "precision": 0.7044116434150093,
        "recall": 0.7445759368836292,
        "f1-score": 0.6885289708389457,
>>>>>>> d5f42532be6a9c18a5da3fb21b671ebbe5b6efbf
        "support": 1014.0
    }
}