{
    "DOWN": {
        "precision": 0.8252427184466019,
        "recall": 0.7880794701986755,
        "f1-score": 0.8062330623306233,
        "support": 755.0
    },
    "UP": {
        "precision": 0.47194719471947194,
        "recall": 0.5315985130111525,
        "f1-score": 0.5,
        "support": 269.0
    },
    "accuracy": 0.720703125,
    "macro avg": {
        "precision": 0.6485949565830369,
        "recall": 0.659838991604914,
        "f1-score": 0.6531165311653117,
        "support": 1024.0
    },
    "weighted avg": {
        "precision": 0.7324336404362524,
        "recall": 0.720703125,
        "f1-score": 0.7257870723238482,
        "support": 1024.0
    }
}