{
    "R2": -0.6778231297792183,
    "RMSE": 12.818132421050752,
    "MSE": 164.30451876359243,
    "MAPE": 0.03555142642371172,
    "ACMAPE": 0.6402025892144093
}