{
    "R2": 0.9953227222436593,
    "RMSE": 19.72919932534701,
    "MSE": 389.241306019273,
    "MAPE": 0.12287420230853945,
    "ACMAPE": 0.6356947151290522
}