{
    "DOWN": {
        "precision": 0.7720090293453724,
        "recall": 0.9715909090909091,
        "f1-score": 0.860377358490566,
        "support": 352.0
    },
    "UP": {
        "precision": 0.375,
        "recall": 0.056074766355140186,
        "f1-score": 0.09756097560975609,
        "support": 107.0
    },
    "accuracy": 0.7581699346405228,
    "macro avg": {
        "precision": 0.5735045146726863,
        "recall": 0.5138328377230246,
        "f1-score": 0.478969167050161,
        "support": 459.0
    },
    "weighted avg": {
        "precision": 0.6794600835066908,
        "recall": 0.7581699346405228,
        "f1-score": 0.6825530600847998,
        "support": 459.0
    }
}