{
    "DOWN": {
        "precision": 0.7632629777524245,
        "recall": 0.9605168700646087,
        "f1-score": 0.8506039415130324,
        "support": 1393.0
    },
    "UP": {
        "precision": 0.3125,
        "recall": 0.056818181818181816,
        "f1-score": 0.09615384615384615,
        "support": 440.0
    },
    "accuracy": 0.7435897435897436,
    "macro avg": {
        "precision": 0.5378814888762122,
        "recall": 0.5086675259413953,
        "f1-score": 0.4733788938334393,
        "support": 1833.0
    },
    "weighted avg": {
        "precision": 0.6550601898576799,
        "recall": 0.7435897435897436,
        "f1-score": 0.6695029911813128,
        "support": 1833.0
    }
}