{
    "R2": 0.9821859870965205,
    "RMSE": 38.32611174042729,
    "MSE": 1468.890841139718,
    "MAPE": 0.13891785926247988,
    "ACMAPE": 1.4645504225188055
}