{
    "R2": 0.19567717403317209,
    "RMSE": 14.447775243977459,
    "MSE": 208.73820950048793,
    "MAPE": 0.22740630336580064,
    "ACMAPE": 1.7263169787470645
}