{
    "R2": 0.6508428979207563,
    "RMSE": 9.51910725535967,
    "MSE": 90.6134029390411,
    "MAPE": 0.11801376192413944,
    "ACMAPE": 0.6888198621420043
}