{
<<<<<<< HEAD
    "R2": 0.9821859870965205,
    "RMSE": 38.32611174042729,
    "MSE": 1468.890841139718,
    "MAPE": 0.13891785926247988,
    "ACMAPE": 1.4645504225188055
=======
    "R2": 0.9767406176197009,
    "RMSE": 43.79383415804004,
    "MSE": 1917.899910261915,
    "MAPE": 0.14705092774868347,
    "ACMAPE": 1.490285251181027
>>>>>>> d5f42532be6a9c18a5da3fb21b671ebbe5b6efbf
}