{
    "DOWN": {
        "precision": 0.7737003058103975,
        "recall": 0.9107271418286537,
        "f1-score": 0.8366402116402116,
        "support": 1389.0
    },
    "UP": {
        "precision": 0.35751295336787564,
        "recall": 0.1571753986332574,
        "f1-score": 0.21835443037974686,
        "support": 439.0
    },
    "accuracy": 0.7297592997811816,
    "macro avg": {
        "precision": 0.5656066295891365,
        "recall": 0.5339512702309556,
        "f1-score": 0.5274973210099793,
        "support": 1828.0
    },
    "weighted avg": {
        "precision": 0.673751592614409,
        "recall": 0.7297592997811816,
        "f1-score": 0.6881569195322554,
        "support": 1828.0
    }
}