{
    "DOWN": {
        "precision": 0.7914572864321608,
        "recall": 0.8948863636363636,
        "f1-score": 0.8400000000000001,
        "support": 352.0
    },
    "UP": {
        "precision": 0.39344262295081966,
        "recall": 0.22429906542056074,
        "f1-score": 0.2857142857142857,
        "support": 107.0
    },
    "accuracy": 0.738562091503268,
    "macro avg": {
        "precision": 0.5924499546914903,
        "recall": 0.5595927145284622,
        "f1-score": 0.562857142857143,
        "support": 459.0
    },
    "weighted avg": {
        "precision": 0.6986739117208242,
        "recall": 0.738562091503268,
        "f1-score": 0.7107874260815437,
        "support": 459.0
    }
}