{
    "R2": -18.285526779373086,
    "RMSE": 10.846002455059553,
    "MSE": 117.63576925515787,
    "MAPE": 0.18596777304080572,
    "ACMAPE": 1.5609677730408058
}