{
    "R2": 0.957465030028934,
    "RMSE": 152.95822886238193,
    "MSE": 23396.21977671681,
    "MAPE": 0.01627591656455734,
    "ACMAPE": 1.1827133305948188
}