{
    "R2": 0.8288496532663039,
    "RMSE": 133.2253651728391,
    "MSE": 17748.997925436328,
    "MAPE": 0.011710866685461155,
    "ACMAPE": 1.3818766125418147
}