{
    "DOWN": {
        "precision": 0.8913043478260869,
        "recall": 0.6191275167785235,
        "f1-score": 0.7306930693069307,
        "support": 596.0
    },
    "UP": {
        "precision": 0.22525597269624573,
        "recall": 0.5945945945945946,
        "f1-score": 0.3267326732673267,
        "support": 111.0
    },
    "accuracy": 0.6152758132956153,
    "macro avg": {
        "precision": 0.5582801602611663,
        "recall": 0.606861055686559,
        "f1-score": 0.5287128712871287,
        "support": 707.0
    },
    "weighted avg": {
        "precision": 0.7867338108537922,
        "recall": 0.6152758132956153,
        "f1-score": 0.6672707157561584,
        "support": 707.0
    }
}