{
    "DOWN": {
        "precision": 0.8888888888888888,
        "recall": 0.5808580858085809,
        "f1-score": 0.7025948103792417,
        "support": 606.0
    },
    "UP": {
        "precision": 0.2087227414330218,
        "recall": 0.6036036036036037,
        "f1-score": 0.3101851851851852,
        "support": 111.0
    },
    "accuracy": 0.5843793584379359,
    "macro avg": {
        "precision": 0.5488058151609553,
        "recall": 0.5922308447060922,
        "f1-score": 0.5063899977822134,
        "support": 717.0
    },
    "weighted avg": {
        "precision": 0.7835912007890266,
        "recall": 0.5843793584379359,
        "f1-score": 0.6418452031316262,
        "support": 717.0
    }
}