{
    "R2": 0.8991034741437931,
    "RMSE": 225.9103145569442,
    "MSE": 51035.470223217475,
    "MAPE": 0.049316877237823444,
    "ACMAPE": 0.9939926654591202
}