{
    "DOWN": {
        "precision": 0.574750830564784,
        "recall": 0.6892430278884463,
        "f1-score": 0.6268115942028986,
        "support": 251.0
    },
    "UP": {
        "precision": 0.3709677419354839,
        "recall": 0.26436781609195403,
        "f1-score": 0.3087248322147651,
        "support": 174.0
    },
    "accuracy": 0.5152941176470588,
    "macro avg": {
        "precision": 0.47285928625013396,
        "recall": 0.47680542199020015,
        "f1-score": 0.46776821320883183,
        "support": 425.0
    },
    "weighted avg": {
        "precision": 0.4913196366318471,
        "recall": 0.5152941176470588,
        "f1-score": 0.49658313164775686,
        "support": 425.0
    }
}