{
    "R2": 0.9847465710620773,
    "RMSE": 95.19929532359568,
    "MSE": 9062.905830109185,
    "MAPE": 0.019953396260476965,
    "ACMAPE": 0.9423063374369476
}