{
    "R2": 0.9854283828366837,
    "RMSE": 93.04731990994443,
    "MSE": 8657.80374242354,
    "MAPE": 0.019685712892250202,
    "ACMAPE": 0.8620386540687207
}