{
    "R2": 0.8825394780002503,
    "RMSE": 243.74960314056023,
    "MSE": 59413.86903118061,
    "MAPE": 0.05727960276436416,
    "ACMAPE": 0.9270000072854826
}