{
    "R2": 0.9863463484414375,
    "RMSE": 84.79442606394791,
    "MSE": 7190.094691514329,
    "MAPE": 0.01716910886102976,
    "ACMAPE": 0.7930413737930226
}