{
    "R2": 0.9965273142235743,
    "RMSE": 21.297372362726882,
    "MSE": 453.57806955664284,
    "MAPE": 0.041850382842662084,
    "ACMAPE": 1.3860045801543537
}