{
    "DOWN": {
        "precision": 0.8888888888888888,
        "recall": 0.39965743648301455,
        "f1-score": 0.5513981882630957,
        "support": 3503.0
    },
    "UP": {
        "precision": 0.11564339781328847,
        "recall": 0.6111111111111112,
        "f1-score": 0.19448373408769448,
        "support": 450.0
    },
    "accuracy": 0.423728813559322,
    "macro avg": {
        "precision": 0.5022661433510887,
        "recall": 0.5053842737970629,
        "f1-score": 0.3729409611753951,
        "support": 3953.0
    },
    "weighted avg": {
        "precision": 0.8008644843900222,
        "recall": 0.423728813559322,
        "f1-score": 0.5107679063559541,
        "support": 3953.0
    }
}