{
    "DOWN": {
        "precision": 0.9003795066413662,
        "recall": 0.27160847166571267,
        "f1-score": 0.4173262972735268,
        "support": 3494.0
    },
    "UP": {
        "precision": 0.11907234337140879,
        "recall": 0.7661469933184856,
        "f1-score": 0.20611144397843018,
        "support": 449.0
    },
    "accuracy": 0.3279229013441542,
    "macro avg": {
        "precision": 0.5097259250063875,
        "recall": 0.5188777324920991,
        "f1-score": 0.3117188706259785,
        "support": 3943.0
    },
    "weighted avg": {
        "precision": 0.8114099615467147,
        "recall": 0.3279229013441542,
        "f1-score": 0.3932746946538214,
        "support": 3943.0
    }
}