{
    "DOWN": {
        "precision": 0.7754010695187166,
        "recall": 0.16022099447513813,
        "f1-score": 0.26556776556776557,
        "support": 905.0
    },
    "UP": {
        "precision": 0.12643678160919541,
        "recall": 0.7236842105263158,
        "f1-score": 0.21526418786692758,
        "support": 152.0
    },
    "accuracy": 0.2412488174077578,
    "macro avg": {
        "precision": 0.45091892556395596,
        "recall": 0.441952602500727,
        "f1-score": 0.24041597671734657,
        "support": 1057.0
    },
    "weighted avg": {
        "precision": 0.6820779174257674,
        "recall": 0.2412488174077578,
        "f1-score": 0.25833394928533665,
        "support": 1057.0
    }
}