{
    "R2": 0.18950172557166312,
    "RMSE": 256.1716852916133,
    "MSE": 65623.93234514535,
    "MAPE": 1.726817926790534,
    "ACMAPE": 3.207054613181066
}