{
    "DOWN": {
        "precision": 0.7566320645905421,
        "recall": 0.18365061590145576,
        "f1-score": 0.29556206352782155,
        "support": 3572.0
    },
    "UP": {
        "precision": 0.13162596783799882,
        "recall": 0.6768759571209801,
        "f1-score": 0.22039391672899528,
        "support": 653.0
    },
    "accuracy": 0.25988165680473374,
    "macro avg": {
        "precision": 0.4441290162142705,
        "recall": 0.4302632865112179,
        "f1-score": 0.2579779901284084,
        "support": 4225.0
    },
    "weighted avg": {
        "precision": 0.6600334891634626,
        "recall": 0.25988165680473374,
        "f1-score": 0.28394435941903257,
        "support": 4225.0
    }
}