{
    "DOWN": {
        "precision": 0.8603536110278693,
        "recall": 0.8064606741573034,
        "f1-score": 0.832535885167464,
        "support": 3560.0
    },
    "UP": {
        "precision": 0.21076746849942726,
        "recall": 0.28307692307692306,
        "f1-score": 0.2416283650689429,
        "support": 650.0
    },
    "accuracy": 0.7256532066508313,
    "macro avg": {
        "precision": 0.5355605397636483,
        "recall": 0.5447687986171132,
        "f1-score": 0.5370821251182034,
        "support": 4210.0
    },
    "weighted avg": {
        "precision": 0.7600612137253784,
        "recall": 0.7256532066508313,
        "f1-score": 0.7413031326581911,
        "support": 4210.0
    }
}