{
    "R2": 0.9688291159682255,
    "RMSE": 13.813261276567435,
    "MSE": 190.8061870947174,
    "MAPE": 0.06567232940892216,
    "ACMAPE": 1.4988177634562727
}