{
    "R2": 0.9601975858596454,
    "RMSE": 7.408682217175396,
    "MSE": 54.88857219509093,
    "MAPE": 0.04662258824420447,
    "ACMAPE": 0.782708764186754
}