{
    "DOWN": {
        "precision": 0.8181818181818182,
        "recall": 0.06199460916442048,
        "f1-score": 0.11525612472160357,
        "support": 3339.0
    },
    "UP": {
        "precision": 0.25107604017216645,
        "recall": 0.958029197080292,
        "f1-score": 0.3978779840848807,
        "support": 1096.0
    },
    "accuracy": 0.2834272829763247,
    "macro avg": {
        "precision": 0.5346289291769923,
        "recall": 0.5100119031223562,
        "f1-score": 0.2565670544032421,
        "support": 4435.0
    },
    "weighted avg": {
        "precision": 0.6780357228721049,
        "recall": 0.2834272829763247,
        "f1-score": 0.1850990915450876,
        "support": 4435.0
    }
}