{
    "R2": 0.8631445217270464,
    "RMSE": 28.911447969442808,
    "MSE": 835.8718236897987,
    "MAPE": 0.19195062037600125,
    "ACMAPE": 1.4693409465852252
}