{
    "R2": 0.8042320554584702,
    "RMSE": 16.430737231852394,
    "MSE": 269.96912598218046,
    "MAPE": 0.12197293658548272,
    "ACMAPE": 1.3194594715944594
}