{
    "R2": 0.9788877592128146,
    "RMSE": 11.344188633199712,
    "MSE": 128.69061574561755,
    "MAPE": 0.06825675963760529,
    "ACMAPE": 0.8758886339361461
}