{
    "DOWN": {
        "precision": 0.8131028938906752,
        "recall": 0.6026213881441763,
        "f1-score": 0.6922155688622754,
        "support": 3357.0
    },
    "UP": {
        "precision": 0.3218098627351296,
        "recall": 0.5765027322404371,
        "f1-score": 0.41305057096247955,
        "support": 1098.0
    },
    "accuracy": 0.5961840628507296,
    "macro avg": {
        "precision": 0.5674563783129024,
        "recall": 0.5895620601923067,
        "f1-score": 0.5526330699123775,
        "support": 4455.0
    },
    "weighted avg": {
        "precision": 0.6920165306563792,
        "recall": 0.5961840628507296,
        "f1-score": 0.6234112663495985,
        "support": 4455.0
    }
}