{
    "DOWN": {
        "precision": 0.7199654278305964,
        "recall": 0.248805256869773,
        "f1-score": 0.36981132075471695,
        "support": 3348.0
    },
    "UP": {
        "precision": 0.23509732360097324,
        "recall": 0.7046490428441203,
        "f1-score": 0.3525655644241733,
        "support": 1097.0
    },
    "accuracy": 0.36130483689538806,
    "macro avg": {
        "precision": 0.4775313757157848,
        "recall": 0.47672714985694664,
        "f1-score": 0.36118844258944516,
        "support": 4445.0
    },
    "weighted avg": {
        "precision": 0.6003028158306196,
        "recall": 0.36130483689538806,
        "f1-score": 0.3655551689674039,
        "support": 4445.0
    }
}