{
    "DOWN": {
        "precision": 0.878698224852071,
        "recall": 0.23709419904204365,
        "f1-score": 0.37342833193629504,
        "support": 3758.0
    },
    "UP": {
        "precision": 0.08955223880597014,
        "recall": 0.6962962962962963,
        "f1-score": 0.1586944288126055,
        "support": 405.0
    },
    "accuracy": 0.281767955801105,
    "macro avg": {
        "precision": 0.4841252318290206,
        "recall": 0.46669524766917,
        "f1-score": 0.26606138037445026,
        "support": 4163.0
    },
    "weighted avg": {
        "precision": 0.8019256751646651,
        "recall": 0.281767955801105,
        "f1-score": 0.3525378128959169,
        "support": 4163.0
    }
}