{
    "R2": 0.9896682871207769,
    "RMSE": 29.265944648779218,
    "MSE": 856.495516185409,
    "MAPE": 0.1927679825479324,
    "ACMAPE": 1.6292320709457224
}