{
    "R2": 0.6887429578762859,
    "RMSE": 102.54712097392022,
    "MSE": 10515.912020039828,
    "MAPE": 0.05933679838679532,
    "ACMAPE": 1.1868535769102855
}