{
    "DOWN": {
        "precision": 0.7491638795986622,
        "recall": 0.28940568475452194,
        "f1-score": 0.4175209692451072,
        "support": 774.0
    },
    "UP": {
        "precision": 0.260752688172043,
        "recall": 0.7211895910780669,
        "f1-score": 0.38302073050345503,
        "support": 269.0
    },
    "accuracy": 0.40076701821668265,
    "macro avg": {
        "precision": 0.5049582838853526,
        "recall": 0.5052976379162945,
        "f1-score": 0.4002708498742811,
        "support": 1043.0
    },
    "weighted avg": {
        "precision": 0.6231978100936184,
        "recall": 0.40076701821668265,
        "f1-score": 0.4086230169713733,
        "support": 1043.0
    }
}