{
    "DOWN": {
        "precision": 0.9484941073766914,
        "recall": 0.5771580345285524,
        "f1-score": 0.7176354029062088,
        "support": 3765.0
    },
    "UP": {
        "precision": 0.15409139213602552,
        "recall": 0.7107843137254902,
        "f1-score": 0.2532751091703057,
        "support": 408.0
    },
    "accuracy": 0.5902228612508986,
    "macro avg": {
        "precision": 0.5512927497563584,
        "recall": 0.6439711741270213,
        "f1-score": 0.48545525603825723,
        "support": 4173.0
    },
    "weighted avg": {
        "precision": 0.8708242516809829,
        "recall": 0.5902228612508986,
        "f1-score": 0.6722342526919148,
        "support": 4173.0
    }
}