{
    "DOWN": {
        "precision": 0.5927209705372617,
        "recall": 0.5507246376811594,
        "f1-score": 0.5709515859766277,
        "support": 621.0
    },
    "UP": {
        "precision": 0.40638297872340423,
        "recall": 0.44835680751173707,
        "f1-score": 0.4263392857142857,
        "support": 426.0
    },
    "accuracy": 0.5090735434574976,
    "macro avg": {
        "precision": 0.49955197463033296,
        "recall": 0.4995407225964482,
        "f1-score": 0.4986454358454567,
        "support": 1047.0
    },
    "weighted avg": {
        "precision": 0.5169043664181563,
        "recall": 0.5090735434574976,
        "f1-score": 0.5121121973312048,
        "support": 1047.0
    }
}