{
    "R2": 0.6710875947724153,
    "RMSE": 203.20726075045147,
    "MSE": 41293.19082170197,
    "MAPE": 0.19179187299941328,
    "ACMAPE": 1.001725015310779
}