{
    "DOWN": {
        "precision": 0.7645320197044335,
        "recall": 0.7838383838383839,
        "f1-score": 0.774064837905237,
        "support": 2970.0
    },
    "UP": {
        "precision": 0.4358523725834798,
        "recall": 0.4089035449299258,
        "f1-score": 0.42194810718843045,
        "support": 1213.0
    },
    "accuracy": 0.6751135548649295,
    "macro avg": {
        "precision": 0.6001921961439567,
        "recall": 0.5963709643841548,
        "f1-score": 0.5980064725468337,
        "support": 4183.0
    },
    "weighted avg": {
        "precision": 0.6692204222964209,
        "recall": 0.6751135548649295,
        "f1-score": 0.6719568784599856,
        "support": 4183.0
    }
}