{
    "DOWN": {
        "precision": 0.6925675675675675,
        "recall": 0.4975728155339806,
        "f1-score": 0.57909604519774,
        "support": 824.0
    },
    "UP": {
        "precision": 0.172,
        "recall": 0.3208955223880597,
        "f1-score": 0.22395833333333331,
        "support": 268.0
    },
    "accuracy": 0.4542124542124542,
    "macro avg": {
        "precision": 0.43228378378378374,
        "recall": 0.40923416896102016,
        "f1-score": 0.40152718926553665,
        "support": 1092.0
    },
    "weighted avg": {
        "precision": 0.5648092268092267,
        "recall": 0.4542124542124542,
        "f1-score": 0.491937705655926,
        "support": 1092.0
    }
}