{
    "R2": 0.9781083340004811,
    "RMSE": 85.76921052190824,
    "MSE": 7356.357473551415,
    "MAPE": 0.5833087184662192,
    "ACMAPE": 1.943418886012696
}