{
    "R2": 0.9821448853252358,
    "RMSE": 77.49432996653671,
    "MSE": 6005.371176962471,
    "MAPE": 0.5206865015125689,
    "ACMAPE": 2.115809574896512
}