{
    "R2": 0.9386849523976386,
    "RMSE": 143.49789931852564,
    "MSE": 20591.64710882972,
    "MAPE": 0.30884772373140257,
    "ACMAPE": 1.5151750964961894
}