{
    "DOWN": {
        "precision": 0.8053806525472238,
        "recall": 0.38047593293672255,
        "f1-score": 0.5168044077134986,
        "support": 3698.0
    },
    "UP": {
        "precision": 0.12390057361376673,
        "recall": 0.4879518072289157,
        "f1-score": 0.19762122598353155,
        "support": 664.0
    },
    "accuracy": 0.39683631361760663,
    "macro avg": {
        "precision": 0.46464061308049526,
        "recall": 0.4342138700828191,
        "f1-score": 0.357212816848515,
        "support": 4362.0
    },
    "weighted avg": {
        "precision": 0.7016431989910992,
        "recall": 0.39683631361760663,
        "f1-score": 0.4682171466706975,
        "support": 4362.0
    }
}