{
    "R2": 0.9835124490859953,
    "RMSE": 74.38935952062944,
    "MSE": 5533.776809889462,
    "MAPE": 0.22324060204454596,
    "ACMAPE": 1.4950519141581249
}