{
    "DOWN": {
        "precision": 0.7658536585365854,
        "recall": 0.08521031207598372,
        "f1-score": 0.15335775335775337,
        "support": 3685.0
    },
    "UP": {
        "precision": 0.14376428752857506,
        "recall": 0.8549848942598187,
        "f1-score": 0.24614046531854752,
        "support": 662.0
    },
    "accuracy": 0.20243846330802853,
    "macro avg": {
        "precision": 0.4548089730325802,
        "recall": 0.4700976031679012,
        "f1-score": 0.19974910933815043,
        "support": 4347.0
    },
    "weighted avg": {
        "precision": 0.6711163308146385,
        "recall": 0.20243846330802853,
        "f1-score": 0.16748753373917635,
        "support": 4347.0
    }
}