{
    "R2": -0.9453476518144699,
    "RMSE": 2229.87942671436,
    "MSE": 4972362.257683962,
    "MAPE": 0.27671642388387546,
    "ACMAPE": 0.8316614788289305
}