{
    "R2": 0.01647660650747118,
    "RMSE": 198.97794754806472,
    "MSE": 39592.22361044039,
    "MAPE": 0.11988973515832183,
    "ACMAPE": 0.9328182366274697
}