{
    "R2": 0.9846265739962055,
    "RMSE": 11.353187246105787,
    "MSE": 128.8948606451391,
    "MAPE": 0.19127887765875942,
    "ACMAPE": 1.4149179164032422
}