{
    "R2": 0.8589671854658374,
    "RMSE": 86.9412043997531,
    "MSE": 7558.773022479649,
    "MAPE": 0.131660477409089,
    "ACMAPE": 1.1510751398257797
}