{
    "R2": 0.9309741218623634,
    "RMSE": 12.980143222618933,
    "MSE": 168.4841180797002,
    "MAPE": 0.06870200783477637,
    "ACMAPE": 0.7669679037885337
}