{
    "R2": 0.9934959612922092,
    "RMSE": 18.64558169177319,
    "MSE": 347.65771662458764,
    "MAPE": 0.023178595256145438,
    "ACMAPE": 1.3117574967382728
}