{
    "DOWN": {
        "precision": 0.6603325415676959,
        "recall": 0.972027972027972,
        "f1-score": 0.7864214992927864,
        "support": 572.0
    },
    "UP": {
        "precision": 0.30434782608695654,
        "recall": 0.023890784982935155,
        "f1-score": 0.04430379746835443,
        "support": 293.0
    },
    "accuracy": 0.6508670520231213,
    "macro avg": {
        "precision": 0.48234018382732624,
        "recall": 0.4979593785054536,
        "f1-score": 0.4153626483805704,
        "support": 865.0
    },
    "weighted avg": {
        "precision": 0.5397504356302893,
        "recall": 0.6508670520231213,
        "f1-score": 0.535045214166129,
        "support": 865.0
    }
}