{
    "DOWN": {
        "precision": 0.6585081585081585,
        "recall": 0.9877622377622378,
        "f1-score": 0.7902097902097901,
        "support": 572.0
    },
    "UP": {
        "precision": 0.0,
        "recall": 0.0,
        "f1-score": 0.0,
        "support": 293.0
    },
    "accuracy": 0.653179190751445,
    "macro avg": {
        "precision": 0.32925407925407923,
        "recall": 0.4938811188811189,
        "f1-score": 0.39510489510489505,
        "support": 865.0
    },
    "weighted avg": {
        "precision": 0.4354527938342967,
        "recall": 0.653179190751445,
        "f1-score": 0.522543352601156,
        "support": 865.0
    }
}