{
    "DOWN": {
        "precision": 0.6798316607316284,
        "recall": 0.9005145797598628,
        "f1-score": 0.774764803541782,
        "support": 2332.0
    },
    "UP": {
        "precision": 0.3763440860215054,
        "recall": 0.12400354295837024,
        "f1-score": 0.18654230512991338,
        "support": 1129.0
    },
    "accuracy": 0.6472117885004334,
    "macro avg": {
        "precision": 0.5280878733765668,
        "recall": 0.5122590613591165,
        "f1-score": 0.48065355433584767,
        "support": 3461.0
    },
    "weighted avg": {
        "precision": 0.5808321022665233,
        "recall": 0.6472117885004334,
        "f1-score": 0.5828829194889071,
        "support": 3461.0
    }
}