{
    "R2": 0.9018538614986344,
    "RMSE": 118.49310486362566,
    "MSE": 14040.615900222187,
    "MAPE": 0.30399278860842116,
    "ACMAPE": 1.6859012027748999
}