{
    "R2": -0.008187495096344755,
    "RMSE": 87.67926460129922,
    "MSE": 7687.653441024642,
    "MAPE": 0.6652606206187729,
    "ACMAPE": 2.0136360718823108
}