{
    "DOWN": {
        "precision": 0.7131522000480884,
        "recall": 0.943684377982819,
        "f1-score": 0.8123801698164888,
        "support": 3143.0
    },
    "UP": {
        "precision": 0.3420074349442379,
        "recall": 0.0715953307392996,
        "f1-score": 0.11840411840411841,
        "support": 1285.0
    },
    "accuracy": 0.6906052393857272,
    "macro avg": {
        "precision": 0.5275798174961632,
        "recall": 0.5076398543610593,
        "f1-score": 0.4653921441103036,
        "support": 4428.0
    },
    "weighted avg": {
        "precision": 0.6054464585940578,
        "recall": 0.6906052393857272,
        "f1-score": 0.6109891973537751,
        "support": 4428.0
    }
}