{
    "DOWN": {
        "precision": 0.6343042071197411,
        "recall": 0.072646404744255,
        "f1-score": 0.13036248752909876,
        "support": 2698.0
    },
    "UP": {
        "precision": 0.20012787723785166,
        "recall": 0.8470906630581867,
        "f1-score": 0.3237651926558055,
        "support": 739.0
    },
    "accuracy": 0.23916205993599068,
    "macro avg": {
        "precision": 0.4172160421787964,
        "recall": 0.45986853390122084,
        "f1-score": 0.22706384009245212,
        "support": 3437.0
    },
    "weighted avg": {
        "precision": 0.5409506116054216,
        "recall": 0.23916205993599068,
        "f1-score": 0.17194660131688935,
        "support": 3437.0
    }
}