{
    "R2": 0.9422427506500066,
    "RMSE": 1219.0294880625793,
    "MSE": 1486032.8927661143,
    "MAPE": 2.411591856156282,
    "ACMAPE": 3.8935265880910137
}