{
    "DOWN": {
        "precision": 0.5882352941176471,
        "recall": 0.08333333333333333,
        "f1-score": 0.145985401459854,
        "support": 480.0
    },
    "UP": {
        "precision": 0.4444444444444444,
        "recall": 0.9263157894736842,
        "f1-score": 0.6006825938566552,
        "support": 380.0
    },
    "accuracy": 0.4558139534883721,
    "macro avg": {
        "precision": 0.5163398692810457,
        "recall": 0.5048245614035087,
        "f1-score": 0.3733339976582546,
        "support": 860.0
    },
    "weighted avg": {
        "precision": 0.5246998024015809,
        "recall": 0.4558139534883721,
        "f1-score": 0.34689811437937085,
        "support": 860.0
    }
}