{
    "DOWN": {
        "precision": 0.6859903381642513,
        "recall": 0.05253422123566408,
        "f1-score": 0.09759450171821306,
        "support": 2703.0
    },
    "UP": {
        "precision": 0.20834621329211747,
        "recall": 0.912043301759134,
        "f1-score": 0.3392048314041268,
        "support": 739.0
    },
    "accuracy": 0.23707147007553747,
    "macro avg": {
        "precision": 0.44716827572818435,
        "recall": 0.482288761497399,
        "f1-score": 0.21839966656116994,
        "support": 3442.0
    },
    "weighted avg": {
        "precision": 0.5834397837538774,
        "recall": 0.23707147007553747,
        "f1-score": 0.1494684220081289,
        "support": 3442.0
    }
}