{
    "R2": 0.9900194072948181,
    "RMSE": 6.093105005566669,
    "MSE": 37.12592860886161,
    "MAPE": 0.032058428348387985,
    "ACMAPE": 1.1508238052215707
}