{
    "DOWN": {
        "precision": 0.8105117565698479,
        "recall": 0.34480729626360695,
        "f1-score": 0.48379772961816303,
        "support": 3399.0
    },
    "UP": {
        "precision": 0.26380165289256197,
        "recall": 0.7444029850746269,
        "f1-score": 0.3895533317061264,
        "support": 1072.0
    },
    "accuracy": 0.4406173115634086,
    "macro avg": {
        "precision": 0.5371567047312049,
        "recall": 0.5446051406691169,
        "f1-score": 0.4366755306621447,
        "support": 4471.0
    },
    "weighted avg": {
        "precision": 0.6794285020088883,
        "recall": 0.4406173115634086,
        "f1-score": 0.4612009963232171,
        "support": 4471.0
    }
}