{
    "R2": 0.9821072225494553,
    "RMSE": 8.085346381193194,
    "MSE": 65.37282610387388,
    "MAPE": 0.07411179953823735,
    "ACMAPE": 1.3610136193540092
}