{
    "R2": 0.7574693751230426,
    "RMSE": 29.869738952249115,
    "MSE": 892.2013050755081,
    "MAPE": 0.27609942544618965,
    "ACMAPE": 1.5439765830341745
}