{
    "R2": 0.9867570004177467,
    "RMSE": 6.998335995597647,
    "MSE": 48.97670670727771,
    "MAPE": 0.05472403455580104,
    "ACMAPE": 1.391490716150069
}