{
    "DOWN": {
        "precision": 0.7151832460732984,
        "recall": 0.20111896348645467,
        "f1-score": 0.3139508159043898,
        "support": 3396.0
    },
    "UP": {
        "precision": 0.22728567359726573,
        "recall": 0.7457943925233644,
        "f1-score": 0.3483955468238376,
        "support": 1070.0
    },
    "accuracy": 0.3316166592028661,
    "macro avg": {
        "precision": 0.47123445983528206,
        "recall": 0.47345667800490954,
        "f1-score": 0.33117318136411367,
        "support": 4466.0
    },
    "weighted avg": {
        "precision": 0.5982888433528876,
        "recall": 0.3316166592028661,
        "f1-score": 0.3222033600342172,
        "support": 4466.0
    }
}