{
    "DOWN": {
        "precision": 0.6805644644002565,
        "recall": 0.3128870539663816,
        "f1-score": 0.42868686868686867,
        "support": 3391.0
    },
    "UP": {
        "precision": 0.19710544452102,
        "recall": 0.5345794392523364,
        "f1-score": 0.2880161127895267,
        "support": 1070.0
    },
    "accuracy": 0.3660614212060076,
    "macro avg": {
        "precision": 0.43883495446063825,
        "recall": 0.423733246609359,
        "f1-score": 0.3583514907381977,
        "support": 4461.0
    },
    "weighted avg": {
        "precision": 0.5646036593630938,
        "recall": 0.3660614212060076,
        "f1-score": 0.3949460686845921,
        "support": 4461.0
    }
}