{
    "R2": 0.8012322421737295,
    "RMSE": 5.858401280886167,
    "MSE": 34.32086556788869,
    "MAPE": 0.05843721232784654,
    "ACMAPE": 1.4215856917553957
}