{
    "R2": 0.4559929394147513,
    "RMSE": 7.299658832061695,
    "MSE": 53.28501906449631,
    "MAPE": 0.025172340720062598,
    "ACMAPE": 1.015648531196253
}