{
    "R2": 0.27377002334300404,
    "RMSE": 8.434073477061647,
    "MSE": 71.13359541647473,
    "MAPE": 0.03310333778711506,
    "ACMAPE": 1.1569128615966389
}