{
    "DOWN": {
        "precision": 0.8305084745762712,
        "recall": 0.17314487632508835,
        "f1-score": 0.2865497076023392,
        "support": 283.0
    },
    "UP": {
        "precision": 0.3518005540166205,
        "recall": 0.927007299270073,
        "f1-score": 0.5100401606425703,
        "support": 137.0
    },
    "accuracy": 0.41904761904761906,
    "macro avg": {
        "precision": 0.5911545142964458,
        "recall": 0.5500760877975807,
        "f1-score": 0.39829493412245476,
        "support": 420.0
    },
    "weighted avg": {
        "precision": 0.6743585100127661,
        "recall": 0.41904761904761906,
        "f1-score": 0.3594501649035574,
        "support": 420.0
    }
}