{
    "DOWN": {
        "precision": 0.7536842105263157,
        "recall": 0.3207885304659498,
        "f1-score": 0.45003142677561286,
        "support": 1116.0
    },
    "UP": {
        "precision": 0.36833333333333335,
        "recall": 0.7906976744186046,
        "f1-score": 0.5025582717453099,
        "support": 559.0
    },
    "accuracy": 0.47761194029850745,
    "macro avg": {
        "precision": 0.5610087719298246,
        "recall": 0.5557431024422772,
        "f1-score": 0.4762948492604614,
        "support": 1675.0
    },
    "weighted avg": {
        "precision": 0.625080544645195,
        "recall": 0.47761194029850745,
        "f1-score": 0.46756128130579827,
        "support": 1675.0
    }
}