{
    "DOWN": {
        "precision": 0.684863523573201,
        "recall": 0.9752650176678446,
        "f1-score": 0.8046647230320699,
        "support": 283.0
    },
    "UP": {
        "precision": 0.5882352941176471,
        "recall": 0.072992700729927,
        "f1-score": 0.12987012987012986,
        "support": 137.0
    },
    "accuracy": 0.680952380952381,
    "macro avg": {
        "precision": 0.636549408845424,
        "recall": 0.5241288591988857,
        "f1-score": 0.46726742645109987,
        "support": 420.0
    },
    "weighted avg": {
        "precision": 0.6533443153936513,
        "recall": 0.680952380952381,
        "f1-score": 0.5845531533578181,
        "support": 420.0
    }
}