{
    "DOWN": {
        "precision": 0.80622009569378,
        "recall": 0.3049773755656109,
        "f1-score": 0.44254760341431393,
        "support": 1105.0
    },
    "UP": {
        "precision": 0.38164251207729466,
        "recall": 0.8540540540540541,
        "f1-score": 0.5275459098497495,
        "support": 555.0
    },
    "accuracy": 0.48855421686746986,
    "macro avg": {
        "precision": 0.5939313038855373,
        "recall": 0.5795157148098324,
        "f1-score": 0.4850467566320317,
        "support": 1660.0
    },
    "weighted avg": {
        "precision": 0.6642679517738105,
        "recall": 0.48855421686746986,
        "f1-score": 0.4709657118912216,
        "support": 1660.0
    }
}