{
    "R2": 0.9288447516691438,
    "RMSE": 9.900274058522951,
    "MSE": 98.0154264338625,
    "MAPE": 0.04584031979512113,
    "ACMAPE": 1.0906164391981061
}