{
    "R2": 0.9132380832817666,
    "RMSE": 10.3673495034001,
    "MSE": 107.4819357256503,
    "MAPE": 0.06715169021332901,
    "ACMAPE": 1.0900432564783893
}