{
    "DOWN": {
        "precision": 0.5770862800565771,
        "recall": 0.6699507389162561,
        "f1-score": 0.6200607902735562,
        "support": 609.0
    },
    "UP": {
        "precision": 0.4017857142857143,
        "recall": 0.31105990783410137,
        "f1-score": 0.35064935064935066,
        "support": 434.0
    },
    "accuracy": 0.5206136145733461,
    "macro avg": {
        "precision": 0.4894359971711457,
        "recall": 0.4905053233751787,
        "f1-score": 0.48535507046145343,
        "support": 1043.0
    },
    "weighted avg": {
        "precision": 0.5041424204740704,
        "recall": 0.5206136145733461,
        "f1-score": 0.5079567013024102,
        "support": 1043.0
    }
}