{
    "R2": -0.3042546170652194,
    "RMSE": 201.12246617811175,
    "MSE": 40450.24640156571,
    "MAPE": 0.13747616386326447,
    "ACMAPE": 1.0962489347165723
}