{
    "DOWN": {
        "precision": 0.6183844011142061,
        "recall": 0.3645320197044335,
        "f1-score": 0.4586776859504132,
        "support": 609.0
    },
    "UP": {
        "precision": 0.4342105263157895,
        "recall": 0.684331797235023,
        "f1-score": 0.5313059033989267,
        "support": 434.0
    },
    "accuracy": 0.49760306807286675,
    "macro avg": {
        "precision": 0.5262974637149977,
        "recall": 0.5244319084697282,
        "f1-score": 0.4949917946746699,
        "support": 1043.0
    },
    "weighted avg": {
        "precision": 0.5417482921376838,
        "recall": 0.49760306807286675,
        "f1-score": 0.48889882341221075,
        "support": 1043.0
    }
}