{
    "DOWN": {
        "precision": 0.5848064978499761,
        "recall": 0.4836033188463058,
        "f1-score": 0.5294117647058824,
        "support": 2531.0
    },
    "UP": {
        "precision": 0.3682938617689705,
        "recall": 0.46719803801348864,
        "f1-score": 0.41189189189189185,
        "support": 1631.0
    },
    "accuracy": 0.4771744353676117,
    "macro avg": {
        "precision": 0.4765501798094733,
        "recall": 0.4754006784298972,
        "f1-score": 0.4706518282988871,
        "support": 4162.0
    },
    "weighted avg": {
        "precision": 0.4999597632396637,
        "recall": 0.4771744353676117,
        "f1-score": 0.48335820570549354,
        "support": 4162.0
    }
}