{
    "R2": 0.963081738203021,
    "RMSE": 25.319151081240648,
    "MSE": 641.0594114746895,
    "MAPE": 0.18600269717890067,
    "ACMAPE": 1.3497295176221389
}