{
    "R2": 0.8770202487730349,
    "RMSE": 46.21037955498458,
    "MSE": 2135.3991786157367,
    "MAPE": 0.18695879596824272,
    "ACMAPE": 1.1402002687489068
}