{
    "DOWN": {
        "precision": 0.6757230499561788,
        "recall": 0.25924680564895763,
        "f1-score": 0.374726609963548,
        "support": 2974.0
    },
    "UP": {
        "precision": 0.32855836635172203,
        "recall": 0.744475138121547,
        "f1-score": 0.45591034045252693,
        "support": 1448.0
    },
    "accuracy": 0.4181365897783808,
    "macro avg": {
        "precision": 0.5021407081539504,
        "recall": 0.5018609718852522,
        "f1-score": 0.41531847520803744,
        "support": 4422.0
    },
    "weighted avg": {
        "precision": 0.5620427103226977,
        "recall": 0.4181365897783808,
        "f1-score": 0.40131051809291063,
        "support": 4422.0
    }
}