{
    "R2": 0.9888971877576485,
    "RMSE": 37.686772252227755,
    "MSE": 1420.292802791284,
    "MAPE": 0.049130802128911126,
    "ACMAPE": 1.2830964751189744
}