{
    "DOWN": {
        "precision": 0.6282828282828283,
        "recall": 0.45007235890014474,
        "f1-score": 0.524451939291737,
        "support": 691.0
    },
    "UP": {
        "precision": 0.3790849673202614,
        "recall": 0.5576923076923077,
        "f1-score": 0.45136186770428016,
        "support": 416.0
    },
    "accuracy": 0.4905149051490515,
    "macro avg": {
        "precision": 0.5036838978015449,
        "recall": 0.5038823332962262,
        "f1-score": 0.4879069034980086,
        "support": 1107.0
    },
    "weighted avg": {
        "precision": 0.5346366583095421,
        "recall": 0.4905149051490515,
        "f1-score": 0.4969853902579682,
        "support": 1107.0
    }
}