{
    "DOWN": {
        "precision": 0.6137566137566137,
        "recall": 0.21561338289962825,
        "f1-score": 0.3191196698762036,
        "support": 538.0
    },
    "UP": {
        "precision": 0.3457364341085271,
        "recall": 0.7533783783783784,
        "f1-score": 0.4739638682252923,
        "support": 296.0
    },
    "accuracy": 0.4064748201438849,
    "macro avg": {
        "precision": 0.47974652393257045,
        "recall": 0.48449588063900334,
        "f1-score": 0.39654176905074795,
        "support": 834.0
    },
    "weighted avg": {
        "precision": 0.5186319456800745,
        "recall": 0.4064748201438849,
        "f1-score": 0.37407636377468106,
        "support": 834.0
    }
}