{
    "DOWN": {
        "precision": 0.5194805194805194,
        "recall": 0.18604651162790697,
        "f1-score": 0.273972602739726,
        "support": 215.0
    },
    "UP": {
        "precision": 0.37722419928825623,
        "recall": 0.7412587412587412,
        "f1-score": 0.5000000000000001,
        "support": 143.0
    },
    "accuracy": 0.40782122905027934,
    "macro avg": {
        "precision": 0.44835235938438783,
        "recall": 0.4636526264433241,
        "f1-score": 0.38698630136986306,
        "support": 358.0
    },
    "weighted avg": {
        "precision": 0.4626574642081908,
        "recall": 0.40782122905027934,
        "f1-score": 0.3642572893548634,
        "support": 358.0
    }
}