{
    "DOWN": {
        "precision": 0.75,
        "recall": 0.10344827586206896,
        "f1-score": 0.18181818181818182,
        "support": 58.0
    },
    "UP": {
        "precision": 0.38095238095238093,
        "recall": 0.9411764705882353,
        "f1-score": 0.5423728813559321,
        "support": 34.0
    },
    "accuracy": 0.41304347826086957,
    "macro avg": {
        "precision": 0.5654761904761905,
        "recall": 0.5223123732251521,
        "f1-score": 0.362095531587057,
        "support": 92.0
    },
    "weighted avg": {
        "precision": 0.6136128364389234,
        "recall": 0.41304347826086957,
        "f1-score": 0.3150666577343069,
        "support": 92.0
    }
}