{
    "R2": 0.9279632506659552,
    "RMSE": 36.570594923010525,
    "MSE": 1337.4084130229232,
    "MAPE": 0.03149532130400659,
    "ACMAPE": 0.8974239805905995
}