{
    "R2": 0.5524464777273996,
    "RMSE": 91.1543632324646,
    "MSE": 8309.117936316095,
    "MAPE": 0.12412364082287769,
    "ACMAPE": 1.359055990146371
}