{
    "DOWN": {
        "precision": 0.6213592233009708,
        "recall": 0.3779527559055118,
        "f1-score": 0.4700122399020808,
        "support": 508.0
    },
    "UP": {
        "precision": 0.373015873015873,
        "recall": 0.6163934426229508,
        "f1-score": 0.4647713226205192,
        "support": 305.0
    },
    "accuracy": 0.46740467404674046,
    "macro avg": {
        "precision": 0.4971875481584219,
        "recall": 0.4971730992642313,
        "f1-score": 0.4673917812613,
        "support": 813.0
    },
    "weighted avg": {
        "precision": 0.5281922837721211,
        "recall": 0.46740467404674046,
        "f1-score": 0.4680460901224051,
        "support": 813.0
    }
}