{
    "DOWN": {
        "precision": 0.7142857142857143,
        "recall": 0.01968503937007874,
        "f1-score": 0.03831417624521073,
        "support": 508.0
    },
    "UP": {
        "precision": 0.376720901126408,
        "recall": 0.9868852459016394,
        "f1-score": 0.5452898550724637,
        "support": 305.0
    },
    "accuracy": 0.38253382533825336,
    "macro avg": {
        "precision": 0.5455033077060611,
        "recall": 0.5032851426358591,
        "f1-score": 0.29180201565883723,
        "support": 813.0
    },
    "weighted avg": {
        "precision": 0.5876470082419402,
        "recall": 0.38253382533825336,
        "f1-score": 0.2285080040955332,
        "support": 813.0
    }
}