{
    "DOWN": {
        "precision": 0.6387900355871886,
        "recall": 0.7066929133858267,
        "f1-score": 0.6710280373831775,
        "support": 508.0
    },
    "UP": {
        "precision": 0.4063745019920319,
        "recall": 0.3344262295081967,
        "f1-score": 0.36690647482014394,
        "support": 305.0
    },
    "accuracy": 0.5670356703567035,
    "macro avg": {
        "precision": 0.5225822687896102,
        "recall": 0.5205595714470117,
        "f1-score": 0.5189672561016607,
        "support": 813.0
    },
    "weighted avg": {
        "precision": 0.5515984762433721,
        "recall": 0.5670356703567035,
        "f1-score": 0.5569356922642043,
        "support": 813.0
    }
}