{
    "R2": 0.9849043063600326,
    "RMSE": 6.007036465634843,
    "MSE": 36.08448709946675,
    "MAPE": 0.010991324839479276,
    "ACMAPE": 0.2645936303149836
}