{
    "DOWN": {
        "precision": 0.9301310043668122,
        "recall": 0.05890486725663717,
        "f1-score": 0.11079323797139143,
        "support": 3616.0
    },
    "UP": {
        "precision": 0.13365580448065173,
        "recall": 0.9704251386321626,
        "f1-score": 0.23495189080331175,
        "support": 541.0
    },
    "accuracy": 0.17753187394755834,
    "macro avg": {
        "precision": 0.531893404423732,
        "recall": 0.5146650029443999,
        "f1-score": 0.1728725643873516,
        "support": 4157.0
    },
    "weighted avg": {
        "precision": 0.8264761852332031,
        "recall": 0.17753187394755834,
        "f1-score": 0.12695148458723673,
        "support": 4157.0
    }
}