{
    "DOWN": {
        "precision": 0.5903614457831325,
        "recall": 0.157725321888412,
        "f1-score": 0.2489415749364945,
        "support": 932.0
    },
    "UP": {
        "precision": 0.008838383838383838,
        "recall": 0.06422018348623854,
        "f1-score": 0.01553829078801332,
        "support": 109.0
    },
    "accuracy": 0.14793467819404418,
    "macro avg": {
        "precision": 0.2995999148107582,
        "recall": 0.11097275268732527,
        "f1-score": 0.1322399328622539,
        "support": 1041.0
    },
    "weighted avg": {
        "precision": 0.5294719032740282,
        "recall": 0.14793467819404418,
        "f1-score": 0.22450261434842103,
        "support": 1041.0
    }
}