{
    "DOWN": {
        "precision": 0.9629629629629629,
        "recall": 0.8927038626609443,
        "f1-score": 0.9265033407572383,
        "support": 932.0
    },
    "UP": {
        "precision": 0.4350282485875706,
        "recall": 0.7064220183486238,
        "f1-score": 0.5384615384615385,
        "support": 109.0
    },
    "accuracy": 0.8731988472622478,
    "macro avg": {
        "precision": 0.6989956057752668,
        "recall": 0.799562940504784,
        "f1-score": 0.7324824396093884,
        "support": 1041.0
    },
    "weighted avg": {
        "precision": 0.907684496232014,
        "recall": 0.8731988472622478,
        "f1-score": 0.8858726429183995,
        "support": 1041.0
    }
}