{
    "R2": 0.9766587796394931,
    "RMSE": 3.036209411061103,
    "MSE": 9.21856758781601,
    "MAPE": 0.03490612193780734,
    "ACMAPE": 1.6798423740426907
}