{
    "DOWN": {
        "precision": 0.928035043804756,
        "recall": 0.8179812465526751,
        "f1-score": 0.869539724420991,
        "support": 3626.0
    },
    "UP": {
        "precision": 0.32028836251287335,
        "recall": 0.5748613678373382,
        "f1-score": 0.41137566137566134,
        "support": 541.0
    },
    "accuracy": 0.7864170866330693,
    "macro avg": {
        "precision": 0.6241617031588147,
        "recall": 0.6964213071950067,
        "f1-score": 0.6404576928983262,
        "support": 4167.0
    },
    "weighted avg": {
        "precision": 0.8491315269871634,
        "recall": 0.7864170866330693,
        "f1-score": 0.8100564611362483,
        "support": 4167.0
    }
}