{
    "R2": 0.9420377359190389,
    "RMSE": 145.72407259053998,
    "MSE": 21235.505332372966,
    "MAPE": 0.03204345279118892,
    "ACMAPE": 0.9465733673211035
}