{
    "DOWN": {
        "precision": 0.572139303482587,
        "recall": 0.8984375,
        "f1-score": 0.6990881458966566,
        "support": 128.0
    },
    "UP": {
        "precision": 0.6060606060606061,
        "recall": 0.18867924528301888,
        "f1-score": 0.28776978417266186,
        "support": 106.0
    },
    "accuracy": 0.5769230769230769,
    "macro avg": {
        "precision": 0.5890999547715965,
        "recall": 0.5435583726415094,
        "f1-score": 0.4934289650346592,
        "support": 234.0
    },
    "weighted avg": {
        "precision": 0.5875053636247666,
        "recall": 0.5769230769230769,
        "f1-score": 0.5127644435772402,
        "support": 234.0
    }
}