{
    "DOWN": {
        "precision": 0.5769230769230769,
        "recall": 0.1171875,
        "f1-score": 0.19480519480519481,
        "support": 128.0
    },
    "UP": {
        "precision": 0.4567307692307692,
        "recall": 0.8962264150943396,
        "f1-score": 0.6050955414012739,
        "support": 106.0
    },
    "accuracy": 0.4700854700854701,
    "macro avg": {
        "precision": 0.516826923076923,
        "recall": 0.5067069575471699,
        "f1-score": 0.39995036810323437,
        "support": 234.0
    },
    "weighted avg": {
        "precision": 0.5224769888231426,
        "recall": 0.4700854700854701,
        "f1-score": 0.3806632150581195,
        "support": 234.0
    }
}