{
    "DOWN": {
        "precision": 0.6772486772486772,
        "recall": 0.20915032679738563,
        "f1-score": 0.3196004993757803,
        "support": 612.0
    },
    "UP": {
        "precision": 0.34858681022880217,
        "recall": 0.809375,
        "f1-score": 0.4873000940733772,
        "support": 320.0
    },
    "accuracy": 0.41523605150214593,
    "macro avg": {
        "precision": 0.5129177437387397,
        "recall": 0.5092626633986927,
        "f1-score": 0.40345029672457877,
        "support": 932.0
    },
    "weighted avg": {
        "precision": 0.5644034010186771,
        "recall": 0.41523605150214593,
        "f1-score": 0.3771797593577878,
        "support": 932.0
    }
}