{
    "DOWN": {
        "precision": 0.7651006711409396,
        "recall": 0.5493975903614458,
        "f1-score": 0.6395511921458625,
        "support": 830.0
    },
    "UP": {
        "precision": 0.30353817504655495,
        "recall": 0.5379537953795379,
        "f1-score": 0.3880952380952381,
        "support": 303.0
    },
    "accuracy": 0.5463371579876434,
    "macro avg": {
        "precision": 0.5343194230937472,
        "recall": 0.5436756928704918,
        "f1-score": 0.5138232151205503,
        "support": 1133.0
    },
    "weighted avg": {
        "precision": 0.641664275451091,
        "recall": 0.5463371579876434,
        "f1-score": 0.5723039246460044,
        "support": 1133.0
    }
}