{
    "DOWN": {
        "precision": 0.8526315789473684,
        "recall": 0.28997613365155134,
        "f1-score": 0.4327693677649154,
        "support": 838.0
    },
    "UP": {
        "precision": 0.30652680652680653,
        "recall": 0.8622950819672132,
        "f1-score": 0.45227858985382635,
        "support": 305.0
    },
    "accuracy": 0.4426946631671041,
    "macro avg": {
        "precision": 0.5795791927370875,
        "recall": 0.5761356078093822,
        "f1-score": 0.4425239788093709,
        "support": 1143.0
    },
    "weighted avg": {
        "precision": 0.7069080832445939,
        "recall": 0.4426946631671041,
        "f1-score": 0.43797524067577964,
        "support": 1143.0
    }
}