{
    "DOWN": {
        "precision": 0.6410256410256411,
        "recall": 0.42134831460674155,
        "f1-score": 0.5084745762711864,
        "support": 178.0
    },
    "UP": {
        "precision": 0.39766081871345027,
        "recall": 0.6181818181818182,
        "f1-score": 0.4839857651245551,
        "support": 110.0
    },
    "accuracy": 0.4965277777777778,
    "macro avg": {
        "precision": 0.5193432298695457,
        "recall": 0.5197650663942799,
        "f1-score": 0.4962301706978708,
        "support": 288.0
    },
    "weighted avg": {
        "precision": 0.5480737991702904,
        "recall": 0.4965277777777778,
        "f1-score": 0.4991212109026814,
        "support": 288.0
    }
}