{
    "DOWN": {
        "precision": 0.8050682261208577,
        "recall": 0.48760330578512395,
        "f1-score": 0.6073529411764707,
        "support": 847.0
    },
    "UP": {
        "precision": 0.321875,
        "recall": 0.673202614379085,
        "f1-score": 0.4355179704016914,
        "support": 306.0
    },
    "accuracy": 0.5368603642671292,
    "macro avg": {
        "precision": 0.5634716130604289,
        "recall": 0.5804029600821045,
        "f1-score": 0.521435455789081,
        "support": 1153.0
    },
    "weighted avg": {
        "precision": 0.6768313421720438,
        "recall": 0.5368603642671292,
        "f1-score": 0.5617488639370236,
        "support": 1153.0
    }
}