{
    "R2": 0.9681720011495143,
    "RMSE": 42.07610193323005,
    "MSE": 1770.3983538955654,
    "MAPE": 0.017205643137396403,
    "ACMAPE": 1.1318163168031883
}