{
    "R2": 0.744831001918203,
    "RMSE": 161.3057134137033,
    "MSE": 26019.533179903785,
    "MAPE": 0.04556767189765578,
    "ACMAPE": 1.0664010052309894
}