{
    "DOWN": {
        "precision": 0.5848214285714286,
        "recall": 0.9849624060150376,
        "f1-score": 0.7338935574229691,
        "support": 532.0
    },
    "UP": {
        "precision": 0.42857142857142855,
        "recall": 0.015873015873015872,
        "f1-score": 0.03061224489795918,
        "support": 378.0
    },
    "accuracy": 0.5824175824175825,
    "macro avg": {
        "precision": 0.5066964285714286,
        "recall": 0.5004177109440268,
        "f1-score": 0.3822529011604642,
        "support": 910.0
    },
    "weighted avg": {
        "precision": 0.5199175824175825,
        "recall": 0.5824175824175825,
        "f1-score": 0.44176131991258033,
        "support": 910.0
    }
}