{
    "DOWN": {
        "precision": 0.6809399477806789,
        "recall": 0.5662179765523231,
        "f1-score": 0.6183025130393551,
        "support": 2303.0
    },
    "UP": {
        "precision": 0.4205336426914153,
        "recall": 0.5426646706586826,
        "f1-score": 0.47385620915032683,
        "support": 1336.0
    },
    "accuracy": 0.5575707611981313,
    "macro avg": {
        "precision": 0.5507367952360471,
        "recall": 0.5544413236055028,
        "f1-score": 0.546079361094841,
        "support": 3639.0
    },
    "weighted avg": {
        "precision": 0.5853359841645052,
        "recall": 0.5575707611981313,
        "f1-score": 0.5652713885557767,
        "support": 3639.0
    }
}