{
    "R2": 0.8393437790585064,
    "RMSE": 94.16123852769451,
    "MSE": 8866.33884106938,
    "MAPE": 0.06762204136500938,
    "ACMAPE": 0.9137758875188556
}