{
    "DOWN": {
<<<<<<< HEAD
        "precision": 0.5963302752293578,
        "recall": 0.28888888888888886,
        "f1-score": 0.3892215568862275,
        "support": 225.0
    },
    "UP": {
        "precision": 0.3469387755102041,
        "recall": 0.6589147286821705,
        "f1-score": 0.45454545454545453,
        "support": 129.0
    },
    "accuracy": 0.423728813559322,
    "macro avg": {
        "precision": 0.4716345253697809,
        "recall": 0.4739018087855297,
        "f1-score": 0.421883505715841,
        "support": 354.0
    },
    "weighted avg": {
        "precision": 0.5054503219418696,
        "recall": 0.423728813559322,
        "f1-score": 0.41302602806713223,
=======
        "precision": 0.6166666666666667,
        "recall": 0.3288888888888889,
        "f1-score": 0.42898550724637685,
        "support": 225.0
    },
    "UP": {
        "precision": 0.3547008547008547,
        "recall": 0.6434108527131783,
        "f1-score": 0.4573002754820936,
        "support": 129.0
    },
    "accuracy": 0.4435028248587571,
    "macro avg": {
        "precision": 0.48568376068376073,
        "recall": 0.4861498708010336,
        "f1-score": 0.44314289136423524,
        "support": 354.0
    },
    "weighted avg": {
        "precision": 0.5212045487469216,
        "recall": 0.4435028248587571,
        "f1-score": 0.4393036007560025,
>>>>>>> d5f42532be6a9c18a5da3fb21b671ebbe5b6efbf
        "support": 354.0
    }
}