{
    "R2": 0.9810580392862835,
    "RMSE": 17.395759628868195,
    "MSE": 302.6124530653605,
    "MAPE": 0.0639372382188804,
    "ACMAPE": 1.2164796111002363
}