{
    "DOWN": {
        "precision": 0.6960985626283368,
        "recall": 0.6869300911854104,
        "f1-score": 0.6914839367669557,
        "support": 987.0
    },
    "UP": {
        "precision": 0.28306264501160094,
        "recall": 0.291866028708134,
        "f1-score": 0.287396937573616,
        "support": 418.0
    },
    "accuracy": 0.5693950177935944,
    "macro avg": {
        "precision": 0.4895806038199689,
        "recall": 0.4893980599467722,
        "f1-score": 0.48944043717028585,
        "support": 1405.0
    },
    "weighted avg": {
        "precision": 0.5732167024405819,
        "recall": 0.5693950177935944,
        "f1-score": 0.5712644594268732,
        "support": 1405.0
    }
}