{
<<<<<<< HEAD
    "R2": 0.9810580392862835,
    "RMSE": 17.395759628868195,
    "MSE": 302.6124530653605,
    "MAPE": 0.0639372382188804,
    "ACMAPE": 1.2164796111002363
=======
    "R2": 0.9814576763203436,
    "RMSE": 17.21127371140372,
    "MSE": 296.22794276885674,
    "MAPE": 0.06150373998849279,
    "ACMAPE": 1.1744980902709785
>>>>>>> d5f42532be6a9c18a5da3fb21b671ebbe5b6efbf
}