{
    "DOWN": {
        "precision": 0.5963302752293578,
        "recall": 0.28888888888888886,
        "f1-score": 0.3892215568862275,
        "support": 225.0
    },
    "UP": {
        "precision": 0.3469387755102041,
        "recall": 0.6589147286821705,
        "f1-score": 0.45454545454545453,
        "support": 129.0
    },
    "accuracy": 0.423728813559322,
    "macro avg": {
        "precision": 0.4716345253697809,
        "recall": 0.4739018087855297,
        "f1-score": 0.421883505715841,
        "support": 354.0
    },
    "weighted avg": {
        "precision": 0.5054503219418696,
        "recall": 0.423728813559322,
        "f1-score": 0.41302602806713223,
        "support": 354.0
    }
}