{
    "DOWN": {
        "precision": 0.7297921478060047,
        "recall": 0.3221202854230377,
        "f1-score": 0.44695898161244696,
        "support": 981.0
    },
    "UP": {
        "precision": 0.3087318087318087,
        "recall": 0.717391304347826,
        "f1-score": 0.43168604651162795,
        "support": 414.0
    },
    "accuracy": 0.43942652329749105,
    "macro avg": {
        "precision": 0.5192619782689067,
        "recall": 0.5197557948854319,
        "f1-score": 0.4393225140620375,
        "support": 1395.0
    },
    "weighted avg": {
        "precision": 0.6048323052420498,
        "recall": 0.43942652329749105,
        "f1-score": 0.4424263686147845,
        "support": 1395.0
    }
}