{
    "DOWN": {
        "precision": 0.7315035799522673,
        "recall": 0.6154618473895582,
        "f1-score": 0.6684841875681571,
        "support": 996.0
    },
    "UP": {
        "precision": 0.3362218370883882,
        "recall": 0.4630071599045346,
        "f1-score": 0.3895582329317269,
        "support": 419.0
    },
    "accuracy": 0.5703180212014134,
    "macro avg": {
        "precision": 0.5338627085203278,
        "recall": 0.5392345036470464,
        "f1-score": 0.529021210249942,
        "support": 1415.0
    },
    "weighted avg": {
        "precision": 0.6144554878957547,
        "recall": 0.5703180212014134,
        "f1-score": 0.5858905656652141,
        "support": 1415.0
    }
}