{
    "R2": 0.99421863407066,
    "RMSE": 7.865901614427277,
    "MSE": 61.872408207849645,
    "MAPE": 0.025480502708226667,
    "ACMAPE": 0.8848444603053999
}