{
    "DOWN": {
<<<<<<< HEAD
        "precision": 0.6666666666666666,
        "recall": 0.022857142857142857,
        "f1-score": 0.04419889502762431,
        "support": 175.0
    },
    "UP": {
        "precision": 0.3870967741935484,
        "recall": 0.9818181818181818,
        "f1-score": 0.5552699228791774,
        "support": 110.0
    },
    "accuracy": 0.3929824561403509,
    "macro avg": {
        "precision": 0.5268817204301075,
        "recall": 0.5023376623376623,
        "f1-score": 0.29973440895340087,
        "support": 285.0
    },
    "weighted avg": {
        "precision": 0.5587624976419544,
        "recall": 0.3929824561403509,
        "f1-score": 0.2414543794615571,
=======
        "precision": 0.7142857142857143,
        "recall": 0.02857142857142857,
        "f1-score": 0.05494505494505494,
        "support": 175.0
    },
    "UP": {
        "precision": 0.38848920863309355,
        "recall": 0.9818181818181818,
        "f1-score": 0.5567010309278351,
        "support": 110.0
    },
    "accuracy": 0.39649122807017545,
    "macro avg": {
        "precision": 0.5513874614594039,
        "recall": 0.5051948051948052,
        "f1-score": 0.305823042936445,
        "support": 285.0
    },
    "weighted avg": {
        "precision": 0.5885396945601413,
        "recall": 0.39649122807017545,
        "f1-score": 0.24860525620156654,
>>>>>>> d5f42532be6a9c18a5da3fb21b671ebbe5b6efbf
        "support": 285.0
    }
}