{
    "DOWN": {
        "precision": 0.6666666666666666,
        "recall": 0.022857142857142857,
        "f1-score": 0.04419889502762431,
        "support": 175.0
    },
    "UP": {
        "precision": 0.3870967741935484,
        "recall": 0.9818181818181818,
        "f1-score": 0.5552699228791774,
        "support": 110.0
    },
    "accuracy": 0.3929824561403509,
    "macro avg": {
        "precision": 0.5268817204301075,
        "recall": 0.5023376623376623,
        "f1-score": 0.29973440895340087,
        "support": 285.0
    },
    "weighted avg": {
        "precision": 0.5587624976419544,
        "recall": 0.3929824561403509,
        "f1-score": 0.2414543794615571,
        "support": 285.0
    }
}