{
    "DOWN": {
        "precision": 0.5902439024390244,
        "recall": 0.3538011695906433,
        "f1-score": 0.4424131627056673,
        "support": 684.0
    },
    "UP": {
        "precision": 0.3869625520110957,
        "recall": 0.6241610738255033,
        "f1-score": 0.4777397260273973,
        "support": 447.0
    },
    "accuracy": 0.46065428824049515,
    "macro avg": {
        "precision": 0.48860322722506,
        "recall": 0.4889811217080733,
        "f1-score": 0.4600764443665323,
        "support": 1131.0
    },
    "weighted avg": {
        "precision": 0.5099019363547767,
        "recall": 0.46065428824049515,
        "f1-score": 0.4563751200927701,
        "support": 1131.0
    }
}