{
    "R2": 0.9934793340965432,
    "RMSE": 22.846505681625732,
    "MSE": 521.9628218605568,
    "MAPE": 0.028682704931512,
    "ACMAPE": 1.1073741284505216
}