{
    "DOWN": {
<<<<<<< HEAD
        "precision": 0.5703703703703704,
        "recall": 0.1137370753323486,
        "f1-score": 0.1896551724137931,
        "support": 677.0
    },
    "UP": {
        "precision": 0.39148073022312374,
        "recall": 0.8693693693693694,
        "f1-score": 0.5398601398601398,
        "support": 444.0
    },
    "accuracy": 0.4130240856378234,
    "macro avg": {
        "precision": 0.4809255502967471,
        "recall": 0.49155322235085896,
        "f1-score": 0.3647576561369664,
        "support": 1121.0
    },
    "weighted avg": {
        "precision": 0.49951666811758055,
        "recall": 0.4130240856378234,
        "f1-score": 0.3283625814647993,
=======
        "precision": 0.5379746835443038,
        "recall": 0.1255539143279173,
        "f1-score": 0.2035928143712575,
        "support": 677.0
    },
    "UP": {
        "precision": 0.3852544132917965,
        "recall": 0.8355855855855856,
        "f1-score": 0.527363184079602,
        "support": 444.0
    },
    "accuracy": 0.4067796610169492,
    "macro avg": {
        "precision": 0.46161454841805016,
        "recall": 0.48056974995675145,
        "f1-score": 0.3654779992254298,
        "support": 1121.0
    },
    "weighted avg": {
        "precision": 0.4774860127217228,
        "recall": 0.4067796610169492,
        "f1-score": 0.33183014189177934,
>>>>>>> d5f42532be6a9c18a5da3fb21b671ebbe5b6efbf
        "support": 1121.0
    }
}