{
    "R2": 0.990130160813816,
    "RMSE": 27.900308817875718,
    "MSE": 778.4272321328335,
    "MAPE": 0.04656267134533138,
    "ACMAPE": 1.233003349311433
}