{
    "R2": 0.050946646820053565,
    "RMSE": 213.5577429899399,
    "MSE": 45606.90959095722,
    "MAPE": 0.20300094222297135,
    "ACMAPE": 1.157386907135252
}