{
    "DOWN": {
        "precision": 0.7372986369268897,
        "recall": 0.24050121261115603,
        "f1-score": 0.3626943005181347,
        "support": 2474.0
    },
    "UP": {
        "precision": 0.3056171470805617,
        "recall": 0.7959576515880654,
        "f1-score": 0.4416555407209613,
        "support": 1039.0
    },
    "accuracy": 0.40478223740392827,
    "macro avg": {
        "precision": 0.5214578920037257,
        "recall": 0.5182294320996107,
        "f1-score": 0.402174920619548,
        "support": 3513.0
    },
    "weighted avg": {
        "precision": 0.6096251191499654,
        "recall": 0.40478223740392827,
        "f1-score": 0.38604776723340284,
        "support": 3513.0
    }
}