{
    "DOWN": {
        "precision": 0.7524271844660194,
        "recall": 0.18765133171912832,
        "f1-score": 0.3003875968992248,
        "support": 2478.0
    },
    "UP": {
        "precision": 0.30586206896551726,
        "recall": 0.8528846153846154,
        "f1-score": 0.45025380710659896,
        "support": 1040.0
    },
    "accuracy": 0.38430926662876636,
    "macro avg": {
        "precision": 0.5291446267157683,
        "recall": 0.5202679735518718,
        "f1-score": 0.3753207020029119,
        "support": 3518.0
    },
    "weighted avg": {
        "precision": 0.6204124828967975,
        "recall": 0.38430926662876636,
        "f1-score": 0.3446914225432467,
        "support": 3518.0
    }
}