{
    "R2": 0.9909602666860532,
    "RMSE": 14.26128451673624,
    "MSE": 203.3842360673008,
    "MAPE": 0.04680347543503237,
    "ACMAPE": 1.2781849421774996
}