{
    "DOWN": {
        "precision": 0.7076326002587322,
        "recall": 0.8967213114754098,
        "f1-score": 0.7910339840925523,
        "support": 610.0
    },
    "UP": {
        "precision": 0.411214953271028,
        "recall": 0.16296296296296298,
        "f1-score": 0.23342175066312998,
        "support": 270.0
    },
    "accuracy": 0.6715909090909091,
    "macro avg": {
        "precision": 0.5594237767648801,
        "recall": 0.5298421372191864,
        "f1-score": 0.5122278673778411,
        "support": 880.0
    },
    "weighted avg": {
        "precision": 0.6166862767511412,
        "recall": 0.6715909090909091,
        "f1-score": 0.6199484124721614,
        "support": 880.0
    }
}