{
    "R2": 0.43802185927911597,
    "RMSE": 3557.1086000557248,
    "MSE": 12653021.592590397,
    "MAPE": 0.2905038764211332,
    "ACMAPE": 0.9359584218756787
}