{
    "DOWN": {
        "precision": 0.8695652173913043,
        "recall": 0.24489795918367346,
        "f1-score": 0.3821656050955414,
        "support": 245.0
    },
    "UP": {
        "precision": 0.3018867924528302,
        "recall": 0.898876404494382,
        "f1-score": 0.45197740112994356,
        "support": 89.0
    },
    "accuracy": 0.41916167664670656,
    "macro avg": {
        "precision": 0.5857260049220673,
        "recall": 0.5718871818390278,
        "f1-score": 0.4170715031127425,
        "support": 334.0
    },
    "weighted avg": {
        "precision": 0.718297613141232,
        "recall": 0.41916167664670656,
        "f1-score": 0.40076814954782225,
        "support": 334.0
    }
}