{
    "DOWN": {
        "precision": 0.8637992831541219,
        "recall": 0.38996763754045305,
        "f1-score": 0.5373467112597548,
        "support": 618.0
    },
    "UP": {
        "precision": 0.2651072124756335,
        "recall": 0.7816091954022989,
        "f1-score": 0.39592430858806404,
        "support": 174.0
    },
    "accuracy": 0.476010101010101,
    "macro avg": {
        "precision": 0.5644532478148777,
        "recall": 0.585788416471376,
        "f1-score": 0.4666355099239094,
        "support": 792.0
    },
    "weighted avg": {
        "precision": 0.7322684494444539,
        "recall": 0.476010101010101,
        "f1-score": 0.5062766379455197,
        "support": 792.0
    }
}