{
    "DOWN": {
        "precision": 0.6545454545454545,
        "recall": 0.05825242718446602,
        "f1-score": 0.10698365527488855,
        "support": 618.0
    },
    "UP": {
        "precision": 0.21031207598371776,
        "recall": 0.8908045977011494,
        "f1-score": 0.3402854006586169,
        "support": 174.0
    },
    "accuracy": 0.24116161616161616,
    "macro avg": {
        "precision": 0.4324287652645862,
        "recall": 0.4745285124428077,
        "f1-score": 0.22363452796675273,
        "support": 792.0
    },
    "weighted avg": {
        "precision": 0.5569487274371943,
        "recall": 0.24116161616161616,
        "f1-score": 0.15823934176070764,
        "support": 792.0
    }
}