{
    "R2": 0.9931074286153811,
    "RMSE": 152.04844507016332,
    "MSE": 23118.729648254477,
    "MAPE": 0.1470143813944524,
    "ACMAPE": 1.7041889141787414
}