{
    "DOWN": {
        "precision": 0.8571428571428571,
        "recall": 0.39805825242718446,
        "f1-score": 0.543646408839779,
        "support": 618.0
    },
    "UP": {
        "precision": 0.2633663366336634,
        "recall": 0.764367816091954,
        "f1-score": 0.3917525773195877,
        "support": 174.0
    },
    "accuracy": 0.47853535353535354,
    "macro avg": {
        "precision": 0.5602545968882602,
        "recall": 0.5812130342595693,
        "f1-score": 0.46769949307968334,
        "support": 792.0
    },
    "weighted avg": {
        "precision": 0.7266919549097767,
        "recall": 0.47853535353535354,
        "f1-score": 0.510275794339131,
        "support": 792.0
    }
}