{
    "R2": 0.5913257540619754,
    "RMSE": 1485.690415262123,
    "MSE": 2207276.0100017395,
    "MAPE": 0.5593090425493517,
    "ACMAPE": 1.6022383354786445
}