{
    "DOWN": {
        "precision": 0.8202764976958525,
        "recall": 0.06854062379668849,
        "f1-score": 0.12651030561478324,
        "support": 2597.0
    },
    "UP": {
        "precision": 0.1772108843537415,
        "recall": 0.9303571428571429,
        "f1-score": 0.29771428571428576,
        "support": 560.0
    },
    "accuracy": 0.22141273360785557,
    "macro avg": {
        "precision": 0.498743691024797,
        "recall": 0.49944888332691567,
        "f1-score": 0.2121122956645345,
        "support": 3157.0
    },
    "weighted avg": {
        "precision": 0.706207209298139,
        "recall": 0.22141273360785557,
        "f1-score": 0.1568790825725664,
        "support": 3157.0
    }
}