{
    "DOWN": {
        "precision": 0.8701012769704976,
        "recall": 0.7635239567233385,
        "f1-score": 0.8133360773821773,
        "support": 2588.0
    },
    "UP": {
        "precision": 0.3013698630136986,
        "recall": 0.47227191413237923,
        "f1-score": 0.36794425087108007,
        "support": 559.0
    },
    "accuracy": 0.7117890054019701,
    "macro avg": {
        "precision": 0.5857355699920981,
        "recall": 0.6178979354278589,
        "f1-score": 0.5906401641266287,
        "support": 3147.0
    },
    "weighted avg": {
        "precision": 0.769077806871403,
        "recall": 0.7117890054019701,
        "f1-score": 0.7342213551007336,
        "support": 3147.0
    }
}