{
    "R2": 0.9292366051093873,
    "RMSE": 587.2891750934615,
    "MSE": 344908.57518195844,
    "MAPE": 0.06527163948118665,
    "ACMAPE": 1.0058892166783364
}