{
    "R2": 0.9310810359529853,
    "RMSE": 152.34992765695668,
    "MSE": 23210.500457079936,
    "MAPE": 0.13888474377986348,
    "ACMAPE": 1.5000787736306096
}