{
    "R2": 0.986571704657711,
    "RMSE": 67.10483246244948,
    "MSE": 4503.058539813413,
    "MAPE": 0.05316146199618927,
    "ACMAPE": 1.2639722728070002
}