{
    "DOWN": {
        "precision": 0.638095238095238,
        "recall": 0.5016638935108153,
        "f1-score": 0.5617140195621798,
        "support": 1202.0
    },
    "UP": {
        "precision": 0.18503401360544217,
        "recall": 0.28451882845188287,
        "f1-score": 0.22423742786479803,
        "support": 478.0
    },
    "accuracy": 0.4398809523809524,
    "macro avg": {
        "precision": 0.4115646258503401,
        "recall": 0.3930913609813491,
        "f1-score": 0.39297572371348893,
        "support": 1680.0
    },
    "weighted avg": {
        "precision": 0.5091885325558795,
        "recall": 0.4398809523809524,
        "f1-score": 0.46569389406732953,
        "support": 1680.0
    }
}