{
    "R2": 0.9855619008782674,
    "RMSE": 32.16635579000454,
    "MSE": 1034.6744448091583,
    "MAPE": 0.029609058841426898,
    "ACMAPE": 0.9139628003380257
}