{
    "R2": 0.8886599526402673,
    "RMSE": 105.24015961532416,
    "MSE": 11075.491195858907,
    "MAPE": 0.08753629457416102,
    "ACMAPE": 0.923961252415645
}