{
    "DOWN": {
        "precision": 0.7025440313111546,
        "recall": 0.23649538866930173,
        "f1-score": 0.3538689009364219,
        "support": 1518.0
    },
    "UP": {
        "precision": 0.37385197190707725,
        "recall": 0.8199052132701422,
        "f1-score": 0.513543599257885,
        "support": 844.0
    },
    "accuracy": 0.4449618966977138,
    "macro avg": {
        "precision": 0.5381980016091159,
        "recall": 0.5282003009697219,
        "f1-score": 0.43370625009715347,
        "support": 2362.0
    },
    "weighted avg": {
        "precision": 0.5850943707958958,
        "recall": 0.4449618966977138,
        "f1-score": 0.4109245509716949,
        "support": 2362.0
    }
}