{
    "R2": 0.9914781659325729,
    "RMSE": 24.910383183194696,
    "MSE": 620.5271903335891,
    "MAPE": 0.028240343715359485,
    "ACMAPE": 1.138316550319932
}