{
    "DOWN": {
        "precision": 0.6621621621621622,
        "recall": 0.2768361581920904,
        "f1-score": 0.3904382470119522,
        "support": 354.0
    },
    "UP": {
        "precision": 0.4247191011235955,
        "recall": 0.7907949790794979,
        "f1-score": 0.5526315789473684,
        "support": 239.0
    },
    "accuracy": 0.4839797639123103,
    "macro avg": {
        "precision": 0.5434406316428788,
        "recall": 0.5338155686357942,
        "f1-score": 0.47153491297966027,
        "support": 593.0
    },
    "weighted avg": {
        "precision": 0.5664641999560619,
        "recall": 0.4839797639123103,
        "f1-score": 0.45580790355927847,
        "support": 593.0
    }
}