{
    "DOWN": {
<<<<<<< HEAD
        "precision": 0.7493670886075949,
        "recall": 0.5481481481481482,
        "f1-score": 0.6331550802139037,
        "support": 1620.0
    },
    "UP": {
        "precision": 0.3965375103050289,
        "recall": 0.6182519280205655,
        "f1-score": 0.4831742842792566,
        "support": 778.0
    },
    "accuracy": 0.5708924103419516,
    "macro avg": {
        "precision": 0.5729522994563119,
        "recall": 0.5832000380843568,
        "f1-score": 0.5581646822465801,
        "support": 2398.0
    },
    "weighted avg": {
        "precision": 0.63489610782386,
        "recall": 0.5708924103419516,
        "f1-score": 0.5844957560949897,
=======
        "precision": 0.7177950868783702,
        "recall": 0.7395061728395061,
        "f1-score": 0.728488902401946,
        "support": 1620.0
    },
    "UP": {
        "precision": 0.42112482853223593,
        "recall": 0.39460154241645246,
        "f1-score": 0.4074319840743198,
        "support": 778.0
    },
    "accuracy": 0.627606338615513,
    "macro avg": {
        "precision": 0.5694599577053031,
        "recall": 0.5670538576279793,
        "f1-score": 0.5679604432381329,
        "support": 2398.0
    },
    "weighted avg": {
        "precision": 0.6215442691163633,
        "recall": 0.627606338615513,
        "f1-score": 0.6243261490829748,
>>>>>>> d5f42532be6a9c18a5da3fb21b671ebbe5b6efbf
        "support": 2398.0
    }
}