{
    "R2": -5.245497460983008,
    "RMSE": 51.62885295159392,
    "MSE": 2665.5384570973083,
    "MAPE": 0.43366544746433106,
    "ACMAPE": 1.61909591104049
}