{
    "R2": 0.9962505100412605,
    "RMSE": 7.83748347891784,
    "MSE": 61.42614728231009,
    "MAPE": 0.03169624997349675,
    "ACMAPE": 0.7764835727424708
}