{
    "DOWN": {
<<<<<<< HEAD
        "precision": 0.6884735202492211,
        "recall": 0.5972972972972973,
        "f1-score": 0.6396526772793054,
        "support": 370.0
    },
    "UP": {
        "precision": 0.4734982332155477,
        "recall": 0.5726495726495726,
        "f1-score": 0.518375241779497,
        "support": 234.0
    },
    "accuracy": 0.5877483443708609,
    "macro avg": {
        "precision": 0.5809858767323844,
        "recall": 0.584973434973435,
        "f1-score": 0.5790139595294013,
        "support": 604.0
    },
    "weighted avg": {
        "precision": 0.6051883924911423,
        "recall": 0.5877483443708609,
        "f1-score": 0.5926677105459359,
=======
        "precision": 0.6513761467889908,
        "recall": 0.7675675675675676,
        "f1-score": 0.7047146401985112,
        "support": 370.0
    },
    "UP": {
        "precision": 0.4880952380952381,
        "recall": 0.3504273504273504,
        "f1-score": 0.40796019900497515,
        "support": 234.0
    },
    "accuracy": 0.6059602649006622,
    "macro avg": {
        "precision": 0.5697356924421144,
        "recall": 0.558997458997459,
        "f1-score": 0.5563374196017432,
        "support": 604.0
    },
    "weighted avg": {
        "precision": 0.588118311301676,
        "recall": 0.6059602649006622,
        "f1-score": 0.5897468600010154,
>>>>>>> d5f42532be6a9c18a5da3fb21b671ebbe5b6efbf
        "support": 604.0
    }
}