{
    "DOWN": {
        "precision": 0.6884735202492211,
        "recall": 0.5972972972972973,
        "f1-score": 0.6396526772793054,
        "support": 370.0
    },
    "UP": {
        "precision": 0.4734982332155477,
        "recall": 0.5726495726495726,
        "f1-score": 0.518375241779497,
        "support": 234.0
    },
    "accuracy": 0.5877483443708609,
    "macro avg": {
        "precision": 0.5809858767323844,
        "recall": 0.584973434973435,
        "f1-score": 0.5790139595294013,
        "support": 604.0
    },
    "weighted avg": {
        "precision": 0.6051883924911423,
        "recall": 0.5877483443708609,
        "f1-score": 0.5926677105459359,
        "support": 604.0
    }
}