{
    "DOWN": {
        "precision": 0.7017543859649122,
        "recall": 0.43243243243243246,
        "f1-score": 0.5351170568561874,
        "support": 370.0
    },
    "UP": {
        "precision": 0.44148936170212766,
        "recall": 0.7094017094017094,
        "f1-score": 0.5442622950819672,
        "support": 234.0
    },
    "accuracy": 0.5397350993377483,
    "macro avg": {
        "precision": 0.5716218738335199,
        "recall": 0.570917070917071,
        "f1-score": 0.5396896759690772,
        "support": 604.0
    },
    "weighted avg": {
        "precision": 0.6009232341809858,
        "recall": 0.5397350993377483,
        "f1-score": 0.5386600796125325,
        "support": 604.0
    }
}