{
    "DOWN": {
        "precision": 0.782258064516129,
        "recall": 0.5958230958230958,
        "f1-score": 0.6764295676429567,
        "support": 1628.0
    },
    "UP": {
        "precision": 0.4390451832907076,
        "recall": 0.6560509554140127,
        "f1-score": 0.526046986721144,
        "support": 785.0
    },
    "accuracy": 0.6154164939908827,
    "macro avg": {
        "precision": 0.6106516239034183,
        "recall": 0.6259370256185542,
        "f1-score": 0.6012382771820504,
        "support": 2413.0
    },
    "weighted avg": {
        "precision": 0.6706036460486795,
        "recall": 0.6154164939908827,
        "f1-score": 0.6275069294234693,
        "support": 2413.0
    }
}