{
<<<<<<< HEAD
    "R2": 0.7522684301805338,
    "RMSE": 10.282521721679666,
    "MSE": 105.73025295681418,
    "MAPE": 0.04138560338122387,
    "ACMAPE": 0.8658889146395021
=======
    "R2": 0.7431164885042028,
    "RMSE": 10.470732699093656,
    "MSE": 109.6362432558691,
    "MAPE": 0.04792806680107921,
    "ACMAPE": 0.8360075369997547
>>>>>>> d5f42532be6a9c18a5da3fb21b671ebbe5b6efbf
}