{
<<<<<<< HEAD
    "R2": 0.9954702462321595,
    "RMSE": 8.614455628677662,
    "MSE": 74.20884577845625,
    "MAPE": 0.02862637009242005,
    "ACMAPE": 0.8868415494085169
=======
    "R2": 0.9962505100412605,
    "RMSE": 7.83748347891784,
    "MSE": 61.42614728231009,
    "MAPE": 0.03169624997349675,
    "ACMAPE": 0.7764835727424708
>>>>>>> d5f42532be6a9c18a5da3fb21b671ebbe5b6efbf
}