{
<<<<<<< HEAD
    "R2": -0.7908777422053384,
    "RMSE": 2976.6112684393092,
    "MSE": 8860214.643399874,
    "MAPE": 0.2939783866046101,
    "ACMAPE": 1.5133092416231975
=======
    "R2": -0.5225363615852996,
    "RMSE": 2744.561638205469,
    "MSE": 7532618.585909089,
    "MAPE": 0.272471697776825,
    "ACMAPE": 1.4918025527954124
>>>>>>> d5f42532be6a9c18a5da3fb21b671ebbe5b6efbf
}