{
    "DOWN": {
<<<<<<< HEAD
        "precision": 0.5512820512820513,
        "recall": 0.2819672131147541,
        "f1-score": 0.37310195227765725,
        "support": 610.0
    },
    "UP": {
        "precision": 0.4128686327077748,
        "recall": 0.6875,
        "f1-score": 0.5159128978224455,
        "support": 448.0
    },
    "accuracy": 0.45368620037807184,
    "macro avg": {
        "precision": 0.4820753419949131,
        "recall": 0.4847336065573771,
        "f1-score": 0.44450742505005136,
        "support": 1058.0
    },
    "weighted avg": {
        "precision": 0.4926722105247018,
        "recall": 0.45368620037807184,
        "f1-score": 0.43357388385049767,
=======
        "precision": 0.536,
        "recall": 0.21967213114754097,
        "f1-score": 0.3116279069767442,
        "support": 610.0
    },
    "UP": {
        "precision": 0.41089108910891087,
        "recall": 0.7410714285714286,
        "f1-score": 0.5286624203821656,
        "support": 448.0
    },
    "accuracy": 0.44045368620037806,
    "macro avg": {
        "precision": 0.4734455445544554,
        "recall": 0.48037177985948476,
        "f1-score": 0.42014516367945487,
        "support": 1058.0
    },
    "weighted avg": {
        "precision": 0.4830238260120909,
        "recall": 0.44045368620037806,
        "f1-score": 0.40352909979869955,
>>>>>>> d5f42532be6a9c18a5da3fb21b671ebbe5b6efbf
        "support": 1058.0
    }
}