{
<<<<<<< HEAD
    "R2": 0.8579597757034587,
    "RMSE": 1173.5904776952086,
    "MSE": 1377314.609336868,
    "MAPE": 0.2596160729012025,
    "ACMAPE": 1.3522436721450588
=======
    "R2": 0.8774654081712148,
    "RMSE": 1090.0345322093365,
    "MSE": 1188175.2814088268,
    "MAPE": 0.2585364848671061,
    "ACMAPE": 1.37762911246635
>>>>>>> d5f42532be6a9c18a5da3fb21b671ebbe5b6efbf
}