{
    "DOWN": {
        "precision": 0.7209302325581395,
        "recall": 0.6458333333333334,
        "f1-score": 0.6813186813186812,
        "support": 48.0
    },
    "UP": {
        "precision": 0.48484848484848486,
        "recall": 0.5714285714285714,
        "f1-score": 0.5245901639344263,
        "support": 28.0
    },
    "accuracy": 0.618421052631579,
    "macro avg": {
        "precision": 0.6028893587033122,
        "recall": 0.6086309523809523,
        "f1-score": 0.6029544226265537,
        "support": 76.0
    },
    "weighted avg": {
        "precision": 0.6339527465598457,
        "recall": 0.618421052631579,
        "f1-score": 0.6235765959665873,
        "support": 76.0
    }
}