{
    "DOWN": {
        "precision": 0.5691489361702128,
        "recall": 0.7133333333333334,
        "f1-score": 0.6331360946745563,
        "support": 150.0
    },
    "UP": {
        "precision": 0.57,
        "recall": 0.41304347826086957,
        "f1-score": 0.4789915966386555,
        "support": 138.0
    },
    "accuracy": 0.5694444444444444,
    "macro avg": {
        "precision": 0.5695744680851064,
        "recall": 0.5631884057971015,
        "f1-score": 0.5560638456566059,
        "support": 288.0
    },
    "weighted avg": {
        "precision": 0.5695567375886524,
        "recall": 0.5694444444444444,
        "f1-score": 0.5592751893656871,
        "support": 288.0
    }
}