{
    "R2": 0.9929097357556524,
    "RMSE": 164.09020243831137,
    "MSE": 26925.594536246008,
    "MAPE": 0.03715395182072778,
    "ACMAPE": 0.8289628255408643
}