{
    "R2": -0.5510065180524164,
    "RMSE": 283.64768755519,
    "MSE": 80456.01065540666,
    "MAPE": 0.03750586162005862,
    "ACMAPE": 1.1690848089884796
}