{
    "DOWN": {
<<<<<<< HEAD
        "precision": 0.7392373923739237,
        "recall": 0.27145438121047877,
        "f1-score": 0.3970928311859927,
        "support": 2214.0
    },
    "UP": {
        "precision": 0.2691436338921613,
        "recall": 0.7369727047146402,
        "f1-score": 0.3942914039163624,
        "support": 806.0
    },
    "accuracy": 0.3956953642384106,
    "macro avg": {
        "precision": 0.5041905131330425,
        "recall": 0.5042135429625595,
        "f1-score": 0.39569211755117756,
        "support": 3020.0
    },
    "weighted avg": {
        "precision": 0.6137752833221686,
        "recall": 0.3956953642384106,
        "f1-score": 0.39634516549747545,
=======
        "precision": 0.7330415754923414,
        "recall": 0.3026196928635953,
        "f1-score": 0.42838874680306904,
        "support": 2214.0
    },
    "UP": {
        "precision": 0.2668566001899335,
        "recall": 0.6972704714640199,
        "f1-score": 0.38598901098901095,
        "support": 806.0
    },
    "accuracy": 0.40794701986754967,
    "macro avg": {
        "precision": 0.49994908784113745,
        "recall": 0.4999450821638076,
        "f1-score": 0.40718887889604,
        "support": 3020.0
    },
    "weighted avg": {
        "precision": 0.6086226714877915,
        "recall": 0.40794701986754967,
        "f1-score": 0.41707279082090654,
>>>>>>> d5f42532be6a9c18a5da3fb21b671ebbe5b6efbf
        "support": 3020.0
    }
}