{
    "DOWN": {
        "precision": 0.7528629479128186,
        "recall": 0.9151324651998204,
        "f1-score": 0.8261045804620997,
        "support": 2227.0
    },
    "UP": {
        "precision": 0.43243243243243246,
        "recall": 0.17712177121771217,
        "f1-score": 0.2513089005235602,
        "support": 813.0
    },
    "accuracy": 0.7177631578947369,
    "macro avg": {
        "precision": 0.5926476901726255,
        "recall": 0.5461271182087662,
        "f1-score": 0.53870674049283,
        "support": 3040.0
    },
    "weighted avg": {
        "precision": 0.6671688659767812,
        "recall": 0.7177631578947369,
        "f1-score": 0.6723845515837994,
        "support": 3040.0
    }
}