{
    "DOWN": {
<<<<<<< HEAD
        "precision": 0.6440677966101694,
        "recall": 0.07335907335907337,
        "f1-score": 0.13171577123050263,
        "support": 518.0
    },
    "UP": {
        "precision": 0.3152639087018545,
        "recall": 0.9132231404958677,
        "f1-score": 0.4687168610816543,
        "support": 242.0
    },
    "accuracy": 0.34078947368421053,
    "macro avg": {
        "precision": 0.47966585265601197,
        "recall": 0.4932911069274705,
        "f1-score": 0.30021631615607847,
        "support": 760.0
    },
    "weighted avg": {
        "precision": 0.5393697165130481,
        "recall": 0.34078947368421053,
        "f1-score": 0.23902401299889567,
=======
        "precision": 0.5970149253731343,
        "recall": 0.07722007722007722,
        "f1-score": 0.13675213675213677,
        "support": 518.0
    },
    "UP": {
        "precision": 0.31024531024531027,
        "recall": 0.8884297520661157,
        "f1-score": 0.45989304812834225,
        "support": 242.0
    },
    "accuracy": 0.3355263157894737,
    "macro avg": {
        "precision": 0.45363011780922224,
        "recall": 0.48282491464309646,
        "f1-score": 0.2983225924402395,
        "support": 760.0
    },
    "weighted avg": {
        "precision": 0.5057014426613797,
        "recall": 0.3355263157894737,
        "f1-score": 0.23964700590087587,
>>>>>>> d5f42532be6a9c18a5da3fb21b671ebbe5b6efbf
        "support": 760.0
    }
}