{
    "DOWN": {
        "precision": 0.676056338028169,
        "recall": 0.833976833976834,
        "f1-score": 0.7467588591184096,
        "support": 518.0
    },
    "UP": {
        "precision": 0.2892561983471074,
        "recall": 0.1446280991735537,
        "f1-score": 0.19283746556473827,
        "support": 242.0
    },
    "accuracy": 0.6144736842105263,
    "macro avg": {
        "precision": 0.4826562681876382,
        "recall": 0.48930246657519383,
        "f1-score": 0.4697981623415739,
        "support": 760.0
    },
    "weighted avg": {
        "precision": 0.5528910303928837,
        "recall": 0.6144736842105263,
        "f1-score": 0.5703786259078985,
        "support": 760.0
    }
}