{
    "R2": 0.9879623278452275,
    "RMSE": 5.959179545823208,
    "MSE": 35.51182085935769,
    "MAPE": 0.033809319450988425,
    "ACMAPE": 0.5982830036615147
}