{
    "R2": 0.4405339993169861,
    "RMSE": 18.44632600808991,
    "MSE": 340.2669431967342,
    "MAPE": 0.0461757841847541,
    "ACMAPE": 1.2145968368163331
}