{
    "R2": 0.9496049311742109,
    "RMSE": 22.365157660946796,
    "MSE": 500.2002771990072,
    "MAPE": 0.18159654760168017,
    "ACMAPE": 1.2266621494271222
}