{
    "R2": -106.00453571607575,
    "RMSE": 33.81603359626781,
    "MSE": 1143.5241281839133,
    "MAPE": 0.5967945350346675,
    "ACMAPE": 2.371060900723155
}