{
    "R2": -2.987566949207315,
    "RMSE": 6.527931170812322,
    "MSE": 42.61388537086313,
    "MAPE": 0.0779949286848832,
    "ACMAPE": 0.33081659911377714
}