{
    "R2": 0.9454721766213817,
    "RMSE": 23.19850449900995,
    "MSE": 538.1706109905849,
    "MAPE": 0.20903194991103546,
    "ACMAPE": 1.424006425237184
}