{
    "DOWN": {
        "precision": 0.8584298584298584,
        "recall": 0.914324880054832,
        "f1-score": 0.8854961832061069,
        "support": 1459.0
    },
    "UP": {
        "precision": 0.4158878504672897,
        "recall": 0.28802588996763756,
        "f1-score": 0.34034416826003827,
        "support": 309.0
    },
    "accuracy": 0.8048642533936652,
    "macro avg": {
        "precision": 0.637158854448574,
        "recall": 0.6011753850112348,
        "f1-score": 0.6129201757330726,
        "support": 1768.0
    },
    "weighted avg": {
        "precision": 0.7810851296626448,
        "recall": 0.8048642533936652,
        "f1-score": 0.7902179181504875,
        "support": 1768.0
    }
}