{
    "R2": -192.0185545770119,
    "RMSE": 45.417278032186026,
    "MSE": 2062.7291438528873,
    "MAPE": 0.8818361328896578,
    "ACMAPE": 2.6561024985781456
}