{
    "DOWN": {
<<<<<<< HEAD
        "precision": 0.6742138364779874,
        "recall": 0.5430597771023303,
        "f1-score": 0.6015712682379349,
        "support": 987.0
    },
    "UP": {
        "precision": 0.3796423658872077,
        "recall": 0.5158878504672897,
        "f1-score": 0.4374009508716323,
        "support": 535.0
    },
    "accuracy": 0.533508541392904,
    "macro avg": {
        "precision": 0.5269281011825975,
        "recall": 0.5294738137848101,
        "f1-score": 0.5194861095547836,
        "support": 1522.0
    },
    "weighted avg": {
        "precision": 0.5706686743452232,
        "recall": 0.533508541392904,
        "f1-score": 0.5438635679810545,
=======
        "precision": 0.6740331491712708,
        "recall": 0.49442755825734547,
        "f1-score": 0.5704266510812391,
        "support": 987.0
    },
    "UP": {
        "precision": 0.37468671679197996,
        "recall": 0.5588785046728972,
        "f1-score": 0.4486121530382596,
        "support": 535.0
    },
    "accuracy": 0.5170827858081471,
    "macro avg": {
        "precision": 0.5243599329816253,
        "recall": 0.5266530314651213,
        "f1-score": 0.5095194020597493,
        "support": 1522.0
    },
    "weighted avg": {
        "precision": 0.5688095346358434,
        "recall": 0.5170827858081471,
        "f1-score": 0.5276074944104152,
>>>>>>> d5f42532be6a9c18a5da3fb21b671ebbe5b6efbf
        "support": 1522.0
    }
}