{
    "R2": 0.9954667271983842,
    "RMSE": 49.278476430229155,
    "MSE": 2428.3682392846504,
    "MAPE": 0.05286078417437277,
    "ACMAPE": 1.307076088973335
}