{
    "R2": 0.7967152886662068,
    "RMSE": 280.72022830156476,
    "MSE": 78803.84657768263,
    "MAPE": 0.05305989913542341,
    "ACMAPE": 0.9517611978367222
}