{
    "DOWN": {
        "precision": 0.6056910569105691,
        "recall": 0.6834862385321101,
        "f1-score": 0.6422413793103449,
        "support": 218.0
    },
    "UP": {
        "precision": 0.5035971223021583,
        "recall": 0.41916167664670656,
        "f1-score": 0.45751633986928103,
        "support": 167.0
    },
    "accuracy": 0.5688311688311688,
    "macro avg": {
        "precision": 0.5546440896063637,
        "recall": 0.5513239575894083,
        "f1-score": 0.549878859589813,
        "support": 385.0
    },
    "weighted avg": {
        "precision": 0.5614061554051025,
        "recall": 0.5688311688311688,
        "f1-score": 0.5621138946696755,
        "support": 385.0
    }
}