{
    "DOWN": {
        "precision": 0.6814229249011857,
        "recall": 0.8611388611388612,
        "f1-score": 0.7608120035304501,
        "support": 1001.0
    },
    "UP": {
        "precision": 0.4889705882352941,
        "recall": 0.24813432835820895,
        "f1-score": 0.32920792079207917,
        "support": 536.0
    },
    "accuracy": 0.6473649967469096,
    "macro avg": {
        "precision": 0.5851967565682399,
        "recall": 0.5546365947485351,
        "f1-score": 0.5450099621612646,
        "support": 1537.0
    },
    "weighted avg": {
        "precision": 0.6143087723618768,
        "recall": 0.6473649967469096,
        "f1-score": 0.6102981529463468,
        "support": 1537.0
    }
}