{
    "R2": 0.5666264995923451,
    "RMSE": 409.87603435780835,
    "MSE": 167998.3635408833,
    "MAPE": 0.08438265484542921,
    "ACMAPE": 0.9415255119882864
}