{
    "R2": 0.9626289034627054,
    "RMSE": 5.280733787671925,
    "MSE": 27.886149336259876,
    "MAPE": 0.019828776873642984,
    "ACMAPE": 0.6516010450095475
}