{
    "DOWN": {
        "precision": 0.75,
        "recall": 0.016216216216216217,
        "f1-score": 0.031746031746031744,
        "support": 185.0
    },
    "UP": {
        "precision": 0.3284132841328413,
        "recall": 0.9888888888888889,
        "f1-score": 0.49307479224376727,
        "support": 90.0
    },
    "accuracy": 0.33454545454545453,
    "macro avg": {
        "precision": 0.5392066420664207,
        "recall": 0.5025525525525526,
        "f1-score": 0.2624104119948995,
        "support": 275.0
    },
    "weighted avg": {
        "precision": 0.6120261657162026,
        "recall": 0.33454545454545453,
        "f1-score": 0.18272635336347245,
        "support": 275.0
    }
}