{
    "R2": 0.765782368337183,
    "RMSE": 1.9944828684130225,
    "MSE": 3.977961912393038,
    "MAPE": 0.008524209573425501,
    "ACMAPE": 0.6557969368461527
}