{
    "R2": 0.6529121848319963,
    "RMSE": 2.427952586524776,
    "MSE": 5.89495376241235,
    "MAPE": 0.010986898215722926,
    "ACMAPE": 0.6728050800339048
}