{
    "DOWN": {
        "precision": 0.8364312267657993,
        "recall": 0.32608695652173914,
        "f1-score": 0.46923879040667366,
        "support": 690.0
    },
    "UP": {
        "precision": 0.42592592592592593,
        "recall": 0.8868894601542416,
        "f1-score": 0.5754795663052544,
        "support": 389.0
    },
    "accuracy": 0.5282669138090825,
    "macro avg": {
        "precision": 0.6311785763458626,
        "recall": 0.6064882083379903,
        "f1-score": 0.522359178355964,
        "support": 1079.0
    },
    "weighted avg": {
        "precision": 0.6884362665927588,
        "recall": 0.5282669138090825,
        "f1-score": 0.5075406085943919,
        "support": 1079.0
    }
}