{
    "R2": 0.9924914020186929,
    "RMSE": 12.744416889209019,
    "MSE": 162.42016184595607,
    "MAPE": 0.17820487422690956,
    "ACMAPE": 1.5654989918739683
}