{
    "DOWN": {
        "precision": 0.6153846153846154,
        "recall": 0.029669588671611596,
        "f1-score": 0.056609842393052424,
        "support": 2966.0
    },
    "UP": {
        "precision": 0.2966764418377322,
        "recall": 0.9566587864460205,
        "f1-score": 0.4529005782503265,
        "support": 1269.0
    },
    "accuracy": 0.3074380165289256,
    "macro avg": {
        "precision": 0.45603052861117377,
        "recall": 0.4931641875588161,
        "f1-score": 0.25475521032168946,
        "support": 4235.0
    },
    "weighted avg": {
        "precision": 0.5198850469711574,
        "recall": 0.3074380165289256,
        "f1-score": 0.17535670043387433,
        "support": 4235.0
    }
}