{
    "DOWN": {
        "precision": 0.7142857142857143,
        "recall": 0.012254901960784314,
        "f1-score": 0.024096385542168676,
        "support": 816.0
    },
    "UP": {
        "precision": 0.23164918970448045,
        "recall": 0.9838056680161943,
        "f1-score": 0.375,
        "support": 247.0
    },
    "accuracy": 0.23800564440263405,
    "macro avg": {
        "precision": 0.4729674519950974,
        "recall": 0.4980302849884893,
        "f1-score": 0.19954819277108435,
        "support": 1063.0
    },
    "weighted avg": {
        "precision": 0.6021396921111473,
        "recall": 0.23800564440263405,
        "f1-score": 0.10563278513867323,
        "support": 1063.0
    }
}