{
    "R2": 0.9852617469987356,
    "RMSE": 9.755727208318477,
    "MSE": 95.17421336312542,
    "MAPE": 0.08126547018021163,
    "ACMAPE": 0.6080763826919708
}