{
    "R2": 0.9832903290721154,
    "RMSE": 27.00795960988093,
    "MSE": 729.4298822889597,
    "MAPE": 0.030562765736161335,
    "ACMAPE": 0.8579072004425592
}