{
    "R2": 0.9927611385110924,
    "RMSE": 18.345579279257752,
    "MSE": 336.56027909153136,
    "MAPE": 0.039275595191855785,
    "ACMAPE": 1.1704159460690486
}