{
    "R2": 0.9961832464943935,
    "RMSE": 69.47413040945668,
    "MSE": 4826.654796150193,
    "MAPE": 0.02416266361617636,
    "ACMAPE": 0.947997010560862
}