{
    "DOWN": {
        "precision": 0.8747284576393918,
        "recall": 0.40509725016767273,
        "f1-score": 0.5537474214989686,
        "support": 2982.0
    },
    "UP": {
        "precision": 0.14793467819404418,
        "recall": 0.6403326403326404,
        "f1-score": 0.24034334763948498,
        "support": 481.0
    },
    "accuracy": 0.437770719029743,
    "macro avg": {
        "precision": 0.511331567916718,
        "recall": 0.5227149452501565,
        "f1-score": 0.3970453845692268,
        "support": 3463.0
    },
    "weighted avg": {
        "precision": 0.7737790473265957,
        "recall": 0.437770719029743,
        "f1-score": 0.510216563997839,
        "support": 3463.0
    }
}