{
    "R2": -4.779368637726698,
    "RMSE": 3044.2553774001326,
    "MSE": 9267490.802829623,
    "MAPE": 0.3292518903373708,
    "ACMAPE": 0.9389516593904886
}