{
    "DOWN": {
        "precision": 0.6124523506988564,
        "recall": 0.7712,
        "f1-score": 0.6827195467422097,
        "support": 625.0
    },
    "UP": {
        "precision": 0.38362068965517243,
        "recall": 0.22588832487309646,
        "f1-score": 0.28434504792332266,
        "support": 394.0
    },
    "accuracy": 0.5603532875368008,
    "macro avg": {
        "precision": 0.4980365201770144,
        "recall": 0.4985441624365482,
        "f1-score": 0.48353229733276615,
        "support": 1019.0
    },
    "weighted avg": {
        "precision": 0.5239737692943308,
        "recall": 0.5603532875368008,
        "f1-score": 0.5286866198191071,
        "support": 1019.0
    }
}