{
    "DOWN": {
        "precision": 0.6801075268817204,
        "recall": 0.33643617021276595,
        "f1-score": 0.45017793594306044,
        "support": 2256.0
    },
    "UP": {
        "precision": 0.3229308005427408,
        "recall": 0.6666666666666666,
        "f1-score": 0.43510054844606944,
        "support": 1071.0
    },
    "accuracy": 0.44274120829576197,
    "macro avg": {
        "precision": 0.5015191637122306,
        "recall": 0.5015514184397163,
        "f1-score": 0.44263924219456496,
        "support": 3327.0
    },
    "weighted avg": {
        "precision": 0.5651281839574501,
        "recall": 0.44274120829576197,
        "f1-score": 0.445324349526085,
        "support": 3327.0
    }
}