{
    "DOWN": {
        "precision": 0.6604651162790698,
        "recall": 0.7830882352941176,
        "f1-score": 0.7165685449957948,
        "support": 544.0
    },
    "UP": {
        "precision": 0.3655913978494624,
        "recall": 0.23693379790940766,
        "f1-score": 0.2875264270613108,
        "support": 287.0
    },
    "accuracy": 0.5944645006016848,
    "macro avg": {
        "precision": 0.5130282570642661,
        "recall": 0.5100110166017626,
        "f1-score": 0.5020474860285529,
        "support": 831.0
    },
    "weighted avg": {
        "precision": 0.5586254566048251,
        "recall": 0.5944645006016848,
        "f1-score": 0.568391543976304,
        "support": 831.0
    }
}