{
    "R2": 0.8448972540614849,
    "RMSE": 11.305380362157976,
    "MSE": 127.81162513306721,
    "MAPE": 0.06676407441012519,
    "ACMAPE": 1.351962630366804
}