{
    "DOWN": {
        "precision": 0.7421602787456446,
        "recall": 0.3533803401078391,
        "f1-score": 0.47878617589210454,
        "support": 2411.0
    },
    "UP": {
        "precision": 0.3285960378983635,
        "recall": 0.720491029272899,
        "f1-score": 0.4513457556935818,
        "support": 1059.0
    },
    "accuracy": 0.4654178674351585,
    "macro avg": {
        "precision": 0.5353781583220041,
        "recall": 0.536935684690369,
        "f1-score": 0.4650659657928432,
        "support": 3470.0
    },
    "weighted avg": {
        "precision": 0.6159457164813015,
        "recall": 0.4654178674351585,
        "f1-score": 0.47041170759520673,
        "support": 3470.0
    }
}