{
    "R2": 0.981899774126999,
    "RMSE": 31.812365638716496,
    "MSE": 1012.02660753139,
    "MAPE": 0.060849037761430934,
    "ACMAPE": 1.130013302891114
}