{
    "R2": 0.9365768100792853,
    "RMSE": 69.27610744656319,
    "MSE": 4799.179062947768,
    "MAPE": 0.05148515707488563,
    "ACMAPE": 1.3955588049460017
}