{
    "DOWN": {
        "precision": 0.7672955974842768,
        "recall": 0.3442437923250564,
        "f1-score": 0.4752629528632644,
        "support": 1772.0
    },
    "UP": {
        "precision": 0.2853628536285363,
        "recall": 0.7149460708782742,
        "f1-score": 0.4079120879120879,
        "support": 649.0
    },
    "accuracy": 0.4436183395291202,
    "macro avg": {
        "precision": 0.5263292255564065,
        "recall": 0.5295949316016653,
        "f1-score": 0.4415875203876761,
        "support": 2421.0
    },
    "weighted avg": {
        "precision": 0.6381033832082027,
        "recall": 0.4436183395291202,
        "f1-score": 0.4572081361126186,
        "support": 2421.0
    }
}