{
    "R2": 0.9689262368953696,
    "RMSE": 25.720170454248958,
    "MSE": 661.527168195621,
    "MAPE": 0.10699216082337792,
    "ACMAPE": 1.2197554817651375
}