{
    "R2": -4.67230316747637,
    "RMSE": 308.2765821839392,
    "MSE": 95034.45112301102,
    "MAPE": 0.33115043102691855,
    "ACMAPE": 1.1232296389477106
}