{
    "DOWN": {
        "precision": 0.7447698744769874,
        "recall": 0.10107893242475866,
        "f1-score": 0.178,
        "support": 1761.0
    },
    "UP": {
        "precision": 0.26949700046146746,
        "recall": 0.9054263565891473,
        "f1-score": 0.41536273115220484,
        "support": 645.0
    },
    "accuracy": 0.3167082294264339,
    "macro avg": {
        "precision": 0.5071334374692275,
        "recall": 0.503252644506953,
        "f1-score": 0.2966813655761024,
        "support": 2406.0
    },
    "weighted avg": {
        "precision": 0.6173588172284378,
        "recall": 0.3167082294264339,
        "f1-score": 0.24163215361312226,
        "support": 2406.0
    }
}