{
    "DOWN": {
<<<<<<< HEAD
        "precision": 0.7447698744769874,
        "recall": 0.10107893242475866,
        "f1-score": 0.178,
        "support": 1761.0
    },
    "UP": {
        "precision": 0.26949700046146746,
        "recall": 0.9054263565891473,
        "f1-score": 0.41536273115220484,
        "support": 645.0
    },
    "accuracy": 0.3167082294264339,
    "macro avg": {
        "precision": 0.5071334374692275,
        "recall": 0.503252644506953,
        "f1-score": 0.2966813655761024,
        "support": 2406.0
    },
    "weighted avg": {
        "precision": 0.6173588172284378,
        "recall": 0.3167082294264339,
        "f1-score": 0.24163215361312226,
=======
        "precision": 0.7289719626168224,
        "recall": 0.08858603066439523,
        "f1-score": 0.1579746835443038,
        "support": 1761.0
    },
    "UP": {
        "precision": 0.2677919708029197,
        "recall": 0.9100775193798449,
        "f1-score": 0.4138174127599577,
        "support": 645.0
    },
    "accuracy": 0.3088113050706567,
    "macro avg": {
        "precision": 0.49838196670987106,
        "recall": 0.49933177502212006,
        "f1-score": 0.28589604815213077,
        "support": 2406.0
    },
    "weighted avg": {
        "precision": 0.6053389224173348,
        "recall": 0.3088113050706567,
        "f1-score": 0.22656095135149282,
>>>>>>> d5f42532be6a9c18a5da3fb21b671ebbe5b6efbf
        "support": 2406.0
    }
}