{
    "DOWN": {
        "precision": 0.5,
        "recall": 0.045454545454545456,
        "f1-score": 0.08333333333333334,
        "support": 66.0
    },
    "UP": {
        "precision": 0.23170731707317074,
        "recall": 0.8636363636363636,
        "f1-score": 0.36538461538461536,
        "support": 22.0
    },
    "accuracy": 0.25,
    "macro avg": {
        "precision": 0.36585365853658536,
        "recall": 0.45454545454545453,
        "f1-score": 0.22435897435897434,
        "support": 88.0
    },
    "weighted avg": {
        "precision": 0.4329268292682926,
        "recall": 0.25,
        "f1-score": 0.15384615384615385,
        "support": 88.0
    }
}