{
    "R2": 0.9508414022237047,
    "RMSE": 8.725724253970638,
    "MSE": 76.13826375633144,
    "MAPE": 0.04362026014646919,
    "ACMAPE": 0.8838569465370019
}