{
    "DOWN": {
        "precision": 1.0,
        "recall": 0.06060606060606061,
        "f1-score": 0.1142857142857143,
        "support": 66.0
    },
    "UP": {
        "precision": 0.2619047619047619,
        "recall": 1.0,
        "f1-score": 0.41509433962264153,
        "support": 22.0
    },
    "accuracy": 0.29545454545454547,
    "macro avg": {
        "precision": 0.6309523809523809,
        "recall": 0.5303030303030303,
        "f1-score": 0.2646900269541779,
        "support": 88.0
    },
    "weighted avg": {
        "precision": 0.8154761904761905,
        "recall": 0.29545454545454547,
        "f1-score": 0.1894878706199461,
        "support": 88.0
    }
}