{
    "R2": 0.9664203712822288,
    "RMSE": 7.1927360377750365,
    "MSE": 51.735451709107735,
    "MAPE": 0.03317849675826981,
    "ACMAPE": 0.6423738990571204
}