{
    "R2": -141.43760723728124,
    "RMSE": 374.60033250457485,
    "MSE": 140325.40911253804,
    "MAPE": 1.646115534625779,
    "ACMAPE": 3.0552064437166884
}