{
    "DOWN": {
        "precision": 0.7747252747252747,
        "recall": 0.6911764705882353,
        "f1-score": 0.7305699481865284,
        "support": 204.0
    },
    "UP": {
        "precision": 0.6086956521739131,
        "recall": 0.7050359712230215,
        "f1-score": 0.6533333333333333,
        "support": 139.0
    },
    "accuracy": 0.6967930029154519,
    "macro avg": {
        "precision": 0.6917104634495939,
        "recall": 0.6981062209056283,
        "f1-score": 0.6919516407599309,
        "support": 343.0
    },
    "weighted avg": {
        "precision": 0.7074421332248687,
        "recall": 0.6967930029154519,
        "f1-score": 0.6992699789019975,
        "support": 343.0
    }
}