{
    "DOWN": {
        "precision": 0.6511936339522546,
        "recall": 0.8378839590443686,
        "f1-score": 0.7328358208955222,
        "support": 586.0
    },
    "UP": {
        "precision": 0.4025157232704403,
        "recall": 0.19571865443425077,
        "f1-score": 0.26337448559670784,
        "support": 327.0
    },
    "accuracy": 0.6078860898138007,
    "macro avg": {
        "precision": 0.5268546786113475,
        "recall": 0.5168013067393097,
        "f1-score": 0.49810515324611504,
        "support": 913.0
    },
    "weighted avg": {
        "precision": 0.5621271752524153,
        "recall": 0.6078860898138007,
        "f1-score": 0.5646935901806128,
        "support": 913.0
    }
}