{
    "R2": -2.2405346411421423,
    "RMSE": 70.86045441497002,
    "MSE": 5021.2039998960445,
    "MAPE": 0.07789776678047738,
    "ACMAPE": 0.8160951916731813
}