{
    "DOWN": {
        "precision": 0.7233584499461787,
        "recall": 0.8421052631578947,
        "f1-score": 0.7782281412854661,
        "support": 2394.0
    },
    "UP": {
        "precision": 0.3309734513274336,
        "recall": 0.1951983298538622,
        "f1-score": 0.24556795797767564,
        "support": 958.0
    },
    "accuracy": 0.6572195704057279,
    "macro avg": {
        "precision": 0.5271659506368062,
        "recall": 0.5186517965058784,
        "f1-score": 0.5118980496315709,
        "support": 3352.0
    },
    "weighted avg": {
        "precision": 0.6112150046368833,
        "recall": 0.6572195704057279,
        "f1-score": 0.6259941151491704,
        "support": 3352.0
    }
}