{
    "R2": 0.988226964161312,
    "RMSE": 11.447991320040517,
    "MSE": 131.056505263723,
    "MAPE": 0.024161766523272343,
    "ACMAPE": 1.3694639807662405
}