{
    "DOWN": {
        "precision": 0.665,
        "recall": 0.7854330708661418,
        "f1-score": 0.7202166064981951,
        "support": 508.0
    },
    "UP": {
        "precision": 0.542016806722689,
        "recall": 0.39090909090909093,
        "f1-score": 0.454225352112676,
        "support": 330.0
    },
    "accuracy": 0.630071599045346,
    "macro avg": {
        "precision": 0.6035084033613445,
        "recall": 0.5881710808876164,
        "f1-score": 0.5872209793054355,
        "support": 838.0
    },
    "weighted avg": {
        "precision": 0.6165698642225387,
        "recall": 0.630071599045346,
        "f1-score": 0.6154706471339692,
        "support": 838.0
    }
}