{
    "R2": -5.125029889520277,
    "RMSE": 156.09836448376615,
    "MSE": 24366.699394506704,
    "MAPE": 0.5027314670833526,
    "ACMAPE": 1.276501958886631
}