{
<<<<<<< HEAD
    "R2": 0.9113984705651952,
    "RMSE": 8.231658255934994,
    "MSE": 67.76019764250273,
    "MAPE": 0.11731404508888912,
    "ACMAPE": 1.0231769682928529
=======
    "R2": 0.8636420887982152,
    "RMSE": 10.211907977874162,
    "MSE": 104.28306454856995,
    "MAPE": 0.14303896599960514,
    "ACMAPE": 1.0926673722754103
>>>>>>> d5f42532be6a9c18a5da3fb21b671ebbe5b6efbf
}