{
    "DOWN": {
        "precision": 0.9228650137741047,
        "recall": 0.1712678936605317,
        "f1-score": 0.28891763691246225,
        "support": 1956.0
    },
    "UP": {
        "precision": 0.2165297245045916,
        "recall": 0.9411764705882353,
        "f1-score": 0.35206286836935163,
        "support": 476.0
    },
    "accuracy": 0.32195723684210525,
    "macro avg": {
        "precision": 0.5696973691393481,
        "recall": 0.5562221821243835,
        "f1-score": 0.3204902526409069,
        "support": 2432.0
    },
    "weighted avg": {
        "precision": 0.7846184686703678,
        "recall": 0.32195723684210525,
        "f1-score": 0.30127665425353106,
        "support": 2432.0
    }
}