{
    "R2": 0.9936675846708292,
    "RMSE": 2.2097409445922693,
    "MSE": 4.882955042207535,
    "MAPE": 0.019835163173458313,
    "ACMAPE": 0.8388359821742772
}