{
    "R2": -4.725321578047582,
    "RMSE": 150.9190939074638,
    "MSE": 22776.57290584988,
    "MAPE": 0.49631894608830684,
    "ACMAPE": 1.2045156673997823
}