{
    "R2": -4.9846391033955175,
    "RMSE": 154.29904196485467,
    "MSE": 23808.194351271984,
    "MAPE": 0.5254719267513454,
    "ACMAPE": 1.2303899595382304
}