{
    "R2": 0.9347780170353874,
    "RMSE": 7.0864212509072715,
    "MSE": 50.21736614531018,
    "MAPE": 0.07344076038749749,
    "ACMAPE": 0.8777083024474072
}