{
    "R2": 0.9421972554983182,
    "RMSE": 74.90936712071955,
    "MSE": 5611.41328242674,
    "MAPE": 0.020427688954180446,
    "ACMAPE": 0.9524176133874299
}