{
    "R2": 0.9700746469632893,
    "RMSE": 63.19780654765146,
    "MSE": 3993.9627524343778,
    "MAPE": 0.024191644967929367,
    "ACMAPE": 0.9884773592536436
}