{
    "R2": -0.9552870527701911,
    "RMSE": 12.89278924991541,
    "MSE": 166.22401464273437,
    "MAPE": 0.21086841822605007,
    "ACMAPE": 2.0142582487345244
}