{
<<<<<<< HEAD
    "R2": 0.9871018451401176,
    "RMSE": 58.20969611524107,
    "MSE": 3388.368721828712,
    "MAPE": 0.1200779338382024,
    "ACMAPE": 1.4551339200569793
=======
    "R2": 0.9872887326413389,
    "RMSE": 57.78644335501679,
    "MSE": 3339.2730356225647,
    "MAPE": 0.16738698083157214,
    "ACMAPE": 1.5885756113225284
>>>>>>> d5f42532be6a9c18a5da3fb21b671ebbe5b6efbf
}