{
    "R2": 0.9871018451401176,
    "RMSE": 58.20969611524107,
    "MSE": 3388.368721828712,
    "MAPE": 0.1200779338382024,
    "ACMAPE": 1.4551339200569793
}