{
    "R2": -0.030494042045170477,
    "RMSE": 9.359752480110132,
    "MSE": 87.60496648892777,
    "MAPE": 0.07996407482650376,
    "ACMAPE": 1.8358962782163344
}