{
    "DOWN": {
        "precision": 0.7716105550500455,
        "recall": 0.9443207126948775,
        "f1-score": 0.8492739108662994,
        "support": 898.0
    },
    "UP": {
        "precision": 0.35064935064935066,
        "recall": 0.09712230215827339,
        "f1-score": 0.15211267605633802,
        "support": 278.0
    },
    "accuracy": 0.7440476190476191,
    "macro avg": {
        "precision": 0.561129952849698,
        "recall": 0.5207215074265754,
        "f1-score": 0.5006932934613187,
        "support": 1176.0
    },
    "weighted avg": {
        "precision": 0.6720976172750512,
        "recall": 0.7440476190476191,
        "f1-score": 0.6844687890319717,
        "support": 1176.0
    }
}