{
    "DOWN": {
        "precision": 0.7266187050359713,
        "recall": 0.11373873873873874,
        "f1-score": 0.1966893865628043,
        "support": 888.0
    },
    "UP": {
        "precision": 0.2299412915851272,
        "recall": 0.8608058608058609,
        "f1-score": 0.36293436293436293,
        "support": 273.0
    },
    "accuracy": 0.28940568475452194,
    "macro avg": {
        "precision": 0.47827999831054924,
        "recall": 0.4872722997722998,
        "f1-score": 0.2798118747485836,
        "support": 1161.0
    },
    "weighted avg": {
        "precision": 0.6098289256457211,
        "recall": 0.28940568475452194,
        "f1-score": 0.23578058255715015,
        "support": 1161.0
    }
}