{
    "DOWN": {
<<<<<<< HEAD
        "precision": 0.5581395348837209,
        "recall": 0.09090909090909091,
        "f1-score": 0.1563517915309446,
        "support": 264.0
    },
    "UP": {
        "precision": 0.047619047619047616,
        "recall": 0.3870967741935484,
        "f1-score": 0.08480565371024736,
        "support": 31.0
    },
    "accuracy": 0.12203389830508475,
    "macro avg": {
        "precision": 0.30287929125138424,
        "recall": 0.23900293255131966,
        "f1-score": 0.12057872262059599,
        "support": 295.0
    },
    "weighted avg": {
        "precision": 0.504491619272857,
        "recall": 0.12203389830508475,
        "f1-score": 0.14883338382775269,
=======
        "precision": 0.45454545454545453,
        "recall": 0.03787878787878788,
        "f1-score": 0.06993006993006994,
        "support": 264.0
    },
    "UP": {
        "precision": 0.0695970695970696,
        "recall": 0.6129032258064516,
        "f1-score": 0.125,
        "support": 31.0
    },
    "accuracy": 0.09830508474576272,
    "macro avg": {
        "precision": 0.2620712620712621,
        "recall": 0.32539100684261973,
        "f1-score": 0.09746503496503497,
        "support": 295.0
    },
    "weighted avg": {
        "precision": 0.414093251381387,
        "recall": 0.09830508474576272,
        "f1-score": 0.07571707953063886,
>>>>>>> d5f42532be6a9c18a5da3fb21b671ebbe5b6efbf
        "support": 295.0
    }
}