{
    "R2": -78.29721851770461,
    "RMSE": 303.96909277811557,
    "MSE": 92397.20936435064,
    "MAPE": 0.3142940643823345,
    "ACMAPE": 0.9637142249532533
}