{
    "R2": 0.9064523131125066,
    "RMSE": 102.09097965557486,
    "MSE": 10422.568127035,
    "MAPE": 0.2663501707923047,
    "ACMAPE": 1.6456451284005156
}