{
    "R2": -53.61455290405922,
    "RMSE": 252.26363049211577,
    "MSE": 63636.93926906272,
    "MAPE": 0.725485717439799,
    "ACMAPE": 2.4096962437555884
}