{
    "DOWN": {
        "precision": 0.6875,
        "recall": 0.02301255230125523,
        "f1-score": 0.04453441295546559,
        "support": 956.0
    },
    "UP": {
        "precision": 0.1423324150596878,
        "recall": 0.9393939393939394,
        "f1-score": 0.24720893141945777,
        "support": 165.0
    },
    "accuracy": 0.15789473684210525,
    "macro avg": {
        "precision": 0.41491620752984393,
        "recall": 0.4812032458475973,
        "f1-score": 0.14587167218746167,
        "support": 1121.0
    },
    "weighted avg": {
        "precision": 0.6072567783094099,
        "recall": 0.15789473684210525,
        "f1-score": 0.07436607713616025,
        "support": 1121.0
    }
}