{
    "DOWN": {
        "precision": 0.9025157232704403,
        "recall": 0.8427013422818792,
        "f1-score": 0.8715835140997832,
        "support": 2384.0
    },
    "UP": {
        "precision": 0.22520661157024793,
        "recall": 0.3343558282208589,
        "f1-score": 0.2691358024691358,
        "support": 326.0
    },
    "accuracy": 0.7815498154981549,
    "macro avg": {
        "precision": 0.5638611674203441,
        "recall": 0.5885285852513691,
        "f1-score": 0.5703596582844594,
        "support": 2710.0
    },
    "weighted avg": {
        "precision": 0.8210386862172067,
        "recall": 0.7815498154981549,
        "f1-score": 0.7991119443611887,
        "support": 2710.0
    }
}