{
    "DOWN": {
        "precision": 0.7295081967213115,
        "recall": 0.15532286212914484,
        "f1-score": 0.25611510791366904,
        "support": 573.0
    },
    "UP": {
        "precision": 0.12792792792792793,
        "recall": 0.6826923076923077,
        "f1-score": 0.21547799696509862,
        "support": 104.0
    },
    "accuracy": 0.2363367799113737,
    "macro avg": {
        "precision": 0.42871806232461973,
        "recall": 0.41900758491072626,
        "f1-score": 0.23579655243938383,
        "support": 677.0
    },
    "weighted avg": {
        "precision": 0.637094093391161,
        "recall": 0.2363367799113737,
        "f1-score": 0.24987247934845289,
        "support": 677.0
    }
}