{
    "DOWN": {
        "precision": 0.3888888888888889,
        "recall": 0.012216404886561954,
        "f1-score": 0.023688663282571912,
        "support": 573.0
    },
    "UP": {
        "precision": 0.1411229135053111,
        "recall": 0.8942307692307693,
        "f1-score": 0.24377457404980346,
        "support": 104.0
    },
    "accuracy": 0.14771048744460857,
    "macro avg": {
        "precision": 0.2650059011971,
        "recall": 0.4532235870586656,
        "f1-score": 0.13373161866618768,
        "support": 677.0
    },
    "weighted avg": {
        "precision": 0.3508273505729479,
        "recall": 0.14771048744460857,
        "f1-score": 0.057498020328055045,
        "support": 677.0
    }
}