{
    "R2": 0.550638765377977,
    "RMSE": 2949.3224197621457,
    "MSE": 8698502.73571164,
    "MAPE": 0.10785602134932042,
    "ACMAPE": 1.7297171734911225
}