{
    "DOWN": {
        "precision": 0.6605504587155964,
        "recall": 0.1256544502617801,
        "f1-score": 0.21114369501466274,
        "support": 573.0
    },
    "UP": {
        "precision": 0.11795774647887323,
        "recall": 0.6442307692307693,
        "f1-score": 0.1994047619047619,
        "support": 104.0
    },
    "accuracy": 0.20531757754800592,
    "macro avg": {
        "precision": 0.3892541025972348,
        "recall": 0.3849426097462747,
        "f1-score": 0.20527422845971233,
        "support": 677.0
    },
    "weighted avg": {
        "precision": 0.5771979593468826,
        "recall": 0.20531757754800592,
        "f1-score": 0.2093403729416499,
        "support": 677.0
    }
}