{
    "R2": 0.7665043887987318,
    "RMSE": 1695.1815736897097,
    "MSE": 2873640.567777121,
    "MAPE": 0.13339374937658743,
    "ACMAPE": 0.7651766951130216
}