{
    "DOWN": {
        "precision": 0.6844758064516129,
        "recall": 0.9631205673758865,
        "f1-score": 0.8002357100766059,
        "support": 705.0
    },
    "UP": {
        "precision": 0.35,
        "recall": 0.04281345565749235,
        "f1-score": 0.07629427792915532,
        "support": 327.0
    },
    "accuracy": 0.6715116279069767,
    "macro avg": {
        "precision": 0.5172379032258064,
        "recall": 0.5029670115166894,
        "f1-score": 0.4382649940028806,
        "support": 1032.0
    },
    "weighted avg": {
        "precision": 0.5784936468492123,
        "recall": 0.6715116279069767,
        "f1-score": 0.5708472911694195,
        "support": 1032.0
    }
}