{
    "R2": 0.9922185012079467,
    "RMSE": 309.46282746885095,
    "MSE": 95767.24158501581,
    "MAPE": 0.0241597321014681,
    "ACMAPE": 0.6811364762875147
}