{
    "DOWN": {
        "precision": 0.6838021338506305,
        "recall": 1.0,
        "f1-score": 0.8122119815668203,
        "support": 705.0
    },
    "UP": {
        "precision": 1.0,
        "recall": 0.0030581039755351682,
        "f1-score": 0.006097560975609756,
        "support": 327.0
    },
    "accuracy": 0.6841085271317829,
    "macro avg": {
        "precision": 0.8419010669253153,
        "recall": 0.5015290519877675,
        "f1-score": 0.409154771271215,
        "support": 1032.0
    },
    "weighted avg": {
        "precision": 0.7839927367874946,
        "recall": 0.6841085271317829,
        "f1-score": 0.5567861913213495,
        "support": 1032.0
    }
}