{
    "R2": 0.9691757585404019,
    "RMSE": 5.884707280601254,
    "MSE": 34.6297797783614,
    "MAPE": 0.07120555567461302,
    "ACMAPE": 1.1153462681998203
}