{
    "R2": 0.9391455136197515,
    "RMSE": 41.61905466302356,
    "MSE": 1732.1457110437432,
    "MAPE": 0.07133348838392661,
    "ACMAPE": 0.8824346522156187
}