{
    "R2": 0.9182631291761922,
    "RMSE": 48.409421664394394,
    "MSE": 2343.4721058811374,
    "MAPE": 0.1270121527300618,
    "ACMAPE": 0.9373772881835365
}