{
    "DOWN": {
        "precision": 0.6966887417218544,
        "recall": 0.906896551724138,
        "f1-score": 0.7880149812734083,
        "support": 580.0
    },
    "UP": {
        "precision": 0.425531914893617,
        "recall": 0.14869888475836432,
        "f1-score": 0.2203856749311295,
        "support": 269.0
    },
    "accuracy": 0.6666666666666666,
    "macro avg": {
        "precision": 0.5611103283077357,
        "recall": 0.5277977182412511,
        "f1-score": 0.5042003281022689,
        "support": 849.0
    },
    "weighted avg": {
        "precision": 0.6107745056596684,
        "recall": 0.6666666666666666,
        "f1-score": 0.6081654130683753,
        "support": 849.0
    }
}