{
    "DOWN": {
        "precision": 0.7896494156928213,
        "recall": 0.3284722222222222,
        "f1-score": 0.4639529180971064,
        "support": 1440.0
    },
    "UP": {
        "precision": 0.26631259484066766,
        "recall": 0.7358490566037735,
        "f1-score": 0.39108635097493033,
        "support": 477.0
    },
    "accuracy": 0.4298382889932186,
    "macro avg": {
        "precision": 0.5279810052667445,
        "recall": 0.5321606394129978,
        "f1-score": 0.4275196345360184,
        "support": 1917.0
    },
    "weighted avg": {
        "precision": 0.6594294555746798,
        "recall": 0.4298382889932186,
        "f1-score": 0.44582180045637715,
        "support": 1917.0
    }
}