{
    "R2": 0.993338619023458,
    "RMSE": 16.077924526344905,
    "MSE": 258.499657074843,
    "MAPE": 0.026146710700117794,
    "ACMAPE": 0.5953270385689703
}