{
    "R2": 0.88734886671778,
    "RMSE": 20.762220814484703,
    "MSE": 431.06981314942186,
    "MAPE": 0.027346638283000307,
    "ACMAPE": 0.9703518196301506
}