{
    "DOWN": {
        "precision": 0.6377551020408163,
        "recall": 0.5296610169491526,
        "f1-score": 0.5787037037037038,
        "support": 236.0
    },
    "UP": {
        "precision": 0.41578947368421054,
        "recall": 0.5266666666666666,
        "f1-score": 0.4647058823529412,
        "support": 150.0
    },
    "accuracy": 0.5284974093264249,
    "macro avg": {
        "precision": 0.5267722878625134,
        "recall": 0.5281638418079095,
        "f1-score": 0.5217047930283225,
        "support": 386.0
    },
    "weighted avg": {
        "precision": 0.5514990288452442,
        "recall": 0.5284974093264249,
        "f1-score": 0.5344040321943402,
        "support": 386.0
    }
}