{
    "R2": 0.992487499923011,
    "RMSE": 17.26555876743174,
    "MSE": 298.0995195516391,
    "MAPE": 0.03180009743987597,
    "ACMAPE": 1.17354767025541
}