{
    "DOWN": {
        "precision": 0.6595744680851063,
        "recall": 0.2627118644067797,
        "f1-score": 0.3757575757575758,
        "support": 236.0
    },
    "UP": {
        "precision": 0.4041095890410959,
        "recall": 0.7866666666666666,
        "f1-score": 0.5339366515837103,
        "support": 150.0
    },
    "accuracy": 0.46632124352331605,
    "macro avg": {
        "precision": 0.5318420285631011,
        "recall": 0.5246892655367231,
        "f1-score": 0.454847113670643,
        "support": 386.0
    },
    "weighted avg": {
        "precision": 0.5603005513581593,
        "recall": 0.46632124352331605,
        "f1-score": 0.4372261285397524,
        "support": 386.0
    }
}