{
    "DOWN": {
        "precision": 0.6382978723404256,
        "recall": 0.635593220338983,
        "f1-score": 0.6369426751592356,
        "support": 236.0
    },
    "UP": {
        "precision": 0.4304635761589404,
        "recall": 0.43333333333333335,
        "f1-score": 0.4318936877076412,
        "support": 150.0
    },
    "accuracy": 0.5569948186528497,
    "macro avg": {
        "precision": 0.534380724249683,
        "recall": 0.5344632768361581,
        "f1-score": 0.5344181814334384,
        "support": 386.0
    },
    "weighted avg": {
        "precision": 0.5575332494719728,
        "recall": 0.5569948186528497,
        "f1-score": 0.5572604261495487,
        "support": 386.0
    }
}