{
    "DOWN": {
        "precision": 0.648471615720524,
        "recall": 0.5975855130784709,
        "f1-score": 0.6219895287958115,
        "support": 497.0
    },
    "UP": {
        "precision": 0.3730407523510972,
        "recall": 0.425,
        "f1-score": 0.39732888146911516,
        "support": 280.0
    },
    "accuracy": 0.5353925353925354,
    "macro avg": {
        "precision": 0.5107561840358106,
        "recall": 0.5112927565392354,
        "f1-score": 0.5096592051324633,
        "support": 777.0
    },
    "weighted avg": {
        "precision": 0.5492172505423523,
        "recall": 0.5353925353925354,
        "f1-score": 0.5410307369663714,
        "support": 777.0
    }
}