{
    "R2": 0.9952423941486839,
    "RMSE": 54.007972072894226,
    "MSE": 2916.861047426523,
    "MAPE": 0.07338220920024417,
    "ACMAPE": 0.885600858717929
}