{
    "DOWN": {
<<<<<<< HEAD
        "precision": 0.6265508684863523,
        "recall": 0.2666314677930306,
        "f1-score": 0.37407407407407406,
        "support": 1894.0
    },
    "UP": {
        "precision": 0.39185639229422065,
        "recall": 0.7483277591973244,
        "f1-score": 0.5143678160919539,
        "support": 1196.0
    },
    "accuracy": 0.45307443365695793,
    "macro avg": {
        "precision": 0.5092036303902865,
        "recall": 0.5074796134951776,
        "f1-score": 0.444220945083014,
        "support": 3090.0
    },
    "weighted avg": {
        "precision": 0.5357111942061615,
        "recall": 0.45307443365695793,
        "f1-score": 0.4283754706609298,
=======
        "precision": 0.6088154269972452,
        "recall": 0.23336853220696938,
        "f1-score": 0.3374045801526718,
        "support": 1894.0
    },
    "UP": {
        "precision": 0.38578680203045684,
        "recall": 0.7625418060200669,
        "f1-score": 0.5123595505617978,
        "support": 1196.0
    },
    "accuracy": 0.4381877022653722,
    "macro avg": {
        "precision": 0.49730111451385106,
        "recall": 0.49795516911351817,
        "f1-score": 0.42488206535723483,
        "support": 3090.0
    },
    "weighted avg": {
        "precision": 0.5224910789518475,
        "recall": 0.4381877022653722,
        "f1-score": 0.4051217790553626,
>>>>>>> d5f42532be6a9c18a5da3fb21b671ebbe5b6efbf
        "support": 3090.0
    }
}