{
    "R2": 0.9922396194353142,
    "RMSE": 69.09143312539248,
    "MSE": 4773.626131320582,
    "MAPE": 0.04483381736305425,
    "ACMAPE": 1.1386849500491385
}