{
    "DOWN": {
<<<<<<< HEAD
        "precision": 0.6666666666666666,
        "recall": 0.16901408450704225,
        "f1-score": 0.2696629213483146,
        "support": 497.0
    },
    "UP": {
        "precision": 0.3655913978494624,
        "recall": 0.85,
        "f1-score": 0.5112781954887218,
        "support": 280.0
    },
    "accuracy": 0.4144144144144144,
    "macro avg": {
        "precision": 0.5161290322580645,
        "recall": 0.5095070422535211,
        "f1-score": 0.3904705584185182,
        "support": 777.0
    },
    "weighted avg": {
        "precision": 0.5581710743001066,
        "recall": 0.4144144144144144,
        "f1-score": 0.356731488606119,
=======
        "precision": 0.6938775510204082,
        "recall": 0.13682092555331993,
        "f1-score": 0.2285714285714286,
        "support": 497.0
    },
    "UP": {
        "precision": 0.36818851251840945,
        "recall": 0.8928571428571429,
        "f1-score": 0.5213764337851929,
        "support": 280.0
    },
    "accuracy": 0.4092664092664093,
    "macro avg": {
        "precision": 0.5310330317694087,
        "recall": 0.5148390342052314,
        "f1-score": 0.3749739311783108,
        "support": 777.0
    },
    "weighted avg": {
        "precision": 0.5765121317404086,
        "recall": 0.4092664092664093,
        "f1-score": 0.3340867457655779,
>>>>>>> d5f42532be6a9c18a5da3fb21b671ebbe5b6efbf
        "support": 777.0
    }
}