{
<<<<<<< HEAD
    "R2": 0.6659409622412944,
    "RMSE": 19.30518948003896,
    "MSE": 372.69034086020685,
    "MAPE": 0.06909819363596961,
    "ACMAPE": 0.8655583706271199
=======
    "R2": 0.6535419416360797,
    "RMSE": 19.660193559131677,
    "MSE": 386.52321078252265,
    "MAPE": 0.07023497475355395,
    "ACMAPE": 0.8843942667889522
>>>>>>> d5f42532be6a9c18a5da3fb21b671ebbe5b6efbf
}