{
    "DOWN": {
        "precision": 0.7654584221748401,
        "recall": 0.5609375,
        "f1-score": 0.6474301172227231,
        "support": 640.0
    },
    "UP": {
        "precision": 0.3245192307692308,
        "recall": 0.5510204081632653,
        "f1-score": 0.4084720121028744,
        "support": 245.0
    },
    "accuracy": 0.5581920903954802,
    "macro avg": {
        "precision": 0.5449888264720354,
        "recall": 0.5559789540816327,
        "f1-score": 0.5279510646627987,
        "support": 885.0
    },
    "weighted avg": {
        "precision": 0.6433905104297845,
        "recall": 0.5581920903954802,
        "f1-score": 0.5812778734324826,
        "support": 885.0
    }
}