{
    "R2": 0.9636874363717278,
    "RMSE": 31.768010336480106,
    "MSE": 1009.2064807387069,
    "MAPE": 0.034015216715962956,
    "ACMAPE": 1.104406278168477
}