{
<<<<<<< HEAD
    "R2": 0.9814358233690926,
    "RMSE": 22.664445068311363,
    "MSE": 513.6770702545032,
    "MAPE": 0.019534477952437776,
    "ACMAPE": 0.9845062293648672
=======
    "R2": 0.9814907317875647,
    "RMSE": 22.630902228434646,
    "MSE": 512.1577356729682,
    "MAPE": 0.019766547482399425,
    "ACMAPE": 0.903382366691439
>>>>>>> d5f42532be6a9c18a5da3fb21b671ebbe5b6efbf
}