{
    "DOWN": {
<<<<<<< HEAD
        "precision": 0.7578692493946732,
        "recall": 0.4890625,
        "f1-score": 0.5944919278252612,
        "support": 640.0
    },
    "UP": {
        "precision": 0.3072033898305085,
        "recall": 0.5918367346938775,
        "f1-score": 0.40446304044630405,
        "support": 245.0
    },
    "accuracy": 0.5175141242937853,
    "macro avg": {
        "precision": 0.5325363196125908,
        "recall": 0.5404496173469387,
        "f1-score": 0.49947748413578263,
        "support": 885.0
    },
    "weighted avg": {
        "precision": 0.6331086442045936,
        "recall": 0.5175141242937853,
        "f1-score": 0.5418850606977532,
=======
        "precision": 0.7654584221748401,
        "recall": 0.5609375,
        "f1-score": 0.6474301172227231,
        "support": 640.0
    },
    "UP": {
        "precision": 0.3245192307692308,
        "recall": 0.5510204081632653,
        "f1-score": 0.4084720121028744,
        "support": 245.0
    },
    "accuracy": 0.5581920903954802,
    "macro avg": {
        "precision": 0.5449888264720354,
        "recall": 0.5559789540816327,
        "f1-score": 0.5279510646627987,
        "support": 885.0
    },
    "weighted avg": {
        "precision": 0.6433905104297845,
        "recall": 0.5581920903954802,
        "f1-score": 0.5812778734324826,
>>>>>>> d5f42532be6a9c18a5da3fb21b671ebbe5b6efbf
        "support": 885.0
    }
}