{
    "R2": 0.6659409622412944,
    "RMSE": 19.30518948003896,
    "MSE": 372.69034086020685,
    "MAPE": 0.06909819363596961,
    "ACMAPE": 0.8655583706271199
}