{
    "R2": 0.843535858807877,
    "RMSE": 36.558699073511306,
    "MSE": 1336.5384779475567,
    "MAPE": 0.1112190047373892,
    "ACMAPE": 1.235254002164049
}