{
    "DOWN": {
        "precision": 0.6567796610169492,
        "recall": 0.25326797385620914,
        "f1-score": 0.36556603773584906,
        "support": 1224.0
    },
    "UP": {
        "precision": 0.37225274725274726,
        "recall": 0.7698863636363636,
        "f1-score": 0.5018518518518518,
        "support": 704.0
    },
    "accuracy": 0.44190871369294604,
    "macro avg": {
        "precision": 0.5145162041348482,
        "recall": 0.5115771687462864,
        "f1-score": 0.4337089447938504,
        "support": 1928.0
    },
    "weighted avg": {
        "precision": 0.5528860161569916,
        "recall": 0.44190871369294604,
        "f1-score": 0.41533015243380855,
        "support": 1928.0
    }
}