{
    "R2": 0.9372290477193473,
    "RMSE": 57.74964918110359,
    "MSE": 3335.021980540539,
    "MAPE": 0.04581240616573442,
    "ACMAPE": 0.8219931043176852
}