{
<<<<<<< HEAD
    "R2": 0.9372290477193473,
    "RMSE": 57.74964918110359,
    "MSE": 3335.021980540539,
    "MAPE": 0.04581240616573442,
    "ACMAPE": 0.8219931043176852
=======
    "R2": 0.920343187546234,
    "RMSE": 65.05511569005662,
    "MSE": 4232.168077446652,
    "MAPE": 0.051877747928709854,
    "ACMAPE": 0.8444855508034532
>>>>>>> d5f42532be6a9c18a5da3fb21b671ebbe5b6efbf
}