{
    "DOWN": {
        "precision": 0.7313432835820896,
        "recall": 0.49,
        "f1-score": 0.5868263473053892,
        "support": 200.0
    },
    "UP": {
        "precision": 0.32894736842105265,
        "recall": 0.5813953488372093,
        "f1-score": 0.4201680672268908,
        "support": 86.0
    },
    "accuracy": 0.5174825174825175,
    "macro avg": {
        "precision": 0.5301453260015712,
        "recall": 0.5356976744186046,
        "f1-score": 0.50349720726614,
        "support": 286.0
    },
    "weighted avg": {
        "precision": 0.6103431132889107,
        "recall": 0.5174825174825175,
        "f1-score": 0.5367123190300366,
        "support": 286.0
    }
}