{
    "DOWN": {
        "precision": 0.7916666666666666,
        "recall": 0.3989501312335958,
        "f1-score": 0.5305410122164048,
        "support": 762.0
    },
    "UP": {
        "precision": 0.39816031537450725,
        "recall": 0.7911227154046997,
        "f1-score": 0.5297202797202798,
        "support": 383.0
    },
    "accuracy": 0.5301310043668123,
    "macro avg": {
        "precision": 0.5949134910205869,
        "recall": 0.5950364233191477,
        "f1-score": 0.5301306459683424,
        "support": 1145.0
    },
    "weighted avg": {
        "precision": 0.6600396513436125,
        "recall": 0.5301310043668123,
        "f1-score": 0.5302664789884434,
        "support": 1145.0
    }
}