{
    "DOWN": {
        "precision": 0.7166666666666667,
        "recall": 0.215,
        "f1-score": 0.33076923076923076,
        "support": 200.0
    },
    "UP": {
        "precision": 0.3053097345132743,
        "recall": 0.8023255813953488,
        "f1-score": 0.4423076923076923,
        "support": 86.0
    },
    "accuracy": 0.3916083916083916,
    "macro avg": {
        "precision": 0.5109882005899705,
        "recall": 0.5086627906976744,
        "f1-score": 0.3865384615384615,
        "support": 286.0
    },
    "weighted avg": {
        "precision": 0.5929719248303319,
        "recall": 0.3916083916083916,
        "f1-score": 0.36430876815492197,
        "support": 286.0
    }
}