{
    "R2": 0.9335539351175199,
    "RMSE": 22.394497972583032,
    "MSE": 501.5135394440256,
    "MAPE": 0.11298126373503821,
    "ACMAPE": 0.9498233689981961
}