{
    "R2": 0.7836175181529872,
    "RMSE": 6.738830322532077,
    "MSE": 45.411834115877774,
    "MAPE": 0.038757829081989,
    "ACMAPE": 1.2555410458652057
}