{
    "DOWN": {
        "precision": 0.7577464788732394,
        "recall": 0.36010709504685406,
        "f1-score": 0.4882032667876588,
        "support": 747.0
    },
    "UP": {
        "precision": 0.37922077922077924,
        "recall": 0.7724867724867724,
        "f1-score": 0.5087108013937283,
        "support": 378.0
    },
    "accuracy": 0.49866666666666665,
    "macro avg": {
        "precision": 0.5684836290470093,
        "recall": 0.5662969337668132,
        "f1-score": 0.49845703409069353,
        "support": 1125.0
    },
    "weighted avg": {
        "precision": 0.6305618437900129,
        "recall": 0.49866666666666665,
        "f1-score": 0.4950937984152982,
        "support": 1125.0
    }
}