{
    "R2": 0.5260873247239417,
    "RMSE": 9.972926877663935,
    "MSE": 99.45927050723172,
    "MAPE": 0.07399605117091788,
    "ACMAPE": 0.8851848623597292
}