{
    "R2": -1.1654134242635559,
    "RMSE": 21.31787370337643,
    "MSE": 454.4517392331083,
    "MAPE": 0.22179610906576877,
    "ACMAPE": 1.5924254796951394
}