{
    "R2": -4.335504306971635,
    "RMSE": 617.1563669785683,
    "MSE": 380881.9813021853,
    "MAPE": 0.9643165753685472,
    "ACMAPE": 2.231696254512932
}