{
    "R2": 0.042503804552326385,
    "RMSE": 864.7233682961927,
    "MSE": 747746.5036775129,
    "MAPE": 1.4865084054270752,
    "ACMAPE": 2.6936353542021307
}