{
    "R2": 0.9826375018053364,
    "RMSE": 116.47659032453868,
    "MSE": 13566.796093630417,
    "MAPE": 0.1674089875197037,
    "ACMAPE": 1.3607200243090014
}