{
    "DOWN": {
        "precision": 0.5454545454545454,
        "recall": 0.039473684210526314,
        "f1-score": 0.07361963190184048,
        "support": 152.0
    },
    "UP": {
        "precision": 0.3014354066985646,
        "recall": 0.9264705882352942,
        "f1-score": 0.45487364620938636,
        "support": 68.0
    },
    "accuracy": 0.31363636363636366,
    "macro avg": {
        "precision": 0.423444976076555,
        "recall": 0.48297213622291024,
        "f1-score": 0.2642466390556134,
        "support": 220.0
    },
    "weighted avg": {
        "precision": 0.4700304480208786,
        "recall": 0.31363636363636366,
        "f1-score": 0.1914617817787183,
        "support": 220.0
    }
}