{
    "R2": 0.9767540199619617,
    "RMSE": 71.62025730697692,
    "MSE": 5129.461256717581,
    "MAPE": 0.04481340124654016,
    "ACMAPE": 0.7000645427990517
}