{
<<<<<<< HEAD
    "R2": 0.9780395316764946,
    "RMSE": 69.93275365812585,
    "MSE": 4890.590034208113,
    "MAPE": 0.04573748160098595,
    "ACMAPE": 0.6311033352595226
=======
    "R2": 0.9760676372799943,
    "RMSE": 73.00500225379137,
    "MSE": 5329.730354076083,
    "MAPE": 0.05045270334393546,
    "ACMAPE": 0.5893609495692549
>>>>>>> d5f42532be6a9c18a5da3fb21b671ebbe5b6efbf
}