{
    "R2": 0.9767652796736107,
    "RMSE": 71.6966789491421,
    "MSE": 5140.413772336355,
    "MAPE": 0.05288786368910214,
    "ACMAPE": 1.1229223068578738
}