{
    "R2": 0.9746277061840823,
    "RMSE": 77.9386398729026,
    "MSE": 6074.431585238003,
    "MAPE": 0.05654925562401022,
    "ACMAPE": 1.0292765283512828
}