{
    "DOWN": {
        "precision": 0.7294117647058823,
        "recall": 0.8157894736842105,
        "f1-score": 0.7701863354037266,
        "support": 152.0
    },
    "UP": {
        "precision": 0.44,
        "recall": 0.3235294117647059,
        "f1-score": 0.3728813559322034,
        "support": 68.0
    },
    "accuracy": 0.6636363636363637,
    "macro avg": {
        "precision": 0.5847058823529412,
        "recall": 0.5696594427244582,
        "f1-score": 0.5715338456679651,
        "support": 220.0
    },
    "weighted avg": {
        "precision": 0.6399572192513369,
        "recall": 0.6636363636363637,
        "f1-score": 0.6473829781125285,
        "support": 220.0
    }
}