{
    "R2": 0.9335745191334516,
    "RMSE": 30.88781884665924,
    "MSE": 954.0573531040377,
    "MAPE": 0.10343173055968191,
    "ACMAPE": 1.1181232095018954
}