{
    "DOWN": {
        "precision": 0.7663331371394938,
        "recall": 0.4373530399731273,
        "f1-score": 0.5568862275449101,
        "support": 2977.0
    },
    "UP": {
        "precision": 0.2976939203354298,
        "recall": 0.6413730803974707,
        "f1-score": 0.4066437571592211,
        "support": 1107.0
    },
    "accuracy": 0.4926542605288932,
    "macro avg": {
        "precision": 0.5320135287374618,
        "recall": 0.539363060185299,
        "f1-score": 0.4817649923520656,
        "support": 4084.0
    },
    "weighted avg": {
        "precision": 0.6393048283730641,
        "recall": 0.4926542605288932,
        "f1-score": 0.5161618360863014,
        "support": 4084.0
    }
}