{
    "DOWN": {
        "precision": 0.6666666666666666,
        "recall": 0.13230769230769232,
        "f1-score": 0.22079589216944803,
        "support": 650.0
    },
    "UP": {
        "precision": 0.3691275167785235,
        "recall": 0.8847184986595175,
        "f1-score": 0.520915548539858,
        "support": 373.0
    },
    "accuracy": 0.4066471163245357,
    "macro avg": {
        "precision": 0.5178970917225951,
        "recall": 0.5085130954836049,
        "f1-score": 0.37085572035465303,
        "support": 1023.0
    },
    "weighted avg": {
        "precision": 0.5581797625530035,
        "recall": 0.4066471163245357,
        "f1-score": 0.3302236847658927,
        "support": 1023.0
    }
}