{
    "R2": 0.9579211786762302,
    "RMSE": 439.7908553640144,
    "MSE": 193415.99646181145,
    "MAPE": 1.149496640220267,
    "ACMAPE": 2.7426160580171577
}