{
    "R2": 0.7440636589194325,
    "RMSE": 391.66796046134914,
    "MSE": 153403.79125195293,
    "MAPE": 0.08065252591936824,
    "ACMAPE": 1.5028161143098695
}