{
    "DOWN": {
        "precision": 0.6283783783783784,
        "recall": 0.15525876460767946,
        "f1-score": 0.248995983935743,
        "support": 599.0
    },
    "UP": {
        "precision": 0.35459183673469385,
        "recall": 0.8348348348348348,
        "f1-score": 0.49776186213070733,
        "support": 333.0
    },
    "accuracy": 0.398068669527897,
    "macro avg": {
        "precision": 0.4914851075565361,
        "recall": 0.4950467997212571,
        "f1-score": 0.3733789230332252,
        "support": 932.0
    },
    "weighted avg": {
        "precision": 0.5305555045936714,
        "recall": 0.398068669527897,
        "f1-score": 0.3378790713165618,
        "support": 932.0
    }
}