{
<<<<<<< HEAD
    "R2": 0.8442747858204398,
    "RMSE": 153.55728142019362,
    "MSE": 23579.83867716054,
    "MAPE": 0.020064331332274456,
    "ACMAPE": 0.7343500456179887
=======
    "R2": 0.8005782208002008,
    "RMSE": 173.77097570493623,
    "MSE": 30196.351997445534,
    "MAPE": 0.025500835653880748,
    "ACMAPE": 0.7145764659059816
>>>>>>> d5f42532be6a9c18a5da3fb21b671ebbe5b6efbf
}