{
    "DOWN": {
<<<<<<< HEAD
        "precision": 0.6283783783783784,
        "recall": 0.15525876460767946,
        "f1-score": 0.248995983935743,
        "support": 599.0
    },
    "UP": {
        "precision": 0.35459183673469385,
        "recall": 0.8348348348348348,
        "f1-score": 0.49776186213070733,
        "support": 333.0
    },
    "accuracy": 0.398068669527897,
    "macro avg": {
        "precision": 0.4914851075565361,
        "recall": 0.4950467997212571,
        "f1-score": 0.3733789230332252,
        "support": 932.0
    },
    "weighted avg": {
        "precision": 0.5305555045936714,
        "recall": 0.398068669527897,
        "f1-score": 0.3378790713165618,
=======
        "precision": 0.6432584269662921,
        "recall": 0.3823038397328882,
        "f1-score": 0.4795811518324607,
        "support": 599.0
    },
    "UP": {
        "precision": 0.3576388888888889,
        "recall": 0.6186186186186187,
        "f1-score": 0.4532453245324533,
        "support": 333.0
    },
    "accuracy": 0.4667381974248927,
    "macro avg": {
        "precision": 0.5004486579275905,
        "recall": 0.5004612291757534,
        "f1-score": 0.466413238182457,
        "support": 932.0
    },
    "weighted avg": {
        "precision": 0.5412076692626706,
        "recall": 0.46673819742489275,
        "f1-score": 0.4701714624645396,
>>>>>>> d5f42532be6a9c18a5da3fb21b671ebbe5b6efbf
        "support": 932.0
    }
}