{
    "DOWN": {
        "precision": 0.5,
        "recall": 0.012422360248447204,
        "f1-score": 0.02424242424242424,
        "support": 161.0
    },
    "UP": {
        "precision": 0.32051282051282054,
        "recall": 0.974025974025974,
        "f1-score": 0.482315112540193,
        "support": 77.0
    },
    "accuracy": 0.3235294117647059,
    "macro avg": {
        "precision": 0.41025641025641024,
        "recall": 0.4932241671372106,
        "f1-score": 0.25327876839130864,
        "support": 238.0
    },
    "weighted avg": {
        "precision": 0.4419306184012067,
        "recall": 0.3235294117647059,
        "f1-score": 0.17244241163287885,
        "support": 238.0
    }
}