{
    "R2": 0.9897940429940569,
    "RMSE": 118.68837991528902,
    "MSE": 14086.931526915983,
    "MAPE": 0.06657964548063343,
    "ACMAPE": 0.9901465244615252
}