{
    "DOWN": {
        "precision": 0.6679841897233202,
        "recall": 0.2784184514003295,
        "f1-score": 0.3930232558139535,
        "support": 607.0
    },
    "UP": {
        "precision": 0.3688760806916426,
        "recall": 0.7529411764705882,
        "f1-score": 0.495164410058027,
        "support": 340.0
    },
    "accuracy": 0.44878563885955647,
    "macro avg": {
        "precision": 0.5184301352074814,
        "recall": 0.5156798139354588,
        "f1-score": 0.44409383293599025,
        "support": 947.0
    },
    "weighted avg": {
        "precision": 0.560595850683436,
        "recall": 0.44878563885955647,
        "f1-score": 0.4296948423429767,
        "support": 947.0
    }
}