{
    "DOWN": {
        "precision": 0.7159090909090909,
        "recall": 0.782608695652174,
        "f1-score": 0.7477744807121662,
        "support": 161.0
    },
    "UP": {
        "precision": 0.43548387096774194,
        "recall": 0.35064935064935066,
        "f1-score": 0.38848920863309355,
        "support": 77.0
    },
    "accuracy": 0.6428571428571429,
    "macro avg": {
        "precision": 0.5756964809384164,
        "recall": 0.5666290231507622,
        "f1-score": 0.5681318446726299,
        "support": 238.0
    },
    "weighted avg": {
        "precision": 0.6251832844574781,
        "recall": 0.6428571428571429,
        "f1-score": 0.6315351279807014,
        "support": 238.0
    }
}