{
    "R2": 0.8922825667659252,
    "RMSE": 127.71265821950453,
    "MSE": 16310.523069491977,
    "MAPE": 0.016110880155083544,
    "ACMAPE": 0.8396402919197894
}