{
    "R2": 0.9916943796516625,
    "RMSE": 49.0811813954628,
    "MSE": 2408.962367174324,
    "MAPE": 0.02460131386426673,
    "ACMAPE": 0.7654477237548992
}