{
    "DOWN": {
        "precision": 0.7341040462427746,
        "recall": 0.703601108033241,
        "f1-score": 0.7185289957567186,
        "support": 1444.0
    },
    "UP": {
        "precision": 0.4047287899860918,
        "recall": 0.44157814871016693,
        "f1-score": 0.4223512336719884,
        "support": 659.0
    },
    "accuracy": 0.6214931050879696,
    "macro avg": {
        "precision": 0.5694164181144332,
        "recall": 0.572589628371704,
        "f1-score": 0.5704401147143535,
        "support": 2103.0
    },
    "weighted avg": {
        "precision": 0.6308904019854499,
        "recall": 0.6214931050879696,
        "f1-score": 0.6257181801533722,
        "support": 2103.0
    }
}