{
    "R2": -2.356431215602144,
    "RMSE": 279.8164660207273,
    "MSE": 78297.25465632883,
    "MAPE": 0.4709162120035595,
    "ACMAPE": 1.844501117663937
}