{
    "DOWN": {
        "precision": 0.6838602329450915,
        "recall": 0.2822802197802198,
        "f1-score": 0.39961108410306273,
        "support": 1456.0
    },
    "UP": {
        "precision": 0.31340341655716164,
        "recall": 0.7151424287856072,
        "f1-score": 0.43581544084056645,
        "support": 667.0
    },
    "accuracy": 0.4182760244936411,
    "macro avg": {
        "precision": 0.49863182475112655,
        "recall": 0.4987113242829135,
        "f1-score": 0.4177132624718146,
        "support": 2123.0
    },
    "weighted avg": {
        "precision": 0.5674708327892982,
        "recall": 0.4182760244936411,
        "f1-score": 0.410985698301798,
        "support": 2123.0
    }
}