{
    "DOWN": {
        "precision": 0.7127659574468085,
        "recall": 0.18406593406593408,
        "f1-score": 0.2925764192139738,
        "support": 364.0
    },
    "UP": {
        "precision": 0.31880733944954126,
        "recall": 0.8373493975903614,
        "f1-score": 0.46179401993355484,
        "support": 166.0
    },
    "accuracy": 0.3886792452830189,
    "macro avg": {
        "precision": 0.5157866484481749,
        "recall": 0.5107076658281477,
        "f1-score": 0.37718521957376433,
        "support": 530.0
    },
    "weighted avg": {
        "precision": 0.5893751450174757,
        "recall": 0.3886792452830189,
        "f1-score": 0.3455766488733143,
        "support": 530.0
    }
}