{
    "R2": 0.9918049699035971,
    "RMSE": 48.75332570491675,
    "MSE": 2376.886767289696,
    "MAPE": 0.022984206960810574,
    "ACMAPE": 0.7799979967848714
}