{
    "R2": 0.9568827387418944,
    "RMSE": 39.602799139900306,
    "MSE": 1568.3816997152885,
    "MAPE": 0.05148481287641137,
    "ACMAPE": 0.9284619657762356
}