{
    "DOWN": {
        "precision": 0.6018957345971564,
        "recall": 0.7570789865871833,
        "f1-score": 0.6706270627062706,
        "support": 671.0
    },
    "UP": {
        "precision": 0.445578231292517,
        "recall": 0.28051391862955033,
        "f1-score": 0.3442838370565046,
        "support": 467.0
    },
    "accuracy": 0.5615114235500879,
    "macro avg": {
        "precision": 0.5237369829448367,
        "recall": 0.5187964526083668,
        "f1-score": 0.5074554498813876,
        "support": 1138.0
    },
    "weighted avg": {
        "precision": 0.5377478663693299,
        "recall": 0.5615114235500879,
        "f1-score": 0.5367058971716128,
        "support": 1138.0
    }
}