{
    "R2": 0.7063749818964171,
    "RMSE": 16.724850767855763,
    "MSE": 279.72063320704547,
    "MAPE": 0.019531458150458737,
    "ACMAPE": 1.0964545350735355
}