{
    "R2": 0.7344637150268702,
    "RMSE": 15.904779792212747,
    "MSE": 252.96202023877893,
    "MAPE": 0.018177569718269615,
    "ACMAPE": 1.0643314158721155
}