{
    "DOWN": {
        "precision": 0.7161290322580646,
        "recall": 0.6981132075471698,
        "f1-score": 0.7070063694267515,
        "support": 159.0
    },
    "UP": {
        "precision": 0.5,
        "recall": 0.5217391304347826,
        "f1-score": 0.5106382978723404,
        "support": 92.0
    },
    "accuracy": 0.6334661354581673,
    "macro avg": {
        "precision": 0.6080645161290323,
        "recall": 0.6099261689909762,
        "f1-score": 0.608822333649546,
        "support": 251.0
    },
    "weighted avg": {
        "precision": 0.6369104228248298,
        "recall": 0.6334661354581673,
        "f1-score": 0.635030821287286,
        "support": 251.0
    }
}