{
    "DOWN": {
        "precision": 0.7321428571428571,
        "recall": 0.754601226993865,
        "f1-score": 0.7432024169184289,
        "support": 1630.0
    },
    "UP": {
        "precision": 0.38650306748466257,
        "recall": 0.358974358974359,
        "f1-score": 0.37223042836041353,
        "support": 702.0
    },
    "accuracy": 0.6355060034305318,
    "macro avg": {
        "precision": 0.5593229623137599,
        "recall": 0.556787792984112,
        "f1-score": 0.5577164226394212,
        "support": 2332.0
    },
    "weighted avg": {
        "precision": 0.6280952017654761,
        "recall": 0.6355060034305318,
        "f1-score": 0.6315290309974482,
        "support": 2332.0
    }
}