{
    "R2": 0.8708131093095857,
    "RMSE": 11.682875516601786,
    "MSE": 136.48958033641347,
    "MAPE": 0.023832066896318522,
    "ACMAPE": 1.3240035934829395
}