{
    "R2": 0.9120189881302441,
    "RMSE": 9.641286813639233,
    "MSE": 92.95441142285375,
    "MAPE": 0.01607906041353046,
    "ACMAPE": 0.770796041545606
}