{
<<<<<<< HEAD
    "R2": 0.9057381124108393,
    "RMSE": 9.97949563461477,
    "MSE": 99.59033312129526,
    "MAPE": 0.01701808037994459,
    "ACMAPE": 0.7477213393850904
=======
    "R2": 0.9120189881302441,
    "RMSE": 9.641286813639233,
    "MSE": 92.95441142285375,
    "MAPE": 0.01607906041353046,
    "ACMAPE": 0.770796041545606
>>>>>>> d5f42532be6a9c18a5da3fb21b671ebbe5b6efbf
}