{
    "DOWN": {
        "precision": 0.6986301369863014,
        "recall": 0.9272727272727272,
        "f1-score": 0.796875,
        "support": 110.0
    },
    "UP": {
        "precision": 0.6521739130434783,
        "recall": 0.2542372881355932,
        "f1-score": 0.36585365853658536,
        "support": 59.0
    },
    "accuracy": 0.6923076923076923,
    "macro avg": {
        "precision": 0.6754020250148898,
        "recall": 0.5907550077041602,
        "f1-score": 0.5813643292682926,
        "support": 169.0
    },
    "weighted avg": {
        "precision": 0.6824116919411738,
        "recall": 0.6923076923076923,
        "f1-score": 0.6464000938086304,
        "support": 169.0
    }
}