{
    "R2": 0.97916855452437,
    "RMSE": 58.48628377585913,
    "MSE": 3420.6453899103226,
    "MAPE": 0.02236681053725119,
    "ACMAPE": 0.9126107129762755
}