{
    "R2": 0.19995021364709065,
    "RMSE": 43.55867475537238,
    "MSE": 1897.3581464443148,
    "MAPE": 0.021899795135085737,
    "ACMAPE": 1.0885664618017523
}