{
    "DOWN": {
        "precision": 0.7111111111111111,
        "recall": 1.0,
        "f1-score": 0.8311688311688311,
        "support": 32.0
    },
    "UP": {
        "precision": 0.0,
        "recall": 0.0,
        "f1-score": 0.0,
        "support": 13.0
    },
    "accuracy": 0.7111111111111111,
    "macro avg": {
        "precision": 0.35555555555555557,
        "recall": 0.5,
        "f1-score": 0.41558441558441556,
        "support": 45.0
    },
    "weighted avg": {
        "precision": 0.505679012345679,
        "recall": 0.7111111111111111,
        "f1-score": 0.591053391053391,
        "support": 45.0
    }
}