{
    "DOWN": {
        "precision": 0.7681159420289855,
        "recall": 0.4818181818181818,
        "f1-score": 0.5921787709497207,
        "support": 110.0
    },
    "UP": {
        "precision": 0.4,
        "recall": 0.7037037037037037,
        "f1-score": 0.5100671140939598,
        "support": 54.0
    },
    "accuracy": 0.5548780487804879,
    "macro avg": {
        "precision": 0.5840579710144927,
        "recall": 0.5927609427609428,
        "f1-score": 0.5511229425218402,
        "support": 164.0
    },
    "weighted avg": {
        "precision": 0.6469070342877341,
        "recall": 0.5548780487804879,
        "f1-score": 0.565142005887458,
        "support": 164.0
    }
}