{
    "R2": -0.3713198613093114,
    "RMSE": 57.02765773466811,
    "MSE": 3252.1537467024514,
    "MAPE": 0.02821346044729691,
    "ACMAPE": 0.6504356826695191
}