{
    "DOWN": {
        "precision": 0.7142857142857143,
        "recall": 0.9375,
        "f1-score": 0.8108108108108109,
        "support": 32.0
    },
    "UP": {
        "precision": 0.3333333333333333,
        "recall": 0.07692307692307693,
        "f1-score": 0.125,
        "support": 13.0
    },
    "accuracy": 0.6888888888888889,
    "macro avg": {
        "precision": 0.5238095238095238,
        "recall": 0.5072115384615384,
        "f1-score": 0.46790540540540543,
        "support": 45.0
    },
    "weighted avg": {
        "precision": 0.6042328042328042,
        "recall": 0.6888888888888889,
        "f1-score": 0.6126876876876877,
        "support": 45.0
    }
}