{
<<<<<<< HEAD
    "R2": 0.977216336412566,
    "RMSE": 70.11467154307836,
    "MSE": 4916.067165593761,
    "MAPE": 0.24803802074568823,
    "ACMAPE": 1.063341450824844
=======
    "R2": 0.9778795214223899,
    "RMSE": 69.08668964427551,
    "MSE": 4772.970686004445,
    "MAPE": 0.2394131231454077,
    "ACMAPE": 1.0599935980794446
>>>>>>> d5f42532be6a9c18a5da3fb21b671ebbe5b6efbf
}