{
    "DOWN": {
        "precision": 0.8913043478260869,
        "recall": 0.7592592592592593,
        "f1-score": 0.8200000000000001,
        "support": 162.0
    },
    "UP": {
        "precision": 0.30357142857142855,
        "recall": 0.53125,
        "f1-score": 0.38636363636363635,
        "support": 32.0
    },
    "accuracy": 0.7216494845360825,
    "macro avg": {
        "precision": 0.5974378881987578,
        "recall": 0.6452546296296297,
        "f1-score": 0.6031818181818183,
        "support": 194.0
    },
    "weighted avg": {
        "precision": 0.7943587116603702,
        "recall": 0.7216494845360825,
        "f1-score": 0.7484723523898782,
        "support": 194.0
    }
}