{
    "R2": -84.06085109934833,
    "RMSE": 182.00071170560048,
    "MSE": 33124.2590613451,
    "MAPE": 0.6103975528298109,
    "ACMAPE": 2.2495728105617694
}