{
<<<<<<< HEAD
    "R2": -76.95171229044634,
    "RMSE": 174.22924474495642,
    "MSE": 30355.82972439792,
    "MAPE": 1.1276955246986946,
    "ACMAPE": 1.6328501638739523
=======
    "R2": -79.97414343795565,
    "RMSE": 177.5748292228119,
    "MSE": 31532.819973510814,
    "MAPE": 1.1066421584383326,
    "ACMAPE": 1.6117967976135903
>>>>>>> d5f42532be6a9c18a5da3fb21b671ebbe5b6efbf
}