{
    "R2": 0.9823136061431568,
    "RMSE": 62.82533576918941,
    "MSE": 3947.02281451139,
    "MAPE": 0.09321620858514257,
    "ACMAPE": 0.8875606815928546
}