{
    "DOWN": {
        "precision": 0.6849557522123894,
        "recall": 0.747104247104247,
        "f1-score": 0.7146814404432134,
        "support": 518.0
    },
    "UP": {
        "precision": 0.32124352331606215,
        "recall": 0.25833333333333336,
        "f1-score": 0.2863741339491917,
        "support": 240.0
    },
    "accuracy": 0.5923482849604221,
    "macro avg": {
        "precision": 0.5030996377642257,
        "recall": 0.5027187902187902,
        "f1-score": 0.5005277871962025,
        "support": 758.0
    },
    "weighted avg": {
        "precision": 0.5697962074431038,
        "recall": 0.5923482849604221,
        "f1-score": 0.5790696283606734,
        "support": 758.0
    }
}