{
    "DOWN": {
        "precision": 0.6883561643835616,
        "recall": 0.38140417457305503,
        "f1-score": 0.4908424908424909,
        "support": 527.0
    },
    "UP": {
        "precision": 0.32224532224532226,
        "recall": 0.6300813008130082,
        "f1-score": 0.4264099037138927,
        "support": 246.0
    },
    "accuracy": 0.46054333764553684,
    "macro avg": {
        "precision": 0.505300743314442,
        "recall": 0.5057427376930316,
        "f1-score": 0.45862619727819176,
        "support": 773.0
    },
    "weighted avg": {
        "precision": 0.571844822642285,
        "recall": 0.46054333764553684,
        "f1-score": 0.47033742430479986,
        "support": 773.0
    }
}