{
    "R2": -96.6619011456846,
    "RMSE": 195.0162546814825,
    "MSE": 38031.33958999285,
    "MAPE": 1.3975702937145273,
    "ACMAPE": 1.9542713246423624
}