{
    "DOWN": {
<<<<<<< HEAD
        "precision": 0.6849557522123894,
        "recall": 0.747104247104247,
        "f1-score": 0.7146814404432134,
        "support": 518.0
    },
    "UP": {
        "precision": 0.32124352331606215,
        "recall": 0.25833333333333336,
        "f1-score": 0.2863741339491917,
        "support": 240.0
    },
    "accuracy": 0.5923482849604221,
    "macro avg": {
        "precision": 0.5030996377642257,
        "recall": 0.5027187902187902,
        "f1-score": 0.5005277871962025,
        "support": 758.0
    },
    "weighted avg": {
        "precision": 0.5697962074431038,
        "recall": 0.5923482849604221,
        "f1-score": 0.5790696283606734,
=======
        "precision": 0.6831858407079646,
        "recall": 0.7451737451737451,
        "f1-score": 0.7128347183748845,
        "support": 518.0
    },
    "UP": {
        "precision": 0.3160621761658031,
        "recall": 0.25416666666666665,
        "f1-score": 0.28175519630484985,
        "support": 240.0
    },
    "accuracy": 0.5897097625329816,
    "macro avg": {
        "precision": 0.49962400843688387,
        "recall": 0.4996702059202059,
        "f1-score": 0.49729495733986717,
        "support": 758.0
    },
    "weighted avg": {
        "precision": 0.5669461580033225,
        "recall": 0.5897097625329816,
        "f1-score": 0.5763451599358235,
>>>>>>> d5f42532be6a9c18a5da3fb21b671ebbe5b6efbf
        "support": 758.0
    }
}