{
    "R2": 0.8890979086611923,
    "RMSE": 16.53132583887164,
    "MSE": 273.2847339909452,
    "MAPE": 0.0651402338879044,
    "ACMAPE": 1.3720071866776038
}