{
    "R2": 0.9828455064133101,
    "RMSE": 25.876759265312415,
    "MSE": 669.6066700749319,
    "MAPE": 0.035914278985448855,
    "ACMAPE": 0.903351762179856
}