{
    "DOWN": {
        "precision": 0.9208282582216809,
        "recall": 0.2136196665724781,
        "f1-score": 0.3467889908256881,
        "support": 3539.0
    },
    "UP": {
        "precision": 0.04298486932599725,
        "recall": 0.6578947368421053,
        "f1-score": 0.08069722401549388,
        "support": 190.0
    },
    "accuracy": 0.23625636899973182,
    "macro avg": {
        "precision": 0.48190656377383906,
        "recall": 0.4357572017072917,
        "f1-score": 0.213743107420591,
        "support": 3729.0
    },
    "weighted avg": {
        "precision": 0.8761003837539469,
        "recall": 0.23625636899973182,
        "f1-score": 0.33323108369403437,
        "support": 3729.0
    }
}