{
    "DOWN": {
        "precision": 0.6546184738955824,
        "recall": 0.9005524861878453,
        "f1-score": 0.758139534883721,
        "support": 181.0
    },
    "UP": {
        "precision": 0.21739130434782608,
        "recall": 0.054945054945054944,
        "f1-score": 0.08771929824561403,
        "support": 91.0
    },
    "accuracy": 0.6176470588235294,
    "macro avg": {
        "precision": 0.4360048891217042,
        "recall": 0.47774877056645015,
        "f1-score": 0.42292941656466754,
        "support": 272.0
    },
    "weighted avg": {
        "precision": 0.5083402664365904,
        "recall": 0.6176470588235294,
        "f1-score": 0.5338445292437661,
        "support": 272.0
    }
}