{
    "R2": 0.9540369157729984,
    "RMSE": 12.241230280172191,
    "MSE": 149.84771877220453,
    "MAPE": 0.06623362263019095,
    "ACMAPE": 0.7451327051989982
}