{
    "R2": 0.6109614572202301,
    "RMSE": 14.304423237274717,
    "MSE": 204.6165241510849,
    "MAPE": 0.06785020979975238,
    "ACMAPE": 1.1854972686232819
}