{
    "R2": 0.9813190608993874,
    "RMSE": 5.508436678064134,
    "MSE": 30.34287463624224,
    "MAPE": 0.03705315892051314,
    "ACMAPE": 0.7865858692008871
}