{
    "R2": 0.6256461071950363,
    "RMSE": 14.031859044025294,
    "MSE": 196.89306823139444,
    "MAPE": 0.0668018405159785,
    "ACMAPE": 1.1770959581630374
}