{
    "R2": 0.967149172303173,
    "RMSE": 48.71192220475391,
    "MSE": 2372.851364881997,
    "MAPE": 0.029531589233830157,
    "ACMAPE": 0.7792990310942953
}