{
    "R2": 0.9789443940026816,
    "RMSE": 36.806629705811325,
    "MSE": 1354.7279903007125,
    "MAPE": 0.0430496076161913,
    "ACMAPE": 1.2411848057513895
}