{
    "R2": 0.970129817915988,
    "RMSE": 43.83417126519245,
    "MSE": 1921.434570506224,
    "MAPE": 0.06401828741449604,
    "ACMAPE": 1.1457412210582678
}