{
    "R2": -0.5684579205431939,
    "RMSE": 336.58793539185626,
    "MSE": 113291.43825135242,
    "MAPE": 0.20813195722472408,
    "ACMAPE": 0.95603893396891
}