{
    "DOWN": {
        "precision": 0.6484983314794216,
        "recall": 0.8340486409155937,
        "f1-score": 0.7296620775969963,
        "support": 699.0
    },
    "UP": {
        "precision": 0.45794392523364486,
        "recall": 0.23671497584541062,
        "f1-score": 0.31210191082802546,
        "support": 414.0
    },
    "accuracy": 0.6118598382749326,
    "macro avg": {
        "precision": 0.5532211283565333,
        "recall": 0.5353818083805022,
        "f1-score": 0.5208819942125109,
        "support": 1113.0
    },
    "weighted avg": {
        "precision": 0.5776182558408308,
        "recall": 0.6118598382749326,
        "f1-score": 0.5743432015481608,
        "support": 1113.0
    }
}