{
    "DOWN": {
        "precision": 0.6666666666666666,
        "recall": 0.025477707006369428,
        "f1-score": 0.049079754601226995,
        "support": 2826.0
    },
    "UP": {
        "precision": 0.36470588235294116,
        "recall": 0.9777365491651205,
        "f1-score": 0.53125,
        "support": 1617.0
    },
    "accuracy": 0.3720459149223498,
    "macro avg": {
        "precision": 0.5156862745098039,
        "recall": 0.501607128085745,
        "f1-score": 0.2901648773006135,
        "support": 4443.0
    },
    "weighted avg": {
        "precision": 0.5567700679191326,
        "recall": 0.3720459149223498,
        "f1-score": 0.22456237598538542,
        "support": 4443.0
    }
}