{
    "R2": 0.9986551158511872,
    "RMSE": 25.998173097234424,
    "MSE": 675.9050043937639,
    "MAPE": 0.26001190162331633,
    "ACMAPE": 1.4663967937096474
}