{
    "DOWN": {
        "precision": 0.6439024390243903,
        "recall": 0.1888412017167382,
        "f1-score": 0.2920353982300885,
        "support": 699.0
    },
    "UP": {
        "precision": 0.3755506607929515,
        "recall": 0.8236714975845411,
        "f1-score": 0.5158850226928895,
        "support": 414.0
    },
    "accuracy": 0.4249775381850854,
    "macro avg": {
        "precision": 0.509726549908671,
        "recall": 0.5062563496506396,
        "f1-score": 0.403960210461489,
        "support": 1113.0
    },
    "weighted avg": {
        "precision": 0.5440842573641786,
        "recall": 0.4249775381850854,
        "f1-score": 0.3753002181111304,
        "support": 1113.0
    }
}