{
    "DOWN": {
        "precision": 0.9280510018214936,
        "recall": 0.9854932301740812,
        "f1-score": 0.9559099437148219,
        "support": 1034.0
    },
    "UP": {
        "precision": 0.21052631578947367,
        "recall": 0.04819277108433735,
        "f1-score": 0.07843137254901962,
        "support": 83.0
    },
    "accuracy": 0.9158460161145927,
    "macro avg": {
        "precision": 0.5692886588054836,
        "recall": 0.5168430006292093,
        "f1-score": 0.5171706581319208,
        "support": 1117.0
    },
    "weighted avg": {
        "precision": 0.8747344853124,
        "recall": 0.9158460161145927,
        "f1-score": 0.8907078654634686,
        "support": 1117.0
    }
}