{
    "R2": 0.9940327563290062,
    "RMSE": 4.282017573627646,
    "MSE": 18.335674500855987,
    "MAPE": 0.059590303872728595,
    "ACMAPE": 0.5517603262440933
}