{
    "DOWN": {
        "precision": 0.7843799234751294,
        "recall": 0.9974241556954779,
        "f1-score": 0.8781655537356684,
        "support": 3494.0
    },
    "UP": {
        "precision": 0.47058823529411764,
        "recall": 0.008281573498964804,
        "f1-score": 0.01627670396744659,
        "support": 966.0
    },
    "accuracy": 0.7831838565022422,
    "macro avg": {
        "precision": 0.6274840793846235,
        "recall": 0.5028528645972213,
        "f1-score": 0.4472211288515575,
        "support": 4460.0
    },
    "weighted avg": {
        "precision": 0.7164151766628296,
        "recall": 0.7831838565022422,
        "f1-score": 0.6914873858262285,
        "support": 4460.0
    }
}