{
    "R2": 0.9927709227890241,
    "RMSE": 2.080161288417939,
    "MSE": 4.327070985832579,
    "MAPE": 0.017533526265913507,
    "ACMAPE": 1.8187868834727174
}