{
    "R2": 0.9847050311191441,
    "RMSE": 3.025727950645463,
    "MSE": 9.155029631317195,
    "MAPE": 0.036834674682321225,
    "ACMAPE": 0.1997711115668333
}