{
    "R2": 0.9909148985125775,
    "RMSE": 5.28770148858273,
    "MSE": 27.959787032360023,
    "MAPE": 0.3763376641665042,
    "ACMAPE": 0.8099699511620198
}