{
    "R2": 0.1405618603146762,
    "RMSE": 59.68828622466466,
    "MSE": 3562.691512437493,
    "MAPE": 0.5262903445929883,
    "ACMAPE": 1.577081745490697
}