{
    "DOWN": {
        "precision": 0.7969151670951157,
        "recall": 0.4836193447737909,
        "f1-score": 0.6019417475728155,
        "support": 3205.0
    },
    "UP": {
        "precision": 0.27980852915578763,
        "recall": 0.6194605009633911,
        "f1-score": 0.3854916067146283,
        "support": 1038.0
    },
    "accuracy": 0.5168512844685365,
    "macro avg": {
        "precision": 0.5383618481254516,
        "recall": 0.551539922868591,
        "f1-score": 0.4937166771437219,
        "support": 4243.0
    },
    "weighted avg": {
        "precision": 0.6704111156737104,
        "recall": 0.5168512844685365,
        "f1-score": 0.5489897687345411,
        "support": 4243.0
    }
}