{
    "DOWN": {
        "precision": 0.7654455986878076,
        "recall": 0.4381846635367762,
        "f1-score": 0.5573248407643312,
        "support": 3195.0
    },
    "UP": {
        "precision": 0.2533277870216306,
        "recall": 0.5867052023121387,
        "f1-score": 0.3538640325392214,
        "support": 1038.0
    },
    "accuracy": 0.47460429955114575,
    "macro avg": {
        "precision": 0.509386692854719,
        "recall": 0.5124449329244575,
        "f1-score": 0.4555944366517763,
        "support": 4233.0
    },
    "weighted avg": {
        "precision": 0.6398660360822106,
        "recall": 0.47460429955114575,
        "f1-score": 0.5074329629146586,
        "support": 4233.0
    }
}