{
    "R2": 0.9501637370128674,
    "RMSE": 14.388636262473844,
    "MSE": 207.03285349377728,
    "MAPE": 0.11176108035206972,
    "ACMAPE": 1.262303789176987
}