{
    "R2": 0.9770367303756815,
    "RMSE": 9.779906675576644,
    "MSE": 95.64657458298862,
    "MAPE": 0.05289226136961891,
    "ACMAPE": 1.019189692432546
}