{
    "R2": 0.9783910844811945,
    "RMSE": 2.355203862686546,
    "MSE": 5.546985234813627,
    "MAPE": 0.040881049284729735,
    "ACMAPE": 1.1242143826180633
}