{
    "DOWN": {
        "precision": 0.8602150537634409,
        "recall": 0.5369127516778524,
        "f1-score": 0.6611570247933884,
        "support": 149.0
    },
    "UP": {
        "precision": 0.33653846153846156,
        "recall": 0.7291666666666666,
        "f1-score": 0.46052631578947373,
        "support": 48.0
    },
    "accuracy": 0.583756345177665,
    "macro avg": {
        "precision": 0.5983767576509512,
        "recall": 0.6330397091722595,
        "f1-score": 0.5608416702914311,
        "support": 197.0
    },
    "weighted avg": {
        "precision": 0.7326187267238521,
        "recall": 0.583756345177665,
        "f1-score": 0.6122723850360895,
        "support": 197.0
    }
}