{
    "R2": -18.807323956379836,
    "RMSE": 4.5945114610771,
    "MSE": 21.109535565968823,
    "MAPE": 0.17214571402878182,
    "ACMAPE": 1.8521457140287818
}