{
    "R2": 0.9716660624574589,
    "RMSE": 3.6629713225307667,
    "MSE": 13.417358909682793,
    "MAPE": 0.05949267123254552,
    "ACMAPE": 0.8919799808772156
}