{
    "R2": 0.9675391161333389,
    "RMSE": 42.9533611537658,
    "MSE": 1844.9912344058364,
    "MAPE": 0.25676981732495063,
    "ACMAPE": 1.7576610829220987
}