{
    "R2": 0.30107384062651965,
    "RMSE": 10.033866306243098,
    "MSE": 100.67847305156052,
    "MAPE": 0.10750637637601086,
    "ACMAPE": 1.3655708925050432
}