{
    "R2": 0.5509381153127497,
    "RMSE": 8.042772044010118,
    "MSE": 64.68618215191069,
    "MAPE": 0.07843041283159417,
    "ACMAPE": 0.8203658967025619
}