{
    "R2": 0.9845877966513458,
    "RMSE": 25.355867614251995,
    "MSE": 642.9200224714731,
    "MAPE": 0.03278057880961488,
    "ACMAPE": 1.1372581907499135
}