{
    "R2": 0.4094201453171439,
    "RMSE": 27.01310288751799,
    "MSE": 729.7077276116329,
    "MAPE": 0.048687934966442345,
    "ACMAPE": 1.2816976437043064
}