{
    "DOWN": {
        "precision": 0.6547619047619048,
        "recall": 0.5360623781676414,
        "f1-score": 0.5894962486602358,
        "support": 513.0
    },
    "UP": {
        "precision": 0.40350877192982454,
        "recall": 0.5261437908496732,
        "f1-score": 0.45673758865248226,
        "support": 306.0
    },
    "accuracy": 0.5323565323565324,
    "macro avg": {
        "precision": 0.5291353383458647,
        "recall": 0.5311030845086573,
        "f1-score": 0.523116918656359,
        "support": 819.0
    },
    "weighted avg": {
        "precision": 0.5608871078795891,
        "recall": 0.5323565323565324,
        "f1-score": 0.5398941119540421,
        "support": 819.0
    }
}