{
    "DOWN": {
        "precision": 0.639686684073107,
        "recall": 0.4748062015503876,
        "f1-score": 0.5450500556173526,
        "support": 516.0
    },
    "UP": {
        "precision": 0.3854875283446712,
        "recall": 0.551948051948052,
        "f1-score": 0.4539385847797063,
        "support": 308.0
    },
    "accuracy": 0.5036407766990292,
    "macro avg": {
        "precision": 0.5125871062088891,
        "recall": 0.5133771267492198,
        "f1-score": 0.49949432019852946,
        "support": 824.0
    },
    "weighted avg": {
        "precision": 0.5446704947959733,
        "recall": 0.5036407766990292,
        "f1-score": 0.510993826226582,
        "support": 824.0
    }
}