{
    "DOWN": {
        "precision": 0.6182795698924731,
        "recall": 0.905511811023622,
        "f1-score": 0.7348242811501596,
        "support": 127.0
    },
    "UP": {
        "precision": 0.4,
        "recall": 0.10126582278481013,
        "f1-score": 0.16161616161616163,
        "support": 79.0
    },
    "accuracy": 0.5970873786407767,
    "macro avg": {
        "precision": 0.5091397849462366,
        "recall": 0.5033888169042161,
        "f1-score": 0.44822022138316064,
        "support": 206.0
    },
    "weighted avg": {
        "precision": 0.5345704144482722,
        "recall": 0.5970873786407767,
        "f1-score": 0.5150017498725584,
        "support": 206.0
    }
}