{
    "R2": 0.9878233066229831,
    "RMSE": 22.407790408287962,
    "MSE": 502.10907098176193,
    "MAPE": 0.025727890848334545,
    "ACMAPE": 0.9610148261352698
}