{
    "R2": 0.8493679763073769,
    "RMSE": 26.631269788197358,
    "MSE": 709.2245305317534,
    "MAPE": 0.07621431913177858,
    "ACMAPE": 0.8522760951935546
}