{
    "DOWN": {
        "precision": 0.7856540084388186,
        "recall": 0.5789800995024875,
        "f1-score": 0.6666666666666666,
        "support": 1608.0
    },
    "UP": {
        "precision": 0.23155505107832008,
        "recall": 0.44541484716157204,
        "f1-score": 0.3047050037341299,
        "support": 458.0
    },
    "accuracy": 0.5493707647628268,
    "macro avg": {
        "precision": 0.5086045297585693,
        "recall": 0.5121974733320298,
        "f1-score": 0.48568583520039826,
        "support": 2066.0
    },
    "weighted avg": {
        "precision": 0.6628189055970432,
        "recall": 0.5493707647628268,
        "f1-score": 0.586425407410567,
        "support": 2066.0
    }
}