{
<<<<<<< HEAD
    "R2": -8.464017919310422,
    "RMSE": 211.0916214493785,
    "MSE": 44559.67264612771,
    "MAPE": 0.6414268491593496,
    "ACMAPE": 1.4252106329431333
=======
    "R2": -8.584526694805763,
    "RMSE": 212.43132333197786,
    "MSE": 45127.06713257532,
    "MAPE": 0.6466793375212436,
    "ACMAPE": 1.4304631213050274
>>>>>>> d5f42532be6a9c18a5da3fb21b671ebbe5b6efbf
}