{
    "R2": 0.9127935136951636,
    "RMSE": 5.355996144023263,
    "MSE": 28.686694694792063,
    "MAPE": 0.041197590315760674,
    "ACMAPE": 1.0814693030765565
}