{
    "DOWN": {
        "precision": 0.6086956521739131,
        "recall": 0.9777777777777777,
        "f1-score": 0.7503045066991474,
        "support": 315.0
    },
    "UP": {
        "precision": 0.4166666666666667,
        "recall": 0.024630541871921183,
        "f1-score": 0.046511627906976744,
        "support": 203.0
    },
    "accuracy": 0.6042471042471043,
    "macro avg": {
        "precision": 0.5126811594202899,
        "recall": 0.5012041598248494,
        "f1-score": 0.39840806730306205,
        "support": 518.0
    },
    "weighted avg": {
        "precision": 0.5334410497453976,
        "recall": 0.6042471042471043,
        "f1-score": 0.4744937839292427,
        "support": 518.0
    }
}