{
    "R2": 0.9506480904862937,
    "RMSE": 4.0271975392765365,
    "MSE": 16.218320020354987,
    "MAPE": 0.02806648812638477,
    "ACMAPE": 0.48098778218722504
}