{
    "R2": 0.0827878675827467,
    "RMSE": 15.095309010041479,
    "MSE": 227.86835410863944,
    "MAPE": 0.06962517727631135,
    "ACMAPE": 1.6053394629905968
}