{
    "R2": 0.9676521127777319,
    "RMSE": 14.73363342304992,
    "MSE": 217.07995384481367,
    "MAPE": 0.03282912598499446,
    "ACMAPE": 0.8365674437420039
}