{
    "DOWN": {
        "precision": 0.6859504132231405,
        "recall": 0.6240601503759399,
        "f1-score": 0.6535433070866142,
        "support": 133.0
    },
    "UP": {
        "precision": 0.39759036144578314,
        "recall": 0.4647887323943662,
        "f1-score": 0.42857142857142855,
        "support": 71.0
    },
    "accuracy": 0.5686274509803921,
    "macro avg": {
        "precision": 0.5417703873344618,
        "recall": 0.544424441385153,
        "f1-score": 0.5410573678290214,
        "support": 204.0
    },
    "weighted avg": {
        "precision": 0.5855898069672956,
        "recall": 0.5686274509803921,
        "f1-score": 0.5752442709367211,
        "support": 204.0
    }
}