{
    "DOWN": {
        "precision": 0.7142857142857143,
        "recall": 0.7971014492753623,
        "f1-score": 0.7534246575342466,
        "support": 138.0
    },
    "UP": {
        "precision": 0.4909090909090909,
        "recall": 0.38028169014084506,
        "f1-score": 0.42857142857142855,
        "support": 71.0
    },
    "accuracy": 0.6555023923444976,
    "macro avg": {
        "precision": 0.6025974025974026,
        "recall": 0.5886915697081037,
        "f1-score": 0.5909980430528375,
        "support": 209.0
    },
    "weighted avg": {
        "precision": 0.6384017895979619,
        "recall": 0.6555023923444976,
        "f1-score": 0.6430678189870691,
        "support": 209.0
    }
}