{
    "R2": 0.9818999137848164,
    "RMSE": 12.684988249627903,
    "MSE": 160.908926893198,
    "MAPE": 0.02758228707117635,
    "ACMAPE": 0.7947055747424092
}