{
    "DOWN": {
        "precision": 0.7254901960784313,
        "recall": 0.7449664429530202,
        "f1-score": 0.7350993377483444,
        "support": 149.0
    },
    "UP": {
        "precision": 0.4647887323943662,
        "recall": 0.44,
        "f1-score": 0.4520547945205479,
        "support": 75.0
    },
    "accuracy": 0.6428571428571429,
    "macro avg": {
        "precision": 0.5951394642363987,
        "recall": 0.5924832214765101,
        "f1-score": 0.5935770661344462,
        "support": 224.0
    },
    "weighted avg": {
        "precision": 0.6382017595770703,
        "recall": 0.6428571428571429,
        "f1-score": 0.640329959435466,
        "support": 224.0
    }
}