{
    "DOWN": {
        "precision": 0.5706521739130435,
        "recall": 0.17826825127334464,
        "f1-score": 0.2716688227684346,
        "support": 589.0
    },
    "UP": {
        "precision": 0.3538050734312417,
        "recall": 0.7703488372093024,
        "f1-score": 0.48490393412625804,
        "support": 344.0
    },
    "accuracy": 0.3965702036441586,
    "macro avg": {
        "precision": 0.46222862367214257,
        "recall": 0.4743085442413235,
        "f1-score": 0.37828637844734636,
        "support": 933.0
    },
    "weighted avg": {
        "precision": 0.49069997394976395,
        "recall": 0.3965702036441586,
        "f1-score": 0.3502892711147275,
        "support": 933.0
    }
}