{
<<<<<<< HEAD
    "R2": 0.9055894266651703,
    "RMSE": 664.4464152898537,
    "MSE": 441489.03879153676,
    "MAPE": 0.06615403444371423,
    "ACMAPE": 1.3537076825123837
=======
    "R2": 0.9233436588006629,
    "RMSE": 598.719893421467,
    "MSE": 358465.5107786128,
    "MAPE": 0.05483269751833755,
    "ACMAPE": 1.2565494357157623
>>>>>>> d5f42532be6a9c18a5da3fb21b671ebbe5b6efbf
}