{
<<<<<<< HEAD
    "R2": 0.9884395690942931,
    "RMSE": 300.45104446535356,
    "MSE": 90270.83012032186,
    "MAPE": 0.06772996367976362,
    "ACMAPE": 1.296645626330366
=======
    "R2": 0.9914045762114958,
    "RMSE": 259.0719260894403,
    "MSE": 67118.26288769243,
    "MAPE": 0.0514069251408363,
    "ACMAPE": 1.2540356217454365
>>>>>>> d5f42532be6a9c18a5da3fb21b671ebbe5b6efbf
}