{
    "DOWN": {
        "precision": 0.5,
        "recall": 0.07333333333333333,
        "f1-score": 0.12790697674418605,
        "support": 150.0
    },
    "UP": {
        "precision": 0.3412322274881517,
        "recall": 0.8674698795180723,
        "f1-score": 0.4897959183673469,
        "support": 83.0
    },
    "accuracy": 0.3562231759656652,
    "macro avg": {
        "precision": 0.4206161137440758,
        "recall": 0.47040160642570283,
        "f1-score": 0.3088514475557665,
        "support": 233.0
    },
    "weighted avg": {
        "precision": 0.44344323983483513,
        "recall": 0.3562231759656652,
        "f1-score": 0.2568202048760416,
        "support": 233.0
    }
}