{
    "R2": 0.9233436588006629,
    "RMSE": 598.719893421467,
    "MSE": 358465.5107786128,
    "MAPE": 0.05483269751833755,
    "ACMAPE": 1.2565494357157623
}