{
    "R2": 0.9493267799069434,
    "RMSE": 34.694966139594186,
    "MSE": 1203.740675427587,
    "MAPE": 0.10901874121436325,
    "ACMAPE": 1.1877175869646257
}