{
    "DOWN": {
        "precision": 0.8284023668639053,
        "recall": 0.21374045801526717,
        "f1-score": 0.33980582524271846,
        "support": 655.0
    },
    "UP": {
        "precision": 0.35544430538172717,
        "recall": 0.9073482428115016,
        "f1-score": 0.5107913669064749,
        "support": 313.0
    },
    "accuracy": 0.4380165289256198,
    "macro avg": {
        "precision": 0.5919233361228162,
        "recall": 0.5605443504133844,
        "f1-score": 0.42529859607459664,
        "support": 968.0
    },
    "weighted avg": {
        "precision": 0.6754727457441514,
        "recall": 0.4380165289256198,
        "f1-score": 0.3950935055534166,
        "support": 968.0
    }
}