{
    "DOWN": {
        "precision": 0.7540740740740741,
        "recall": 0.7723823975720789,
        "f1-score": 0.7631184407796102,
        "support": 659.0
    },
    "UP": {
        "precision": 0.4966442953020134,
        "recall": 0.4713375796178344,
        "f1-score": 0.4836601307189542,
        "support": 314.0
    },
    "accuracy": 0.6752312435765673,
    "macro avg": {
        "precision": 0.6253591846880437,
        "recall": 0.6218599885949567,
        "f1-score": 0.6233892857492822,
        "support": 973.0
    },
    "weighted avg": {
        "precision": 0.6709980714693187,
        "recall": 0.6752312435765673,
        "f1-score": 0.672933539074527,
        "support": 973.0
    }
}