{
    "DOWN": {
        "precision": 0.7518796992481203,
        "recall": 0.30864197530864196,
        "f1-score": 0.437636761487965,
        "support": 648.0
    },
    "UP": {
        "precision": 0.34788937409024745,
        "recall": 0.7836065573770492,
        "f1-score": 0.4818548387096774,
        "support": 305.0
    },
    "accuracy": 0.46065057712486884,
    "macro avg": {
        "precision": 0.5498845366691838,
        "recall": 0.5461242663428456,
        "f1-score": 0.45974580009882116,
        "support": 953.0
    },
    "weighted avg": {
        "precision": 0.622585838625716,
        "recall": 0.46065057712486884,
        "f1-score": 0.45178840215178684,
        "support": 953.0
    }
}