{
    "R2": 0.9737736340754913,
    "RMSE": 21.307923963949303,
    "MSE": 454.02762365344495,
    "MAPE": 0.058460456026415704,
    "ACMAPE": 1.1037279457383498
}