{
    "DOWN": {
        "precision": 0.552,
        "recall": 0.4825174825174825,
        "f1-score": 0.5149253731343284,
        "support": 143.0
    },
    "UP": {
        "precision": 0.3728813559322034,
        "recall": 0.44,
        "f1-score": 0.40366972477064217,
        "support": 100.0
    },
    "accuracy": 0.46502057613168724,
    "macro avg": {
        "precision": 0.4624406779661017,
        "recall": 0.4612587412587412,
        "f1-score": 0.4592975489524853,
        "support": 243.0
    },
    "weighted avg": {
        "precision": 0.478288623840413,
        "recall": 0.46502057613168724,
        "f1-score": 0.4691411557007127,
        "support": 243.0
    }
}