{
    "R2": 0.5421899511566655,
    "RMSE": 50.60172642840206,
    "MSE": 2560.534717534844,
    "MAPE": 0.16494243155443197,
    "ACMAPE": 1.2251833954098534
}