{
    "R2": 0.9665578768200084,
    "RMSE": 4.442792187346005,
    "MSE": 19.738402419942705,
    "MAPE": 0.034641551758874414,
    "ACMAPE": 1.0467627638800867
}