{
    "R2": 0.9208279468238986,
    "RMSE": 5.002616383343931,
    "MSE": 25.026170678901114,
    "MAPE": 0.04066353599071129,
    "ACMAPE": 1.0406635359907113
}