{
    "R2": 0.45136353557367126,
    "RMSE": 55.394291021343555,
    "MSE": 3068.5274777573036,
    "MAPE": 0.18341108664158645,
    "ACMAPE": 1.2436520504970079
}