{
    "DOWN": {
        "precision": 0.6111111111111112,
        "recall": 0.08009708737864078,
        "f1-score": 0.14163090128755368,
        "support": 412.0
    },
    "UP": {
        "precision": 0.3714759535655058,
        "recall": 0.9142857142857143,
        "f1-score": 0.5283018867924527,
        "support": 245.0
    },
    "accuracy": 0.3911719939117199,
    "macro avg": {
        "precision": 0.49129353233830847,
        "recall": 0.4971914008321775,
        "f1-score": 0.33496639404000317,
        "support": 657.0
    },
    "weighted avg": {
        "precision": 0.5217494465773619,
        "recall": 0.3911719939117199,
        "f1-score": 0.2858232779218006,
        "support": 657.0
    }
}