{
<<<<<<< HEAD
    "R2": 0.6931311634001008,
    "RMSE": 135.26556740609104,
    "MSE": 18296.773725691757,
    "MAPE": 0.07523428981377901,
    "ACMAPE": 0.9641231787026678
=======
    "R2": 0.048665278350412566,
    "RMSE": 238.16478057254653,
    "MSE": 56722.46270516924,
    "MAPE": 0.2333140834554198,
    "ACMAPE": 1.4509700956319798
>>>>>>> d5f42532be6a9c18a5da3fb21b671ebbe5b6efbf
}