{
    "R2": 0.7992506406224977,
    "RMSE": 109.40519618017534,
    "MSE": 11969.496951222653,
    "MAPE": 0.10651479736904663,
    "ACMAPE": 0.8523291048271898
}