{
    "R2": 0.9665584450774335,
    "RMSE": 263.68949176510245,
    "MSE": 69532.14806733803,
    "MAPE": 0.448883927012685,
    "ACMAPE": 1.551438254119052
}