{
    "R2": -0.3497352270585208,
    "RMSE": 7.521718817955148,
    "MSE": 56.576253976380585,
    "MAPE": 0.026756168567218724,
    "ACMAPE": 0.8811622988354181
}