{
    "DOWN": {
        "precision": 0.7337278106508875,
        "recall": 0.24234527687296417,
        "f1-score": 0.36434867776689517,
        "support": 1535.0
    },
    "UP": {
        "precision": 0.25448717948717947,
        "recall": 0.7462406015037594,
        "f1-score": 0.3795411089866156,
        "support": 532.0
    },
    "accuracy": 0.3720367682631834,
    "macro avg": {
        "precision": 0.4941074950690335,
        "recall": 0.49429293918836176,
        "f1-score": 0.3719448933767554,
        "support": 2067.0
    },
    "weighted avg": {
        "precision": 0.6103818910673884,
        "recall": 0.3720367682631834,
        "f1-score": 0.36825887293326737,
        "support": 2067.0
    }
}