{
<<<<<<< HEAD
    "R2": 0.9905834081019145,
    "RMSE": 6.8144418284878725,
    "MSE": 46.436617433845136,
    "MAPE": 0.04773450990868586,
    "ACMAPE": 1.3036609733823192
=======
    "R2": 0.9938709212287359,
    "RMSE": 5.497699721528236,
    "MSE": 30.224702228091648,
    "MAPE": 0.028912289007455964,
    "ACMAPE": 1.233556701199038
>>>>>>> d5f42532be6a9c18a5da3fb21b671ebbe5b6efbf
}