{
    "DOWN": {
<<<<<<< HEAD
        "precision": 0.7337278106508875,
        "recall": 0.24234527687296417,
        "f1-score": 0.36434867776689517,
        "support": 1535.0
    },
    "UP": {
        "precision": 0.25448717948717947,
        "recall": 0.7462406015037594,
        "f1-score": 0.3795411089866156,
        "support": 532.0
    },
    "accuracy": 0.3720367682631834,
    "macro avg": {
        "precision": 0.4941074950690335,
        "recall": 0.49429293918836176,
        "f1-score": 0.3719448933767554,
        "support": 2067.0
    },
    "weighted avg": {
        "precision": 0.6103818910673884,
        "recall": 0.3720367682631834,
        "f1-score": 0.36825887293326737,
=======
        "precision": 0.7265625,
        "recall": 0.30293159609120524,
        "f1-score": 0.4275862068965517,
        "support": 1535.0
    },
    "UP": {
        "precision": 0.2501751927119832,
        "recall": 0.6710526315789473,
        "f1-score": 0.36447166921898927,
        "support": 532.0
    },
    "accuracy": 0.397677793904209,
    "macro avg": {
        "precision": 0.4883688463559916,
        "recall": 0.4869921138350763,
        "f1-score": 0.3960289380577705,
        "support": 2067.0
    },
    "weighted avg": {
        "precision": 0.6039509627589623,
        "recall": 0.397677793904209,
        "f1-score": 0.41134192337237985,
>>>>>>> d5f42532be6a9c18a5da3fb21b671ebbe5b6efbf
        "support": 2067.0
    }
}