{
    "R2": -0.4832814368459266,
    "RMSE": 7.885052398703289,
    "MSE": 62.17405133029649,
    "MAPE": 0.03373311955795903,
    "ACMAPE": 1.1716641540407178
}