{
    "DOWN": {
        "precision": 0.8071895424836601,
        "recall": 0.6823204419889503,
        "f1-score": 0.7395209580838322,
        "support": 362.0
    },
    "UP": {
        "precision": 0.4675925925925926,
        "recall": 0.63125,
        "f1-score": 0.5372340425531915,
        "support": 160.0
    },
    "accuracy": 0.6666666666666666,
    "macro avg": {
        "precision": 0.6373910675381264,
        "recall": 0.6567852209944751,
        "f1-score": 0.6383775003185119,
        "support": 522.0
    },
    "weighted avg": {
        "precision": 0.7030985233599614,
        "recall": 0.6666666666666666,
        "f1-score": 0.677517305813904,
        "support": 522.0
    }
}