{
<<<<<<< HEAD
    "R2": -0.6684264701114262,
    "RMSE": 8.362696558217428,
    "MSE": 69.9346937248216,
    "MAPE": 0.04007924456857299,
    "ACMAPE": 1.3274355664076534
=======
    "R2": -0.4832814368459266,
    "RMSE": 7.885052398703289,
    "MSE": 62.17405133029649,
    "MAPE": 0.03373311955795903,
    "ACMAPE": 1.1716641540407178
>>>>>>> d5f42532be6a9c18a5da3fb21b671ebbe5b6efbf
}