{
    "R2": 0.9950836176121827,
    "RMSE": 4.954073838467225,
    "MSE": 24.542847596985382,
    "MAPE": 0.023831288029953,
    "ACMAPE": 1.1450579291415963
}