{
    "R2": 0.8060256371330602,
    "RMSE": 34.01190448985599,
    "MSE": 1156.8096470270864,
    "MAPE": 0.04198868915991741,
    "ACMAPE": 1.402628049799278
}