{
    "DOWN": {
        "precision": 0.7797101449275362,
        "recall": 0.7508722958827634,
        "f1-score": 0.7650195520796302,
        "support": 1433.0
    },
    "UP": {
        "precision": 0.3567567567567568,
        "recall": 0.3944223107569721,
        "f1-score": 0.3746452223273415,
        "support": 502.0
    },
    "accuracy": 0.6583979328165375,
    "macro avg": {
        "precision": 0.5682334508421465,
        "recall": 0.5726473033198678,
        "f1-score": 0.5698323872034858,
        "support": 1935.0
    },
    "weighted avg": {
        "precision": 0.669982702621732,
        "recall": 0.6583979328165375,
        "f1-score": 0.663744144567667,
        "support": 1935.0
    }
}