{
    "R2": 0.9705096929253633,
    "RMSE": 27.942540936204576,
    "MSE": 780.7855939714685,
    "MAPE": 0.028082650082020516,
    "ACMAPE": 1.4664458214375193
}