{
    "DOWN": {
        "precision": 0.7858823529411765,
        "recall": 0.697286012526096,
        "f1-score": 0.7389380530973451,
        "support": 1437.0
    },
    "UP": {
        "precision": 0.35074626865671643,
        "recall": 0.4625984251968504,
        "f1-score": 0.398981324278438,
        "support": 508.0
    },
    "accuracy": 0.6359897172236504,
    "macro avg": {
        "precision": 0.5683143107989465,
        "recall": 0.5799422188614732,
        "f1-score": 0.5689596886878916,
        "support": 1945.0
    },
    "weighted avg": {
        "precision": 0.6722324142180373,
        "recall": 0.6359897172236504,
        "f1-score": 0.6501472982181653,
        "support": 1945.0
    }
}