{
    "DOWN": {
        "precision": 0.6346666666666667,
        "recall": 0.7628205128205128,
        "f1-score": 0.6928675400291121,
        "support": 312.0
    },
    "UP": {
        "precision": 0.34513274336283184,
        "recall": 0.2215909090909091,
        "f1-score": 0.2698961937716263,
        "support": 176.0
    },
    "accuracy": 0.5676229508196722,
    "macro avg": {
        "precision": 0.4898997050147493,
        "recall": 0.4922057109557109,
        "f1-score": 0.4813818669003692,
        "support": 488.0
    },
    "weighted avg": {
        "precision": 0.530244595966923,
        "recall": 0.5676229508196722,
        "f1-score": 0.5403204971165763,
        "support": 488.0
    }
}