{
    "DOWN": {
        "precision": 0.7789240972733972,
        "recall": 0.7376133984647593,
        "f1-score": 0.7577060931899642,
        "support": 1433.0
    },
    "UP": {
        "precision": 0.3494809688581315,
        "recall": 0.40239043824701193,
        "f1-score": 0.3740740740740741,
        "support": 502.0
    },
    "accuracy": 0.6506459948320413,
    "macro avg": {
        "precision": 0.5642025330657643,
        "recall": 0.5700019183558855,
        "f1-score": 0.5658900836320191,
        "support": 1935.0
    },
    "weighted avg": {
        "precision": 0.6675130117620466,
        "recall": 0.6506459948320413,
        "f1-score": 0.6581798536053767,
        "support": 1935.0
    }
}