{
    "R2": 0.9173077169818772,
    "RMSE": 46.83505337920154,
    "MSE": 2193.5222250326574,
    "MAPE": 0.04702724583132846,
    "ACMAPE": 1.0080528868569696
}