{
    "DOWN": {
        "precision": 0.6082474226804123,
        "recall": 0.3782051282051282,
        "f1-score": 0.46640316205533594,
        "support": 312.0
    },
    "UP": {
        "precision": 0.3401360544217687,
        "recall": 0.5681818181818182,
        "f1-score": 0.425531914893617,
        "support": 176.0
    },
    "accuracy": 0.44672131147540983,
    "macro avg": {
        "precision": 0.47419173855109054,
        "recall": 0.4731934731934732,
        "f1-score": 0.44596753847447645,
        "support": 488.0
    },
    "weighted avg": {
        "precision": 0.5115515193740162,
        "recall": 0.44672131147540983,
        "f1-score": 0.4516627122593062,
        "support": 488.0
    }
}