{
    "DOWN": {
        "precision": 0.9555555555555556,
        "recall": 0.945054945054945,
        "f1-score": 0.9502762430939227,
        "support": 91.0
    },
    "UP": {
        "precision": 0.0,
        "recall": 0.0,
        "f1-score": 0.0,
        "support": 4.0
    },
    "accuracy": 0.9052631578947369,
    "macro avg": {
        "precision": 0.4777777777777778,
        "recall": 0.4725274725274725,
        "f1-score": 0.47513812154696133,
        "support": 95.0
    },
    "weighted avg": {
        "precision": 0.9153216374269006,
        "recall": 0.9052631578947369,
        "f1-score": 0.9102646118057575,
        "support": 95.0
    }
}