{
    "R2": -84.29445579322059,
    "RMSE": 2.4470413527737223,
    "MSE": 5.988011382184648,
    "MAPE": 0.04719682799746087,
    "ACMAPE": 1.8787757753658818
}