{
    "R2": 0.8721452001148005,
    "RMSE": 11.600850369906754,
    "MSE": 134.57972930496567,
    "MAPE": 0.08048473588827222,
    "ACMAPE": 0.8383794727303774
}