{
    "R2": 0.9117192852373194,
    "RMSE": 5.25298067214658,
    "MSE": 27.59380594194554,
    "MAPE": 0.01211184526525167,
    "ACMAPE": 0.7408903131741543
}