{
    "R2": 0.8156791580348347,
    "RMSE": 7.5903203422603145,
    "MSE": 57.61296289813073,
    "MAPE": 0.02064563788838273,
    "ACMAPE": 0.7701280395446973
}