{
    "DOWN": {
        "precision": 0.702523240371846,
        "recall": 0.429731925264013,
        "f1-score": 0.5332661290322581,
        "support": 1231.0
    },
    "UP": {
        "precision": 0.3943054357204487,
        "recall": 0.671071953010279,
        "f1-score": 0.4967391304347826,
        "support": 681.0
    },
    "accuracy": 0.5156903765690377,
    "macro avg": {
        "precision": 0.5484143380461474,
        "recall": 0.550401939137146,
        "f1-score": 0.5150026297335204,
        "support": 1912.0
    },
    "weighted avg": {
        "precision": 0.5927448277318871,
        "recall": 0.5156903765690377,
        "f1-score": 0.5202562513937221,
        "support": 1912.0
    }
}