{
    "R2": -1.1625884941011062,
    "RMSE": 0.19648125995761564,
    "MSE": 0.03860488551453214,
    "MAPE": 0.003401297907205804,
    "ACMAPE": 1.9293272238331318
}