{
    "R2": 0.9366739364657308,
    "RMSE": 0.8731095415453248,
    "MSE": 0.7623202715374873,
    "MAPE": 0.013440659010213208,
    "ACMAPE": 1.597197004187878
}