{
    "DOWN": {
        "precision": 0.967741935483871,
        "recall": 0.16216216216216217,
        "f1-score": 0.27777777777777773,
        "support": 185.0
    },
    "UP": {
        "precision": 0.06626506024096386,
        "recall": 0.9166666666666666,
        "f1-score": 0.12359550561797752,
        "support": 12.0
    },
    "accuracy": 0.20812182741116753,
    "macro avg": {
        "precision": 0.5170034978624174,
        "recall": 0.5394144144144144,
        "f1-score": 0.20068664169787764,
        "support": 197.0
    },
    "weighted avg": {
        "precision": 0.9128296385147598,
        "recall": 0.20812182741116753,
        "f1-score": 0.26838596424520106,
        "support": 197.0
    }
}