{
    "R2": -0.2997399503573106,
    "RMSE": 0.15232192672675307,
    "MSE": 0.023201969361750334,
    "MAPE": 0.0016333730390137666,
    "ACMAPE": 1.7794111508167914
}