{
    "DOWN": {
        "precision": 0.9302325581395349,
        "recall": 0.20202020202020202,
        "f1-score": 0.33195020746887965,
        "support": 198.0
    },
    "UP": {
        "precision": 0.0650887573964497,
        "recall": 0.7857142857142857,
        "f1-score": 0.12021857923497267,
        "support": 14.0
    },
    "accuracy": 0.24056603773584906,
    "macro avg": {
        "precision": 0.4976606577679923,
        "recall": 0.49386724386724384,
        "f1-score": 0.22608439335192615,
        "support": 212.0
    },
    "weighted avg": {
        "precision": 0.8731004203546141,
        "recall": 0.24056603773584906,
        "f1-score": 0.3179679301326782,
        "support": 212.0
    }
}