{
    "R2": -8.515924621531378,
    "RMSE": 0.41215415938105676,
    "MSE": 0.16987105109510556,
    "MAPE": 0.008042462743672594,
    "ACMAPE": 1.8969313516325614
}