{
    "R2": -11.958915025218342,
    "RMSE": 214.98511260013598,
    "MSE": 46218.59863969314,
    "MAPE": 0.504664646026856,
    "ACMAPE": 1.704664646026856
}