{
    "R2": -11.935906471581427,
    "RMSE": 214.79417477616562,
    "MSE": 46136.537517773984,
    "MAPE": 0.5102063091700444,
    "ACMAPE": 1.7102063091700443
}