{
    "DOWN": {
        "precision": 0.79,
        "recall": 0.36574074074074076,
        "f1-score": 0.5,
        "support": 432.0
    },
    "UP": {
        "precision": 0.408207343412527,
        "recall": 0.8181818181818182,
        "f1-score": 0.5446685878962537,
        "support": 231.0
    },
    "accuracy": 0.5233785822021116,
    "macro avg": {
        "precision": 0.5991036717062636,
        "recall": 0.5919612794612795,
        "f1-score": 0.5223342939481268,
        "support": 663.0
    },
    "weighted avg": {
        "precision": 0.6569772191980298,
        "recall": 0.5233785822021116,
        "f1-score": 0.5155632636561608,
        "support": 663.0
    }
}