{
    "DOWN": {
        "precision": 0.627318718381113,
        "recall": 0.8551724137931035,
        "f1-score": 0.7237354085603113,
        "support": 435.0
    },
    "UP": {
        "precision": 0.2125,
        "recall": 0.07142857142857142,
        "f1-score": 0.10691823899371068,
        "support": 238.0
    },
    "accuracy": 0.5780089153046062,
    "macro avg": {
        "precision": 0.4199093591905565,
        "recall": 0.46330049261083744,
        "f1-score": 0.41532682377701097,
        "support": 673.0
    },
    "weighted avg": {
        "precision": 0.4806220542285054,
        "recall": 0.5780089153046062,
        "f1-score": 0.5056039280895076,
        "support": 673.0
    }
}