{
<<<<<<< HEAD
    "R2": -11.935906471581427,
    "RMSE": 214.79417477616562,
    "MSE": 46136.537517773984,
    "MAPE": 0.5102063091700444,
    "ACMAPE": 1.7102063091700443
=======
    "R2": -11.958915025218342,
    "RMSE": 214.98511260013598,
    "MSE": 46218.59863969314,
    "MAPE": 0.504664646026856,
    "ACMAPE": 1.704664646026856
>>>>>>> d5f42532be6a9c18a5da3fb21b671ebbe5b6efbf
}