{
    "R2": 0.9794276675826391,
    "RMSE": 29.808557609957926,
    "MSE": 888.5501067861805,
    "MAPE": 0.07139584079432212,
    "ACMAPE": 0.9763732163599329
}