{
    "DOWN": {
<<<<<<< HEAD
        "precision": 0.79,
        "recall": 0.36574074074074076,
        "f1-score": 0.5,
        "support": 432.0
    },
    "UP": {
        "precision": 0.408207343412527,
        "recall": 0.8181818181818182,
        "f1-score": 0.5446685878962537,
        "support": 231.0
    },
    "accuracy": 0.5233785822021116,
    "macro avg": {
        "precision": 0.5991036717062636,
        "recall": 0.5919612794612795,
        "f1-score": 0.5223342939481268,
        "support": 663.0
    },
    "weighted avg": {
        "precision": 0.6569772191980298,
        "recall": 0.5233785822021116,
        "f1-score": 0.5155632636561608,
=======
        "precision": 0.8,
        "recall": 0.4074074074074074,
        "f1-score": 0.5398773006134969,
        "support": 432.0
    },
    "UP": {
        "precision": 0.4221218961625282,
        "recall": 0.8095238095238095,
        "f1-score": 0.5548961424332345,
        "support": 231.0
    },
    "accuracy": 0.5475113122171946,
    "macro avg": {
        "precision": 0.6110609480812641,
        "recall": 0.6084656084656085,
        "f1-score": 0.5473867215233656,
        "support": 663.0
    },
    "weighted avg": {
        "precision": 0.6683411131426004,
        "recall": 0.5475113122171946,
        "f1-score": 0.5451101097543105,
>>>>>>> d5f42532be6a9c18a5da3fb21b671ebbe5b6efbf
        "support": 663.0
    }
}