{
    "R2": 0.8883011956644784,
    "RMSE": 92.54315870869539,
    "MSE": 8564.236223782782,
    "MAPE": 0.15711064070630495,
    "ACMAPE": 1.0193860898081013
}