{
    "R2": 0.9698886304761494,
    "RMSE": 16.059519070146024,
    "MSE": 257.9081527643838,
    "MAPE": 0.03124567940316618,
    "ACMAPE": 1.0230305935181774
}