{
    "DOWN": {
        "precision": 0.5921985815602837,
        "recall": 0.8520408163265306,
        "f1-score": 0.698744769874477,
        "support": 196.0
    },
    "UP": {
        "precision": 0.4423076923076923,
        "recall": 0.16666666666666666,
        "f1-score": 0.2421052631578947,
        "support": 138.0
    },
    "accuracy": 0.5688622754491018,
    "macro avg": {
        "precision": 0.517253136933988,
        "recall": 0.5093537414965986,
        "f1-score": 0.47042501651618585,
        "support": 334.0
    },
    "weighted avg": {
        "precision": 0.5302676153421471,
        "recall": 0.5688622754491018,
        "f1-score": 0.5100733569197214,
        "support": 334.0
    }
}