{
    "DOWN": {
        "precision": 0.837782340862423,
        "recall": 0.4108761329305136,
        "f1-score": 0.5513513513513514,
        "support": 993.0
    },
    "UP": {
        "precision": 0.31338028169014087,
        "recall": 0.7716763005780347,
        "f1-score": 0.44574290484140233,
        "support": 346.0
    },
    "accuracy": 0.5041075429424944,
    "macro avg": {
        "precision": 0.575581311276282,
        "recall": 0.5912762167542742,
        "f1-score": 0.49854712809637686,
        "support": 1339.0
    },
    "weighted avg": {
        "precision": 0.702275908843297,
        "recall": 0.5041075429424944,
        "f1-score": 0.5240619394824623,
        "support": 1339.0
    }
}