{
    "DOWN": {
        "precision": 0.5983606557377049,
        "recall": 0.7448979591836735,
        "f1-score": 0.6636363636363637,
        "support": 196.0
    },
    "UP": {
        "precision": 0.4444444444444444,
        "recall": 0.2898550724637681,
        "f1-score": 0.3508771929824561,
        "support": 138.0
    },
    "accuracy": 0.5568862275449101,
    "macro avg": {
        "precision": 0.5214025500910746,
        "recall": 0.5173765158237208,
        "f1-score": 0.50725677830941,
        "support": 334.0
    },
    "weighted avg": {
        "precision": 0.534766532508753,
        "recall": 0.5568862275449101,
        "f1-score": 0.5344125146835516,
        "support": 334.0
    }
}