{
    "R2": 0.9857987639399838,
    "RMSE": 10.435652126070362,
    "MSE": 108.90283529635688,
    "MAPE": 0.039745936371884096,
    "ACMAPE": 1.043730000116904
}