{
    "R2": -0.006051357719374595,
    "RMSE": 10.412938941195613,
    "MSE": 108.429297393068,
    "MAPE": 0.047311319867273174,
    "ACMAPE": 1.1266763992323527
}