{
    "DOWN": {
        "precision": 0.6595744680851063,
        "recall": 0.4305555555555556,
        "f1-score": 0.5210084033613445,
        "support": 144.0
    },
    "UP": {
        "precision": 0.4225352112676056,
        "recall": 0.6521739130434783,
        "f1-score": 0.5128205128205128,
        "support": 92.0
    },
    "accuracy": 0.5169491525423728,
    "macro avg": {
        "precision": 0.5410548396763559,
        "recall": 0.5413647342995169,
        "f1-score": 0.5169144580909286,
        "support": 236.0
    },
    "weighted avg": {
        "precision": 0.5671693340715043,
        "recall": 0.5169491525423728,
        "f1-score": 0.5178165138284779,
        "support": 236.0
    }
}