{
    "R2": 0.24159826943247686,
    "RMSE": 9.040925774460176,
    "MSE": 81.73833885929832,
    "MAPE": 0.03457157969798225,
    "ACMAPE": 0.7647303098567125
}