{
    "DOWN": {
        "precision": 0.9840994507082972,
        "recall": 0.9408512990602543,
        "f1-score": 0.9619895435919175,
        "support": 3618.0
    },
    "UP": {
        "precision": 0.044642857142857144,
        "recall": 0.15384615384615385,
        "f1-score": 0.06920415224913495,
        "support": 65.0
    },
    "accuracy": 0.9269617159923975,
    "macro avg": {
        "precision": 0.5143711539255772,
        "recall": 0.5473487264532041,
        "f1-score": 0.5155968479205262,
        "support": 3683.0
    },
    "weighted avg": {
        "precision": 0.9675193044737728,
        "recall": 0.9269617159923975,
        "f1-score": 0.9462330813499189,
        "support": 3683.0
    }
}