{
    "DOWN": {
        "precision": 0.9398315282791817,
        "recall": 0.9209905660377359,
        "f1-score": 0.9303156640857653,
        "support": 848.0
    },
    "UP": {
        "precision": 0.24719101123595505,
        "recall": 0.3055555555555556,
        "f1-score": 0.2732919254658385,
        "support": 72.0
    },
    "accuracy": 0.8728260869565218,
    "macro avg": {
        "precision": 0.5935112697575684,
        "recall": 0.6132730607966457,
        "f1-score": 0.6018037947758019,
        "support": 920.0
    },
    "weighted avg": {
        "precision": 0.885624879119277,
        "recall": 0.8728260869565218,
        "f1-score": 0.8788964149763796,
        "support": 920.0
    }
}