{
    "DOWN": {
        "precision": 0.9385342789598109,
        "recall": 0.9363207547169812,
        "f1-score": 0.9374262101534829,
        "support": 848.0
    },
    "UP": {
        "precision": 0.2702702702702703,
        "recall": 0.2777777777777778,
        "f1-score": 0.273972602739726,
        "support": 72.0
    },
    "accuracy": 0.8847826086956522,
    "macro avg": {
        "precision": 0.6044022746150406,
        "recall": 0.6070492662473794,
        "f1-score": 0.6056994064466045,
        "support": 920.0
    },
    "weighted avg": {
        "precision": 0.8862353565406295,
        "recall": 0.8847826086956522,
        "f1-score": 0.8855037539211019,
        "support": 920.0
    }
}