{
    "R2": 0.9222492713190401,
    "RMSE": 24.597908664595458,
    "MSE": 605.0571106717804,
    "MAPE": 0.027393551143103653,
    "ACMAPE": 1.6404370294039732
}