{
    "R2": 0.9860667496790918,
    "RMSE": 33.27929918970838,
    "MSE": 1107.5117545581252,
    "MAPE": 0.035883600284030565,
    "ACMAPE": 0.37348229345037964
}