{
    "R2": 0.7624873916458133,
    "RMSE": 4.1152523549648805,
    "MSE": 16.935301945043996,
    "MAPE": 0.01563755312512996,
    "ACMAPE": 0.910374395230393
}