{
    "DOWN": {
        "precision": 0.7,
        "recall": 0.5957446808510638,
        "f1-score": 0.6436781609195402,
        "support": 47.0
    },
    "UP": {
        "precision": 0.4722222222222222,
        "recall": 0.5862068965517241,
        "f1-score": 0.523076923076923,
        "support": 29.0
    },
    "accuracy": 0.5921052631578947,
    "macro avg": {
        "precision": 0.586111111111111,
        "recall": 0.590975788701394,
        "f1-score": 0.5833775419982317,
        "support": 76.0
    },
    "weighted avg": {
        "precision": 0.6130847953216374,
        "recall": 0.5921052631578947,
        "f1-score": 0.5976592675322258,
        "support": 76.0
    }
}