{
    "R2": 0.8775796622023929,
    "RMSE": 1831.6854576441033,
    "MSE": 3355071.615744888,
    "MAPE": 0.4810046771079088,
    "ACMAPE": 1.3062015275016097
}