{
    "R2": -20444.82993488771,
    "RMSE": 5391.172487686819,
    "MSE": 29064740.791991286,
    "MAPE": 20.145919719789042,
    "ACMAPE": 21.332402823668893
}