{
    "DOWN": {
        "precision": 0.8181818181818182,
        "recall": 0.016791044776119403,
        "f1-score": 0.03290676416819013,
        "support": 536.0
    },
    "UP": {
        "precision": 0.33121827411167515,
        "recall": 0.9923954372623575,
        "f1-score": 0.49666983824928645,
        "support": 263.0
    },
    "accuracy": 0.3379224030037547,
    "macro avg": {
        "precision": 0.5747000461467466,
        "recall": 0.5045932410192384,
        "f1-score": 0.2647883012087383,
        "support": 799.0
    },
    "weighted avg": {
        "precision": 0.6578921910348249,
        "recall": 0.3379224030037547,
        "f1-score": 0.1855596909308038,
        "support": 799.0
    }
}