{
    "R2": 0.9954787426533565,
    "RMSE": 350.92934365987253,
    "MSE": 123151.40424154892,
    "MAPE": 0.7102867873782036,
    "ACMAPE": 1.7030880393343852
}