{
    "R2": 0.9918481077801161,
    "RMSE": 2.921475511886345,
    "MSE": 8.53501916655158,
    "MAPE": 0.04964605438499632,
    "ACMAPE": 0.7790578190908788
}