{
    "DOWN": {
        "precision": 0.7571428571428571,
        "recall": 0.8760330578512396,
        "f1-score": 0.8122605363984674,
        "support": 121.0
    },
    "UP": {
        "precision": 0.4,
        "recall": 0.22727272727272727,
        "f1-score": 0.2898550724637681,
        "support": 44.0
    },
    "accuracy": 0.703030303030303,
    "macro avg": {
        "precision": 0.5785714285714285,
        "recall": 0.5516528925619835,
        "f1-score": 0.5510578044311177,
        "support": 165.0
    },
    "weighted avg": {
        "precision": 0.661904761904762,
        "recall": 0.703030303030303,
        "f1-score": 0.6729524126825476,
        "support": 165.0
    }
}