{
    "R2": 0.925448185319385,
    "RMSE": 7.939845913370386,
    "MSE": 63.04115312806441,
    "MAPE": 0.08984111977511088,
    "ACMAPE": 0.8631744531084443
}