{
    "R2": 0.9700378044437064,
    "RMSE": 5.502566018230446,
    "MSE": 30.278232784984468,
    "MAPE": 0.11177753013882494,
    "ACMAPE": 0.705716924078219
}