{
    "DOWN": {
        "precision": 0.7787610619469026,
        "recall": 0.704,
        "f1-score": 0.7394957983193277,
        "support": 125.0
    },
    "UP": {
        "precision": 0.3508771929824561,
        "recall": 0.4444444444444444,
        "f1-score": 0.39215686274509803,
        "support": 45.0
    },
    "accuracy": 0.6352941176470588,
    "macro avg": {
        "precision": 0.5648191274646794,
        "recall": 0.5742222222222222,
        "f1-score": 0.5658263305322129,
        "support": 170.0
    },
    "weighted avg": {
        "precision": 0.6654976848680785,
        "recall": 0.6352941176470588,
        "f1-score": 0.6475531389026198,
        "support": 170.0
    }
}