{
    "DOWN": {
        "precision": 0.7523809523809524,
        "recall": 0.7117117117117117,
        "f1-score": 0.7314814814814815,
        "support": 111.0
    },
    "UP": {
        "precision": 0.28888888888888886,
        "recall": 0.3333333333333333,
        "f1-score": 0.3095238095238095,
        "support": 39.0
    },
    "accuracy": 0.6133333333333333,
    "macro avg": {
        "precision": 0.5206349206349206,
        "recall": 0.5225225225225225,
        "f1-score": 0.5205026455026455,
        "support": 150.0
    },
    "weighted avg": {
        "precision": 0.6318730158730159,
        "recall": 0.6133333333333333,
        "f1-score": 0.6217724867724868,
        "support": 150.0
    }
}