{
    "R2": 0.9959690691718839,
    "RMSE": 25.264507011331464,
    "MSE": 638.2953145256166,
    "MAPE": 0.0863072242130966,
    "ACMAPE": 2.0057510026834873
}