{
    "R2": 0.978860552369167,
    "RMSE": 25.529128225664707,
    "MSE": 651.7363879624304,
    "MAPE": 0.06111791418959434,
    "ACMAPE": 1.082202251538992
}