{
    "R2": 0.9660927439058027,
    "RMSE": 32.06902999116436,
    "MSE": 1028.4226845741996,
    "MAPE": 0.08718538917798618,
    "ACMAPE": 0.8736360519173088
}