{
    "DOWN": {
        "precision": 0.7047994740302432,
        "recall": 0.6641883519206939,
        "f1-score": 0.6838915470494418,
        "support": 1614.0
    },
    "UP": {
        "precision": 0.22792022792022792,
        "recall": 0.2627257799671593,
        "f1-score": 0.2440884820747521,
        "support": 609.0
    },
    "accuracy": 0.5542060278902384,
    "macro avg": {
        "precision": 0.4663598509752356,
        "recall": 0.4634570659439266,
        "f1-score": 0.46399001456209693,
        "support": 2223.0
    },
    "weighted avg": {
        "precision": 0.5741564416951108,
        "recall": 0.5542060278902384,
        "f1-score": 0.563405687144095,
        "support": 2223.0
    }
}