{
    "DOWN": {
        "precision": 0.7337243401759531,
        "recall": 0.7823639774859287,
        "f1-score": 0.7572639225181599,
        "support": 1599.0
    },
    "UP": {
        "precision": 0.30120481927710846,
        "recall": 0.24834437086092714,
        "f1-score": 0.27223230490018147,
        "support": 604.0
    },
    "accuracy": 0.6359509759418974,
    "macro avg": {
        "precision": 0.5174645797265308,
        "recall": 0.5153541741734279,
        "f1-score": 0.5147481137091707,
        "support": 2203.0
    },
    "weighted avg": {
        "precision": 0.615139777932239,
        "recall": 0.6359509759418974,
        "f1-score": 0.6242820355271209,
        "support": 2203.0
    }
}