{
    "DOWN": {
        "precision": 0.7328629032258065,
        "recall": 0.9093183239524703,
        "f1-score": 0.8116103823611499,
        "support": 1599.0
    },
    "UP": {
        "precision": 0.3378995433789954,
        "recall": 0.12251655629139073,
        "f1-score": 0.1798298906439854,
        "support": 604.0
    },
    "accuracy": 0.6935996368588289,
    "macro avg": {
        "precision": 0.5353812233024009,
        "recall": 0.5159174401219305,
        "f1-score": 0.49572013650256763,
        "support": 2203.0
    },
    "weighted avg": {
        "precision": 0.624575173154325,
        "recall": 0.6935996368588289,
        "f1-score": 0.6383941240782778,
        "support": 2203.0
    }
}