{
<<<<<<< HEAD
    "R2": 0.9890388753763311,
    "RMSE": 30.634241343145405,
    "MSE": 938.4567426700792,
    "MAPE": 0.12853235808183072,
    "ACMAPE": 0.8566304061980359
=======
    "R2": 0.9905801374440042,
    "RMSE": 28.3989219928373,
    "MSE": 806.498770355258,
    "MAPE": 0.10804930567592494,
    "ACMAPE": 0.7208500319582672
>>>>>>> d5f42532be6a9c18a5da3fb21b671ebbe5b6efbf
}