{
    "DOWN": {
        "precision": 0.6911111111111111,
        "recall": 0.1930477963997517,
        "f1-score": 0.3017952450266861,
        "support": 1611.0
    },
    "UP": {
        "precision": 0.2647058823529412,
        "recall": 0.771004942339374,
        "f1-score": 0.39410526315789474,
        "support": 607.0
    },
    "accuracy": 0.35121731289449953,
    "macro avg": {
        "precision": 0.4779084967320262,
        "recall": 0.48202636936956283,
        "f1-score": 0.3479502540922904,
        "support": 2218.0
    },
    "weighted avg": {
        "precision": 0.5744168036917202,
        "recall": 0.35121731289449953,
        "f1-score": 0.327057725191539,
        "support": 2218.0
    }
}