{
    "DOWN": {
        "precision": 0.7355371900826446,
        "recall": 0.775840597758406,
        "f1-score": 0.755151515151515,
        "support": 1606.0
    },
    "UP": {
        "precision": 0.3063583815028902,
        "recall": 0.26194398682042835,
        "f1-score": 0.2824156305506217,
        "support": 607.0
    },
    "accuracy": 0.6348847718029824,
    "macro avg": {
        "precision": 0.5209477857927673,
        "recall": 0.5188922922894171,
        "f1-score": 0.5187835728510684,
        "support": 2213.0
    },
    "weighted avg": {
        "precision": 0.6178184658133672,
        "recall": 0.6348847718029824,
        "f1-score": 0.6254855947029193,
        "support": 2213.0
    }
}