{
    "R2": 0.9905801374440042,
    "RMSE": 28.3989219928373,
    "MSE": 806.498770355258,
    "MAPE": 0.10804930567592494,
    "ACMAPE": 0.7208500319582672
}