{
    "DOWN": {
        "precision": 0.597872340425532,
        "recall": 0.921311475409836,
        "f1-score": 0.7251612903225806,
        "support": 305.0
    },
    "UP": {
        "precision": 0.5,
        "recall": 0.11267605633802817,
        "f1-score": 0.18390804597701152,
        "support": 213.0
    },
    "accuracy": 0.5888030888030888,
    "macro avg": {
        "precision": 0.548936170212766,
        "recall": 0.5169937658739321,
        "f1-score": 0.45453466814979604,
        "support": 518.0
    },
    "weighted avg": {
        "precision": 0.5576275363509405,
        "recall": 0.5888030888030888,
        "f1-score": 0.5025996280723756,
        "support": 518.0
    }
}