{
    "R2": 0.8006631816714432,
    "RMSE": 86.76816320026109,
    "MSE": 7528.7141451471425,
    "MAPE": 0.08419076072251513,
    "ACMAPE": 0.952916629448384
}