{
    "DOWN": {
        "precision": 0.7916666666666666,
        "recall": 0.46158896913985553,
        "f1-score": 0.5831605143094152,
        "support": 1523.0
    },
    "UP": {
        "precision": 0.29492691315563196,
        "recall": 0.6496212121212122,
        "f1-score": 0.4056771141336487,
        "support": 528.0
    },
    "accuracy": 0.5099951243295954,
    "macro avg": {
        "precision": 0.5432967899111493,
        "recall": 0.5556050906305339,
        "f1-score": 0.49441881422153194,
        "support": 2051.0
    },
    "weighted avg": {
        "precision": 0.6637882708334992,
        "recall": 0.5099951243295954,
        "f1-score": 0.5374700046590959,
        "support": 2051.0
    }
}