{
    "DOWN": {
        "precision": 0.5886939571150097,
        "recall": 0.9901639344262295,
        "f1-score": 0.7383863080684596,
        "support": 305.0
    },
    "UP": {
        "precision": 0.4,
        "recall": 0.009389671361502348,
        "f1-score": 0.01834862385321101,
        "support": 213.0
    },
    "accuracy": 0.5868725868725869,
    "macro avg": {
        "precision": 0.49434697855750487,
        "recall": 0.49977680289386595,
        "f1-score": 0.3783674659608353,
        "support": 518.0
    },
    "weighted avg": {
        "precision": 0.5111035847877953,
        "recall": 0.5868725868725869,
        "f1-score": 0.44230903637377245,
        "support": 518.0
    }
}