{
    "R2": 0.9594175426895635,
    "RMSE": 6.249156370511423,
    "MSE": 39.0519553431035,
    "MAPE": 0.0410866333121053,
    "ACMAPE": 0.7547678744968725
}