{
    "DOWN": {
        "precision": 0.7083333333333334,
        "recall": 0.7890295358649789,
        "f1-score": 0.7465069860279441,
        "support": 474.0
    },
    "UP": {
        "precision": 0.47643979057591623,
        "recall": 0.37142857142857144,
        "f1-score": 0.41743119266055045,
        "support": 245.0
    },
    "accuracy": 0.6467315716272601,
    "macro avg": {
        "precision": 0.5923865619546248,
        "recall": 0.5802290536467751,
        "f1-score": 0.5819690893442473,
        "support": 719.0
    },
    "weighted avg": {
        "precision": 0.6293153667470089,
        "recall": 0.6467315716272601,
        "f1-score": 0.6343740661739643,
        "support": 719.0
    }
}