{
    "DOWN": {
        "precision": 0.7283950617283951,
        "recall": 0.44360902255639095,
        "f1-score": 0.5514018691588785,
        "support": 133.0
    },
    "UP": {
        "precision": 0.26732673267326734,
        "recall": 0.5510204081632653,
        "f1-score": 0.36,
        "support": 49.0
    },
    "accuracy": 0.4725274725274725,
    "macro avg": {
        "precision": 0.4978608972008312,
        "recall": 0.4973147153598281,
        "f1-score": 0.4557009345794392,
        "support": 182.0
    },
    "weighted avg": {
        "precision": 0.6042612808289376,
        "recall": 0.4725274725274725,
        "f1-score": 0.4998705966930265,
        "support": 182.0
    }
}