{
    "R2": -0.3931605507140361,
    "RMSE": 13.62633896113886,
    "MSE": 185.67711348385086,
    "MAPE": 0.137620455689719,
    "ACMAPE": 1.093664411733675
}