{
    "R2": 0.9854389425394533,
    "RMSE": 125.9084753597913,
    "MSE": 15852.944167427171,
    "MAPE": 0.3619471036158643,
    "ACMAPE": 1.6136324968742912
}