{
    "DOWN": {
        "precision": 0.6704260651629073,
        "recall": 0.9336823734729494,
        "f1-score": 0.7804522246535375,
        "support": 573.0
    },
    "UP": {
        "precision": 0.5632183908045977,
        "recall": 0.15705128205128205,
        "f1-score": 0.2456140350877193,
        "support": 312.0
    },
    "accuracy": 0.6598870056497175,
    "macro avg": {
        "precision": 0.6168222279837525,
        "recall": 0.5453668277621158,
        "f1-score": 0.5130331298706284,
        "support": 885.0
    },
    "weighted avg": {
        "precision": 0.6326308172535371,
        "recall": 0.6598870056497175,
        "f1-score": 0.5918991001964354,
        "support": 885.0
    }
}