{
    "DOWN": {
        "precision": 0.6283185840707964,
        "recall": 0.12522045855379188,
        "f1-score": 0.20882352941176469,
        "support": 567.0
    },
    "UP": {
        "precision": 0.34908136482939633,
        "recall": 0.8636363636363636,
        "f1-score": 0.497196261682243,
        "support": 308.0
    },
    "accuracy": 0.3851428571428571,
    "macro avg": {
        "precision": 0.4886999744500964,
        "recall": 0.49442841109507774,
        "f1-score": 0.35300989554700385,
        "support": 875.0
    },
    "weighted avg": {
        "precision": 0.5300270828978236,
        "recall": 0.3851428571428571,
        "f1-score": 0.31033073117097304,
        "support": 875.0
    }
}