{
    "R2": 0.915598384496381,
    "RMSE": 795.2787429445809,
    "MSE": 632468.2789795127,
    "MAPE": 0.2122965338441569,
    "ACMAPE": 1.306466937431601
}