{
    "DOWN": {
        "precision": 0.6514522821576764,
        "recall": 0.34548883998742536,
        "f1-score": 0.4515201314708299,
        "support": 3181.0
    },
    "UP": {
        "precision": 0.18862042088854247,
        "recall": 0.45149253731343286,
        "f1-score": 0.26608026388125344,
        "support": 1072.0
    },
    "accuracy": 0.37220785328003764,
    "macro avg": {
        "precision": 0.4200363515231094,
        "recall": 0.39849068865042914,
        "f1-score": 0.35880019767604165,
        "support": 4253.0
    },
    "weighted avg": {
        "precision": 0.5347920998674079,
        "recall": 0.37220785328003764,
        "f1-score": 0.4047786459180375,
        "support": 4253.0
    }
}