{
    "R2": 0.9932916393753308,
    "RMSE": 14.260430979305143,
    "MSE": 203.35989171552586,
    "MAPE": 0.03440615562718133,
    "ACMAPE": 1.289990449067106
}