{
    "DOWN": {
        "precision": 0.6341991341991342,
        "recall": 0.44126506024096385,
        "f1-score": 0.5204262877442274,
        "support": 664.0
    },
    "UP": {
        "precision": 0.38474295190713104,
        "recall": 0.5785536159600998,
        "f1-score": 0.4621513944223108,
        "support": 401.0
    },
    "accuracy": 0.49295774647887325,
    "macro avg": {
        "precision": 0.5094710430531326,
        "recall": 0.5099093381005319,
        "f1-score": 0.4912888410832691,
        "support": 1065.0
    },
    "weighted avg": {
        "precision": 0.5402724402093753,
        "recall": 0.49295774647887325,
        "f1-score": 0.49848428565775926,
        "support": 1065.0
    }
}