{
    "R2": 0.9872217238267148,
    "RMSE": 39.406202081090264,
    "MSE": 1552.8487624557229,
    "MAPE": 0.022243382765024803,
    "ACMAPE": 0.9957416159805725
}