{
    "R2": 0.9930446875574873,
    "RMSE": 30.045240705097022,
    "MSE": 902.7164890272189,
    "MAPE": 0.02221173019595396,
    "ACMAPE": 0.8094457727491453
}