{
    "DOWN": {
        "precision": 0.6317991631799164,
        "recall": 0.940809968847352,
        "f1-score": 0.7559449311639549,
        "support": 642.0
    },
    "UP": {
        "precision": 0.5913978494623656,
        "recall": 0.13513513513513514,
        "f1-score": 0.22,
        "support": 407.0
    },
    "accuracy": 0.6282173498570067,
    "macro avg": {
        "precision": 0.611598506321141,
        "recall": 0.5379725519912436,
        "f1-score": 0.48797246558197743,
        "support": 1049.0
    },
    "weighted avg": {
        "precision": 0.6161239156269677,
        "recall": 0.6282173498570067,
        "f1-score": 0.5480044287962431,
        "support": 1049.0
    }
}