{
    "DOWN": {
        "precision": 0.6461538461538462,
        "recall": 0.535031847133758,
        "f1-score": 0.5853658536585366,
        "support": 157.0
    },
    "UP": {
        "precision": 0.45112781954887216,
        "recall": 0.5660377358490566,
        "f1-score": 0.502092050209205,
        "support": 106.0
    },
    "accuracy": 0.5475285171102662,
    "macro avg": {
        "precision": 0.5486408328513592,
        "recall": 0.5505347914914073,
        "f1-score": 0.5437289519338708,
        "support": 263.0
    },
    "weighted avg": {
        "precision": 0.5675502004499403,
        "recall": 0.5475285171102662,
        "f1-score": 0.5518030279337108,
        "support": 263.0
    }
}