{
    "R2": 0.7969314523018165,
    "RMSE": 22.35820881029267,
    "MSE": 499.8895012046487,
    "MAPE": 0.010844340986932375,
    "ACMAPE": 0.9157873067664
}