{
<<<<<<< HEAD
    "R2": 0.9930446875574873,
    "RMSE": 30.045240705097022,
    "MSE": 902.7164890272189,
    "MAPE": 0.02221173019595396,
    "ACMAPE": 0.8094457727491453
=======
    "R2": 0.9933877109294464,
    "RMSE": 29.294985100041703,
    "MSE": 858.1961520116654,
    "MAPE": 0.021187443061958924,
    "ACMAPE": 0.8103557215919397
>>>>>>> d5f42532be6a9c18a5da3fb21b671ebbe5b6efbf
}