{
<<<<<<< HEAD
    "R2": 0.7969314523018165,
    "RMSE": 22.35820881029267,
    "MSE": 499.8895012046487,
    "MAPE": 0.010844340986932375,
    "ACMAPE": 0.9157873067664
=======
    "R2": 0.7807332985396832,
    "RMSE": 23.232824837284376,
    "MSE": 539.7641499199378,
    "MAPE": 0.011214824139509274,
    "ACMAPE": 0.8705304134931214
>>>>>>> d5f42532be6a9c18a5da3fb21b671ebbe5b6efbf
}