{
    "R2": 0.9974924357897377,
    "RMSE": 9.990003981079463,
    "MSE": 99.80017954198351,
    "MAPE": 0.02871147728831825,
    "ACMAPE": 1.1841082621824242
}