{
    "DOWN": {
        "precision": 0.6181818181818182,
        "recall": 0.15813953488372093,
        "f1-score": 0.2518518518518519,
        "support": 215.0
    },
    "UP": {
        "precision": 0.3296296296296296,
        "recall": 0.8090909090909091,
        "f1-score": 0.46842105263157896,
        "support": 110.0
    },
    "accuracy": 0.37846153846153846,
    "macro avg": {
        "precision": 0.4739057239057239,
        "recall": 0.483615221987315,
        "f1-score": 0.3601364522417154,
        "support": 325.0
    },
    "weighted avg": {
        "precision": 0.5205180005180006,
        "recall": 0.37846153846153846,
        "f1-score": 0.3251521967311441,
        "support": 325.0
    }
}