{
<<<<<<< HEAD
    "R2": -2.028635909240968,
    "RMSE": 33.16104770660449,
    "MSE": 1099.6550849996993,
    "MAPE": 0.07332214065837384,
    "ACMAPE": 0.9840913714276046
=======
    "R2": -3.0613718006109707,
    "RMSE": 38.40087181706101,
    "MSE": 1474.6269563103504,
    "MAPE": 0.09051992820709369,
    "ACMAPE": 0.8289814666686321
>>>>>>> d5f42532be6a9c18a5da3fb21b671ebbe5b6efbf
}