{
    "R2": 0.9799735441572341,
    "RMSE": 19.243170910948436,
    "MSE": 370.29962670797204,
    "MAPE": 0.04546139497422941,
    "ACMAPE": 0.6115286350055039
}