{
    "DOWN": {
        "precision": 0.8529411764705882,
        "recall": 0.36888454011741684,
        "f1-score": 0.5150273224043715,
        "support": 1022.0
    },
    "UP": {
        "precision": 0.22939068100358423,
        "recall": 0.7470817120622568,
        "f1-score": 0.35100548446069474,
        "support": 257.0
    },
    "accuracy": 0.44487881157154024,
    "macro avg": {
        "precision": 0.5411659287370862,
        "recall": 0.5579831260898368,
        "f1-score": 0.4330164034325331,
        "support": 1279.0
    },
    "weighted avg": {
        "precision": 0.7276460417285866,
        "recall": 0.44487881157154024,
        "f1-score": 0.48206906411545447,
        "support": 1279.0
    }
}