{
    "R2": 0.9760618517841645,
    "RMSE": 21.00114728337368,
    "MSE": 441.0481872179536,
    "MAPE": 0.04941337915176771,
    "ACMAPE": 1.0880532555041633
}