{
    "DOWN": {
        "precision": 0.696551724137931,
        "recall": 0.4697674418604651,
        "f1-score": 0.5611111111111111,
        "support": 215.0
    },
    "UP": {
        "precision": 0.36666666666666664,
        "recall": 0.6,
        "f1-score": 0.4551724137931034,
        "support": 110.0
    },
    "accuracy": 0.5138461538461538,
    "macro avg": {
        "precision": 0.5316091954022988,
        "recall": 0.5348837209302325,
        "f1-score": 0.5081417624521073,
        "support": 325.0
    },
    "weighted avg": {
        "precision": 0.5848983200707338,
        "recall": 0.5138461538461538,
        "f1-score": 0.5252549366342469,
        "support": 325.0
    }
}