{
    "R2": 0.8873077157632313,
    "RMSE": 498.20335289616224,
    "MSE": 248206.58083697796,
    "MAPE": 1.2047325060097447,
    "ACMAPE": 2.3749452719671913
}