{
    "R2": -465.0294455994637,
    "RMSE": 813.5257442048063,
    "MSE": 661824.136483984,
    "MAPE": 5.829507260182034,
    "ACMAPE": 7.055560900028777
}