{
    "DOWN": {
        "precision": 0.7348703170028819,
        "recall": 0.35318559556786705,
        "f1-score": 0.4770813844714687,
        "support": 722.0
    },
    "UP": {
        "precision": 0.310192023633678,
        "recall": 0.695364238410596,
        "f1-score": 0.4290091930541369,
        "support": 302.0
    },
    "accuracy": 0.4541015625,
    "macro avg": {
        "precision": 0.5225311703182799,
        "recall": 0.5242749169892316,
        "f1-score": 0.4530452887628028,
        "support": 1024.0
    },
    "weighted avg": {
        "precision": 0.6096233984506362,
        "recall": 0.4541015625,
        "f1-score": 0.4629038436433103,
        "support": 1024.0
    }
}