{
    "DOWN": {
        "precision": 0.7299270072992701,
        "recall": 0.1364256480218281,
        "f1-score": 0.22988505747126436,
        "support": 733.0
    },
    "UP": {
        "precision": 0.30209481808158767,
        "recall": 0.8810289389067524,
        "f1-score": 0.4499178981937602,
        "support": 311.0
    },
    "accuracy": 0.35823754789272033,
    "macro avg": {
        "precision": 0.5160109126904289,
        "recall": 0.5087272934642902,
        "f1-score": 0.3399014778325123,
        "support": 1044.0
    },
    "weighted avg": {
        "precision": 0.6024789126185237,
        "recall": 0.35823754789272033,
        "f1-score": 0.29543123895085843,
        "support": 1044.0
    }
}