{
    "R2": -906.0296458253885,
    "RMSE": 1134.946429259911,
    "MSE": 1288103.3972898219,
    "MAPE": 5.170001444450146,
    "ACMAPE": 6.633602977017196
}