{
    "DOWN": {
<<<<<<< HEAD
        "precision": 0.8412698412698413,
        "recall": 0.14681440443213298,
        "f1-score": 0.25,
        "support": 722.0
    },
    "UP": {
        "precision": 0.31403118040089084,
        "recall": 0.9337748344370861,
        "f1-score": 0.47000000000000003,
        "support": 302.0
    },
    "accuracy": 0.37890625,
    "macro avg": {
        "precision": 0.577650510835366,
        "recall": 0.5402946194346095,
        "f1-score": 0.36,
        "support": 1024.0
    },
    "weighted avg": {
        "precision": 0.6857756268338813,
        "recall": 0.37890625,
        "f1-score": 0.3148828125,
=======
        "precision": 0.7348703170028819,
        "recall": 0.35318559556786705,
        "f1-score": 0.4770813844714687,
        "support": 722.0
    },
    "UP": {
        "precision": 0.310192023633678,
        "recall": 0.695364238410596,
        "f1-score": 0.4290091930541369,
        "support": 302.0
    },
    "accuracy": 0.4541015625,
    "macro avg": {
        "precision": 0.5225311703182799,
        "recall": 0.5242749169892316,
        "f1-score": 0.4530452887628028,
        "support": 1024.0
    },
    "weighted avg": {
        "precision": 0.6096233984506362,
        "recall": 0.4541015625,
        "f1-score": 0.4629038436433103,
>>>>>>> d5f42532be6a9c18a5da3fb21b671ebbe5b6efbf
        "support": 1024.0
    }
}