{
    "R2": 0.9954318505443212,
    "RMSE": 31.412009935777935,
    "MSE": 986.7143682054116,
    "MAPE": 0.030783386005828244,
    "ACMAPE": 0.532846659733476
}