{
    "DOWN": {
        "precision": 0.6751592356687898,
        "recall": 0.20229007633587787,
        "f1-score": 0.31130690161527164,
        "support": 524.0
    },
    "UP": {
        "precision": 0.26666666666666666,
        "recall": 0.7487684729064039,
        "f1-score": 0.39327296248382926,
        "support": 203.0
    },
    "accuracy": 0.35488308115543327,
    "macro avg": {
        "precision": 0.47091295116772824,
        "recall": 0.4755292746211409,
        "f1-score": 0.35228993204955045,
        "support": 727.0
    },
    "weighted avg": {
        "precision": 0.5610959736228049,
        "recall": 0.35488308115543327,
        "f1-score": 0.3341942611150202,
        "support": 727.0
    }
}