{
    "DOWN": {
        "precision": 0.8412698412698413,
        "recall": 0.04042715484363082,
        "f1-score": 0.07714701601164484,
        "support": 2622.0
    },
    "UP": {
        "precision": 0.09235209235209235,
        "recall": 0.927536231884058,
        "f1-score": 0.1679790026246719,
        "support": 276.0
    },
    "accuracy": 0.12491373360938578,
    "macro avg": {
        "precision": 0.4668109668109668,
        "recall": 0.4839816933638444,
        "f1-score": 0.12256300931815838,
        "support": 2898.0
    },
    "weighted avg": {
        "precision": 0.7699443413729128,
        "recall": 0.12491373360938578,
        "f1-score": 0.0857976814033617,
        "support": 2898.0
    }
}