{
    "R2": 0.6114609115525117,
    "RMSE": 63.66655556630668,
    "MSE": 4053.4302976776157,
    "MAPE": 0.12885227034657498,
    "ACMAPE": 1.0146844574167262
}