{
    "R2": 0.3201747607349186,
    "RMSE": 84.21561767455763,
    "MSE": 7092.270260307265,
    "MAPE": 0.2203477963673258,
    "ACMAPE": 1.386785210397587
}