{
    "R2": 0.9547670743959396,
    "RMSE": 99.17932998395246,
    "MSE": 9836.53949606573,
    "MAPE": 0.5067599800290371,
    "ACMAPE": 2.281690727951475
}