{
    "DOWN": {
        "precision": 0.9167630057803469,
        "recall": 0.2611989459815547,
        "f1-score": 0.4065624198923353,
        "support": 3036.0
    },
    "UP": {
        "precision": 0.10956728860658992,
        "recall": 0.7931034482758621,
        "f1-score": 0.1925357516567841,
        "support": 348.0
    },
    "accuracy": 0.31589834515366433,
    "macro avg": {
        "precision": 0.5131651471934684,
        "recall": 0.5271511971287084,
        "f1-score": 0.29954908577455974,
        "support": 3384.0
    },
    "weighted avg": {
        "precision": 0.8337535171348187,
        "recall": 0.31589834515366433,
        "f1-score": 0.3845525852156297,
        "support": 3384.0
    }
}