{
    "R2": 0.9532202853008497,
    "RMSE": 8.340604210234515,
    "MSE": 69.5656785917817,
    "MAPE": 66697076105566.22,
    "ACMAPE": 66697076105567.85
}