{
    "R2": 0.9721266998275538,
    "RMSE": 75.3137243271312,
    "MSE": 5672.157072023114,
    "MAPE": 0.06849206419716619,
    "ACMAPE": 1.1368882906122606
}