{
    "R2": 0.9755044158028187,
    "RMSE": 70.60310958388021,
    "MSE": 4984.799082913399,
    "MAPE": 0.04873697922444366,
    "ACMAPE": 1.0251520735640662
}