{
    "R2": 0.9802266308553791,
    "RMSE": 5.424956451848457,
    "MSE": 29.430152504452206,
    "MAPE": 57154809368590.23,
    "ACMAPE": 57154809368591.914
}