{
    "R2": -1.240231786796754,
    "RMSE": 675.1906289567709,
    "MSE": 455882.3854310399,
    "MAPE": 0.502380402251189,
    "ACMAPE": 1.3372860626285474
}