{
    "DOWN": {
        "precision": 0.9198497182216656,
        "recall": 0.48258869908015767,
        "f1-score": 0.6330532212885153,
        "support": 3044.0
    },
    "UP": {
        "precision": 0.12353923205342238,
        "recall": 0.6342857142857142,
        "f1-score": 0.20680018630647415,
        "support": 350.0
    },
    "accuracy": 0.4982321744254567,
    "macro avg": {
        "precision": 0.521694475137544,
        "recall": 0.558437206682936,
        "f1-score": 0.4199267037974947,
        "support": 3394.0
    },
    "weighted avg": {
        "precision": 0.83773166572936,
        "recall": 0.4982321744254567,
        "f1-score": 0.5890966619945511,
        "support": 3394.0
    }
}