{
    "DOWN": {
        "precision": 0.72,
        "recall": 0.8456375838926175,
        "f1-score": 0.7777777777777777,
        "support": 149.0
    },
    "UP": {
        "precision": 0.3235294117647059,
        "recall": 0.18333333333333332,
        "f1-score": 0.23404255319148937,
        "support": 60.0
    },
    "accuracy": 0.6555023923444976,
    "macro avg": {
        "precision": 0.5217647058823529,
        "recall": 0.5144854586129753,
        "f1-score": 0.5059101654846335,
        "support": 209.0
    },
    "weighted avg": {
        "precision": 0.6061806923726428,
        "recall": 0.6555023923444976,
        "f1-score": 0.6216815410544414,
        "support": 209.0
    }
}