{
    "R2": 0.975113275721314,
    "RMSE": 60.31477746741496,
    "MSE": 3637.872380943788,
    "MAPE": 0.025513410120823535,
    "ACMAPE": 1.1710981356578165
}