{
    "DOWN": {
        "precision": 1.0,
        "recall": 0.006711409395973154,
        "f1-score": 0.013333333333333332,
        "support": 149.0
    },
    "UP": {
        "precision": 0.28846153846153844,
        "recall": 1.0,
        "f1-score": 0.44776119402985076,
        "support": 60.0
    },
    "accuracy": 0.291866028708134,
    "macro avg": {
        "precision": 0.6442307692307692,
        "recall": 0.5033557046979866,
        "f1-score": 0.23054726368159204,
        "support": 209.0
    },
    "weighted avg": {
        "precision": 0.7957305852042694,
        "recall": 0.291866028708134,
        "f1-score": 0.13804946559070677,
        "support": 209.0
    }
}