{
    "R2": 0.9960775161802923,
    "RMSE": 65.80228496131316,
    "MSE": 4329.94070612986,
    "MAPE": 0.07400998909140537,
    "ACMAPE": 1.0651280664163794
}