{
    "DOWN": {
        "precision": 0.5616605616605617,
        "recall": 0.8518518518518519,
        "f1-score": 0.6769683590875644,
        "support": 540.0
    },
    "UP": {
        "precision": 0.42028985507246375,
        "recall": 0.13908872901678657,
        "f1-score": 0.20900900900900898,
        "support": 417.0
    },
    "accuracy": 0.5412748171368861,
    "macro avg": {
        "precision": 0.4909752083665127,
        "recall": 0.4954702904343192,
        "f1-score": 0.4429886840482867,
        "support": 957.0
    },
    "weighted avg": {
        "precision": 0.5000601597303246,
        "recall": 0.5412748171368861,
        "f1-score": 0.47306130685897757,
        "support": 957.0
    }
}