{
    "DOWN": {
        "precision": 0.5867620751341681,
        "recall": 0.8937329700272479,
        "f1-score": 0.7084233261339092,
        "support": 2202.0
    },
    "UP": {
        "precision": 0.4845814977973568,
        "recall": 0.136986301369863,
        "f1-score": 0.21359223300970873,
        "support": 1606.0
    },
    "accuracy": 0.5745798319327731,
    "macro avg": {
        "precision": 0.5356717864657625,
        "recall": 0.5153596356985555,
        "f1-score": 0.461007779571809,
        "support": 3808.0
    },
    "weighted avg": {
        "precision": 0.5436680606376033,
        "recall": 0.5745798319327731,
        "f1-score": 0.4997314312921377,
        "support": 3808.0
    }
}