{
<<<<<<< HEAD
    "R2": -5.276443531936462,
    "RMSE": 8.290237434732294,
    "MSE": 68.72803672423669,
    "MAPE": 0.08043293134884752,
    "ACMAPE": 0.8804329313488476
=======
    "R2": -5.049463960268064,
    "RMSE": 8.138954169438906,
    "MSE": 66.24257497222693,
    "MAPE": 0.0789442274866436,
    "ACMAPE": 0.866041001680192
>>>>>>> d5f42532be6a9c18a5da3fb21b671ebbe5b6efbf
}