{
    "DOWN": {
        "precision": 0.7169811320754716,
        "recall": 0.7102803738317757,
        "f1-score": 0.7136150234741783,
        "support": 107.0
    },
    "UP": {
        "precision": 0.3673469387755102,
        "recall": 0.375,
        "f1-score": 0.37113402061855677,
        "support": 48.0
    },
    "accuracy": 0.6064516129032258,
    "macro avg": {
        "precision": 0.542164035425491,
        "recall": 0.5426401869158879,
        "f1-score": 0.5423745220463675,
        "support": 155.0
    },
    "weighted avg": {
        "precision": 0.6087073173761287,
        "recall": 0.6064516129032258,
        "f1-score": 0.6075563903317923,
        "support": 155.0
    }
}