{
    "R2": -10.326744018257747,
    "RMSE": 11.136858427765711,
    "MSE": 124.02961564009613,
    "MAPE": 0.0991347088350943,
    "ACMAPE": 0.8475218056092878
}