{
    "R2": 0.5119715042879363,
    "RMSE": 2.3117067790628494,
    "MSE": 5.343988232365133,
    "MAPE": 0.025582964174948177,
    "ACMAPE": 1.3417119964330126
}