{
    "DOWN": {
        "precision": 0.8571428571428571,
        "recall": 0.056074766355140186,
        "f1-score": 0.10526315789473684,
        "support": 107.0
    },
    "UP": {
        "precision": 0.31756756756756754,
        "recall": 0.9791666666666666,
        "f1-score": 0.47959183673469385,
        "support": 48.0
    },
    "accuracy": 0.3419354838709677,
    "macro avg": {
        "precision": 0.5873552123552124,
        "recall": 0.5176207165109034,
        "f1-score": 0.29242749731471535,
        "support": 155.0
    },
    "weighted avg": {
        "precision": 0.6900485739195417,
        "recall": 0.3419354838709677,
        "f1-score": 0.22118429714840093,
        "support": 155.0
    }
}