{
    "DOWN": {
        "precision": 0.6804123711340206,
        "recall": 0.33,
        "f1-score": 0.4444444444444444,
        "support": 400.0
    },
    "UP": {
        "precision": 0.3463414634146341,
        "recall": 0.696078431372549,
        "f1-score": 0.4625407166123778,
        "support": 204.0
    },
    "accuracy": 0.45364238410596025,
    "macro avg": {
        "precision": 0.5133769172743274,
        "recall": 0.5130392156862745,
        "f1-score": 0.4534925805284111,
        "support": 604.0
    },
    "weighted avg": {
        "precision": 0.5675804751493271,
        "recall": 0.45364238410596025,
        "f1-score": 0.45055643040844834,
        "support": 604.0
    }
}