{
    "DOWN": {
        "precision": 0.6766169154228856,
        "recall": 0.3434343434343434,
        "f1-score": 0.4556113902847571,
        "support": 396.0
    },
    "UP": {
        "precision": 0.34673366834170855,
        "recall": 0.6798029556650246,
        "f1-score": 0.45923460898502494,
        "support": 203.0
    },
    "accuracy": 0.4574290484140234,
    "macro avg": {
        "precision": 0.5116752918822971,
        "recall": 0.511618649549684,
        "f1-score": 0.457422999634891,
        "support": 599.0
    },
    "weighted avg": {
        "precision": 0.564820088782687,
        "recall": 0.4574290484140234,
        "f1-score": 0.45683929244862087,
        "support": 599.0
    }
}