{
    "R2": -11.867251472961263,
    "RMSE": 11.870063724139623,
    "MSE": 140.89841281513543,
    "MAPE": 0.08761310456800597,
    "ACMAPE": 0.9392260077938124
}