{
    "R2": 0.8823388614403996,
    "RMSE": 6.757136441045832,
    "MSE": 45.65889288290953,
    "MAPE": 0.10666500389793551,
    "ACMAPE": 1.1148751845219091
}