{
    "R2": -22.11788788598277,
    "RMSE": 15.910514829716488,
    "MSE": 253.1444821466283,
    "MAPE": 0.10914881771799181,
    "ACMAPE": 0.9091488177179918
}