{
    "R2": 0.8902111969798256,
    "RMSE": 6.448719294020995,
    "MSE": 41.58598053307863,
    "MAPE": 0.10906524477307751,
    "ACMAPE": 1.194207147945031
}