{
    "DOWN": {
        "precision": 0.6796116504854369,
        "recall": 0.35353535353535354,
        "f1-score": 0.4651162790697675,
        "support": 396.0
    },
    "UP": {
        "precision": 0.3486005089058524,
        "recall": 0.6748768472906403,
        "f1-score": 0.4597315436241611,
        "support": 203.0
    },
    "accuracy": 0.46243739565943237,
    "macro avg": {
        "precision": 0.5141060796956447,
        "recall": 0.514206100412997,
        "f1-score": 0.46242391134696426,
        "support": 599.0
    },
    "weighted avg": {
        "precision": 0.5674325824709867,
        "recall": 0.46243739565943237,
        "f1-score": 0.4632914021157473,
        "support": 599.0
    }
}