{
    "R2": 0.9620760874804082,
    "RMSE": 15.590880490844311,
    "MSE": 243.07555447978976,
    "MAPE": 0.06487887570782938,
    "ACMAPE": 0.5469251127958765
}