{
    "DOWN": {
        "precision": 0.8299180327868853,
        "recall": 0.22651006711409397,
        "f1-score": 0.3558875219683656,
        "support": 3576.0
    },
    "UP": {
        "precision": 0.10774193548387097,
        "recall": 0.668,
        "f1-score": 0.18555555555555553,
        "support": 500.0
    },
    "accuracy": 0.2806673209028459,
    "macro avg": {
        "precision": 0.46882998413537813,
        "recall": 0.447255033557047,
        "f1-score": 0.2707215387619606,
        "support": 4076.0
    },
    "weighted avg": {
        "precision": 0.7413292082894596,
        "recall": 0.2806673209028459,
        "f1-score": 0.3349930216723879,
        "support": 4076.0
    }
}