{
    "DOWN": {
        "precision": 0.8850506253722454,
        "recall": 0.833426808749299,
        "f1-score": 0.8584633160023109,
        "support": 3566.0
    },
    "UP": {
        "precision": 0.16101694915254236,
        "recall": 0.228,
        "f1-score": 0.18874172185430466,
        "support": 500.0
    },
    "accuracy": 0.7589768814559764,
    "macro avg": {
        "precision": 0.5230337872623939,
        "recall": 0.5307134043746495,
        "f1-score": 0.5236025189283078,
        "support": 4066.0
    },
    "weighted avg": {
        "precision": 0.7960154954878746,
        "recall": 0.7589768814559764,
        "f1-score": 0.7761069960136235,
        "support": 4066.0
    }
}