{
    "DOWN": {
        "precision": 0.9331022530329289,
        "recall": 0.7538504620554467,
        "f1-score": 0.8339529120198265,
        "support": 3571.0
    },
    "UP": {
        "precision": 0.2588532883642496,
        "recall": 0.614,
        "f1-score": 0.3641755634638197,
        "support": 500.0
    },
    "accuracy": 0.7366740358634242,
    "macro avg": {
        "precision": 0.5959777706985893,
        "recall": 0.6839252310277233,
        "f1-score": 0.599064237741823,
        "support": 4071.0
    },
    "weighted avg": {
        "precision": 0.8502910316292591,
        "recall": 0.7366740358634242,
        "f1-score": 0.7762548834573103,
        "support": 4071.0
    }
}