{
    "DOWN": {
        "precision": 0.7688888888888888,
        "recall": 0.24679029957203993,
        "f1-score": 0.3736501079913606,
        "support": 701.0
    },
    "UP": {
        "precision": 0.3350125944584383,
        "recall": 0.8364779874213837,
        "f1-score": 0.4784172661870503,
        "support": 318.0
    },
    "accuracy": 0.4308145240431796,
    "macro avg": {
        "precision": 0.5519507416736635,
        "recall": 0.5416341434967118,
        "f1-score": 0.42603368708920547,
        "support": 1019.0
    },
    "weighted avg": {
        "precision": 0.6334888284091211,
        "recall": 0.4308145240431796,
        "f1-score": 0.4063448639346671,
        "support": 1019.0
    }
}