{
    "R2": 0.9878405714484779,
    "RMSE": 8.986173017207266,
    "MSE": 80.75130549518393,
    "MAPE": 0.026037450777801643,
    "ACMAPE": 0.5526893790509533
}