{
    "R2": 0.9176545121608509,
    "RMSE": 19.355847587658513,
    "MSE": 374.6488358366659,
    "MAPE": 0.05601930988169205,
    "ACMAPE": 1.3396306935912112
}