{
    "DOWN": {
        "precision": 0.6942148760330579,
        "recall": 0.11982881597717546,
        "f1-score": 0.20437956204379562,
        "support": 701.0
    },
    "UP": {
        "precision": 0.3129175946547884,
        "recall": 0.8836477987421384,
        "f1-score": 0.462171052631579,
        "support": 318.0
    },
    "accuracy": 0.35819430814524045,
    "macro avg": {
        "precision": 0.5035662353439232,
        "recall": 0.501738307359657,
        "f1-score": 0.3332753073376873,
        "support": 1019.0
    },
    "weighted avg": {
        "precision": 0.5752231827275723,
        "recall": 0.35819430814524045,
        "f1-score": 0.28482872201132764,
        "support": 1019.0
    }
}