{
    "R2": -0.45079836137717866,
    "RMSE": 236.6370234678305,
    "MSE": 55997.08087571456,
    "MAPE": 0.2590980750709166,
    "ACMAPE": 1.3651586811315226
}