{
    "DOWN": {
        "precision": 0.8021978021978022,
        "recall": 0.21407624633431085,
        "f1-score": 0.33796296296296297,
        "support": 341.0
    },
    "UP": {
        "precision": 0.3588516746411483,
        "recall": 0.8928571428571429,
        "f1-score": 0.5119453924914676,
        "support": 168.0
    },
    "accuracy": 0.4381139489194499,
    "macro avg": {
        "precision": 0.5805247384194753,
        "recall": 0.5534666945957268,
        "f1-score": 0.42495417772721533,
        "support": 509.0
    },
    "weighted avg": {
        "precision": 0.6558674496840148,
        "recall": 0.4381139489194499,
        "f1-score": 0.3953874190745323,
        "support": 509.0
    }
}