{
    "DOWN": {
        "precision": 0.6833333333333333,
        "recall": 0.45054945054945056,
        "f1-score": 0.543046357615894,
        "support": 91.0
    },
    "UP": {
        "precision": 0.3055555555555556,
        "recall": 0.5365853658536586,
        "f1-score": 0.3893805309734514,
        "support": 41.0
    },
    "accuracy": 0.4772727272727273,
    "macro avg": {
        "precision": 0.49444444444444446,
        "recall": 0.49356740820155454,
        "f1-score": 0.4662134442946727,
        "support": 132.0
    },
    "weighted avg": {
        "precision": 0.5659932659932659,
        "recall": 0.4772727272727273,
        "f1-score": 0.49531682055271115,
        "support": 132.0
    }
}