{
    "DOWN": {
        "precision": 0.7070707070707071,
        "recall": 0.7692307692307693,
        "f1-score": 0.736842105263158,
        "support": 91.0
    },
    "UP": {
        "precision": 0.36363636363636365,
        "recall": 0.2926829268292683,
        "f1-score": 0.32432432432432434,
        "support": 41.0
    },
    "accuracy": 0.6212121212121212,
    "macro avg": {
        "precision": 0.5353535353535354,
        "recall": 0.5309568480300187,
        "f1-score": 0.5305832147937412,
        "support": 132.0
    },
    "weighted avg": {
        "precision": 0.6003979185797367,
        "recall": 0.6212121212121212,
        "f1-score": 0.6087115823957929,
        "support": 132.0
    }
}