{
    "DOWN": {
        "precision": 0.7222222222222222,
        "recall": 0.1867816091954023,
        "f1-score": 0.2968036529680365,
        "support": 348.0
    },
    "UP": {
        "precision": 0.34032634032634035,
        "recall": 0.8538011695906432,
        "f1-score": 0.48666666666666664,
        "support": 171.0
    },
    "accuracy": 0.40655105973025046,
    "macro avg": {
        "precision": 0.5312742812742812,
        "recall": 0.5202913893930228,
        "f1-score": 0.3917351598173516,
        "support": 519.0
    },
    "weighted avg": {
        "precision": 0.5963952553547929,
        "recall": 0.40655105973025046,
        "f1-score": 0.3593596748224985,
        "support": 519.0
    }
}