{
    "R2": 0.8318234612225998,
    "RMSE": 80.56786787781272,
    "MSE": 6491.181334376687,
    "MAPE": 0.057838611011485436,
    "ACMAPE": 0.815414368587243
}