{
    "R2": 0.9513414872451533,
    "RMSE": 42.46733199326171,
    "MSE": 1803.4742866259096,
    "MAPE": 0.126745377616109,
    "ACMAPE": 1.2426589336082505
}