{
    "R2": 0.9872783652728878,
    "RMSE": 21.30951217495061,
    "MSE": 454.0953091343682,
    "MAPE": 0.03856460347404887,
    "ACMAPE": 0.7871468340978675
}