{
    "DOWN": {
        "precision": 0.8064516129032258,
        "recall": 0.21994134897360704,
        "f1-score": 0.3456221198156682,
        "support": 341.0
    },
    "UP": {
        "precision": 0.3605769230769231,
        "recall": 0.8928571428571429,
        "f1-score": 0.5136986301369864,
        "support": 168.0
    },
    "accuracy": 0.44204322200392926,
    "macro avg": {
        "precision": 0.5835142679900744,
        "recall": 0.5563992459153749,
        "f1-score": 0.42966037497632725,
        "support": 509.0
    },
    "weighted avg": {
        "precision": 0.6592866858092792,
        "recall": 0.44204322200392926,
        "f1-score": 0.4010972744993253,
        "support": 509.0
    }
}