{
    "R2": 0.9530315249817902,
    "RMSE": 41.72331357548106,
    "MSE": 1740.8348957179219,
    "MAPE": 0.12360211368405097,
    "ACMAPE": 1.2473742158451513
}