{
    "DOWN": {
        "precision": 0.7135922330097088,
        "recall": 0.84,
        "f1-score": 0.7716535433070866,
        "support": 350.0
    },
    "UP": {
        "precision": 0.5,
        "recall": 0.3218390804597701,
        "f1-score": 0.39160839160839156,
        "support": 174.0
    },
    "accuracy": 0.6679389312977099,
    "macro avg": {
        "precision": 0.6067961165048543,
        "recall": 0.580919540229885,
        "f1-score": 0.5816309674577391,
        "support": 524.0
    },
    "weighted avg": {
        "precision": 0.6426665678499963,
        "recall": 0.6679389312977099,
        "f1-score": 0.645455344078894,
        "support": 524.0
    }
}