{
    "R2": 0.9509682741203678,
    "RMSE": 219.03017936499663,
    "MSE": 47974.21947266259,
    "MAPE": 0.09655510483438934,
    "ACMAPE": 1.0888181609272327
}