{
    "DOWN": {
        "precision": 0.8544117647058823,
        "recall": 0.6641897685052872,
        "f1-score": 0.7473870397169963,
        "support": 3499.0
    },
    "UP": {
        "precision": 0.1678470254957507,
        "recall": 0.3744075829383886,
        "f1-score": 0.23178484107579458,
        "support": 633.0
    },
    "accuracy": 0.6197967086156825,
    "macro avg": {
        "precision": 0.5111293951008165,
        "recall": 0.5192986757218379,
        "f1-score": 0.4895859403963954,
        "support": 4132.0
    },
    "weighted avg": {
        "precision": 0.749233768597457,
        "recall": 0.6197967086156825,
        "f1-score": 0.66839957801809,
        "support": 4132.0
    }
}