{
    "R2": 0.9349549097765146,
    "RMSE": 252.27407871895858,
    "MSE": 63642.21079349931,
    "MAPE": 0.09970037924522572,
    "ACMAPE": 1.1557932225721117
}