{
    "DOWN": {
        "precision": 0.7586206896551724,
        "recall": 0.03475513428120063,
        "f1-score": 0.06646525679758308,
        "support": 633.0
    },
    "UP": {
        "precision": 0.3157894736842105,
        "recall": 0.9757785467128027,
        "f1-score": 0.4771573604060913,
        "support": 289.0
    },
    "accuracy": 0.3297180043383948,
    "macro avg": {
        "precision": 0.5372050816696914,
        "recall": 0.5052668404970017,
        "f1-score": 0.2718113086018372,
        "support": 922.0
    },
    "weighted avg": {
        "precision": 0.6198156772738188,
        "recall": 0.3297180043383948,
        "f1-score": 0.19519629578116104,
        "support": 922.0
    }
}