{
    "DOWN": {
        "precision": 0.7359050445103857,
        "recall": 0.39178515007898895,
        "f1-score": 0.511340206185567,
        "support": 633.0
    },
    "UP": {
        "precision": 0.3418803418803419,
        "recall": 0.6920415224913494,
        "f1-score": 0.45766590389016015,
        "support": 289.0
    },
    "accuracy": 0.48590021691973967,
    "macro avg": {
        "precision": 0.5388926931953638,
        "recall": 0.5419133362851691,
        "f1-score": 0.48450305503786356,
        "support": 922.0
    },
    "weighted avg": {
        "precision": 0.6123983860938101,
        "recall": 0.48590021691973967,
        "f1-score": 0.49451604852464226,
        "support": 922.0
    }
}