{
    "R2": 0.6125348024417208,
    "RMSE": 120.59995495142694,
    "MSE": 14544.349134286207,
    "MAPE": 0.1914596017099102,
    "ACMAPE": 1.5320235930331205
}