{
    "R2": 0.988082255216646,
    "RMSE": 21.15085052448468,
    "MSE": 447.3584779090939,
    "MAPE": 0.024249173509336287,
    "ACMAPE": 1.2433381106026118
}