{
    "DOWN": {
        "precision": 0.625,
        "recall": 0.29250457038391225,
        "f1-score": 0.3985056039850561,
        "support": 547.0
    },
    "UP": {
        "precision": 0.25,
        "recall": 0.5733333333333334,
        "f1-score": 0.3481781376518219,
        "support": 225.0
    },
    "accuracy": 0.3743523316062176,
    "macro avg": {
        "precision": 0.4375,
        "recall": 0.43291895185862284,
        "f1-score": 0.37334187081843895,
        "support": 772.0
    },
    "weighted avg": {
        "precision": 0.5157059585492227,
        "recall": 0.3743523316062176,
        "f1-score": 0.3838376248076238,
        "support": 772.0
    }
}