{
    "DOWN": {
        "precision": 0.756,
        "recall": 0.16973506960035922,
        "f1-score": 0.2772277227722772,
        "support": 2227.0
    },
    "UP": {
        "precision": 0.2808245818747569,
        "recall": 0.8554502369668247,
        "f1-score": 0.4228404099560762,
        "support": 844.0
    },
    "accuracy": 0.35818951481602085,
    "macro avg": {
        "precision": 0.5184122909373785,
        "recall": 0.5125926532835919,
        "f1-score": 0.35003406636417667,
        "support": 3071.0
    },
    "weighted avg": {
        "precision": 0.6254079931951465,
        "recall": 0.35818951481602085,
        "f1-score": 0.31724631866388464,
        "support": 3071.0
    }
}