{
    "R2": 0.8005370110238852,
    "RMSE": 41.76136360462831,
    "MSE": 1744.0114901179736,
    "MAPE": 0.4303119561928826,
    "ACMAPE": 1.66606325152967
}