{
<<<<<<< HEAD
    "R2": 0.7590379336442339,
    "RMSE": 45.900545721438924,
    "MSE": 2106.860097525905,
    "MAPE": 0.4720058573396437,
    "ACMAPE": 1.7233011941272085
=======
    "R2": 0.8005370110238852,
    "RMSE": 41.76136360462831,
    "MSE": 1744.0114901179736,
    "MAPE": 0.4303119561928826,
    "ACMAPE": 1.66606325152967
>>>>>>> d5f42532be6a9c18a5da3fb21b671ebbe5b6efbf
}