{
<<<<<<< HEAD
    "R2": 0.915779785024185,
    "RMSE": 46.70638319618797,
    "MSE": 2181.48623126915,
    "MAPE": 0.30760193899964405,
    "ACMAPE": 1.579500343428169
=======
    "R2": 0.95107081610085,
    "RMSE": 35.60016832028351,
    "MSE": 1267.3719844325176,
    "MAPE": 0.293073619538235,
    "ACMAPE": 1.5766945899061935
>>>>>>> d5f42532be6a9c18a5da3fb21b671ebbe5b6efbf
}