{
    "R2": 0.95107081610085,
    "RMSE": 35.60016832028351,
    "MSE": 1267.3719844325176,
    "MAPE": 0.293073619538235,
    "ACMAPE": 1.5766945899061935
}