{
    "DOWN": {
        "precision": 0.7536764705882353,
        "recall": 0.6083086053412463,
        "f1-score": 0.6732348111658457,
        "support": 337.0
    },
    "UP": {
        "precision": 0.34,
        "recall": 0.5037037037037037,
        "f1-score": 0.40597014925373137,
        "support": 135.0
    },
    "accuracy": 0.5783898305084746,
    "macro avg": {
        "precision": 0.5468382352941177,
        "recall": 0.556006154522475,
        "f1-score": 0.5396024802097885,
        "support": 472.0
    },
    "weighted avg": {
        "precision": 0.6353579885343967,
        "recall": 0.5783898305084746,
        "f1-score": 0.5967925879494571,
        "support": 472.0
    }
}