{
    "R2": 0.9910013555525454,
    "RMSE": 5.107469218895813,
    "MSE": 26.0862418219682,
    "MAPE": 0.06322419445713105,
    "ACMAPE": 1.125464858357546
}