{
    "R2": -3.1067442186959777,
    "RMSE": 4.79900606261103,
    "MSE": 23.030459188977417,
    "MAPE": 0.16735422428371574,
    "ACMAPE": 1.7771103218446915
}