{
    "R2": -4.083110170590453,
    "RMSE": 5.3390898886981635,
    "MSE": 28.505880839598966,
    "MAPE": 0.1880634165487716,
    "ACMAPE": 1.7978195141097473
}