{
    "DOWN": {
        "precision": 0.753731343283582,
        "recall": 0.599406528189911,
        "f1-score": 0.6677685950413222,
        "support": 337.0
    },
    "UP": {
        "precision": 0.3382352941176471,
        "recall": 0.5111111111111111,
        "f1-score": 0.40707964601769914,
        "support": 135.0
    },
    "accuracy": 0.5741525423728814,
    "macro avg": {
        "precision": 0.5459833187006146,
        "recall": 0.555258819650511,
        "f1-score": 0.5374241205295107,
        "support": 472.0
    },
    "weighted avg": {
        "precision": 0.6348924309162066,
        "recall": 0.5741525423728814,
        "f1-score": 0.5932071371638029,
        "support": 472.0
    }
}