{
    "R2": 0.9877097560051599,
    "RMSE": 5.005933574069523,
    "MSE": 25.059370947996467,
    "MAPE": 0.06943696699739231,
    "ACMAPE": 0.9126573059804431
}