{
    "R2": 0.943856463822188,
    "RMSE": 203.8992039265015,
    "MSE": 41574.885361861045,
    "MAPE": 7746453904225.426,
    "ACMAPE": 7746453904226.3
}