{
    "R2": 0.19957313153448641,
    "RMSE": 125.23897210826635,
    "MSE": 15684.800134735116,
    "MAPE": 0.03723594275258728,
    "ACMAPE": 0.786207136168225
}