{
    "R2": 0.7571640836708898,
    "RMSE": 68.98189580183784,
    "MSE": 4758.501948415612,
    "MAPE": 0.02434462887056748,
    "ACMAPE": 1.5881306371010202
}