{
    "DOWN": {
        "precision": 0.8883248730964467,
        "recall": 0.561122244488978,
        "f1-score": 0.6877916973716531,
        "support": 2495.0
    },
    "UP": {
        "precision": 0.17792792792792791,
        "recall": 0.5738498789346247,
        "f1-score": 0.27163323782234955,
        "support": 413.0
    },
    "accuracy": 0.56292984869326,
    "macro avg": {
        "precision": 0.5331264005121873,
        "recall": 0.5674860617118014,
        "f1-score": 0.47971246759700137,
        "support": 2908.0
    },
    "weighted avg": {
        "precision": 0.7874328722867499,
        "recall": 0.56292984869326,
        "f1-score": 0.6286880371949467,
        "support": 2908.0
    }
}