{
    "R2": 0.9331763588548218,
    "RMSE": 4.708487648620981,
    "MSE": 22.169855937216337,
    "MAPE": 0.023985668376636952,
    "ACMAPE": 1.1357966919986842
}