{
    "R2": 0.9523232345513206,
    "RMSE": 3.9845216110142045,
    "MSE": 15.87641246863923,
    "MAPE": 0.018067308229326524,
    "ACMAPE": 0.7700673082293266
}