{
    "DOWN": {
<<<<<<< HEAD
        "precision": 0.6666666666666666,
        "recall": 0.3673469387755102,
        "f1-score": 0.47368421052631576,
        "support": 98.0
    },
    "UP": {
        "precision": 0.40384615384615385,
        "recall": 0.7,
        "f1-score": 0.5121951219512195,
        "support": 60.0
    },
    "accuracy": 0.4936708860759494,
    "macro avg": {
        "precision": 0.5352564102564102,
        "recall": 0.5336734693877551,
        "f1-score": 0.4929396662387676,
        "support": 158.0
    },
    "weighted avg": {
        "precision": 0.5668614086335605,
        "recall": 0.4936708860759494,
        "f1-score": 0.4883086072699501,
=======
        "precision": 0.6438356164383562,
        "recall": 0.47959183673469385,
        "f1-score": 0.5497076023391811,
        "support": 98.0
    },
    "UP": {
        "precision": 0.4,
        "recall": 0.5666666666666667,
        "f1-score": 0.46896551724137936,
        "support": 60.0
    },
    "accuracy": 0.5126582278481012,
    "macro avg": {
        "precision": 0.5219178082191781,
        "recall": 0.5231292517006803,
        "f1-score": 0.5093365597902803,
        "support": 158.0
    },
    "weighted avg": {
        "precision": 0.5512398127275879,
        "recall": 0.5126582278481012,
        "f1-score": 0.5190460510362185,
>>>>>>> d5f42532be6a9c18a5da3fb21b671ebbe5b6efbf
        "support": 158.0
    }
}