{
    "DOWN": {
        "precision": 0.6330275229357798,
        "recall": 0.7040816326530612,
        "f1-score": 0.6666666666666666,
        "support": 98.0
    },
    "UP": {
        "precision": 0.40816326530612246,
        "recall": 0.3333333333333333,
        "f1-score": 0.36697247706422015,
        "support": 60.0
    },
    "accuracy": 0.5632911392405063,
    "macro avg": {
        "precision": 0.5205953941209511,
        "recall": 0.5187074829931972,
        "f1-score": 0.5168195718654434,
        "support": 158.0
    },
    "weighted avg": {
        "precision": 0.5476360326966695,
        "recall": 0.5632911392405063,
        "f1-score": 0.5528587465644718,
        "support": 158.0
    }
}