{
    "DOWN": {
        "precision": 0.6173285198555957,
        "recall": 0.6923076923076923,
        "f1-score": 0.6526717557251908,
        "support": 247.0
    },
    "UP": {
        "precision": 0.5064935064935064,
        "recall": 0.42391304347826086,
        "f1-score": 0.4615384615384615,
        "support": 184.0
    },
    "accuracy": 0.5777262180974478,
    "macro avg": {
        "precision": 0.561911013174551,
        "recall": 0.5581103678929766,
        "f1-score": 0.5571051086318262,
        "support": 431.0
    },
    "weighted avg": {
        "precision": 0.5700114839887177,
        "recall": 0.5777262180974478,
        "f1-score": 0.5710742473020859,
        "support": 431.0
    }
}