{
    "DOWN": {
        "precision": 0.75,
        "recall": 0.19123505976095617,
        "f1-score": 0.30476190476190473,
        "support": 251.0
    },
    "UP": {
        "precision": 0.4543010752688172,
        "recall": 0.9135135135135135,
        "f1-score": 0.6068222621184919,
        "support": 185.0
    },
    "accuracy": 0.49770642201834864,
    "macro avg": {
        "precision": 0.6021505376344086,
        "recall": 0.5523742866372349,
        "f1-score": 0.4557920834401983,
        "support": 436.0
    },
    "weighted avg": {
        "precision": 0.6245314195521358,
        "recall": 0.49770642201834864,
        "f1-score": 0.43292971694302546,
        "support": 436.0
    }
}