{
    "R2": 0.9861782188165442,
    "RMSE": 33.94806404221279,
    "MSE": 1152.4710522141813,
    "MAPE": 0.033668957646267816,
    "ACMAPE": 1.1336445137450213
}