{
    "DOWN": {
        "precision": 0.645031169783645,
        "recall": 0.6736882420528533,
        "f1-score": 0.6590483327088796,
        "support": 2611.0
    },
    "UP": {
        "precision": 0.3776479181884587,
        "recall": 0.34814814814814815,
        "f1-score": 0.36229852838121934,
        "support": 1485.0
    },
    "accuracy": 0.5556640625,
    "macro avg": {
        "precision": 0.5113395439860519,
        "recall": 0.5109181951005007,
        "f1-score": 0.5106734305450495,
        "support": 4096.0
    },
    "weighted avg": {
        "precision": 0.5480916852575581,
        "recall": 0.5556640625,
        "f1-score": 0.5514620389035634,
        "support": 4096.0
    }
}