{
    "DOWN": {
        "precision": 0.6131386861313869,
        "recall": 0.9438202247191011,
        "f1-score": 0.7433628318584071,
        "support": 623.0
    },
    "UP": {
        "precision": 0.46153846153846156,
        "recall": 0.07481296758104738,
        "f1-score": 0.12875536480686695,
        "support": 401.0
    },
    "accuracy": 0.603515625,
    "macro avg": {
        "precision": 0.5373385738349242,
        "recall": 0.5093165961500743,
        "f1-score": 0.436059098332637,
        "support": 1024.0
    },
    "weighted avg": {
        "precision": 0.5537718013054465,
        "recall": 0.603515625,
        "f1-score": 0.5026815874368568,
        "support": 1024.0
    }
}