{
    "R2": 0.4692411938682364,
    "RMSE": 17.433999754308175,
    "MSE": 303.94434743321756,
    "MAPE": 0.2110515494559307,
    "ACMAPE": 1.480198157771029
}