{
    "R2": 0.9971186518083229,
    "RMSE": 3.6869346938646115,
    "MSE": 13.593487436822535,
    "MAPE": 0.023118384208759973,
    "ACMAPE": 1.2163313015596082
}