{
    "DOWN": {
        "precision": 0.7586657946370177,
        "recall": 0.8529411764705882,
        "f1-score": 0.8030460366908965,
        "support": 1360.0
    },
    "UP": {
        "precision": 0.3055555555555556,
        "recall": 0.1925601750547046,
        "f1-score": 0.23624161073825506,
        "support": 457.0
    },
    "accuracy": 0.6868464501926252,
    "macro avg": {
        "precision": 0.5321106750962866,
        "recall": 0.5227506757626464,
        "f1-score": 0.5196438237145757,
        "support": 1817.0
    },
    "weighted avg": {
        "precision": 0.6447024598762977,
        "recall": 0.6868464501926252,
        "f1-score": 0.6604870809064401,
        "support": 1817.0
    }
}