{
<<<<<<< HEAD
    "R2": 0.4692411938682364,
    "RMSE": 17.433999754308175,
    "MSE": 303.94434743321756,
    "MAPE": 0.2110515494559307,
    "ACMAPE": 1.480198157771029
=======
    "R2": 0.38260297468189386,
    "RMSE": 18.80315376700011,
    "MSE": 353.5585915854504,
    "MAPE": 0.22886930430218855,
    "ACMAPE": 1.511145015461926
>>>>>>> d5f42532be6a9c18a5da3fb21b671ebbe5b6efbf
}