{
    "DOWN": {
        "precision": 0.592391304347826,
        "recall": 0.08050221565731167,
        "f1-score": 0.14174252275682706,
        "support": 1354.0
    },
    "UP": {
        "precision": 0.23290203327171904,
        "recall": 0.8344370860927153,
        "f1-score": 0.36416184971098264,
        "support": 453.0
    },
    "accuracy": 0.2695074709463199,
    "macro avg": {
        "precision": 0.4126466688097725,
        "recall": 0.45746965087501346,
        "f1-score": 0.25295218623390486,
        "support": 1807.0
    },
    "weighted avg": {
        "precision": 0.5022703083337273,
        "recall": 0.2695074709463199,
        "f1-score": 0.19750121401871554,
        "support": 1807.0
    }
}