{
    "R2": 0.22505951585258954,
    "RMSE": 23.518791198743948,
    "MSE": 553.1335394501158,
    "MAPE": 0.012322415613564003,
    "ACMAPE": 0.6843224156135639
}