{
    "R2": 0.9859880384649167,
    "RMSE": 39.021473322000546,
    "MSE": 1522.6753802196004,
    "MAPE": 0.02351706238579864,
    "ACMAPE": 1.1452735494117465
}