{
    "R2": 0.9711326623069003,
    "RMSE": 52.43064403120414,
    "MSE": 2748.9724335268425,
    "MAPE": 0.03547517163411478,
    "ACMAPE": 0.7391788753378185
}