{
    "R2": 0.9723946082787533,
    "RMSE": 47.37729868634661,
    "MSE": 2244.608430815301,
    "MAPE": 0.024669877848325465,
    "ACMAPE": 1.1201983331328784
}