{
    "R2": 0.8919801763606325,
    "RMSE": 88.33872785142827,
    "MSE": 7803.730838408709,
    "MAPE": 0.2167810002669015,
    "ACMAPE": 1.4037563246118518
}