{
    "DOWN": {
        "precision": 0.6143552311435523,
        "recall": 0.8265139116202946,
        "f1-score": 0.7048150732728542,
        "support": 611.0
    },
    "UP": {
        "precision": 0.345679012345679,
        "recall": 0.15013404825737264,
        "f1-score": 0.20934579439252335,
        "support": 373.0
    },
    "accuracy": 0.5701219512195121,
    "macro avg": {
        "precision": 0.48001712174461564,
        "recall": 0.48832397993883364,
        "f1-score": 0.45708043383268876,
        "support": 984.0
    },
    "weighted avg": {
        "precision": 0.5125094693431389,
        "recall": 0.5701219512195121,
        "f1-score": 0.5169999909330539,
        "support": 984.0
    }
}