{
    "DOWN": {
        "precision": 0.7949709864603481,
        "recall": 0.15194085027726434,
        "f1-score": 0.25512104283054005,
        "support": 2705.0
    },
    "UP": {
        "precision": 0.32904357999415035,
        "recall": 0.9138911454102355,
        "f1-score": 0.48387096774193544,
        "support": 1231.0
    },
    "accuracy": 0.3902439024390244,
    "macro avg": {
        "precision": 0.5620072832272492,
        "recall": 0.5329159978437499,
        "f1-score": 0.3694960052862377,
        "support": 3936.0
    },
    "weighted avg": {
        "precision": 0.6492502960741974,
        "recall": 0.3902439024390244,
        "f1-score": 0.3266635117243225,
        "support": 3936.0
    }
}