{
    "R2": 0.9840902247777006,
    "RMSE": 35.967094811674926,
    "MSE": 1293.6319091920136,
    "MAPE": 0.021185139371329466,
    "ACMAPE": 1.0943558710786465
}