{
    "DOWN": {
        "precision": 0.6873727087576375,
        "recall": 0.2499074416882636,
        "f1-score": 0.3665490089600869,
        "support": 2701.0
    },
    "UP": {
        "precision": 0.3129874533740251,
        "recall": 0.7504065040650406,
        "f1-score": 0.4417324718832256,
        "support": 1230.0
    },
    "accuracy": 0.40651233782752483,
    "macro avg": {
        "precision": 0.5001800810658312,
        "recall": 0.5001569728766521,
        "f1-score": 0.40414074042165626,
        "support": 3931.0
    },
    "weighted avg": {
        "precision": 0.5702285052160849,
        "recall": 0.40651233782752483,
        "f1-score": 0.3900737251634603,
        "support": 3931.0
    }
}