{
    "DOWN": {
        "precision": 0.6643952299829642,
        "recall": 0.3063629222309505,
        "f1-score": 0.41935483870967744,
        "support": 2546.0
    },
    "UP": {
        "precision": 0.3521643433602348,
        "recall": 0.7090103397341211,
        "f1-score": 0.47058823529411764,
        "support": 1354.0
    },
    "accuracy": 0.4461538461538462,
    "macro avg": {
        "precision": 0.5082797866715995,
        "recall": 0.5076866309825359,
        "f1-score": 0.4449715370018975,
        "support": 3900.0
    },
    "weighted avg": {
        "precision": 0.5559950708836884,
        "recall": 0.4461538461538462,
        "f1-score": 0.4371420230623267,
        "support": 3900.0
    }
}