{
    "R2": 0.9853460063455369,
    "RMSE": 7.0720523844256595,
    "MSE": 50.01392492806065,
    "MAPE": 0.032870629744965144,
    "ACMAPE": 1.3137925247513673
}