{
    "DOWN": {
        "precision": 0.6441281138790036,
        "recall": 0.5944170771756979,
        "f1-score": 0.6182749786507259,
        "support": 609.0
    },
    "UP": {
        "precision": 0.40481927710843374,
        "recall": 0.45652173913043476,
        "f1-score": 0.4291187739463601,
        "support": 368.0
    },
    "accuracy": 0.5424769703172978,
    "macro avg": {
        "precision": 0.5244736954937187,
        "recall": 0.5254694081530663,
        "f1-score": 0.523696876298543,
        "support": 977.0
    },
    "weighted avg": {
        "precision": 0.5539892685038043,
        "recall": 0.5424769703172978,
        "f1-score": 0.5470267869094704,
        "support": 977.0
    }
}