{
    "DOWN": {
        "precision": 0.9349005424954792,
        "recall": 0.2651962041549115,
        "f1-score": 0.41318681318681316,
        "support": 3899.0
    },
    "UP": {
        "precision": 0.05507915567282322,
        "recall": 0.698744769874477,
        "f1-score": 0.10210944665239988,
        "support": 239.0
    },
    "accuracy": 0.2902368293861769,
    "macro avg": {
        "precision": 0.49498984908415117,
        "recall": 0.48197048701469425,
        "f1-score": 0.2576481299196065,
        "support": 4138.0
    },
    "weighted avg": {
        "precision": 0.8840843724977472,
        "recall": 0.2902368293861769,
        "f1-score": 0.39521980240824267,
        "support": 4138.0
    }
}