{
    "R2": 0.9576331367480133,
    "RMSE": 34.74906331518652,
    "MSE": 1207.4974012828416,
    "MAPE": 0.035406775097671324,
    "ACMAPE": 1.5175323789624058
}