{
    "DOWN": {
        "precision": 0.8842364532019704,
        "recall": 0.4121699196326062,
        "f1-score": 0.562255285826155,
        "support": 871.0
    },
    "UP": {
        "precision": 0.18600953895071543,
        "recall": 0.7134146341463414,
        "f1-score": 0.29508196721311475,
        "support": 164.0
    },
    "accuracy": 0.4599033816425121,
    "macro avg": {
        "precision": 0.535122996076343,
        "recall": 0.5627922768894738,
        "f1-score": 0.4286686265196349,
        "support": 1035.0
    },
    "weighted avg": {
        "precision": 0.7735995315235106,
        "recall": 0.4599033816425121,
        "f1-score": 0.5199205764034124,
        "support": 1035.0
    }
}