{
    "R2": -10.242317864031865,
    "RMSE": 52.79791334357851,
    "MSE": 2787.6196534360256,
    "MAPE": 0.43848842082093914,
    "ACMAPE": 1.0803488859372183
}