{
    "DOWN": {
        "precision": 0.794392523364486,
        "recall": 0.27375201288244766,
        "f1-score": 0.4071856287425149,
        "support": 621.0
    },
    "UP": {
        "precision": 0.2908805031446541,
        "recall": 0.8078602620087336,
        "f1-score": 0.42774566473988446,
        "support": 229.0
    },
    "accuracy": 0.4176470588235294,
    "macro avg": {
        "precision": 0.5426365132545701,
        "recall": 0.5408061374455906,
        "f1-score": 0.4174656467411997,
        "support": 850.0
    },
    "weighted avg": {
        "precision": 0.6587404614464372,
        "recall": 0.4176470588235294,
        "f1-score": 0.4127247443229827,
        "support": 850.0
    }
}