{
    "R2": 0.9904763476450481,
    "RMSE": 54.55038382239479,
    "MSE": 2975.7443751705914,
    "MAPE": 0.2246484135738582,
    "ACMAPE": 0.8047653726381858
}