{
    "R2": -4.087548345516688,
    "RMSE": 35.51755840820407,
    "MSE": 1261.4969552801874,
    "MAPE": 0.27023442510689666,
    "ACMAPE": 1.2190716344092223
}