{
    "DOWN": {
<<<<<<< HEAD
        "precision": 0.735966735966736,
        "recall": 0.5784313725490197,
        "f1-score": 0.6477584629460202,
        "support": 612.0
    },
    "UP": {
        "precision": 0.28133704735376047,
        "recall": 0.44298245614035087,
        "f1-score": 0.3441226575809199,
        "support": 228.0
    },
    "accuracy": 0.5416666666666666,
    "macro avg": {
        "precision": 0.5086518916602483,
        "recall": 0.5107069143446853,
        "f1-score": 0.4959405602634701,
        "support": 840.0
    },
    "weighted avg": {
        "precision": 0.6125672490574998,
        "recall": 0.5416666666666667,
        "f1-score": 0.5653430300612073,
=======
        "precision": 0.7373949579831933,
        "recall": 0.5735294117647058,
        "f1-score": 0.6452205882352942,
        "support": 612.0
    },
    "UP": {
        "precision": 0.28296703296703296,
        "recall": 0.4517543859649123,
        "f1-score": 0.34797297297297297,
        "support": 228.0
    },
    "accuracy": 0.5404761904761904,
    "macro avg": {
        "precision": 0.5101809954751131,
        "recall": 0.512641898864809,
        "f1-score": 0.4965967806041336,
        "support": 840.0
    },
    "weighted avg": {
        "precision": 0.614050235478807,
        "recall": 0.5404761904761904,
        "f1-score": 0.5645390926640926,
>>>>>>> d5f42532be6a9c18a5da3fb21b671ebbe5b6efbf
        "support": 840.0
    }
}