{
    "R2": -4.567724541268956,
    "RMSE": 232.41359263478404,
    "MSE": 54016.078041407345,
    "MAPE": 0.1851761174913446,
    "ACMAPE": 1.2576398856072866
}