{
    "R2": 0.24112644449953746,
    "RMSE": 85.80396622619062,
    "MSE": 7362.320620145261,
    "MAPE": 0.06579455632043277,
    "ACMAPE": 1.041639966948452
}