{
    "R2": -4.491176615911672,
    "RMSE": 230.81039267477337,
    "MSE": 53273.43736668307,
    "MAPE": 0.18358476428350687,
    "ACMAPE": 1.2850340396458257
}