{
    "DOWN": {
        "precision": 0.8333333333333334,
        "recall": 0.07246376811594203,
        "f1-score": 0.13333333333333333,
        "support": 138.0
    },
    "UP": {
        "precision": 0.3435897435897436,
        "recall": 0.9710144927536232,
        "f1-score": 0.5075757575757576,
        "support": 69.0
    },
    "accuracy": 0.3719806763285024,
    "macro avg": {
        "precision": 0.5884615384615385,
        "recall": 0.5217391304347826,
        "f1-score": 0.32045454545454544,
        "support": 207.0
    },
    "weighted avg": {
        "precision": 0.67008547008547,
        "recall": 0.3719806763285024,
        "f1-score": 0.2580808080808081,
        "support": 207.0
    }
}