{
    "DOWN": {
        "precision": 0.6469002695417789,
        "recall": 0.39279869067103107,
        "f1-score": 0.4887983706720978,
        "support": 611.0
    },
    "UP": {
        "precision": 0.33512544802867383,
        "recall": 0.5880503144654088,
        "f1-score": 0.4269406392694064,
        "support": 318.0
    },
    "accuracy": 0.4596340150699677,
    "macro avg": {
        "precision": 0.4910128587852264,
        "recall": 0.4904245025682199,
        "f1-score": 0.4578695049707521,
        "support": 929.0
    },
    "weighted avg": {
        "precision": 0.5401786406492413,
        "recall": 0.4596340150699677,
        "f1-score": 0.4676242494815102,
        "support": 929.0
    }
}