{
    "R2": 0.9361694794280365,
    "RMSE": 777.8813410749136,
    "MSE": 605099.380792506,
    "MAPE": 0.2182917824357707,
    "ACMAPE": 1.1657753710572147
}