{
    "R2": 0.9886797610063061,
    "RMSE": 325.9822800124569,
    "MSE": 106264.44688211985,
    "MAPE": 0.06947379821641521,
    "ACMAPE": 0.8167971386875074
}