{
    "DOWN": {
        "precision": 0.7333333333333333,
        "recall": 0.3216374269005848,
        "f1-score": 0.44715447154471544,
        "support": 171.0
    },
    "UP": {
        "precision": 0.26582278481012656,
        "recall": 0.6774193548387096,
        "f1-score": 0.3818181818181818,
        "support": 62.0
    },
    "accuracy": 0.41630901287553645,
    "macro avg": {
        "precision": 0.4995780590717299,
        "recall": 0.4995283908696472,
        "f1-score": 0.4144863266814486,
        "support": 233.0
    },
    "weighted avg": {
        "precision": 0.6089313847992611,
        "recall": 0.41630901287553645,
        "f1-score": 0.4297688493857237,
        "support": 233.0
    }
}