{
    "DOWN": {
        "precision": 0.7664835164835165,
        "recall": 0.539651837524178,
        "f1-score": 0.6333711691259933,
        "support": 517.0
    },
    "UP": {
        "precision": 0.34972677595628415,
        "recall": 0.6009389671361502,
        "f1-score": 0.4421416234887737,
        "support": 213.0
    },
    "accuracy": 0.5575342465753425,
    "macro avg": {
        "precision": 0.5581051462199004,
        "recall": 0.5702954023301641,
        "f1-score": 0.5377563963073835,
        "support": 730.0
    },
    "weighted avg": {
        "precision": 0.6448818921926939,
        "recall": 0.5575342465753425,
        "f1-score": 0.5775740551249964,
        "support": 730.0
    }
}