{
    "DOWN": {
<<<<<<< HEAD
        "precision": 0.8541666666666666,
        "recall": 0.32220039292730845,
        "f1-score": 0.4679029957203994,
        "support": 509.0
    },
    "UP": {
        "precision": 0.3403441682600382,
        "recall": 0.8640776699029126,
        "f1-score": 0.4883401920438957,
        "support": 206.0
    },
    "accuracy": 0.4783216783216783,
    "macro avg": {
        "precision": 0.5972554174633524,
        "recall": 0.5931390314151105,
        "f1-score": 0.4781215938821476,
        "support": 715.0
    },
    "weighted avg": {
        "precision": 0.7061282964963653,
        "recall": 0.4783216783216783,
        "f1-score": 0.47379119494087524,
=======
        "precision": 0.8484848484848485,
        "recall": 0.3300589390962672,
        "f1-score": 0.4752475247524752,
        "support": 509.0
    },
    "UP": {
        "precision": 0.3404255319148936,
        "recall": 0.8543689320388349,
        "f1-score": 0.48686030428769017,
        "support": 206.0
    },
    "accuracy": 0.4811188811188811,
    "macro avg": {
        "precision": 0.594455190199871,
        "recall": 0.5922139355675511,
        "f1-score": 0.4810539145200827,
        "support": 715.0
    },
    "weighted avg": {
        "precision": 0.7021069195150433,
        "recall": 0.4811188811188811,
        "f1-score": 0.47859330459059307,
>>>>>>> d5f42532be6a9c18a5da3fb21b671ebbe5b6efbf
        "support": 715.0
    }
}