{
    "DOWN": {
        "precision": 0.8,
        "recall": 0.13559322033898305,
        "f1-score": 0.23188405797101452,
        "support": 118.0
    },
    "UP": {
        "precision": 0.37423312883435583,
        "recall": 0.9384615384615385,
        "f1-score": 0.5350877192982456,
        "support": 65.0
    },
    "accuracy": 0.4207650273224044,
    "macro avg": {
        "precision": 0.587116564417178,
        "recall": 0.5370273794002608,
        "f1-score": 0.38348588863463007,
        "support": 183.0
    },
    "weighted avg": {
        "precision": 0.6487713299138422,
        "recall": 0.4207650273224044,
        "f1-score": 0.33957934751347363,
        "support": 183.0
    }
}