{
    "DOWN": {
        "precision": 0.8202247191011236,
        "recall": 0.28460038986354774,
        "f1-score": 0.4225759768451519,
        "support": 513.0
    },
    "UP": {
        "precision": 0.3290676416819013,
        "recall": 0.8490566037735849,
        "f1-score": 0.474308300395257,
        "support": 212.0
    },
    "accuracy": 0.4496551724137931,
    "macro avg": {
        "precision": 0.5746461803915124,
        "recall": 0.5668284968185664,
        "f1-score": 0.44844213862020443,
        "support": 725.0
    },
    "weighted avg": {
        "precision": 0.6766036150833648,
        "recall": 0.4496551724137931,
        "f1-score": 0.4377032218004929,
        "support": 725.0
    }
}