{
    "R2": 0.645096625350773,
    "RMSE": 62.37436531640091,
    "MSE": 3890.5614486238374,
    "MAPE": 0.1527928990511823,
    "ACMAPE": 1.3877655766468107
}