{
<<<<<<< HEAD
    "R2": 0.6413928927232827,
    "RMSE": 62.69898659848747,
    "MSE": 3931.162920477312,
    "MAPE": 0.15383033439676191,
    "ACMAPE": 1.3888030119923904
=======
    "R2": 0.645096625350773,
    "RMSE": 62.37436531640091,
    "MSE": 3890.5614486238374,
    "MAPE": 0.1527928990511823,
    "ACMAPE": 1.3877655766468107
>>>>>>> d5f42532be6a9c18a5da3fb21b671ebbe5b6efbf
}