{
    "R2": -1.720668527676069,
    "RMSE": 47.6291451189959,
    "MSE": 2268.535464766371,
    "MAPE": 0.34617418551174794,
    "ACMAPE": 0.8553707005165883
}