{
    "R2": 0.9785789154194384,
    "RMSE": 62.89337556934525,
    "MSE": 3955.576690506714,
    "MAPE": 0.14021316603020856,
    "ACMAPE": 0.8267297479716271
}