{
    "DOWN": {
        "precision": 0.6153846153846154,
        "recall": 0.04076433121019108,
        "f1-score": 0.07646356033452807,
        "support": 785.0
    },
    "UP": {
        "precision": 0.2324159021406728,
        "recall": 0.9193548387096774,
        "f1-score": 0.371033360455655,
        "support": 248.0
    },
    "accuracy": 0.25169409486931266,
    "macro avg": {
        "precision": 0.4239002587626441,
        "recall": 0.4800595849599342,
        "f1-score": 0.22374846039509153,
        "support": 1033.0
    },
    "weighted avg": {
        "precision": 0.5234424654480251,
        "recall": 0.25169409486931266,
        "f1-score": 0.14718312512643464,
        "support": 1033.0
    }
}