{
    "DOWN": {
        "precision": 0.6213333333333333,
        "recall": 0.15512649800266312,
        "f1-score": 0.2482685135855088,
        "support": 3004.0
    },
    "UP": {
        "precision": 0.030187237294612153,
        "recall": 0.21763085399449036,
        "f1-score": 0.05302013422818792,
        "support": 363.0
    },
    "accuracy": 0.16186516186516187,
    "macro avg": {
        "precision": 0.3257602853139727,
        "recall": 0.18637867599857674,
        "f1-score": 0.15064432390684837,
        "support": 3367.0
    },
    "weighted avg": {
        "precision": 0.5576012178411873,
        "recall": 0.16186516186516187,
        "f1-score": 0.2272185695086726,
        "support": 3367.0
    }
}