{
    "R2": 0.9939593945190673,
    "RMSE": 113.65011559363133,
    "MSE": 12916.348774445763,
    "MAPE": 60963960886922.5,
    "ACMAPE": 60963960886924.27
}