{
    "R2": 0.9573688263643364,
    "RMSE": 59.35232111401318,
    "MSE": 3522.6980216209345,
    "MAPE": 0.8271153798984161,
    "ACMAPE": 2.7844107535638964
}