{
    "DOWN": {
        "precision": 0.660377358490566,
        "recall": 0.01163177135260884,
        "f1-score": 0.022860875244937948,
        "support": 3009.0
    },
    "UP": {
        "precision": 0.1039469719795119,
        "recall": 0.9504132231404959,
        "f1-score": 0.18739815317762085,
        "support": 363.0
    },
    "accuracy": 0.11269276393831554,
    "macro avg": {
        "precision": 0.38216216523503893,
        "recall": 0.4810224972465524,
        "f1-score": 0.10512951421127939,
        "support": 3372.0
    },
    "weighted avg": {
        "precision": 0.600476934319892,
        "recall": 0.11269276393831554,
        "f1-score": 0.04057351815406129,
        "support": 3372.0
    }
}