{
    "R2": 0.7860262893228048,
    "RMSE": 132.97018480854788,
    "MSE": 17681.070048019377,
    "MAPE": 2.405372832424811,
    "ACMAPE": 4.357923247608678
}