{
    "R2": 0.9430169801839973,
    "RMSE": 68.619380635045,
    "MSE": 4708.61939873719,
    "MAPE": 1.1059462959761241,
    "ACMAPE": 3.051379273437571
}