{
    "R2": 0.40036084314740805,
    "RMSE": 129.3294608784658,
    "MSE": 16726.109451114615,
    "MAPE": 0.09166901722869077,
    "ACMAPE": 0.7228982531090894
}