{
    "R2": -0.034928072328745285,
    "RMSE": 169.90554726027844,
    "MSE": 28867.894989814708,
    "MAPE": 0.1158065330291976,
    "ACMAPE": 0.7603248054544468
}