{
    "DOWN": {
<<<<<<< HEAD
        "precision": 0.8561236623067776,
        "recall": 0.768409818569904,
        "f1-score": 0.8098987626546681,
        "support": 937.0
    },
    "UP": {
        "precision": 0.3654970760233918,
        "recall": 0.508130081300813,
        "f1-score": 0.42517006802721086,
        "support": 246.0
    },
    "accuracy": 0.7142857142857143,
    "macro avg": {
        "precision": 0.6108103691650847,
        "recall": 0.6382699499353586,
        "f1-score": 0.6175344153409394,
        "support": 1183.0
    },
    "weighted avg": {
        "precision": 0.7540998751337321,
        "recall": 0.7142857142857143,
        "f1-score": 0.729896007896972,
=======
        "precision": 0.8463726884779517,
        "recall": 0.6350053361792957,
        "f1-score": 0.7256097560975611,
        "support": 937.0
    },
    "UP": {
        "precision": 0.2875,
        "recall": 0.5609756097560976,
        "f1-score": 0.38016528925619836,
        "support": 246.0
    },
    "accuracy": 0.6196111580726965,
    "macro avg": {
        "precision": 0.5669363442389759,
        "recall": 0.5979904729676966,
        "f1-score": 0.5528875226768797,
        "support": 1183.0
    },
    "weighted avg": {
        "precision": 0.7301574041452584,
        "recall": 0.6196111580726965,
        "f1-score": 0.6537759954526116,
>>>>>>> d5f42532be6a9c18a5da3fb21b671ebbe5b6efbf
        "support": 1183.0
    }
}