{
    "R2": 0.8761462096132383,
    "RMSE": 32.86426113274817,
    "MSE": 1080.059659801462,
    "MAPE": 0.04565592303144807,
    "ACMAPE": 1.4346375590915483
}