{
<<<<<<< HEAD
    "R2": 0.9006053469661883,
    "RMSE": 29.615884841570537,
    "MSE": 877.1006349491676,
    "MAPE": 0.04098645493945713,
    "ACMAPE": 0.6124150263680286
=======
    "R2": 0.9116405214788611,
    "RMSE": 27.92349491025983,
    "MSE": 779.7215680033066,
    "MAPE": 0.036572686040749924,
    "ACMAPE": 0.7973503698953569
>>>>>>> d5f42532be6a9c18a5da3fb21b671ebbe5b6efbf
}