{
    "DOWN": {
        "precision": 0.8561236623067776,
        "recall": 0.768409818569904,
        "f1-score": 0.8098987626546681,
        "support": 937.0
    },
    "UP": {
        "precision": 0.3654970760233918,
        "recall": 0.508130081300813,
        "f1-score": 0.42517006802721086,
        "support": 246.0
    },
    "accuracy": 0.7142857142857143,
    "macro avg": {
        "precision": 0.6108103691650847,
        "recall": 0.6382699499353586,
        "f1-score": 0.6175344153409394,
        "support": 1183.0
    },
    "weighted avg": {
        "precision": 0.7540998751337321,
        "recall": 0.7142857142857143,
        "f1-score": 0.729896007896972,
        "support": 1183.0
    }
}