{
    "R2": 0.8877023785253733,
    "RMSE": 31.356752682934957,
    "MSE": 983.2459388187485,
    "MAPE": 0.04210011678262431,
    "ACMAPE": 1.33631637830819
}