{
    "R2": 0.9043018958537202,
    "RMSE": 39.59752650078016,
    "MSE": 1567.9641049799873,
    "MAPE": 0.04537189023550458,
    "ACMAPE": 1.1168004616640759
}