{
    "DOWN": {
<<<<<<< HEAD
        "precision": 0.7134268537074149,
        "recall": 0.38362068965517243,
        "f1-score": 0.49894884372810094,
        "support": 928.0
    },
    "UP": {
        "precision": 0.3149700598802395,
        "recall": 0.6477832512315271,
        "f1-score": 0.42385173247381147,
        "support": 406.0
    },
    "accuracy": 0.46401799100449775,
    "macro avg": {
        "precision": 0.5141984567938271,
        "recall": 0.5157019704433498,
        "f1-score": 0.46140028810095624,
        "support": 1334.0
    },
    "weighted avg": {
        "precision": 0.5921573947165354,
        "recall": 0.46401799100449775,
        "f1-score": 0.4760932011724476,
=======
        "precision": 0.7272727272727273,
        "recall": 0.3793103448275862,
        "f1-score": 0.4985835694050992,
        "support": 928.0
    },
    "UP": {
        "precision": 0.32235294117647056,
        "recall": 0.6748768472906403,
        "f1-score": 0.43630573248407645,
        "support": 406.0
    },
    "accuracy": 0.46926536731634183,
    "macro avg": {
        "precision": 0.5248128342245989,
        "recall": 0.5270935960591132,
        "f1-score": 0.4674446509445878,
        "support": 1334.0
    },
    "weighted avg": {
        "precision": 0.6040362706347361,
        "recall": 0.46926536731634183,
        "f1-score": 0.4796294451247879,
>>>>>>> d5f42532be6a9c18a5da3fb21b671ebbe5b6efbf
        "support": 1334.0
    }
}