{
    "DOWN": {
        "precision": 0.6976744186046512,
        "recall": 0.13274336283185842,
        "f1-score": 0.2230483271375465,
        "support": 226.0
    },
    "UP": {
        "precision": 0.33559322033898303,
        "recall": 0.8839285714285714,
        "f1-score": 0.4864864864864864,
        "support": 112.0
    },
    "accuracy": 0.3816568047337278,
    "macro avg": {
        "precision": 0.5166338194718171,
        "recall": 0.5083359671302149,
        "f1-score": 0.35476740681201646,
        "support": 338.0
    },
    "weighted avg": {
        "precision": 0.5776948499485718,
        "recall": 0.3816568047337278,
        "f1-score": 0.3103414450283195,
        "support": 338.0
    }
}