{
    "DOWN": {
        "precision": 0.6757679180887372,
        "recall": 0.8761061946902655,
        "f1-score": 0.7630057803468208,
        "support": 226.0
    },
    "UP": {
        "precision": 0.37777777777777777,
        "recall": 0.15178571428571427,
        "f1-score": 0.21656050955414008,
        "support": 112.0
    },
    "accuracy": 0.636094674556213,
    "macro avg": {
        "precision": 0.5267728479332574,
        "recall": 0.5139459544879899,
        "f1-score": 0.4897831449504804,
        "support": 338.0
    },
    "weighted avg": {
        "precision": 0.5770256230744547,
        "recall": 0.636094674556213,
        "f1-score": 0.581935158072323,
        "support": 338.0
    }
}