{
    "DOWN": {
        "precision": 0.8,
        "recall": 0.35398230088495575,
        "f1-score": 0.49079754601226994,
        "support": 226.0
    },
    "UP": {
        "precision": 0.3865546218487395,
        "recall": 0.8214285714285714,
        "f1-score": 0.5257142857142857,
        "support": 112.0
    },
    "accuracy": 0.5088757396449705,
    "macro avg": {
        "precision": 0.5932773109243697,
        "recall": 0.5877054361567635,
        "f1-score": 0.5082559158632778,
        "support": 338.0
    },
    "weighted avg": {
        "precision": 0.6630003480682215,
        "recall": 0.5088757396449705,
        "f1-score": 0.5023675899371982,
        "support": 338.0
    }
}