{
    "DOWN": {
        "precision": 0.7217573221757322,
        "recall": 0.3701716738197425,
        "f1-score": 0.4893617021276595,
        "support": 932.0
    },
    "UP": {
        "precision": 0.32217090069284066,
        "recall": 0.6771844660194175,
        "f1-score": 0.4366197183098592,
        "support": 412.0
    },
    "accuracy": 0.4642857142857143,
    "macro avg": {
        "precision": 0.5219641114342864,
        "recall": 0.52367806991958,
        "f1-score": 0.46299071021875937,
        "support": 1344.0
    },
    "weighted avg": {
        "precision": 0.5992650560663935,
        "recall": 0.4642857142857143,
        "f1-score": 0.47319377256446477,
        "support": 1344.0
    }
}