{
    "DOWN": {
        "precision": 0.7293577981651376,
        "recall": 0.4937888198757764,
        "f1-score": 0.5888888888888889,
        "support": 322.0
    },
    "UP": {
        "precision": 0.426056338028169,
        "recall": 0.6722222222222223,
        "f1-score": 0.521551724137931,
        "support": 180.0
    },
    "accuracy": 0.5577689243027888,
    "macro avg": {
        "precision": 0.5777070680966533,
        "recall": 0.5830055210489993,
        "f1-score": 0.55522030651341,
        "support": 502.0
    },
    "weighted avg": {
        "precision": 0.6206042865622404,
        "recall": 0.5577689243027888,
        "f1-score": 0.5647440887789837,
        "support": 502.0
    }
}