{
    "R2": 0.17288913916181314,
    "RMSE": 8.612034131353642,
    "MSE": 74.16713187960009,
    "MAPE": 0.05700014191659255,
    "ACMAPE": 1.149307834224285
}