{
<<<<<<< HEAD
    "R2": 0.9363003758355174,
    "RMSE": 13.400753499010094,
    "MSE": 179.58019434123125,
    "MAPE": 0.07425170240172285,
    "ACMAPE": 0.9348094713260255
=======
    "R2": 0.9381159743665418,
    "RMSE": 13.20839543135258,
    "MSE": 174.4617098709757,
    "MAPE": 0.0740590371193449,
    "ACMAPE": 0.9585211885137673
>>>>>>> d5f42532be6a9c18a5da3fb21b671ebbe5b6efbf
}