{
<<<<<<< HEAD
    "R2": 0.22172539759900367,
    "RMSE": 8.353919955490833,
    "MSE": 69.78797862274794,
    "MAPE": 0.05430922936963343,
    "ACMAPE": 1.1004630755234794
=======
    "R2": 0.17288913916181314,
    "RMSE": 8.612034131353642,
    "MSE": 74.16713187960009,
    "MAPE": 0.05700014191659255,
    "ACMAPE": 1.149307834224285
>>>>>>> d5f42532be6a9c18a5da3fb21b671ebbe5b6efbf
}