{
    "R2": 0.9785894241618076,
    "RMSE": 7.771817183211249,
    "MSE": 60.40114232925764,
    "MAPE": 0.057010146826547856,
    "ACMAPE": 1.1812705018561336
}