{
    "DOWN": {
<<<<<<< HEAD
        "precision": 0.7741935483870968,
        "recall": 0.2823529411764706,
        "f1-score": 0.41379310344827586,
        "support": 85.0
    },
    "UP": {
        "precision": 0.3838383838383838,
        "recall": 0.8444444444444444,
        "f1-score": 0.5277777777777778,
        "support": 45.0
    },
    "accuracy": 0.47692307692307695,
    "macro avg": {
        "precision": 0.5790159661127403,
        "recall": 0.5633986928104575,
        "f1-score": 0.47078544061302685,
        "support": 130.0
    },
    "weighted avg": {
        "precision": 0.6390706068125421,
        "recall": 0.47692307692307695,
        "f1-score": 0.4532493368700265,
=======
        "precision": 0.75,
        "recall": 0.24705882352941178,
        "f1-score": 0.37168141592920356,
        "support": 85.0
    },
    "UP": {
        "precision": 0.37254901960784315,
        "recall": 0.8444444444444444,
        "f1-score": 0.5170068027210885,
        "support": 45.0
    },
    "accuracy": 0.45384615384615384,
    "macro avg": {
        "precision": 0.5612745098039216,
        "recall": 0.5457516339869282,
        "f1-score": 0.444344109325146,
        "support": 130.0
    },
    "weighted avg": {
        "precision": 0.619343891402715,
        "recall": 0.45384615384615384,
        "f1-score": 0.4219863575110099,
>>>>>>> d5f42532be6a9c18a5da3fb21b671ebbe5b6efbf
        "support": 130.0
    }
}