{
<<<<<<< HEAD
    "R2": -18.197562842827125,
    "RMSE": 89.1484244638056,
    "MSE": 7947.441584378851,
    "MAPE": 0.6361923802177484,
    "ACMAPE": 1.9068690719470718
=======
    "R2": -18.19493034814685,
    "RMSE": 89.14231194835415,
    "MSE": 7946.351779497682,
    "MAPE": 0.6360391721983183,
    "ACMAPE": 1.9067158639276416
>>>>>>> d5f42532be6a9c18a5da3fb21b671ebbe5b6efbf
}