{
    "DOWN": {
        "precision": 0.7040650406504065,
        "recall": 0.6248196248196248,
        "f1-score": 0.6620795107033639,
        "support": 693.0
    },
    "UP": {
        "precision": 0.4144144144144144,
        "recall": 0.5027322404371585,
        "f1-score": 0.454320987654321,
        "support": 366.0
    },
    "accuracy": 0.5826251180358829,
    "macro avg": {
        "precision": 0.5592397275324105,
        "recall": 0.5637759326283917,
        "f1-score": 0.5582002491788425,
        "support": 1059.0
    },
    "weighted avg": {
        "precision": 0.6039591584951911,
        "recall": 0.5826251180358829,
        "f1-score": 0.590276281774233,
        "support": 1059.0
    }
}