{
    "R2": 0.9452736477539998,
    "RMSE": 4.759801855646967,
    "MSE": 22.655713705020307,
    "MAPE": 0.02601681587433844,
    "ACMAPE": 1.2215055376788497
}