{
    "DOWN": {
<<<<<<< HEAD
        "precision": 0.7142857142857143,
        "recall": 0.2838427947598253,
        "f1-score": 0.40625,
        "support": 687.0
    },
    "UP": {
        "precision": 0.36186770428015563,
        "recall": 0.7815126050420168,
        "f1-score": 0.4946808510638298,
        "support": 357.0
    },
    "accuracy": 0.4540229885057471,
    "macro avg": {
        "precision": 0.5380767092829349,
        "recall": 0.5326776999009211,
        "f1-score": 0.45046542553191493,
        "support": 1044.0
    },
    "weighted avg": {
        "precision": 0.59377495799071,
        "recall": 0.4540229885057471,
        "f1-score": 0.43648928527757397,
=======
        "precision": 0.7384615384615385,
        "recall": 0.2096069868995633,
        "f1-score": 0.32653061224489793,
        "support": 687.0
    },
    "UP": {
        "precision": 0.36042402826855124,
        "recall": 0.8571428571428571,
        "f1-score": 0.5074626865671642,
        "support": 357.0
    },
    "accuracy": 0.43103448275862066,
    "macro avg": {
        "precision": 0.5494427833650448,
        "recall": 0.5333749220212102,
        "f1-score": 0.4169966494060311,
        "support": 1044.0
    },
    "weighted avg": {
        "precision": 0.6091900910104883,
        "recall": 0.43103448275862066,
        "f1-score": 0.38840106294705223,
>>>>>>> d5f42532be6a9c18a5da3fb21b671ebbe5b6efbf
        "support": 1044.0
    }
}