{
    "R2": 0.9929446684485084,
    "RMSE": 7.232325394613445,
    "MSE": 52.30653061357053,
    "MAPE": 0.0230900516748744,
    "ACMAPE": 0.8578398156031086
}