{
    "R2": -18.19493034814685,
    "RMSE": 89.14231194835415,
    "MSE": 7946.351779497682,
    "MAPE": 0.6360391721983183,
    "ACMAPE": 1.9067158639276416
}