{
    "R2": 0.3862353407709208,
    "RMSE": 6.710074829372262,
    "MSE": 45.025104215775194,
    "MAPE": 0.1208811624719006,
    "ACMAPE": 1.8344361496841768
}