{
    "R2": 0.9882211902878922,
    "RMSE": 8.559730162069593,
    "MSE": 73.26898044744395,
    "MAPE": 0.07964492161230831,
    "ACMAPE": 0.6845355265029132
}