{
    "DOWN": {
        "precision": 0.7374429223744292,
        "recall": 0.2976958525345622,
        "f1-score": 0.42416283650689424,
        "support": 1085.0
    },
    "UP": {
        "precision": 0.31103074141048825,
        "recall": 0.7494553376906318,
        "f1-score": 0.43961661341853037,
        "support": 459.0
    },
    "accuracy": 0.4319948186528497,
    "macro avg": {
        "precision": 0.5242368318924587,
        "recall": 0.523575595112597,
        "f1-score": 0.4318897249627123,
        "support": 1544.0
    },
    "weighted avg": {
        "precision": 0.6106791975930503,
        "recall": 0.4319948186528497,
        "f1-score": 0.4287569321043301,
        "support": 1544.0
    }
}