{
    "DOWN": {
<<<<<<< HEAD
        "precision": 0.7348837209302326,
        "recall": 0.2912442396313364,
        "f1-score": 0.4171617161716172,
        "support": 1085.0
    },
    "UP": {
        "precision": 0.3096947935368043,
        "recall": 0.7516339869281046,
        "f1-score": 0.43865225683407505,
        "support": 459.0
    },
    "accuracy": 0.42810880829015546,
    "macro avg": {
        "precision": 0.5222892572335185,
        "recall": 0.5214391132797205,
        "f1-score": 0.4279069865028461,
        "support": 1544.0
    },
    "weighted avg": {
        "precision": 0.6084836447167717,
        "recall": 0.42810880829015546,
        "f1-score": 0.4235504196457546,
=======
        "precision": 0.7374429223744292,
        "recall": 0.2976958525345622,
        "f1-score": 0.42416283650689424,
        "support": 1085.0
    },
    "UP": {
        "precision": 0.31103074141048825,
        "recall": 0.7494553376906318,
        "f1-score": 0.43961661341853037,
        "support": 459.0
    },
    "accuracy": 0.4319948186528497,
    "macro avg": {
        "precision": 0.5242368318924587,
        "recall": 0.523575595112597,
        "f1-score": 0.4318897249627123,
        "support": 1544.0
    },
    "weighted avg": {
        "precision": 0.6106791975930503,
        "recall": 0.4319948186528497,
        "f1-score": 0.4287569321043301,
>>>>>>> d5f42532be6a9c18a5da3fb21b671ebbe5b6efbf
        "support": 1544.0
    }
}