{
    "DOWN": {
        "precision": 0.705078125,
        "recall": 0.9863387978142076,
        "f1-score": 0.8223234624145787,
        "support": 1098.0
    },
    "UP": {
        "precision": 0.4642857142857143,
        "recall": 0.027896995708154508,
        "f1-score": 0.052631578947368425,
        "support": 466.0
    },
    "accuracy": 0.7007672634271099,
    "macro avg": {
        "precision": 0.5846819196428572,
        "recall": 0.507117896761181,
        "f1-score": 0.43747752068097356,
        "support": 1564.0
    },
    "weighted avg": {
        "precision": 0.6333330716797588,
        "recall": 0.7007672634271099,
        "f1-score": 0.5929907145272897,
        "support": 1564.0
    }
}