{
    "R2": 0.9904559579667652,
    "RMSE": 7.700496342569525,
    "MSE": 59.297643921926635,
    "MAPE": 0.07118962750028685,
    "ACMAPE": 1.2071999901945873
}