{
    "DOWN": {
        "precision": 0.6967213114754098,
        "recall": 0.11502029769959404,
        "f1-score": 0.19744483159117307,
        "support": 739.0
    },
    "UP": {
        "precision": 0.2914409534127844,
        "recall": 0.8790849673202614,
        "f1-score": 0.4377542717656631,
        "support": 306.0
    },
    "accuracy": 0.33875598086124403,
    "macro avg": {
        "precision": 0.4940811324440971,
        "recall": 0.4970526325099277,
        "f1-score": 0.3175995516784181,
        "support": 1045.0
    },
    "weighted avg": {
        "precision": 0.5780459147604209,
        "recall": 0.33875598086124403,
        "f1-score": 0.26781295474274625,
        "support": 1045.0
    }
}