{
    "R2": 0.9566904639419833,
    "RMSE": 8.55304404205379,
    "MSE": 73.15456238531182,
    "MAPE": 0.02873568824157406,
    "ACMAPE": 1.1253864059449235
}