{
    "DOWN": {
        "precision": 0.7049180327868853,
        "recall": 0.21717171717171718,
        "f1-score": 0.33204633204633205,
        "support": 198.0
    },
    "UP": {
        "precision": 0.38735177865612647,
        "recall": 0.8448275862068966,
        "f1-score": 0.5311653116531165,
        "support": 116.0
    },
    "accuracy": 0.44904458598726116,
    "macro avg": {
        "precision": 0.5461349057215059,
        "recall": 0.5309996516893069,
        "f1-score": 0.4316058218497243,
        "support": 314.0
    },
    "weighted avg": {
        "precision": 0.5876005631080062,
        "recall": 0.44904458598726116,
        "f1-score": 0.4056062098628512,
        "support": 314.0
    }
}