{
    "DOWN": {
        "precision": 0.6963036963036963,
        "recall": 0.8448484848484848,
        "f1-score": 0.7634173055859803,
        "support": 825.0
    },
    "UP": {
        "precision": 0.4576271186440678,
        "recall": 0.2621359223300971,
        "f1-score": 0.3333333333333333,
        "support": 412.0
    },
    "accuracy": 0.650767987065481,
    "macro avg": {
        "precision": 0.576965407473882,
        "recall": 0.553492203589291,
        "f1-score": 0.5483753194596568,
        "support": 1237.0
    },
    "weighted avg": {
        "precision": 0.6168091530573204,
        "recall": 0.650767987065481,
        "f1-score": 0.6201718758623825,
        "support": 1237.0
    }
}