{
    "DOWN": {
        "precision": 0.6341463414634146,
        "recall": 0.9191919191919192,
        "f1-score": 0.7505154639175258,
        "support": 198.0
    },
    "UP": {
        "precision": 0.4074074074074074,
        "recall": 0.09482758620689655,
        "f1-score": 0.15384615384615385,
        "support": 116.0
    },
    "accuracy": 0.6146496815286624,
    "macro avg": {
        "precision": 0.520776874435411,
        "recall": 0.5070097526994078,
        "f1-score": 0.4521808088818398,
        "support": 314.0
    },
    "weighted avg": {
        "precision": 0.5503829135955903,
        "recall": 0.6146496815286624,
        "f1-score": 0.5300898589230062,
        "support": 314.0
    }
}