{
    "DOWN": {
<<<<<<< HEAD
        "precision": 0.631768953068592,
        "recall": 0.8838383838383839,
        "f1-score": 0.7368421052631579,
        "support": 198.0
    },
    "UP": {
        "precision": 0.3783783783783784,
        "recall": 0.1206896551724138,
        "f1-score": 0.1830065359477124,
        "support": 116.0
    },
    "accuracy": 0.6019108280254777,
    "macro avg": {
        "precision": 0.5050736657234852,
        "recall": 0.5022640195053988,
        "f1-score": 0.45992432060543514,
        "support": 314.0
    },
    "weighted avg": {
        "precision": 0.5381596961766659,
        "recall": 0.6019108280254777,
        "f1-score": 0.5322404299746494,
=======
        "precision": 0.6341463414634146,
        "recall": 0.9191919191919192,
        "f1-score": 0.7505154639175258,
        "support": 198.0
    },
    "UP": {
        "precision": 0.4074074074074074,
        "recall": 0.09482758620689655,
        "f1-score": 0.15384615384615385,
        "support": 116.0
    },
    "accuracy": 0.6146496815286624,
    "macro avg": {
        "precision": 0.520776874435411,
        "recall": 0.5070097526994078,
        "f1-score": 0.4521808088818398,
        "support": 314.0
    },
    "weighted avg": {
        "precision": 0.5503829135955903,
        "recall": 0.6146496815286624,
        "f1-score": 0.5300898589230062,
>>>>>>> d5f42532be6a9c18a5da3fb21b671ebbe5b6efbf
        "support": 314.0
    }
}