{
    "DOWN": {
        "precision": 0.7055214723926381,
        "recall": 0.8363636363636363,
        "f1-score": 0.7653910149750417,
        "support": 825.0
    },
    "UP": {
        "precision": 0.47876447876447875,
        "recall": 0.30097087378640774,
        "f1-score": 0.3695976154992548,
        "support": 412.0
    },
    "accuracy": 0.6580436540016168,
    "macro avg": {
        "precision": 0.5921429755785584,
        "recall": 0.568667255075022,
        "f1-score": 0.5674943152371482,
        "support": 1237.0
    },
    "weighted avg": {
        "precision": 0.6299969118632915,
        "recall": 0.6580436540016168,
        "f1-score": 0.6335665359257093,
        "support": 1237.0
    }
}