{
    "DOWN": {
        "precision": 0.7302551640340219,
        "recall": 0.7163289630512515,
        "f1-score": 0.7232250300842358,
        "support": 839.0
    },
    "UP": {
        "precision": 0.45161290322580644,
        "recall": 0.4688995215311005,
        "f1-score": 0.460093896713615,
        "support": 418.0
    },
    "accuracy": 0.6340493237867939,
    "macro avg": {
        "precision": 0.5909340336299141,
        "recall": 0.592614242291176,
        "f1-score": 0.5916594633989254,
        "support": 1257.0
    },
    "weighted avg": {
        "precision": 0.6375960828742494,
        "recall": 0.6340493237867939,
        "f1-score": 0.6357239849379195,
        "support": 1257.0
    }
}