{
    "R2": 0.9885588081339091,
    "RMSE": 140.74508178445777,
    "MSE": 19809.17804651371,
    "MAPE": 0.02466507173666513,
    "ACMAPE": 0.7231290976057031
}