{
    "DOWN": {
<<<<<<< HEAD
        "precision": 0.7055214723926381,
        "recall": 0.8363636363636363,
        "f1-score": 0.7653910149750417,
        "support": 825.0
    },
    "UP": {
        "precision": 0.47876447876447875,
        "recall": 0.30097087378640774,
        "f1-score": 0.3695976154992548,
        "support": 412.0
    },
    "accuracy": 0.6580436540016168,
    "macro avg": {
        "precision": 0.5921429755785584,
        "recall": 0.568667255075022,
        "f1-score": 0.5674943152371482,
        "support": 1237.0
    },
    "weighted avg": {
        "precision": 0.6299969118632915,
        "recall": 0.6580436540016168,
        "f1-score": 0.6335665359257093,
=======
        "precision": 0.6963036963036963,
        "recall": 0.8448484848484848,
        "f1-score": 0.7634173055859803,
        "support": 825.0
    },
    "UP": {
        "precision": 0.4576271186440678,
        "recall": 0.2621359223300971,
        "f1-score": 0.3333333333333333,
        "support": 412.0
    },
    "accuracy": 0.650767987065481,
    "macro avg": {
        "precision": 0.576965407473882,
        "recall": 0.553492203589291,
        "f1-score": 0.5483753194596568,
        "support": 1237.0
    },
    "weighted avg": {
        "precision": 0.6168091530573204,
        "recall": 0.650767987065481,
        "f1-score": 0.6201718758623825,
>>>>>>> d5f42532be6a9c18a5da3fb21b671ebbe5b6efbf
        "support": 1237.0
    }
}