{
    "DOWN": {
        "precision": 0.7682619647355163,
        "recall": 0.4642313546423135,
        "f1-score": 0.5787476280834914,
        "support": 657.0
    },
    "UP": {
        "precision": 0.3747779751332149,
        "recall": 0.6963696369636964,
        "f1-score": 0.48729792147806,
        "support": 303.0
    },
    "accuracy": 0.5375,
    "macro avg": {
        "precision": 0.5715199699343656,
        "recall": 0.5803004958030049,
        "f1-score": 0.5330227747807758,
        "support": 960.0
    },
    "weighted avg": {
        "precision": 0.64406858051729,
        "recall": 0.5375,
        "f1-score": 0.5498838144361521,
        "support": 960.0
    }
}