{
    "DOWN": {
        "precision": 0.7741935483870968,
        "recall": 0.5393258426966292,
        "f1-score": 0.6357615894039735,
        "support": 178.0
    },
    "UP": {
        "precision": 0.29914529914529914,
        "recall": 0.5555555555555556,
        "f1-score": 0.3888888888888889,
        "support": 63.0
    },
    "accuracy": 0.5435684647302904,
    "macro avg": {
        "precision": 0.536669423766198,
        "recall": 0.5474406991260924,
        "f1-score": 0.5123252391464312,
        "support": 241.0
    },
    "weighted avg": {
        "precision": 0.6500108110334318,
        "recall": 0.5435684647302904,
        "f1-score": 0.5712264021323955,
        "support": 241.0
    }
}