{
    "R2": 0.9880674136256481,
    "RMSE": 33.82164056151333,
    "MSE": 1143.9033702722033,
    "MAPE": 0.03856015415801607,
    "ACMAPE": 0.8787717943696562
}