{
    "DOWN": {
        "precision": 0.7337461300309598,
        "recall": 0.7337461300309598,
        "f1-score": 0.7337461300309598,
        "support": 646.0
    },
    "UP": {
        "precision": 0.42474916387959866,
        "recall": 0.42474916387959866,
        "f1-score": 0.42474916387959866,
        "support": 299.0
    },
    "accuracy": 0.635978835978836,
    "macro avg": {
        "precision": 0.5792476469552792,
        "recall": 0.5792476469552792,
        "f1-score": 0.5792476469552792,
        "support": 945.0
    },
    "weighted avg": {
        "precision": 0.635978835978836,
        "recall": 0.635978835978836,
        "f1-score": 0.635978835978836,
        "support": 945.0
    }
}