{
    "DOWN": {
<<<<<<< HEAD
        "precision": 0.7584269662921348,
        "recall": 0.7584269662921348,
        "f1-score": 0.7584269662921348,
        "support": 178.0
    },
    "UP": {
        "precision": 0.31746031746031744,
        "recall": 0.31746031746031744,
        "f1-score": 0.31746031746031744,
        "support": 63.0
    },
    "accuracy": 0.6431535269709544,
    "macro avg": {
        "precision": 0.5379436418762261,
        "recall": 0.5379436418762261,
        "f1-score": 0.5379436418762261,
        "support": 241.0
    },
    "weighted avg": {
        "precision": 0.6431535269709544,
        "recall": 0.6431535269709544,
        "f1-score": 0.6431535269709544,
=======
        "precision": 0.7974683544303798,
        "recall": 0.3539325842696629,
        "f1-score": 0.49027237354085595,
        "support": 178.0
    },
    "UP": {
        "precision": 0.29012345679012347,
        "recall": 0.746031746031746,
        "f1-score": 0.4177777777777778,
        "support": 63.0
    },
    "accuracy": 0.45643153526970953,
    "macro avg": {
        "precision": 0.5437959056102516,
        "recall": 0.5499821651507044,
        "f1-score": 0.4540250756593169,
        "support": 241.0
    },
    "weighted avg": {
        "precision": 0.6648429247567857,
        "recall": 0.45643153526970953,
        "f1-score": 0.4713215041090139,
>>>>>>> d5f42532be6a9c18a5da3fb21b671ebbe5b6efbf
        "support": 241.0
    }
}