{
    "DOWN": {
        "precision": 0.6280701754385964,
        "recall": 0.8731707317073171,
        "f1-score": 0.7306122448979592,
        "support": 615.0
    },
    "UP": {
        "precision": 0.36065573770491804,
        "recall": 0.12154696132596685,
        "f1-score": 0.18181818181818182,
        "support": 362.0
    },
    "accuracy": 0.5946775844421699,
    "macro avg": {
        "precision": 0.4943629565717572,
        "recall": 0.497358846516642,
        "f1-score": 0.45621521335807047,
        "support": 977.0
    },
    "weighted avg": {
        "precision": 0.52898724149838,
        "recall": 0.5946775844421699,
        "f1-score": 0.5272719676872331,
        "support": 977.0
    }
}