{
    "R2": -0.021129645216536153,
    "RMSE": 55.596662529178616,
    "MSE": 3090.9888843833737,
    "MAPE": 0.22101533328512096,
    "ACMAPE": 1.0316601644007812
}