{
    "R2": 0.9704897773323805,
    "RMSE": 16.57669235038678,
    "MSE": 274.7867292793715,
    "MAPE": 33347594423668.105,
    "ACMAPE": 33347594423668.797
}