{
    "R2": 0.9829941953658696,
    "RMSE": 10.383980607316229,
    "MSE": 107.8270532531195,
    "MAPE": 0.03543453058561765,
    "ACMAPE": 0.8080469611060825
}