{
    "R2": 0.9796757688454494,
    "RMSE": 11.349756455087585,
    "MSE": 128.8169715898023,
    "MAPE": 0.04861388423216408,
    "ACMAPE": 0.5351140103992093
}