{
    "R2": 0.9528653970484345,
    "RMSE": 17.301568588146058,
    "MSE": 299.34427561032237,
    "MAPE": 0.12976759071091168,
    "ACMAPE": 1.655509411659428
}