{
    "DOWN": {
        "precision": 0.6819923371647509,
        "recall": 0.4506329113924051,
        "f1-score": 0.5426829268292683,
        "support": 395.0
    },
    "UP": {
        "precision": 0.4392764857881137,
        "recall": 0.6719367588932806,
        "f1-score": 0.53125,
        "support": 253.0
    },
    "accuracy": 0.5370370370370371,
    "macro avg": {
        "precision": 0.5606344114764323,
        "recall": 0.5612848351428429,
        "f1-score": 0.5369664634146342,
        "support": 648.0
    },
    "weighted avg": {
        "precision": 0.5872282779081318,
        "recall": 0.5370370370370371,
        "f1-score": 0.5382191452122855,
        "support": 648.0
    }
}