{
    "DOWN": {
<<<<<<< HEAD
        "precision": 0.7272727272727273,
        "recall": 0.1553398058252427,
        "f1-score": 0.256,
        "support": 103.0
    },
    "UP": {
        "precision": 0.37857142857142856,
        "recall": 0.8983050847457628,
        "f1-score": 0.5326633165829145,
        "support": 59.0
    },
    "accuracy": 0.42592592592592593,
    "macro avg": {
        "precision": 0.5529220779220779,
        "recall": 0.5268224452855027,
        "f1-score": 0.3943316582914573,
        "support": 162.0
    },
    "weighted avg": {
        "precision": 0.6002765752765753,
        "recall": 0.42592592592592593,
        "f1-score": 0.35676009678019727,
=======
        "precision": 0.7142857142857143,
        "recall": 0.14563106796116504,
        "f1-score": 0.24193548387096772,
        "support": 103.0
    },
    "UP": {
        "precision": 0.375886524822695,
        "recall": 0.8983050847457628,
        "f1-score": 0.53,
        "support": 59.0
    },
    "accuracy": 0.41975308641975306,
    "macro avg": {
        "precision": 0.5450861195542047,
        "recall": 0.5219680763534639,
        "f1-score": 0.3859677419354839,
        "support": 162.0
    },
    "weighted avg": {
        "precision": 0.5910415650368369,
        "recall": 0.41975308641975306,
        "f1-score": 0.3468478693747511,
>>>>>>> d5f42532be6a9c18a5da3fb21b671ebbe5b6efbf
        "support": 162.0
    }
}