{
    "DOWN": {
        "precision": 0.6801075268817204,
        "recall": 0.6588541666666666,
        "f1-score": 0.6693121693121693,
        "support": 384.0
    },
    "UP": {
        "precision": 0.48828125,
        "recall": 0.5122950819672131,
        "f1-score": 0.5,
        "support": 244.0
    },
    "accuracy": 0.6019108280254777,
    "macro avg": {
        "precision": 0.5841943884408602,
        "recall": 0.5855746243169399,
        "f1-score": 0.5846560846560847,
        "support": 628.0
    },
    "weighted avg": {
        "precision": 0.605576298284364,
        "recall": 0.6019108280254777,
        "f1-score": 0.6035284602163583,
        "support": 628.0
    }
}