{
    "R2": 0.9395964324767041,
    "RMSE": 10.715880633764778,
    "MSE": 114.83009775709502,
    "MAPE": 0.04709064865819559,
    "ACMAPE": 0.8305301391040555
}