{
    "DOWN": {
<<<<<<< HEAD
        "precision": 0.680628272251309,
        "recall": 0.6770833333333334,
        "f1-score": 0.6788511749347259,
        "support": 384.0
    },
    "UP": {
        "precision": 0.4959349593495935,
        "recall": 0.5,
        "f1-score": 0.4979591836734694,
        "support": 244.0
    },
    "accuracy": 0.60828025477707,
    "macro avg": {
        "precision": 0.5882816158004512,
        "recall": 0.5885416666666667,
        "f1-score": 0.5884051793040976,
        "support": 628.0
    },
    "weighted avg": {
        "precision": 0.6088684500410882,
        "recall": 0.60828025477707,
        "f1-score": 0.6085682993491421,
=======
        "precision": 0.6801075268817204,
        "recall": 0.6588541666666666,
        "f1-score": 0.6693121693121693,
        "support": 384.0
    },
    "UP": {
        "precision": 0.48828125,
        "recall": 0.5122950819672131,
        "f1-score": 0.5,
        "support": 244.0
    },
    "accuracy": 0.6019108280254777,
    "macro avg": {
        "precision": 0.5841943884408602,
        "recall": 0.5855746243169399,
        "f1-score": 0.5846560846560847,
        "support": 628.0
    },
    "weighted avg": {
        "precision": 0.605576298284364,
        "recall": 0.6019108280254777,
        "f1-score": 0.6035284602163583,
>>>>>>> d5f42532be6a9c18a5da3fb21b671ebbe5b6efbf
        "support": 628.0
    }
}