{
    "DOWN": {
        "precision": 0.625,
        "recall": 0.0970873786407767,
        "f1-score": 0.16806722689075632,
        "support": 103.0
    },
    "UP": {
        "precision": 0.363013698630137,
        "recall": 0.8983050847457628,
        "f1-score": 0.5170731707317072,
        "support": 59.0
    },
    "accuracy": 0.3888888888888889,
    "macro avg": {
        "precision": 0.4940068493150685,
        "recall": 0.4976962316932697,
        "f1-score": 0.34257019881123174,
        "support": 162.0
    },
    "weighted avg": {
        "precision": 0.5295852359208524,
        "recall": 0.3888888888888889,
        "f1-score": 0.29517432989455944,
        "support": 162.0
    }
}