{
    "DOWN": {
        "precision": 0.7032967032967034,
        "recall": 0.3282051282051282,
        "f1-score": 0.4475524475524475,
        "support": 390.0
    },
    "UP": {
        "precision": 0.42543859649122806,
        "recall": 0.782258064516129,
        "f1-score": 0.5511363636363635,
        "support": 248.0
    },
    "accuracy": 0.5047021943573667,
    "macro avg": {
        "precision": 0.5643676498939657,
        "recall": 0.5552315963606286,
        "f1-score": 0.4993444055944055,
        "support": 638.0
    },
    "weighted avg": {
        "precision": 0.5952891633472396,
        "recall": 0.5047021943573667,
        "f1-score": 0.4878170418922769,
        "support": 638.0
    }
}