{
    "R2": 0.23278238914707372,
    "RMSE": 10.926312470666447,
    "MSE": 119.38430420664113,
    "MAPE": 0.05075144006420007,
    "ACMAPE": 1.063097119076546
}