{
    "R2": 0.9400120564211728,
    "RMSE": 10.678950162586773,
    "MSE": 114.03997657501206,
    "MAPE": 0.04706376482164342,
    "ACMAPE": 0.8432421087706881
}