{
<<<<<<< HEAD
    "R2": -0.19581040048358767,
    "RMSE": 13.64097766727757,
    "MSE": 186.0762717191654,
    "MAPE": 0.07448780788131916,
    "ACMAPE": 1.2226359560294673
=======
    "R2": -0.21354589390753098,
    "RMSE": 13.741762467697486,
    "MSE": 188.83603571861929,
    "MAPE": 0.0751454440599759,
    "ACMAPE": 1.2356392712204698
>>>>>>> d5f42532be6a9c18a5da3fb21b671ebbe5b6efbf
}