{
    "DOWN": {
        "precision": 0.6956521739130435,
        "recall": 0.024427480916030534,
        "f1-score": 0.0471976401179941,
        "support": 655.0
    },
    "UP": {
        "precision": 0.12345679012345678,
        "recall": 0.9278350515463918,
        "f1-score": 0.2179176755447942,
        "support": 97.0
    },
    "accuracy": 0.14095744680851063,
    "macro avg": {
        "precision": 0.4095544820182501,
        "recall": 0.47613126623121116,
        "f1-score": 0.13255765783139414,
        "support": 752.0
    },
    "weighted avg": {
        "precision": 0.6218450565891207,
        "recall": 0.14095744680851063,
        "f1-score": 0.06921870851746166,
        "support": 752.0
    }
}