{
    "R2": 0.8304915607632545,
    "RMSE": 6.422271695865609,
    "MSE": 41.24557373551652,
    "MAPE": 0.10229054992578034,
    "ACMAPE": 1.820375656308759
}