{
    "R2": 0.8813432183266674,
    "RMSE": 5.373277801405921,
    "MSE": 28.87211433108165,
    "MAPE": 0.06989875305687054,
    "ACMAPE": 1.7454306679504876
}