{
    "DOWN": {
        "precision": 0.7272727272727273,
        "recall": 0.061068702290076333,
        "f1-score": 0.11267605633802816,
        "support": 655.0
    },
    "UP": {
        "precision": 0.11764705882352941,
        "recall": 0.845360824742268,
        "f1-score": 0.2065491183879093,
        "support": 97.0
    },
    "accuracy": 0.1622340425531915,
    "macro avg": {
        "precision": 0.42245989304812837,
        "recall": 0.4532147635161722,
        "f1-score": 0.15961258736296874,
        "support": 752.0
    },
    "weighted avg": {
        "precision": 0.6486375014222324,
        "recall": 0.1622340425531915,
        "f1-score": 0.12478468269286655,
        "support": 752.0
    }
}