{
    "DOWN": {
        "precision": 0.7679083094555874,
        "recall": 0.09473312124425592,
        "f1-score": 0.16865953429830083,
        "support": 2829.0
    },
    "UP": {
        "precision": 0.03540489642184558,
        "recall": 0.5371428571428571,
        "f1-score": 0.06643109540636043,
        "support": 175.0
    },
    "accuracy": 0.12050599201065246,
    "macro avg": {
        "precision": 0.4016566029387165,
        "recall": 0.31593798919355653,
        "f1-score": 0.11754531485233063,
        "support": 3004.0
    },
    "weighted avg": {
        "precision": 0.7252358403207988,
        "recall": 0.12050599201065246,
        "f1-score": 0.16270414920972243,
        "support": 3004.0
    }
}