{
    "R2": 0.9767625092243923,
    "RMSE": 5.208313020266047,
    "MSE": 27.126524517072834,
    "MAPE": 0.047768609340248264,
    "ACMAPE": 1.8982172633781347
}