{
    "R2": 0.2764515663852406,
    "RMSE": 62.005866954909976,
    "MSE": 3844.727536829997,
    "MAPE": 0.09384182181181494,
    "ACMAPE": 0.9423266702966633
}