{
    "DOWN": {
        "precision": 0.6700167504187605,
        "recall": 0.6259780907668232,
        "f1-score": 0.6472491909385114,
        "support": 639.0
    },
    "UP": {
        "precision": 0.47123893805309736,
        "recall": 0.5195121951219512,
        "f1-score": 0.4941995359628771,
        "support": 410.0
    },
    "accuracy": 0.5843660629170638,
    "macro avg": {
        "precision": 0.5706278442359289,
        "recall": 0.5727451429443873,
        "f1-score": 0.5707243634506942,
        "support": 1049.0
    },
    "weighted avg": {
        "precision": 0.592324755118549,
        "recall": 0.5843660629170638,
        "f1-score": 0.5874299740271576,
        "support": 1049.0
    }
}