{
    "DOWN": {
        "precision": 0.5598771750255885,
        "recall": 0.9698581560283688,
        "f1-score": 0.709928617780662,
        "support": 564.0
    },
    "UP": {
        "precision": 0.45161290322580644,
        "recall": 0.03153153153153153,
        "f1-score": 0.05894736842105262,
        "support": 444.0
    },
    "accuracy": 0.5565476190476191,
    "macro avg": {
        "precision": 0.5057450391256975,
        "recall": 0.5006948437799501,
        "f1-score": 0.3844379931008573,
        "support": 1008.0
    },
    "weighted avg": {
        "precision": 0.5121893410185416,
        "recall": 0.5565476190476191,
        "f1-score": 0.4231868769913102,
        "support": 1008.0
    }
}