{
    "DOWN": {
        "precision": 0.5673913043478261,
        "recall": 0.925531914893617,
        "f1-score": 0.7035040431266847,
        "support": 564.0
    },
    "UP": {
        "precision": 0.5227272727272727,
        "recall": 0.1036036036036036,
        "f1-score": 0.17293233082706766,
        "support": 444.0
    },
    "accuracy": 0.5634920634920635,
    "macro avg": {
        "precision": 0.5450592885375494,
        "recall": 0.5145677592486103,
        "f1-score": 0.4382181869768762,
        "support": 1008.0
    },
    "weighted avg": {
        "precision": 0.5477178618482967,
        "recall": 0.5634920634920635,
        "f1-score": 0.46979983651852003,
        "support": 1008.0
    }
}