{
    "R2": 0.9514791020282011,
    "RMSE": 186.49344006225837,
    "MSE": 34779.80318625516,
    "MAPE": 0.05141513793485794,
    "ACMAPE": 0.9383198998396198
}