{
    "R2": -1064.842764488649,
    "RMSE": 248.60942238870027,
    "MSE": 61806.644900443185,
    "MAPE": 4.3292308326954645,
    "ACMAPE": 5.860762364226996
}