{
    "R2": -0.3558178434539916,
    "RMSE": 8.866897466695084,
    "MSE": 78.6218706848837,
    "MAPE": 0.12040748349185937,
    "ACMAPE": 1.2014885645729405
}