{
    "DOWN": {
        "precision": 0.7716535433070866,
        "recall": 0.3310810810810811,
        "f1-score": 0.4633569739952718,
        "support": 296.0
    },
    "UP": {
        "precision": 0.34,
        "recall": 0.7786259541984732,
        "f1-score": 0.4733178654292343,
        "support": 131.0
    },
    "accuracy": 0.468384074941452,
    "macro avg": {
        "precision": 0.5558267716535433,
        "recall": 0.5548535176397772,
        "f1-score": 0.46833741971225307,
        "support": 427.0
    },
    "weighted avg": {
        "precision": 0.6392258754540928,
        "recall": 0.468384074941452,
        "f1-score": 0.4664128915077989,
        "support": 427.0
    }
}