{
    "DOWN": {
        "precision": 0.6929824561403509,
        "recall": 0.21066666666666667,
        "f1-score": 0.3231083844580777,
        "support": 375.0
    },
    "UP": {
        "precision": 0.3648068669527897,
        "recall": 0.8292682926829268,
        "f1-score": 0.5067064083457526,
        "support": 205.0
    },
    "accuracy": 0.42931034482758623,
    "macro avg": {
        "precision": 0.5288946615465703,
        "recall": 0.5199674796747967,
        "f1-score": 0.4149073964019152,
        "support": 580.0
    },
    "weighted avg": {
        "precision": 0.5769893599619887,
        "recall": 0.42931034482758623,
        "f1-score": 0.3880007894528594,
        "support": 580.0
    }
}