{
    "R2": 0.9226760680573625,
    "RMSE": 81.01685567871102,
    "MSE": 6563.730904065092,
    "MAPE": 0.23234425489850052,
    "ACMAPE": 1.1587511813054268
}