{
    "R2": 0.9880028852483109,
    "RMSE": 31.917057239555042,
    "MSE": 1018.698542833033,
    "MAPE": 0.061685107052100875,
    "ACMAPE": 1.521685107052101
}