{
<<<<<<< HEAD
    "R2": -2.1979780742364516,
    "RMSE": 170.60689622023617,
    "MSE": 29106.713037902435,
    "MAPE": 0.2321085966978114,
    "ACMAPE": 1.4941775622150528
=======
    "R2": -2.153626221233182,
    "RMSE": 169.41971629917253,
    "MSE": 28703.040270892106,
    "MAPE": 0.23387188960123312,
    "ACMAPE": 1.4959408551184745
>>>>>>> d5f42532be6a9c18a5da3fb21b671ebbe5b6efbf
}