{
    "DOWN": {
<<<<<<< HEAD
        "precision": 0.9004854368932039,
        "recall": 0.18522216674987518,
        "f1-score": 0.3072463768115942,
        "support": 2003.0
    },
    "UP": {
        "precision": 0.13559322033898305,
        "recall": 0.8619528619528619,
        "f1-score": 0.23432494279176203,
        "support": 297.0
    },
    "accuracy": 0.27260869565217394,
    "macro avg": {
        "precision": 0.5180393286160935,
        "recall": 0.5235875143513685,
        "f1-score": 0.2707856598016781,
        "support": 2300.0
    },
    "weighted avg": {
        "precision": 0.801714572407724,
        "recall": 0.27260869565217394,
        "f1-score": 0.297830000331642,
=======
        "precision": 0.905,
        "recall": 0.18072890664003993,
        "f1-score": 0.30129005409904286,
        "support": 2003.0
    },
    "UP": {
        "precision": 0.13631578947368422,
        "recall": 0.8720538720538721,
        "f1-score": 0.23577605826126538,
        "support": 297.0
    },
    "accuracy": 0.27,
    "macro avg": {
        "precision": 0.5206578947368421,
        "recall": 0.5263913893469561,
        "f1-score": 0.2685330561801541,
        "support": 2300.0
    },
    "weighted avg": {
        "precision": 0.8057394736842106,
        "recall": 0.27,
        "f1-score": 0.29283020333216464,
>>>>>>> d5f42532be6a9c18a5da3fb21b671ebbe5b6efbf
        "support": 2300.0
    }
}