{
    "R2": 0.9966316508137023,
    "RMSE": 61.884562247111994,
    "MSE": 3829.699044516679,
    "MAPE": 0.032801216743014165,
    "ACMAPE": 1.09628717287999
}