{
    "DOWN": {
<<<<<<< HEAD
        "precision": 0.6086956521739131,
        "recall": 0.1065989847715736,
        "f1-score": 0.18142548596112312,
        "support": 394.0
    },
    "UP": {
        "precision": 0.39414802065404475,
        "recall": 0.89453125,
        "f1-score": 0.5471923536439666,
        "support": 256.0
    },
    "accuracy": 0.4169230769230769,
    "macro avg": {
        "precision": 0.5014218364139789,
        "recall": 0.5005651173857868,
        "f1-score": 0.3643089198025449,
        "support": 650.0
    },
    "weighted avg": {
        "precision": 0.5241968926830111,
        "recall": 0.4169230769230769,
        "f1-score": 0.3254813600023661,
=======
        "precision": 0.605683836589698,
        "recall": 0.8654822335025381,
        "f1-score": 0.7126436781609194,
        "support": 394.0
    },
    "UP": {
        "precision": 0.39080459770114945,
        "recall": 0.1328125,
        "f1-score": 0.19825072886297376,
        "support": 256.0
    },
    "accuracy": 0.5769230769230769,
    "macro avg": {
        "precision": 0.4982442171454238,
        "recall": 0.49914736675126903,
        "f1-score": 0.4554472035119466,
        "support": 650.0
    },
    "weighted avg": {
        "precision": 0.5210544748120542,
        "recall": 0.5769230769230769,
        "f1-score": 0.5100519935143439,
>>>>>>> d5f42532be6a9c18a5da3fb21b671ebbe5b6efbf
        "support": 650.0
    }
}