{
    "DOWN": {
        "precision": 0.6086956521739131,
        "recall": 0.1065989847715736,
        "f1-score": 0.18142548596112312,
        "support": 394.0
    },
    "UP": {
        "precision": 0.39414802065404475,
        "recall": 0.89453125,
        "f1-score": 0.5471923536439666,
        "support": 256.0
    },
    "accuracy": 0.4169230769230769,
    "macro avg": {
        "precision": 0.5014218364139789,
        "recall": 0.5005651173857868,
        "f1-score": 0.3643089198025449,
        "support": 650.0
    },
    "weighted avg": {
        "precision": 0.5241968926830111,
        "recall": 0.4169230769230769,
        "f1-score": 0.3254813600023661,
        "support": 650.0
    }
}