{
    "DOWN": {
        "precision": 0.605683836589698,
        "recall": 0.8654822335025381,
        "f1-score": 0.7126436781609194,
        "support": 394.0
    },
    "UP": {
        "precision": 0.39080459770114945,
        "recall": 0.1328125,
        "f1-score": 0.19825072886297376,
        "support": 256.0
    },
    "accuracy": 0.5769230769230769,
    "macro avg": {
        "precision": 0.4982442171454238,
        "recall": 0.49914736675126903,
        "f1-score": 0.4554472035119466,
        "support": 650.0
    },
    "weighted avg": {
        "precision": 0.5210544748120542,
        "recall": 0.5769230769230769,
        "f1-score": 0.5100519935143439,
        "support": 650.0
    }
}