{
    "DOWN": {
        "precision": 0.5952685421994884,
        "recall": 0.5967948717948718,
        "f1-score": 0.5960307298335468,
        "support": 1560.0
    },
    "UP": {
        "precision": 0.38932038834951455,
        "recall": 0.38781431334622823,
        "f1-score": 0.38856589147286813,
        "support": 1034.0
    },
    "accuracy": 0.5134926754047803,
    "macro avg": {
        "precision": 0.4922944652745015,
        "recall": 0.49230459257055004,
        "f1-score": 0.49229831065320745,
        "support": 2594.0
    },
    "weighted avg": {
        "precision": 0.5131750992230533,
        "recall": 0.5134926754047803,
        "f1-score": 0.513332717934957,
        "support": 2594.0
    }
}