{
    "R2": 0.6878407537488289,
    "RMSE": 594.7570972976463,
    "MSE": 353736.00478592195,
    "MAPE": 0.19002558055170324,
    "ACMAPE": 1.1144148787292916
}