{
    "R2": 0.919530747700016,
    "RMSE": 302.3484607119753,
    "MSE": 91414.59169490087,
    "MAPE": 0.18222019674375767,
    "ACMAPE": 1.155234845934197
}