{
    "R2": 0.7279350972788937,
    "RMSE": 157.51298018452493,
    "MSE": 24810.338926610548,
    "MAPE": 0.11643624427089311,
    "ACMAPE": 0.9625900904247393
}