{
    "DOWN": {
        "precision": 0.7142857142857143,
        "recall": 0.2849740932642487,
        "f1-score": 0.40740740740740744,
        "support": 386.0
    },
    "UP": {
        "precision": 0.3920704845814978,
        "recall": 0.8018018018018018,
        "f1-score": 0.5266272189349113,
        "support": 222.0
    },
    "accuracy": 0.47368421052631576,
    "macro avg": {
        "precision": 0.5531780994336061,
        "recall": 0.5433879475330252,
        "f1-score": 0.46701731317115935,
        "support": 608.0
    },
    "weighted avg": {
        "precision": 0.5966347587029247,
        "recall": 0.47368421052631576,
        "f1-score": 0.45093832543225265,
        "support": 608.0
    }
}