{
    "DOWN": {
        "precision": 0.7058823529411765,
        "recall": 0.5175202156334232,
        "f1-score": 0.5972006220839814,
        "support": 371.0
    },
    "UP": {
        "precision": 0.43354430379746833,
        "recall": 0.631336405529954,
        "f1-score": 0.5140712945590995,
        "support": 217.0
    },
    "accuracy": 0.5595238095238095,
    "macro avg": {
        "precision": 0.5697133283693224,
        "recall": 0.5744283105816885,
        "f1-score": 0.5556359583215404,
        "support": 588.0
    },
    "weighted avg": {
        "precision": 0.6053766443286175,
        "recall": 0.5595238095238095,
        "f1-score": 0.566521941687894,
        "support": 588.0
    }
}