{
    "R2": 0.9829604828115329,
    "RMSE": 36.61675205674473,
    "MSE": 1340.7865311851197,
    "MAPE": 0.022593468971413334,
    "ACMAPE": 0.8749981124208328
}