{
    "R2": 0.8729836822118064,
    "RMSE": 27.59400090155533,
    "MSE": 761.4288857550363,
    "MAPE": 0.02033921524213247,
    "ACMAPE": 0.8756023731368694
}