{
    "R2": 0.9808897126945438,
    "RMSE": 38.84797787494019,
    "MSE": 1509.1653849718427,
    "MAPE": 0.02512288356410289,
    "ACMAPE": 0.9094766250607016
}