{
    "DOWN": {
        "precision": 0.6453900709219859,
        "recall": 0.9479166666666666,
        "f1-score": 0.7679324894514769,
        "support": 96.0
    },
    "UP": {
        "precision": 0.5454545454545454,
        "recall": 0.10714285714285714,
        "f1-score": 0.1791044776119403,
        "support": 56.0
    },
    "accuracy": 0.6381578947368421,
    "macro avg": {
        "precision": 0.5954223081882657,
        "recall": 0.5275297619047619,
        "f1-score": 0.47351848353170856,
        "support": 152.0
    },
    "weighted avg": {
        "precision": 0.6085717194339815,
        "recall": 0.6381578947368421,
        "f1-score": 0.550995853510595,
        "support": 152.0
    }
}