{
    "DOWN": {
        "precision": 0.55859375,
        "recall": 0.9879101899827288,
        "f1-score": 0.7136618839675607,
        "support": 579.0
    },
    "UP": {
        "precision": 0.4166666666666667,
        "recall": 0.010940919037199124,
        "f1-score": 0.021321961620469083,
        "support": 457.0
    },
    "accuracy": 0.556949806949807,
    "macro avg": {
        "precision": 0.48763020833333337,
        "recall": 0.49942555450996395,
        "f1-score": 0.3674919227940149,
        "support": 1036.0
    },
    "weighted avg": {
        "precision": 0.4959869188384814,
        "recall": 0.556949806949807,
        "f1-score": 0.4082571112719807,
        "support": 1036.0
    }
}