{
    "R2": 0.9790202683267084,
    "RMSE": 134.31921726527145,
    "MSE": 18041.652126755198,
    "MAPE": 0.02366127612070028,
    "ACMAPE": 0.9734682259276501
}