{
    "R2": 0.9865106757676922,
    "RMSE": 107.70436000789361,
    "MSE": 11600.229164709954,
    "MAPE": 0.04321346043323659,
    "ACMAPE": 1.1629045801243563
}