{
    "R2": 0.9872607656404975,
    "RMSE": 13.474008046917517,
    "MSE": 181.54889284839797,
    "MAPE": 0.26640115763210837,
    "ACMAPE": 1.673001817698115
}