{
    "R2": 0.8021829379294307,
    "RMSE": 14.256712104734177,
    "MSE": 203.253840037274,
    "MAPE": 0.040010299866961634,
    "ACMAPE": 0.9872398513181488
}