{
<<<<<<< HEAD
    "R2": 0.8021829379294307,
    "RMSE": 14.256712104734177,
    "MSE": 203.253840037274,
    "MAPE": 0.040010299866961634,
    "ACMAPE": 0.9872398513181488
=======
    "R2": 0.6115092657955529,
    "RMSE": 19.97918822559526,
    "MSE": 399.1679621537643,
    "MAPE": 0.06823007689167587,
    "ACMAPE": 1.3531904990552643
>>>>>>> d5f42532be6a9c18a5da3fb21b671ebbe5b6efbf
}