{
    "R2": 0.6115092657955529,
    "RMSE": 19.97918822559526,
    "MSE": 399.1679621537643,
    "MAPE": 0.06823007689167587,
    "ACMAPE": 1.3531904990552643
}