{
    "DOWN": {
        "precision": 0.9306378529104218,
        "recall": 0.9947839046199702,
        "f1-score": 0.9616423554835225,
        "support": 2684.0
    },
    "UP": {
        "precision": 0.2222222222222222,
        "recall": 0.019704433497536946,
        "f1-score": 0.03619909502262444,
        "support": 203.0
    },
    "accuracy": 0.9262209906477312,
    "macro avg": {
        "precision": 0.576430037566322,
        "recall": 0.5072441690587536,
        "f1-score": 0.49892072525307346,
        "support": 2887.0
    },
    "weighted avg": {
        "precision": 0.8808254618367451,
        "recall": 0.9262209906477312,
        "f1-score": 0.8965696218937884,
        "support": 2887.0
    }
}