{
    "DOWN": {
        "precision": 0.7588126159554731,
        "recall": 0.7422867513611615,
        "f1-score": 0.7504587155963303,
        "support": 551.0
    },
    "UP": {
        "precision": 0.22826086956521738,
        "recall": 0.2441860465116279,
        "f1-score": 0.23595505617977527,
        "support": 172.0
    },
    "accuracy": 0.623789764868603,
    "macro avg": {
        "precision": 0.49353674276034526,
        "recall": 0.4932363989363947,
        "f1-score": 0.4932068858880528,
        "support": 723.0
    },
    "weighted avg": {
        "precision": 0.6325956029829641,
        "recall": 0.623789764868603,
        "f1-score": 0.6280595047807737,
        "support": 723.0
    }
}