{
    "R2": 0.9385770823562268,
    "RMSE": 262.0394039507176,
    "MSE": 68664.64922284737,
    "MAPE": 0.03893613837111877,
    "ACMAPE": 1.1730993472231244
}