{
    "DOWN": {
        "precision": 0.6403162055335968,
        "recall": 0.294010889292196,
        "f1-score": 0.4029850746268656,
        "support": 551.0
    },
    "UP": {
        "precision": 0.1723404255319149,
        "recall": 0.47093023255813954,
        "f1-score": 0.2523364485981308,
        "support": 172.0
    },
    "accuracy": 0.3360995850622407,
    "macro avg": {
        "precision": 0.40632831553275583,
        "recall": 0.38247056092516774,
        "f1-score": 0.32766076161249824,
        "support": 723.0
    },
    "weighted avg": {
        "precision": 0.5289858678291856,
        "recall": 0.3360995850622407,
        "f1-score": 0.36714612071684843,
        "support": 723.0
    }
}