{
    "DOWN": {
        "precision": 0.7693498452012384,
        "recall": 0.9019963702359347,
        "f1-score": 0.8304093567251462,
        "support": 551.0
    },
    "UP": {
        "precision": 0.2987012987012987,
        "recall": 0.13372093023255813,
        "f1-score": 0.18473895582329317,
        "support": 172.0
    },
    "accuracy": 0.719225449515906,
    "macro avg": {
        "precision": 0.5340255719512685,
        "recall": 0.5178586502342464,
        "f1-score": 0.5075741562742196,
        "support": 723.0
    },
    "weighted avg": {
        "precision": 0.6573836626314049,
        "recall": 0.719225449515906,
        "f1-score": 0.6768058865244287,
        "support": 723.0
    }
}