{
    "DOWN": {
        "precision": 0.7660377358490567,
        "recall": 0.3684210526315789,
        "f1-score": 0.49754901960784315,
        "support": 551.0
    },
    "UP": {
        "precision": 0.24017467248908297,
        "recall": 0.6395348837209303,
        "f1-score": 0.34920634920634924,
        "support": 172.0
    },
    "accuracy": 0.43291839557399725,
    "macro avg": {
        "precision": 0.5031062041690698,
        "recall": 0.5039779681762546,
        "f1-score": 0.4233776844070962,
        "support": 723.0
    },
    "weighted avg": {
        "precision": 0.6409361495448859,
        "recall": 0.43291839557399725,
        "f1-score": 0.46225864711952086,
        "support": 723.0
    }
}