{
    "DOWN": {
        "precision": 0.9629111266620014,
        "recall": 0.5136244867487869,
        "f1-score": 0.6699123661148978,
        "support": 2679.0
    },
    "UP": {
        "precision": 0.10323468685478321,
        "recall": 0.7389162561576355,
        "f1-score": 0.18115942028985507,
        "support": 203.0
    },
    "accuracy": 0.5294934073560028,
    "macro avg": {
        "precision": 0.5330729067583924,
        "recall": 0.6262703714532112,
        "f1-score": 0.42553589320237645,
        "support": 2882.0
    },
    "weighted avg": {
        "precision": 0.9023579284382451,
        "recall": 0.5294934073560028,
        "f1-score": 0.6354859788829464,
        "support": 2882.0
    }
}