{
    "DOWN": {
        "precision": 0.8163841807909604,
        "recall": 0.3772845953002611,
        "f1-score": 0.5160714285714286,
        "support": 766.0
    },
    "UP": {
        "precision": 0.2943786982248521,
        "recall": 0.7537878787878788,
        "f1-score": 0.42340425531914894,
        "support": 264.0
    },
    "accuracy": 0.47378640776699027,
    "macro avg": {
        "precision": 0.5553814395079062,
        "recall": 0.56553623704407,
        "f1-score": 0.4697378419452888,
        "support": 1030.0
    },
    "weighted avg": {
        "precision": 0.6825886007934336,
        "recall": 0.47378640776699027,
        "f1-score": 0.4923198424174462,
        "support": 1030.0
    }
}