{
    "R2": 0.9505739305643823,
    "RMSE": 14.107918460064825,
    "MSE": 199.03336327583787,
    "MAPE": 0.02781755025054574,
    "ACMAPE": 0.9598563852020021
}