{
    "R2": 0.8635253005634856,
    "RMSE": 23.44288065849326,
    "MSE": 549.5686535683574,
    "MAPE": 0.06039655322661402,
    "ACMAPE": 1.1128237376926335
}