{
    "R2": 0.9933148105531308,
    "RMSE": 10.917956704562053,
    "MSE": 119.20177860269149,
    "MAPE": 0.02600204830864517,
    "ACMAPE": 0.779773337846358
}