{
    "R2": 0.015713363347025444,
    "RMSE": 132.4062106810581,
    "MSE": 17531.404626916745,
    "MAPE": 0.6011335874238509,
    "ACMAPE": 1.5147921240092166
}