{
    "DOWN": {
        "precision": 0.6601941747572816,
        "recall": 0.3119266055045872,
        "f1-score": 0.42367601246105924,
        "support": 436.0
    },
    "UP": {
        "precision": 0.2268041237113402,
        "recall": 0.5569620253164557,
        "f1-score": 0.32234432234432236,
        "support": 158.0
    },
    "accuracy": 0.3771043771043771,
    "macro avg": {
        "precision": 0.4434991492343109,
        "recall": 0.4344443154105214,
        "f1-score": 0.3730101674026908,
        "support": 594.0
    },
    "weighted avg": {
        "precision": 0.5449153396305834,
        "recall": 0.3771043771043771,
        "f1-score": 0.39672246525829086,
        "support": 594.0
    }
}