{
    "R2": 0.9761074312354212,
    "RMSE": 6.048433102598692,
    "MSE": 36.58354299661165,
    "MAPE": 0.04799238100601791,
    "ACMAPE": 1.3900119249799594
}