{
    "R2": 0.9752673719067255,
    "RMSE": 5.264007138785523,
    "MSE": 27.709771157184946,
    "MAPE": 0.0448746456529683,
    "ACMAPE": 1.290665891444214
}