{
    "DOWN": {
        "precision": 0.6602870813397129,
        "recall": 0.3165137614678899,
        "f1-score": 0.42790697674418604,
        "support": 436.0
    },
    "UP": {
        "precision": 0.22597402597402597,
        "recall": 0.5506329113924051,
        "f1-score": 0.32044198895027626,
        "support": 158.0
    },
    "accuracy": 0.3787878787878788,
    "macro avg": {
        "precision": 0.44313055365686943,
        "recall": 0.4335733364301475,
        "f1-score": 0.37417448284723115,
        "support": 594.0
    },
    "weighted avg": {
        "precision": 0.5447627332794797,
        "recall": 0.3787878787878788,
        "f1-score": 0.39932201366095754,
        "support": 594.0
    }
}