{
    "R2": 0.9749541585781986,
    "RMSE": 5.297233895570825,
    "MSE": 28.060686944384454,
    "MAPE": 0.045923655364917035,
    "ACMAPE": 1.2883478977891594
}