{
    "R2": 0.9848729451886723,
    "RMSE": 20.661427145140024,
    "MSE": 426.8945716739291,
    "MAPE": 0.0768336226100444,
    "ACMAPE": 0.7711956404141986
}