{
<<<<<<< HEAD
    "R2": -2241.415321242856,
    "RMSE": 6.252964928132592,
    "MSE": 39.09957039245623,
    "MAPE": 0.1225814290595842,
    "ACMAPE": 0.13448619096434605
=======
    "R2": -5190.572194261888,
    "RMSE": 9.514312583078118,
    "MSE": 90.52214392851862,
    "MAPE": 0.18658184394894542,
    "ACMAPE": 0.19848660585370728
>>>>>>> d5f42532be6a9c18a5da3fb21b671ebbe5b6efbf
}