{
    "R2": 0.9826983925485879,
    "RMSE": 21.461899931009757,
    "MSE": 460.61314864867654,
    "MAPE": 0.1471095505546884,
    "ACMAPE": 1.447557981047962
}