{
    "DOWN": {
<<<<<<< HEAD
        "precision": 0.7212837837837838,
        "recall": 0.9262472885032538,
        "f1-score": 0.8110161443494777,
        "support": 461.0
    },
    "UP": {
        "precision": 0.45161290322580644,
        "recall": 0.14507772020725387,
        "f1-score": 0.2196078431372549,
        "support": 193.0
    },
    "accuracy": 0.6957186544342507,
    "macro avg": {
        "precision": 0.5864483435047951,
        "recall": 0.5356625043552539,
        "f1-score": 0.5153119937433663,
        "support": 654.0
    },
    "weighted avg": {
        "precision": 0.6417020101634633,
        "recall": 0.6957186544342507,
        "f1-score": 0.6364873949091734,
=======
        "precision": 0.7164179104477612,
        "recall": 0.9370932754880694,
        "f1-score": 0.8120300751879699,
        "support": 461.0
    },
    "UP": {
        "precision": 0.43137254901960786,
        "recall": 0.11398963730569948,
        "f1-score": 0.18032786885245905,
        "support": 193.0
    },
    "accuracy": 0.6941896024464832,
    "macro avg": {
        "precision": 0.5738952297336846,
        "recall": 0.5255414563968844,
        "f1-score": 0.49617897202021444,
        "support": 654.0
    },
    "weighted avg": {
        "precision": 0.6322990193841012,
        "recall": 0.6941896024464832,
        "f1-score": 0.6256103109329949,
>>>>>>> d5f42532be6a9c18a5da3fb21b671ebbe5b6efbf
        "support": 654.0
    }
}