{
    "R2": -28611.274378140522,
    "RMSE": 22.335936038929006,
    "MSE": 498.89403873512765,
    "MAPE": 0.4381116810955343,
    "ACMAPE": 2.4262069191907725
}