{
    "R2": 0.9551900275973647,
    "RMSE": 21.684269193814362,
    "MSE": 470.20753046980656,
    "MAPE": 0.10193896052316288,
    "ACMAPE": 0.7105016516546614
}