{
    "R2": -8110.084329517757,
    "RMSE": 11.892342957473357,
    "MSE": 141.42782101816613,
    "MAPE": 0.23326156229751235,
    "ACMAPE": 2.2213568003927504
}