{
    "R2": 0.948885781646511,
    "RMSE": 23.159453862120444,
    "MSE": 536.3603031916855,
    "MAPE": 0.12361316594796859,
    "ACMAPE": 0.7352339610550022
}