{
    "DOWN": {
        "precision": 0.7212837837837838,
        "recall": 0.9262472885032538,
        "f1-score": 0.8110161443494777,
        "support": 461.0
    },
    "UP": {
        "precision": 0.45161290322580644,
        "recall": 0.14507772020725387,
        "f1-score": 0.2196078431372549,
        "support": 193.0
    },
    "accuracy": 0.6957186544342507,
    "macro avg": {
        "precision": 0.5864483435047951,
        "recall": 0.5356625043552539,
        "f1-score": 0.5153119937433663,
        "support": 654.0
    },
    "weighted avg": {
        "precision": 0.6417020101634633,
        "recall": 0.6957186544342507,
        "f1-score": 0.6364873949091734,
        "support": 654.0
    }
}