{
    "R2": -5190.572194261888,
    "RMSE": 9.514312583078118,
    "MSE": 90.52214392851862,
    "MAPE": 0.18658184394894542,
    "ACMAPE": 0.19848660585370728
}