{
    "R2": 0.8888580373969208,
    "RMSE": 16.766099099360623,
    "MSE": 281.1020790095811,
    "MAPE": 0.032207166221731275,
    "ACMAPE": 0.9283375124539105
}