{
    "DOWN": {
        "precision": 0.6764705882352942,
        "recall": 0.2804878048780488,
        "f1-score": 0.3965517241379311,
        "support": 82.0
    },
    "UP": {
        "precision": 0.34444444444444444,
        "recall": 0.7380952380952381,
        "f1-score": 0.46969696969696967,
        "support": 42.0
    },
    "accuracy": 0.43548387096774194,
    "macro avg": {
        "precision": 0.5104575163398692,
        "recall": 0.5092915214866435,
        "f1-score": 0.4331243469174504,
        "support": 124.0
    },
    "weighted avg": {
        "precision": 0.5640101201771031,
        "recall": 0.43548387096774194,
        "f1-score": 0.4213267266659925,
        "support": 124.0
    }
}