{
    "DOWN": {
        "precision": 0.7955555555555556,
        "recall": 0.5541795665634675,
        "f1-score": 0.6532846715328468,
        "support": 323.0
    },
    "UP": {
        "precision": 0.4375,
        "recall": 0.7088607594936709,
        "f1-score": 0.5410628019323671,
        "support": 158.0
    },
    "accuracy": 0.604989604989605,
    "macro avg": {
        "precision": 0.6165277777777778,
        "recall": 0.6315201630285692,
        "f1-score": 0.5971737367326069,
        "support": 481.0
    },
    "weighted avg": {
        "precision": 0.6779406329406329,
        "recall": 0.604989604989605,
        "f1-score": 0.616421770499841,
        "support": 481.0
    }
}