{
    "DOWN": {
        "precision": 0.86,
        "recall": 0.3932926829268293,
        "f1-score": 0.5397489539748954,
        "support": 328.0
    },
    "UP": {
        "precision": 0.41642228739002934,
        "recall": 0.8711656441717791,
        "f1-score": 0.5634920634920635,
        "support": 163.0
    },
    "accuracy": 0.5519348268839104,
    "macro avg": {
        "precision": 0.6382111436950146,
        "recall": 0.6322291635493043,
        "f1-score": 0.5516205087334795,
        "support": 491.0
    },
    "weighted avg": {
        "precision": 0.7127430404166493,
        "recall": 0.5519348268839104,
        "f1-score": 0.5476310860549328,
        "support": 491.0
    }
}