{
    "R2": 0.879039511326095,
    "RMSE": 17.435145067384013,
    "MSE": 303.9842835207251,
    "MAPE": 0.03193031831556253,
    "ACMAPE": 0.733543221541369
}