{
    "DOWN": {
        "precision": 0.6273551988834613,
        "recall": 0.39516483516483514,
        "f1-score": 0.4848975188781014,
        "support": 2275.0
    },
    "UP": {
        "precision": 0.3188118811881188,
        "recall": 0.5466893039049237,
        "f1-score": 0.40275171982489055,
        "support": 1178.0
    },
    "accuracy": 0.4468578048074138,
    "macro avg": {
        "precision": 0.47308354003579,
        "recall": 0.4709270695348794,
        "f1-score": 0.443824619351496,
        "support": 3453.0
    },
    "weighted avg": {
        "precision": 0.5220948373876276,
        "recall": 0.4468578048074138,
        "f1-score": 0.4568732642344054,
        "support": 3453.0
    }
}