{
    "R2": -1.912254405106101,
    "RMSE": 662.217708124846,
    "MSE": 438532.2929541237,
    "MAPE": 0.5583686376215047,
    "ACMAPE": 1.1726008473593323
}