{
    "R2": -2.705221348609595,
    "RMSE": 746.9528923872095,
    "MSE": 557938.6234456183,
    "MAPE": 0.6188614615000002,
    "ACMAPE": 1.4896479783539327
}