{
    "DOWN": {
<<<<<<< HEAD
        "precision": 0.7123287671232876,
        "recall": 0.2591362126245847,
        "f1-score": 0.38002436053593175,
        "support": 602.0
    },
    "UP": {
        "precision": 0.3831258644536653,
        "recall": 0.8147058823529412,
        "f1-score": 0.5211665098777046,
        "support": 340.0
    },
    "accuracy": 0.4596602972399151,
    "macro avg": {
        "precision": 0.5477273157884764,
        "recall": 0.5369210474887629,
        "f1-score": 0.4505954352068182,
        "support": 942.0
    },
    "weighted avg": {
        "precision": 0.5935081865418953,
        "recall": 0.4596602972399151,
        "f1-score": 0.4309673868376332,
=======
        "precision": 0.7136363636363636,
        "recall": 0.260797342192691,
        "f1-score": 0.3819951338199513,
        "support": 602.0
    },
    "UP": {
        "precision": 0.38365650969529086,
        "recall": 0.8147058823529412,
        "f1-score": 0.5216572504708098,
        "support": 340.0
    },
    "accuracy": 0.4607218683651805,
    "macro avg": {
        "precision": 0.5486464366658272,
        "recall": 0.5377516122728161,
        "f1-score": 0.45182619214538056,
        "support": 942.0
    },
    "weighted avg": {
        "precision": 0.5945353547828979,
        "recall": 0.4607218683651805,
        "f1-score": 0.4324039657321508,
>>>>>>> d5f42532be6a9c18a5da3fb21b671ebbe5b6efbf
        "support": 942.0
    }
}