{
<<<<<<< HEAD
    "R2": -7.063738869090187,
    "RMSE": 93.51588507993287,
    "MSE": 8745.220762283212,
    "MAPE": 0.16154642658824403,
    "ACMAPE": 1.6365464265882441
=======
    "R2": -6.850545523811334,
    "RMSE": 92.27139341269618,
    "MSE": 8514.010042320553,
    "MAPE": 0.1591949214325724,
    "ACMAPE": 1.6341949214325724
>>>>>>> d5f42532be6a9c18a5da3fb21b671ebbe5b6efbf
}