{
    "DOWN": {
        "precision": 0.7542857142857143,
        "recall": 0.7457627118644068,
        "f1-score": 0.7500000000000001,
        "support": 177.0
    },
    "UP": {
        "precision": 0.3076923076923077,
        "recall": 0.31746031746031744,
        "f1-score": 0.3125,
        "support": 63.0
    },
    "accuracy": 0.6333333333333333,
    "macro avg": {
        "precision": 0.530989010989011,
        "recall": 0.5316115146623621,
        "f1-score": 0.53125,
        "support": 240.0
    },
    "weighted avg": {
        "precision": 0.6370549450549451,
        "recall": 0.6333333333333333,
        "f1-score": 0.6351562500000001,
        "support": 240.0
    }
}