{
    "R2": -7.063738869090187,
    "RMSE": 93.51588507993287,
    "MSE": 8745.220762283212,
    "MAPE": 0.16154642658824403,
    "ACMAPE": 1.6365464265882441
}