{
    "R2": 0.27475288363451644,
    "RMSE": 271.594918735979,
    "MSE": 73763.79988320303,
    "MAPE": 0.2827876335160462,
    "ACMAPE": 1.0961750574511375
}