{
    "R2": 0.5389499716427054,
    "RMSE": 216.5472444177284,
    "MSE": 46892.709064911396,
    "MAPE": 0.21385692995714606,
    "ACMAPE": 1.236169303182298
}