{
    "DOWN": {
        "precision": 0.7815299793246038,
        "recall": 0.7732696897374701,
        "f1-score": 0.7773778920308483,
        "support": 2933.0
    },
    "UP": {
        "precision": 0.3624161073825503,
        "recall": 0.37351778656126483,
        "f1-score": 0.3678832116788321,
        "support": 1012.0
    },
    "accuracy": 0.6707224334600761,
    "macro avg": {
        "precision": 0.571973043353577,
        "recall": 0.5733937381493674,
        "f1-score": 0.5726305518548402,
        "support": 3945.0
    },
    "weighted avg": {
        "precision": 0.6740158504512558,
        "recall": 0.6707224334600761,
        "f1-score": 0.6723313479202677,
        "support": 3945.0
    }
}