{
    "R2": 0.9256756930919611,
    "RMSE": 32.33182084143574,
    "MSE": 1045.3466389226985,
    "MAPE": 0.540172163363406,
    "ACMAPE": 1.9851531036429486
}