{
    "R2": 0.9655578771432131,
    "RMSE": 32.519596869862134,
    "MSE": 1057.5241805783473,
    "MAPE": 0.029258067891711197,
    "ACMAPE": 0.8625914012250444
}