{
    "R2": 0.9939025191897038,
    "RMSE": 22.072627786029138,
    "MSE": 487.2008973805855,
    "MAPE": 0.024716625450898852,
    "ACMAPE": 1.145878906152653
}