{
    "DOWN": {
        "precision": 0.6291706387035272,
        "recall": 0.2849740932642487,
        "f1-score": 0.3922734026745914,
        "support": 2316.0
    },
    "UP": {
        "precision": 0.36283185840707965,
        "recall": 0.7079579579579579,
        "f1-score": 0.4797761383871788,
        "support": 1332.0
    },
    "accuracy": 0.4394188596491228,
    "macro avg": {
        "precision": 0.4960012485553034,
        "recall": 0.4964660256111033,
        "f1-score": 0.43602477053088506,
        "support": 3648.0
    },
    "weighted avg": {
        "precision": 0.531921939318969,
        "recall": 0.4394188596491228,
        "f1-score": 0.42422341472754266,
        "support": 3648.0
    }
}