{
    "DOWN": {
        "precision": 0.6462346760070052,
        "recall": 0.6428571428571429,
        "f1-score": 0.6445414847161572,
        "support": 574.0
    },
    "UP": {
        "precision": 0.39882697947214074,
        "recall": 0.40236686390532544,
        "f1-score": 0.4005891016200295,
        "support": 338.0
    },
    "accuracy": 0.5537280701754386,
    "macro avg": {
        "precision": 0.522530827739573,
        "recall": 0.5226120033812341,
        "f1-score": 0.5225652931680933,
        "support": 912.0
    },
    "weighted avg": {
        "precision": 0.5545419112824611,
        "recall": 0.5537280701754386,
        "f1-score": 0.5541293076476361,
        "support": 912.0
    }
}