{
    "DOWN": {
        "precision": 0.6419605499103407,
        "recall": 0.9290657439446367,
        "f1-score": 0.7592788971367974,
        "support": 2312.0
    },
    "UP": {
        "precision": 0.4478114478114478,
        "recall": 0.09992486851990984,
        "f1-score": 0.16339066339066338,
        "support": 1331.0
    },
    "accuracy": 0.6261323085369201,
    "macro avg": {
        "precision": 0.5448859988608943,
        "recall": 0.5144953062322732,
        "f1-score": 0.4613347802637304,
        "support": 3643.0
    },
    "weighted avg": {
        "precision": 0.5710265793109374,
        "recall": 0.6261323085369201,
        "f1-score": 0.5415662319937548,
        "support": 3643.0
    }
}