{
    "DOWN": {
        "precision": 0.6626746506986028,
        "recall": 0.9540229885057471,
        "f1-score": 0.7820965842167256,
        "support": 348.0
    },
    "UP": {
        "precision": 0.5294117647058824,
        "recall": 0.0962566844919786,
        "f1-score": 0.16289592760180993,
        "support": 187.0
    },
    "accuracy": 0.6542056074766355,
    "macro avg": {
        "precision": 0.5960432077022426,
        "recall": 0.5251398364988629,
        "f1-score": 0.47249625590926775,
        "support": 535.0
    },
    "weighted avg": {
        "precision": 0.6160949129777827,
        "recall": 0.6542056074766355,
        "f1-score": 0.565665700502727,
        "support": 535.0
    }
}