{
    "R2": 0.8045452264481237,
    "RMSE": 65.34875336622906,
    "MSE": 4270.459566520233,
    "MAPE": 0.1484840891066352,
    "ACMAPE": 1.3513142777858804
}