{
    "R2": 0.9576184848950614,
    "RMSE": 124.24869450228024,
    "MSE": 15437.738085520965,
    "MAPE": 0.0555263051409935,
    "ACMAPE": 0.8031898565428628
}