{
    "R2": 0.9911702624720592,
    "RMSE": 13.918983150227792,
    "MSE": 193.7380919363252,
    "MAPE": 0.02437850582136733,
    "ACMAPE": 1.207516679123475
}