{
    "DOWN": {
        "precision": 0.6784386617100372,
        "recall": 0.24880708929788684,
        "f1-score": 0.36408977556109723,
        "support": 1467.0
    },
    "UP": {
        "precision": 0.3034134007585335,
        "recall": 0.7350689127105666,
        "f1-score": 0.42953020134228187,
        "support": 653.0
    },
    "accuracy": 0.39858490566037735,
    "macro avg": {
        "precision": 0.49092603123428535,
        "recall": 0.49193800100422674,
        "f1-score": 0.3968099884516896,
        "support": 2120.0
    },
    "weighted avg": {
        "precision": 0.5629238053886542,
        "recall": 0.39858490566037735,
        "f1-score": 0.3842466614267168,
        "support": 2120.0
    }
}