{
    "DOWN": {
<<<<<<< HEAD
        "precision": 0.6805251641137856,
        "recall": 0.2119972733469666,
        "f1-score": 0.3232848232848233,
        "support": 1467.0
    },
    "UP": {
        "precision": 0.3048707155742634,
        "recall": 0.776416539050536,
        "f1-score": 0.4378238341968912,
        "support": 653.0
    },
    "accuracy": 0.3858490566037736,
    "macro avg": {
        "precision": 0.4926979398440245,
        "recall": 0.4942069061987513,
        "f1-score": 0.38055432874085726,
        "support": 2120.0
    },
    "weighted avg": {
        "precision": 0.564816506143829,
        "recall": 0.3858490566037736,
        "f1-score": 0.3585649997591537,
=======
        "precision": 0.6784386617100372,
        "recall": 0.24880708929788684,
        "f1-score": 0.36408977556109723,
        "support": 1467.0
    },
    "UP": {
        "precision": 0.3034134007585335,
        "recall": 0.7350689127105666,
        "f1-score": 0.42953020134228187,
        "support": 653.0
    },
    "accuracy": 0.39858490566037735,
    "macro avg": {
        "precision": 0.49092603123428535,
        "recall": 0.49193800100422674,
        "f1-score": 0.3968099884516896,
        "support": 2120.0
    },
    "weighted avg": {
        "precision": 0.5629238053886542,
        "recall": 0.39858490566037735,
        "f1-score": 0.3842466614267168,
>>>>>>> d5f42532be6a9c18a5da3fb21b671ebbe5b6efbf
        "support": 2120.0
    }
}