{
    "DOWN": {
        "precision": 0.7528641571194763,
        "recall": 0.3106009453072249,
        "f1-score": 0.4397705544933078,
        "support": 1481.0
    },
    "UP": {
        "precision": 0.3322432962720733,
        "recall": 0.7708649468892261,
        "f1-score": 0.4643510054844608,
        "support": 659.0
    },
    "accuracy": 0.4523364485981308,
    "macro avg": {
        "precision": 0.5425537266957747,
        "recall": 0.5407329460982255,
        "f1-score": 0.4520607799888843,
        "support": 2140.0
    },
    "weighted avg": {
        "precision": 0.6233365181949724,
        "recall": 0.4523364485981308,
        "f1-score": 0.4473399550555367,
        "support": 2140.0
    }
}