{
    "R2": 0.8268666657637456,
    "RMSE": 61.50416301653271,
    "MSE": 3782.7620683642294,
    "MAPE": 0.15055559051279752,
    "ACMAPE": 1.3788574773052504
}