{
    "R2": 0.38714443610898364,
    "RMSE": 18.681610423747816,
    "MSE": 349.0025680246831,
    "MAPE": 0.040400072364048606,
    "ACMAPE": 1.0736435584377233
}