{
    "DOWN": {
        "precision": 0.766857962697274,
        "recall": 0.3268113726689086,
        "f1-score": 0.45830653804930327,
        "support": 3271.0
    },
    "UP": {
        "precision": 0.27779599868809446,
        "recall": 0.7226962457337884,
        "f1-score": 0.4013266998341625,
        "support": 1172.0
    },
    "accuracy": 0.43124015304974117,
    "macro avg": {
        "precision": 0.5223269806926842,
        "recall": 0.5247538092013485,
        "f1-score": 0.4298166189417329,
        "support": 4443.0
    },
    "weighted avg": {
        "precision": 0.6378503953286586,
        "recall": 0.43124015304974117,
        "f1-score": 0.4432760698097928,
        "support": 4443.0
    }
}