{
    "R2": -0.000542922475537555,
    "RMSE": 33.55194863453304,
    "MSE": 1125.7332571743434,
    "MAPE": 0.3196685332003779,
    "ACMAPE": 1.6006937130564929
}