{
    "DOWN": {
        "precision": 0.7858727810650887,
        "recall": 0.6480634339737725,
        "f1-score": 0.7103459802774528,
        "support": 3279.0
    },
    "UP": {
        "precision": 0.3401943967981704,
        "recall": 0.5068143100511073,
        "f1-score": 0.4071159767362299,
        "support": 1174.0
    },
    "accuracy": 0.6108241634852908,
    "macro avg": {
        "precision": 0.5630335889316296,
        "recall": 0.5774388720124399,
        "f1-score": 0.5587309785068413,
        "support": 4453.0
    },
    "weighted avg": {
        "precision": 0.6683730228954589,
        "recall": 0.6108241634852908,
        "f1-score": 0.6304016676438584,
        "support": 4453.0
    }
}