{
    "R2": 0.9521924445838065,
    "RMSE": 7.33619953915084,
    "MSE": 53.81982367823699,
    "MAPE": 0.03997980060242398,
    "ACMAPE": 1.1774994945029416
}