{
    "R2": 0.9939094875634948,
    "RMSE": 160.89703220328755,
    "MSE": 25887.854971825753,
    "MAPE": 0.03473161759985216,
    "ACMAPE": 1.2618880928381688
}