{
    "DOWN": {
        "precision": 0.9082217973231358,
        "recall": 0.14974779319041615,
        "f1-score": 0.25710419485791614,
        "support": 3172.0
    },
    "UP": {
        "precision": 0.08421052631578947,
        "recall": 0.8378378378378378,
        "f1-score": 0.15303918543659364,
        "support": 296.0
    },
    "accuracy": 0.20847750865051903,
    "macro avg": {
        "precision": 0.49621616181946265,
        "recall": 0.493792815514127,
        "f1-score": 0.2050716901472549,
        "support": 3468.0
    },
    "weighted avg": {
        "precision": 0.8378909621967879,
        "recall": 0.20847750865051903,
        "f1-score": 0.24822206025909505,
        "support": 3468.0
    }
}