{
    "R2": 0.9559425238040733,
    "RMSE": 36.68043932528913,
    "MSE": 1345.454629096217,
    "MAPE": 0.04913099703782342,
    "ACMAPE": 0.673554960171464
}