{
    "DOWN": {
        "precision": 0.7448979591836735,
        "recall": 0.4325925925925926,
        "f1-score": 0.5473289597000938,
        "support": 675.0
    },
    "UP": {
        "precision": 0.1953781512605042,
        "recall": 0.48186528497409326,
        "f1-score": 0.2780269058295964,
        "support": 193.0
    },
    "accuracy": 0.4435483870967742,
    "macro avg": {
        "precision": 0.47013805522208885,
        "recall": 0.4572289387833429,
        "f1-score": 0.4126779327648451,
        "support": 868.0
    },
    "weighted avg": {
        "precision": 0.6227121032744896,
        "recall": 0.4435483870967742,
        "f1-score": 0.48744958597082416,
        "support": 868.0
    }
}