{
    "R2": 0.9849930185385884,
    "RMSE": 12.237224464008834,
    "MSE": 149.7496625825363,
    "MAPE": 365580464418858.4,
    "ACMAPE": 365580464418858.75
}