{
    "DOWN": {
        "precision": 0.750788643533123,
        "recall": 0.35259259259259257,
        "f1-score": 0.4798387096774194,
        "support": 675.0
    },
    "UP": {
        "precision": 0.20689655172413793,
        "recall": 0.5906735751295337,
        "f1-score": 0.3064516129032258,
        "support": 193.0
    },
    "accuracy": 0.4055299539170507,
    "macro avg": {
        "precision": 0.47884259762863046,
        "recall": 0.4716330838610631,
        "f1-score": 0.3931451612903226,
        "support": 868.0
    },
    "weighted avg": {
        "precision": 0.6298541115986367,
        "recall": 0.4055299539170507,
        "f1-score": 0.44128604875873345,
        "support": 868.0
    }
}