{
    "DOWN": {
        "precision": 0.7618153364632237,
        "recall": 0.7340168878166465,
        "f1-score": 0.7476578098602364,
        "support": 3316.0
    },
    "UP": {
        "precision": 0.25380710659898476,
        "recall": 0.2827521206409048,
        "f1-score": 0.26749888542131073,
        "support": 1061.0
    },
    "accuracy": 0.6246287411469043,
    "macro avg": {
        "precision": 0.5078112215311043,
        "recall": 0.5083845042287757,
        "f1-score": 0.5075783476407736,
        "support": 4377.0
    },
    "weighted avg": {
        "precision": 0.6386723773848694,
        "recall": 0.6246287411469043,
        "f1-score": 0.6312656191292105,
        "support": 4377.0
    }
}