{
    "DOWN": {
        "precision": 0.7915451895043731,
        "recall": 0.3279975838115373,
        "f1-score": 0.46380525304292125,
        "support": 3311.0
    },
    "UP": {
        "precision": 0.25833333333333336,
        "recall": 0.7304429783223374,
        "f1-score": 0.3816793893129771,
        "support": 1061.0
    },
    "accuracy": 0.4256633119853614,
    "macro avg": {
        "precision": 0.5249392614188533,
        "recall": 0.5292202810669373,
        "f1-score": 0.4227423211779492,
        "support": 4372.0
    },
    "weighted avg": {
        "precision": 0.6621449654884826,
        "recall": 0.4256633119853614,
        "f1-score": 0.44387489132803776,
        "support": 4372.0
    }
}