{
    "DOWN": {
        "precision": 0.8087367178276269,
        "recall": 0.4126506024096386,
        "f1-score": 0.546469884323893,
        "support": 3320.0
    },
    "UP": {
        "precision": 0.27455357142857145,
        "recall": 0.6949152542372882,
        "f1-score": 0.3936,
        "support": 1062.0
    },
    "accuracy": 0.4810588772250114,
    "macro avg": {
        "precision": 0.5416451446280992,
        "recall": 0.5537829283234634,
        "f1-score": 0.4700349421619465,
        "support": 4382.0
    },
    "weighted avg": {
        "precision": 0.67927471383954,
        "recall": 0.4810588772250114,
        "f1-score": 0.5094210899030864,
        "support": 4382.0
    }
}