{
    "R2": 0.988069468905516,
    "RMSE": 28.495624862194045,
    "MSE": 812.0006362868914,
    "MAPE": 1495705378778786.8,
    "ACMAPE": 1495705378778787.8
}