{
    "DOWN": {
        "precision": 0.6470588235294118,
        "recall": 0.6191369606003753,
        "f1-score": 0.6327900287631831,
        "support": 533.0
    },
    "UP": {
        "precision": 0.42,
        "recall": 0.44954128440366975,
        "f1-score": 0.4342688330871492,
        "support": 327.0
    },
    "accuracy": 0.5546511627906977,
    "macro avg": {
        "precision": 0.5335294117647059,
        "recall": 0.5343391225020225,
        "f1-score": 0.5335294309251661,
        "support": 860.0
    },
    "weighted avg": {
        "precision": 0.5607236662106704,
        "recall": 0.5546511627906977,
        "f1-score": 0.5573058066863655,
        "support": 860.0
    }
}