{
    "R2": 0.9738730423437784,
    "RMSE": 24.010986820682987,
    "MSE": 576.5274881030122,
    "MAPE": 0.06413752741826358,
    "ACMAPE": 1.2478584576508218
}