{
    "R2": 0.978937077995916,
    "RMSE": 21.558815628856927,
    "MSE": 464.78253131904575,
    "MAPE": 0.03336832589766111,
    "ACMAPE": 0.9240660003162657
}