{
    "R2": 0.9909431834970113,
    "RMSE": 3.665492284063896,
    "MSE": 13.435833684531957,
    "MAPE": 0.023981399902003497,
    "ACMAPE": 0.27666957194501424
}