{
    "DOWN": {
        "precision": 0.9546961325966851,
        "recall": 0.8562933597621407,
        "f1-score": 0.90282131661442,
        "support": 1009.0
    },
    "UP": {
        "precision": 0.3127962085308057,
        "recall": 0.616822429906542,
        "f1-score": 0.4150943396226415,
        "support": 107.0
    },
    "accuracy": 0.8333333333333334,
    "macro avg": {
        "precision": 0.6337461705637454,
        "recall": 0.7365578948343414,
        "f1-score": 0.6589578281185308,
        "support": 1116.0
    },
    "weighted avg": {
        "precision": 0.8931519642498669,
        "recall": 0.8333333333333334,
        "f1-score": 0.8560589630856384,
        "support": 1116.0
    }
}