{
    "DOWN": {
        "precision": 0.7312775330396476,
        "recall": 0.27168576104746317,
        "f1-score": 0.3961813842482101,
        "support": 611.0
    },
    "UP": {
        "precision": 0.35319767441860467,
        "recall": 0.7993421052631579,
        "f1-score": 0.48991935483870974,
        "support": 304.0
    },
    "accuracy": 0.44699453551912566,
    "macro avg": {
        "precision": 0.5422376037291261,
        "recall": 0.5355139331553105,
        "f1-score": 0.4430503695434599,
        "support": 915.0
    },
    "weighted avg": {
        "precision": 0.6056641155305797,
        "recall": 0.44699453551912566,
        "f1-score": 0.42732492857554544,
        "support": 915.0
    }
}