{
    "R2": 0.8819630201158354,
    "RMSE": 64.72712438555953,
    "MSE": 4189.600631223695,
    "MAPE": 0.06524387751493467,
    "ACMAPE": 0.7490045612756184
}