{
    "R2": 0.9130031868529337,
    "RMSE": 55.568534147131906,
    "MSE": 3087.8619872609647,
    "MAPE": 0.05563947217973272,
    "ACMAPE": 0.7650411815814421
}