{
    "DOWN": {
        "precision": 0.6744457409568262,
        "recall": 0.932258064516129,
        "f1-score": 0.7826675693974272,
        "support": 620.0
    },
    "UP": {
        "precision": 0.4246575342465753,
        "recall": 0.1,
        "f1-score": 0.1618798955613577,
        "support": 310.0
    },
    "accuracy": 0.6548387096774193,
    "macro avg": {
        "precision": 0.5495516376017008,
        "recall": 0.5161290322580645,
        "f1-score": 0.47227373247939247,
        "support": 930.0
    },
    "weighted avg": {
        "precision": 0.5911830053867425,
        "recall": 0.6548387096774193,
        "f1-score": 0.5757383447854041,
        "support": 930.0
    }
}