{
    "DOWN": {
        "precision": 0.6872037914691943,
        "recall": 0.9354838709677419,
        "f1-score": 0.7923497267759563,
        "support": 155.0
    },
    "UP": {
        "precision": 0.5652173913043478,
        "recall": 0.16455696202531644,
        "f1-score": 0.2549019607843137,
        "support": 79.0
    },
    "accuracy": 0.6752136752136753,
    "macro avg": {
        "precision": 0.626210591386771,
        "recall": 0.5500204164965292,
        "f1-score": 0.523625843780135,
        "support": 234.0
    },
    "weighted avg": {
        "precision": 0.6460203486784982,
        "recall": 0.6752136752136753,
        "f1-score": 0.6109036861206582,
        "support": 234.0
    }
}