{
<<<<<<< HEAD
    "R2": 0.9860296010208047,
    "RMSE": 10.743432281314663,
    "MSE": 115.42133718319397,
    "MAPE": 0.01627278862384792,
    "ACMAPE": 1.1222837175855966
=======
    "R2": 0.9850510297562516,
    "RMSE": 11.113331900535558,
    "MSE": 123.50614593146126,
    "MAPE": 0.017284571846850904,
    "ACMAPE": 1.1320386702075065
>>>>>>> d5f42532be6a9c18a5da3fb21b671ebbe5b6efbf
}