{
    "R2": 0.9860296010208047,
    "RMSE": 10.743432281314663,
    "MSE": 115.42133718319397,
    "MAPE": 0.01627278862384792,
    "ACMAPE": 1.1222837175855966
}