{
    "R2": 0.9516254731964578,
    "RMSE": 51.145911738013005,
    "MSE": 2615.9042875126165,
    "MAPE": 0.25602506380359624,
    "ACMAPE": 1.212774736149599
}