{
    "DOWN": {
        "precision": 0.7209876543209877,
        "recall": 0.31947483588621445,
        "f1-score": 0.4427596664139499,
        "support": 914.0
    },
    "UP": {
        "precision": 0.15945945945945947,
        "recall": 0.5108225108225108,
        "f1-score": 0.24304840370751804,
        "support": 231.0
    },
    "accuracy": 0.35807860262008734,
    "macro avg": {
        "precision": 0.4402235568902236,
        "recall": 0.4151486733543627,
        "f1-score": 0.34290403506073397,
        "support": 1145.0
    },
    "weighted avg": {
        "precision": 0.6077011800738147,
        "recall": 0.35807860262008734,
        "f1-score": 0.40246857323911517,
        "support": 1145.0
    }
}