{
    "R2": 0.94957145186901,
    "RMSE": 58.45147863866959,
    "MSE": 3416.5753550468476,
    "MAPE": 0.08128130053246901,
    "ACMAPE": 0.9233865636903638
}