{
    "R2": 0.9044508042314909,
    "RMSE": 24.520986360314115,
    "MSE": 601.2787720827108,
    "MAPE": 0.0232498769095745,
    "ACMAPE": 0.8169006705603682
}