{
    "R2": -11.195826804098624,
    "RMSE": 277.032066663579,
    "MSE": 76746.76595989367,
    "MAPE": 0.33538010282849506,
    "ACMAPE": 1.5417293091777016
}