{
    "R2": 0.980828702792462,
    "RMSE": 34.465774914627715,
    "MSE": 1187.8896404657812,
    "MAPE": 0.03656545642773936,
    "ACMAPE": 0.7201097602252078
}