{
    "R2": 0.9549323375489874,
    "RMSE": 36.63110169616747,
    "MSE": 1341.8376114749635,
    "MAPE": 0.03622903918562051,
    "ACMAPE": 0.5846826474330432
}