{
    "R2": 0.9576733272278342,
    "RMSE": 37.919382425046805,
    "MSE": 1437.8795634969483,
    "MAPE": 0.04006189883732204,
    "ACMAPE": 1.0155721029189546
}