{
    "DOWN": {
        "precision": 0.7181818181818181,
        "recall": 0.9080459770114943,
        "f1-score": 0.8020304568527918,
        "support": 87.0
    },
    "UP": {
        "precision": 0.38461538461538464,
        "recall": 0.1388888888888889,
        "f1-score": 0.20408163265306123,
        "support": 36.0
    },
    "accuracy": 0.6829268292682927,
    "macro avg": {
        "precision": 0.5513986013986014,
        "recall": 0.5234674329501916,
        "f1-score": 0.5030560447529265,
        "support": 123.0
    },
    "weighted avg": {
        "precision": 0.6205526181135936,
        "recall": 0.6829268292682927,
        "f1-score": 0.6270210448918951,
        "support": 123.0
    }
}