{
    "R2": 0.9469425197957043,
    "RMSE": 39.14731422914496,
    "MSE": 1532.5122113554153,
    "MAPE": 0.6197480610834468,
    "ACMAPE": 1.9813594354910298
}