{
    "DOWN": {
        "precision": 0.6620370370370371,
        "recall": 0.1869281045751634,
        "f1-score": 0.291539245667686,
        "support": 765.0
    },
    "UP": {
        "precision": 0.25952380952380955,
        "recall": 0.7491408934707904,
        "f1-score": 0.38549955791335105,
        "support": 291.0
    },
    "accuracy": 0.3418560606060606,
    "macro avg": {
        "precision": 0.46078042328042335,
        "recall": 0.4680344990229769,
        "f1-score": 0.33851940179051854,
        "support": 1056.0
    },
    "weighted avg": {
        "precision": 0.5511171987734489,
        "recall": 0.3418560606060606,
        "f1-score": 0.31743171807629256,
        "support": 1056.0
    }
}