{
    "R2": 0.9898606202158552,
    "RMSE": 17.14076302587862,
    "MSE": 293.8057571093276,
    "MAPE": 0.05024966805494675,
    "ACMAPE": 1.4409749950466233
}