{
    "DOWN": {
        "precision": 0.7972972972972973,
        "recall": 0.06706450696220517,
        "f1-score": 0.1237221494102228,
        "support": 3519.0
    },
    "UP": {
        "precision": 0.1622862975248788,
        "recall": 0.9137931034482759,
        "f1-score": 0.27562296858071506,
        "support": 696.0
    },
    "accuracy": 0.20688018979833928,
    "macro avg": {
        "precision": 0.479791797411088,
        "recall": 0.49042880520524057,
        "f1-score": 0.19967255899546893,
        "support": 4215.0
    },
    "weighted avg": {
        "precision": 0.6924413884380795,
        "recall": 0.20688018979833928,
        "f1-score": 0.14880470460421155,
        "support": 4215.0
    }
}