{
    "R2": 0.9770388860647634,
    "RMSE": 25.739365809246266,
    "MSE": 662.5149522621957,
    "MAPE": 0.12397042496884937,
    "ACMAPE": 0.4624319634303877
}