{
    "R2": 0.4638788149429294,
    "RMSE": 54.51318657948085,
    "MSE": 2971.687511049291,
    "MAPE": 0.03613550608388504,
    "ACMAPE": 1.180351036987213
}