{
    "R2": 0.9173561722324264,
    "RMSE": 21.403031815817833,
    "MSE": 458.08977090891045,
    "MAPE": 0.010828471367680581,
    "ACMAPE": 0.6035384555198201
}