{
    "R2": 0.8507801342127929,
    "RMSE": 103.21357164320109,
    "MSE": 10653.041371346204,
    "MAPE": 0.12017485221263911,
    "ACMAPE": 1.2649640328013425
}