{
    "DOWN": {
        "precision": 0.6481481481481481,
        "recall": 0.06653992395437262,
        "f1-score": 0.12068965517241381,
        "support": 1578.0
    },
    "UP": {
        "precision": 0.3763759525825571,
        "recall": 0.9397463002114165,
        "f1-score": 0.5374848851269649,
        "support": 946.0
    },
    "accuracy": 0.3938193343898574,
    "macro avg": {
        "precision": 0.5122620503653527,
        "recall": 0.5031431120828945,
        "f1-score": 0.32908727014968936,
        "support": 2524.0
    },
    "weighted avg": {
        "precision": 0.5462874124092222,
        "recall": 0.3938193343898574,
        "f1-score": 0.27690529999690083,
        "support": 2524.0
    }
}