{
    "DOWN": {
        "precision": 0.6419491525423728,
        "recall": 0.1926255562619199,
        "f1-score": 0.2963325183374083,
        "support": 1573.0
    },
    "UP": {
        "precision": 0.3780607247796278,
        "recall": 0.820403825717322,
        "f1-score": 0.5175997318136104,
        "support": 941.0
    },
    "accuracy": 0.42760540970564836,
    "macro avg": {
        "precision": 0.5100049386610004,
        "recall": 0.506514690989621,
        "f1-score": 0.40696612507550933,
        "support": 2514.0
    },
    "weighted avg": {
        "precision": 0.5431746853487598,
        "recall": 0.42760540970564836,
        "f1-score": 0.3791536988788189,
        "support": 2514.0
    }
}