{
    "R2": 0.9696312607889713,
    "RMSE": 25.01173753274882,
    "MSE": 625.587014407116,
    "MAPE": 0.013522541260881085,
    "ACMAPE": 0.6919677709428598
}