{
    "R2": -1.647453089315369,
    "RMSE": 96.8843415516156,
    "MSE": 9386.57563789011,
    "MAPE": 0.07861426401414588,
    "ACMAPE": 1.2519475973474792
}