{
    "DOWN": {
        "precision": 0.6893203883495146,
        "recall": 0.7717391304347826,
        "f1-score": 0.7282051282051282,
        "support": 184.0
    },
    "UP": {
        "precision": 0.4878048780487805,
        "recall": 0.38461538461538464,
        "f1-score": 0.4301075268817205,
        "support": 104.0
    },
    "accuracy": 0.6319444444444444,
    "macro avg": {
        "precision": 0.5885626331991476,
        "recall": 0.5781772575250836,
        "f1-score": 0.5791563275434244,
        "support": 288.0
    },
    "weighted avg": {
        "precision": 0.6165508985186939,
        "recall": 0.6319444444444444,
        "f1-score": 0.6205587721716754,
        "support": 288.0
    }
}