{
    "DOWN": {
        "precision": 0.6360294117647058,
        "recall": 0.9057591623036649,
        "f1-score": 0.7473002159827213,
        "support": 191.0
    },
    "UP": {
        "precision": 0.3076923076923077,
        "recall": 0.07476635514018691,
        "f1-score": 0.12030075187969924,
        "support": 107.0
    },
    "accuracy": 0.6073825503355704,
    "macro avg": {
        "precision": 0.4718608597285068,
        "recall": 0.49026275872192593,
        "f1-score": 0.4338004839312103,
        "support": 298.0
    },
    "weighted avg": {
        "precision": 0.5181365589601871,
        "recall": 0.6073825503355704,
        "f1-score": 0.5221695359188845,
        "support": 298.0
    }
}