{
    "DOWN": {
        "precision": 0.7,
        "recall": 0.15555555555555556,
        "f1-score": 0.2545454545454545,
        "support": 45.0
    },
    "UP": {
        "precision": 0.4153846153846154,
        "recall": 0.9,
        "f1-score": 0.568421052631579,
        "support": 30.0
    },
    "accuracy": 0.4533333333333333,
    "macro avg": {
        "precision": 0.5576923076923077,
        "recall": 0.5277777777777778,
        "f1-score": 0.4114832535885168,
        "support": 75.0
    },
    "weighted avg": {
        "precision": 0.5861538461538461,
        "recall": 0.4533333333333333,
        "f1-score": 0.3800956937799043,
        "support": 75.0
    }
}