{
    "DOWN": {
        "precision": 0.625,
        "recall": 0.1111111111111111,
        "f1-score": 0.18867924528301885,
        "support": 45.0
    },
    "UP": {
        "precision": 0.40298507462686567,
        "recall": 0.9,
        "f1-score": 0.5567010309278351,
        "support": 30.0
    },
    "accuracy": 0.4266666666666667,
    "macro avg": {
        "precision": 0.5139925373134329,
        "recall": 0.5055555555555555,
        "f1-score": 0.37269013810542695,
        "support": 75.0
    },
    "weighted avg": {
        "precision": 0.5361940298507463,
        "recall": 0.4266666666666667,
        "f1-score": 0.33588795954094536,
        "support": 75.0
    }
}