{
    "DOWN": {
        "precision": 0.8326271186440678,
        "recall": 0.33762886597938147,
        "f1-score": 0.480440097799511,
        "support": 2328.0
    },
    "UP": {
        "precision": 0.32985658409387225,
        "recall": 0.8276990185387132,
        "f1-score": 0.4717215661901803,
        "support": 917.0
    },
    "accuracy": 0.4761171032357473,
    "macro avg": {
        "precision": 0.58124185136897,
        "recall": 0.5826639422590474,
        "f1-score": 0.47608083199484563,
        "support": 3245.0
    },
    "weighted avg": {
        "precision": 0.6905498982488353,
        "recall": 0.4761171032357473,
        "f1-score": 0.47797634017678176,
        "support": 3245.0
    }
}