{
    "DOWN": {
        "precision": 0.7135922330097088,
        "recall": 0.275797373358349,
        "f1-score": 0.3978349120433018,
        "support": 533.0
    },
    "UP": {
        "precision": 0.3640856672158155,
        "recall": 0.7892857142857143,
        "f1-score": 0.49830890642615555,
        "support": 280.0
    },
    "accuracy": 0.45264452644526443,
    "macro avg": {
        "precision": 0.5388389501127622,
        "recall": 0.5325415438220316,
        "f1-score": 0.44807190923472867,
        "support": 813.0
    },
    "weighted avg": {
        "precision": 0.5932209680376422,
        "recall": 0.45264452644526443,
        "f1-score": 0.43243850174465365,
        "support": 813.0
    }
}