{
    "DOWN": {
        "precision": 0.6858552631578947,
        "recall": 0.7823639774859287,
        "f1-score": 0.7309377738825591,
        "support": 533.0
    },
    "UP": {
        "precision": 0.43414634146341463,
        "recall": 0.31785714285714284,
        "f1-score": 0.3670103092783505,
        "support": 280.0
    },
    "accuracy": 0.6223862238622386,
    "macro avg": {
        "precision": 0.5600008023106546,
        "recall": 0.5501105601715357,
        "f1-score": 0.5489740415804548,
        "support": 813.0
    },
    "weighted avg": {
        "precision": 0.5991658436321204,
        "recall": 0.6223862238622386,
        "f1-score": 0.6055999016941477,
        "support": 813.0
    }
}