{
    "DOWN": {
        "precision": 0.7101449275362319,
        "recall": 0.27071823204419887,
        "f1-score": 0.39199999999999996,
        "support": 181.0
    },
    "UP": {
        "precision": 0.3972602739726027,
        "recall": 0.8130841121495327,
        "f1-score": 0.5337423312883436,
        "support": 107.0
    },
    "accuracy": 0.4722222222222222,
    "macro avg": {
        "precision": 0.5537026007544174,
        "recall": 0.5419011720968658,
        "f1-score": 0.46287116564417174,
        "support": 288.0
    },
    "weighted avg": {
        "precision": 0.5938995874969668,
        "recall": 0.4722222222222222,
        "f1-score": 0.4446612133605999,
        "support": 288.0
    }
}