{
    "DOWN": {
        "precision": 0.6714285714285714,
        "recall": 0.5,
        "f1-score": 0.5731707317073171,
        "support": 188.0
    },
    "UP": {
        "precision": 0.4050632911392405,
        "recall": 0.5818181818181818,
        "f1-score": 0.4776119402985075,
        "support": 110.0
    },
    "accuracy": 0.5302013422818792,
    "macro avg": {
        "precision": 0.538245931283906,
        "recall": 0.5409090909090909,
        "f1-score": 0.5253913360029123,
        "support": 298.0
    },
    "weighted avg": {
        "precision": 0.5731058169593553,
        "recall": 0.5302013422818792,
        "f1-score": 0.5378973523282263,
        "support": 298.0
    }
}