{
    "DOWN": {
        "precision": 1.0,
        "recall": 0.0196078431372549,
        "f1-score": 0.038461538461538464,
        "support": 51.0
    },
    "UP": {
        "precision": 0.32432432432432434,
        "recall": 1.0,
        "f1-score": 0.489795918367347,
        "support": 24.0
    },
    "accuracy": 0.3333333333333333,
    "macro avg": {
        "precision": 0.6621621621621622,
        "recall": 0.5098039215686274,
        "f1-score": 0.26412872841444274,
        "support": 75.0
    },
    "weighted avg": {
        "precision": 0.7837837837837838,
        "recall": 0.3333333333333333,
        "f1-score": 0.18288854003139718,
        "support": 75.0
    }
}