{
    "DOWN": {
        "precision": 0.6946107784431138,
        "recall": 0.6170212765957447,
        "f1-score": 0.6535211267605634,
        "support": 188.0
    },
    "UP": {
        "precision": 0.47058823529411764,
        "recall": 0.5565217391304348,
        "f1-score": 0.5099601593625498,
        "support": 115.0
    },
    "accuracy": 0.594059405940594,
    "macro avg": {
        "precision": 0.5825995068686157,
        "recall": 0.5867715078630897,
        "f1-score": 0.5817406430615566,
        "support": 303.0
    },
    "weighted avg": {
        "precision": 0.6095857208123067,
        "recall": 0.594059405940594,
        "f1-score": 0.599034290949436,
        "support": 303.0
    }
}