{
    "R2": 0.036341030411069286,
    "RMSE": 9.347645464364545,
    "MSE": 87.37847572745504,
    "MAPE": 0.04780792956542699,
    "ACMAPE": 0.8211412628987604
}