{
    "R2": -2.8407801074857373,
    "RMSE": 18.661659883226683,
    "MSE": 348.2575495972321,
    "MAPE": 0.11252783448602839,
    "ACMAPE": 1.4458611678193618
}