{
    "R2": -3.8085166037476963,
    "RMSE": 20.880750694106013,
    "MSE": 436.00574954940873,
    "MAPE": 0.12582882384123265,
    "ACMAPE": 1.459162157174566
}