{
    "R2": 0.9795032061423421,
    "RMSE": 12.975326257307415,
    "MSE": 168.35909148357126,
    "MAPE": 0.053846671319787084,
    "ACMAPE": 0.3023565291831524
}