{
    "DOWN": {
        "precision": 0.7882534775888718,
        "recall": 0.13340308658121894,
        "f1-score": 0.22818791946308725,
        "support": 3823.0
    },
    "UP": {
        "precision": 0.10580296896086369,
        "recall": 0.7410207939508506,
        "f1-score": 0.18516769012753895,
        "support": 529.0
    },
    "accuracy": 0.20726102941176472,
    "macro avg": {
        "precision": 0.44702822327486774,
        "recall": 0.43721194026603477,
        "f1-score": 0.2066778047953131,
        "support": 4352.0
    },
    "weighted avg": {
        "precision": 0.7052993601568368,
        "recall": 0.20726102941176472,
        "f1-score": 0.2229586682410043,
        "support": 4352.0
    }
}