{
    "DOWN": {
        "precision": 0.7301136363636364,
        "recall": 0.6945945945945946,
        "f1-score": 0.7119113573407201,
        "support": 740.0
    },
    "UP": {
        "precision": 0.4190231362467866,
        "recall": 0.46175637393767704,
        "f1-score": 0.4393530997304582,
        "support": 353.0
    },
    "accuracy": 0.6193961573650503,
    "macro avg": {
        "precision": 0.5745683863052115,
        "recall": 0.5781754842661359,
        "f1-score": 0.5756322285355892,
        "support": 1093.0
    },
    "weighted avg": {
        "precision": 0.6296425050358706,
        "recall": 0.6193961573650503,
        "f1-score": 0.6238847654501232,
        "support": 1093.0
    }
}