{
    "R2": 0.6172610746322511,
    "RMSE": 11.25402904918555,
    "MSE": 126.65316983991222,
    "MAPE": 0.03791301954540602,
    "ACMAPE": 0.7003100918235396
}