{
    "R2": 0.3290488578236107,
    "RMSE": 88.32615672256368,
    "MSE": 7801.509961378882,
    "MAPE": 0.14080165913645057,
    "ACMAPE": 1.1447699131047044
}