{
<<<<<<< HEAD
    "R2": 0.9930946192581068,
    "RMSE": 12.111803216513335,
    "MSE": 146.69577715554277,
    "MAPE": 0.028620662491099822,
    "ACMAPE": 0.9500027356007643
=======
    "R2": 0.9934900748841369,
    "RMSE": 11.759882647899314,
    "MSE": 138.2948398923634,
    "MAPE": 0.02564057569174673,
    "ACMAPE": 0.9249895992270497
>>>>>>> d5f42532be6a9c18a5da3fb21b671ebbe5b6efbf
}