{
    "R2": 0.9386198534342283,
    "RMSE": 36.213825526348415,
    "MSE": 1311.441159252804,
    "MAPE": 0.13598550991287356,
    "ACMAPE": 1.1394733026383344
}