{
    "R2": 0.959981994041802,
    "RMSE": 21.571066003253453,
    "MSE": 465.31088851671683,
    "MAPE": 0.044211945266042406,
    "ACMAPE": 1.2108786119327088
}