{
    "DOWN": {
        "precision": 0.6060606060606061,
        "recall": 0.12987012987012986,
        "f1-score": 0.21390374331550802,
        "support": 308.0
    },
    "UP": {
        "precision": 0.3881278538812785,
        "recall": 0.8673469387755102,
        "f1-score": 0.5362776025236593,
        "support": 196.0
    },
    "accuracy": 0.4166666666666667,
    "macro avg": {
        "precision": 0.4970942299709423,
        "recall": 0.49860853432282004,
        "f1-score": 0.37509067291958365,
        "support": 504.0
    },
    "weighted avg": {
        "precision": 0.5213089802130899,
        "recall": 0.4166666666666667,
        "f1-score": 0.3392713552297891,
        "support": 504.0
    }
}