{
    "DOWN": {
        "precision": 0.6029776674937966,
        "recall": 0.788961038961039,
        "f1-score": 0.6835443037974683,
        "support": 308.0
    },
    "UP": {
        "precision": 0.3564356435643564,
        "recall": 0.1836734693877551,
        "f1-score": 0.24242424242424246,
        "support": 196.0
    },
    "accuracy": 0.5535714285714286,
    "macro avg": {
        "precision": 0.4797066555290765,
        "recall": 0.48631725417439703,
        "f1-score": 0.4629842731108554,
        "support": 504.0
    },
    "weighted avg": {
        "precision": 0.5071002137434587,
        "recall": 0.5535714285714286,
        "f1-score": 0.5119976132634361,
        "support": 504.0
    }
}