{
    "DOWN": {
<<<<<<< HEAD
        "precision": 0.6305970149253731,
        "recall": 0.5633333333333334,
        "f1-score": 0.5950704225352113,
        "support": 1200.0
    },
    "UP": {
        "precision": 0.4335135135135135,
        "recall": 0.5031367628607277,
        "f1-score": 0.4657375145180023,
        "support": 797.0
    },
    "accuracy": 0.5393089634451678,
    "macro avg": {
        "precision": 0.5320552642194434,
        "recall": 0.5332350480970305,
        "f1-score": 0.5304039685266068,
        "support": 1997.0
    },
    "weighted avg": {
        "precision": 0.5519412559743204,
        "recall": 0.5393089634451678,
        "f1-score": 0.5434538338072615,
=======
        "precision": 0.6241776315789473,
        "recall": 0.6325,
        "f1-score": 0.6283112582781457,
        "support": 1200.0
    },
    "UP": {
        "precision": 0.4353393085787452,
        "recall": 0.42659974905897113,
        "f1-score": 0.43092522179974646,
        "support": 797.0
    },
    "accuracy": 0.5503254882323485,
    "macro avg": {
        "precision": 0.5297584700788462,
        "recall": 0.5295498745294855,
        "f1-score": 0.5296182400389461,
        "support": 1997.0
    },
    "weighted avg": {
        "precision": 0.5488125121842747,
        "recall": 0.5503254882323485,
        "f1-score": 0.549534757991073,
>>>>>>> d5f42532be6a9c18a5da3fb21b671ebbe5b6efbf
        "support": 1997.0
    }
}