{
    "DOWN": {
        "precision": 0.6106094808126411,
        "recall": 0.44970906068162925,
        "f1-score": 0.517951172809957,
        "support": 1203.0
    },
    "UP": {
        "precision": 0.4094558429973238,
        "recall": 0.5708955223880597,
        "f1-score": 0.4768831168831169,
        "support": 804.0
    },
    "accuracy": 0.4982561036372696,
    "macro avg": {
        "precision": 0.5100326619049824,
        "recall": 0.5103022915348445,
        "f1-score": 0.49741714484653693,
        "support": 2007.0
    },
    "weighted avg": {
        "precision": 0.5300277544531418,
        "recall": 0.4982561036372696,
        "f1-score": 0.5014993955477849,
        "support": 2007.0
    }
}