{
    "R2": 0.9811609972400397,
    "RMSE": 43.25934805721273,
    "MSE": 1871.371194335075,
    "MAPE": 0.03800732027119943,
    "ACMAPE": 0.7731989579018614
}