{
    "R2": 0.9821973280821675,
    "RMSE": 42.10893064540954,
    "MSE": 1773.1620400999104,
    "MAPE": 0.03790778676360473,
    "ACMAPE": 0.7338656075017419
}