{
<<<<<<< HEAD
    "R2": 0.7252353830991338,
    "RMSE": 23.979544681538435,
    "MSE": 575.0185631338982,
    "MAPE": 0.038702369007582775,
    "ACMAPE": 1.0731851276282722
=======
    "R2": 0.7239496237256673,
    "RMSE": 24.035585265273898,
    "MSE": 577.7093590442518,
    "MAPE": 0.038954563649668365,
    "ACMAPE": 1.0596442188220823
>>>>>>> d5f42532be6a9c18a5da3fb21b671ebbe5b6efbf
}