{
    "R2": 0.7252353830991338,
    "RMSE": 23.979544681538435,
    "MSE": 575.0185631338982,
    "MAPE": 0.038702369007582775,
    "ACMAPE": 1.0731851276282722
}