{
    "R2": 0.8368795863844881,
    "RMSE": 18.476286455655053,
    "MSE": 341.37316119142235,
    "MAPE": 0.02777879234903247,
    "ACMAPE": 1.0208822406248945
}