{
    "R2": 0.9867428494086377,
    "RMSE": 57.170762111949415,
    "MSE": 3268.4960404611106,
    "MAPE": 0.045497254167692854,
    "ACMAPE": 1.210433817028131
}