{
    "DOWN": {
        "precision": 0.9123711340206185,
        "recall": 0.2661654135338346,
        "f1-score": 0.4121071012805588,
        "support": 665.0
    },
    "UP": {
        "precision": 0.274888558692422,
        "recall": 0.9158415841584159,
        "f1-score": 0.4228571428571429,
        "support": 202.0
    },
    "accuracy": 0.41753171856978083,
    "macro avg": {
        "precision": 0.5936298463565203,
        "recall": 0.5910034988461252,
        "f1-score": 0.4174821220688508,
        "support": 867.0
    },
    "weighted avg": {
        "precision": 0.7638457819833686,
        "recall": 0.41753171856978083,
        "f1-score": 0.4146117245775253,
        "support": 867.0
    }
}