{
    "R2": 0.9648234294127666,
    "RMSE": 93.18318507182383,
    "MSE": 8683.10598012977,
    "MAPE": 0.08652352512442658,
    "ACMAPE": 1.2701969945121816
}