{
    "DOWN": {
        "precision": 0.9109947643979057,
        "recall": 0.26165413533834586,
        "f1-score": 0.4065420560747663,
        "support": 665.0
    },
    "UP": {
        "precision": 0.27366863905325445,
        "recall": 0.9158415841584159,
        "f1-score": 0.42141230068337127,
        "support": 202.0
    },
    "accuracy": 0.4140715109573241,
    "macro avg": {
        "precision": 0.59233170172558,
        "recall": 0.5887478597483808,
        "f1-score": 0.4139771783790688,
        "support": 867.0
    },
    "weighted avg": {
        "precision": 0.7625058632218739,
        "recall": 0.4140715109573241,
        "f1-score": 0.4100066344034147,
        "support": 867.0
    }
}