{
    "R2": 0.7678912489377618,
    "RMSE": 10.744759166638303,
    "MSE": 115.44984954905783,
    "MAPE": 0.09483823339295,
    "ACMAPE": 1.0072806297063142
}