{
<<<<<<< HEAD
    "R2": 0.8948753056317286,
    "RMSE": 7.231082248761818,
    "MSE": 52.28855048835827,
    "MAPE": 0.050536568574017844,
    "ACMAPE": 1.3132093796339257
=======
    "R2": 0.897546021504405,
    "RMSE": 7.138637714369006,
    "MSE": 50.960148417011546,
    "MAPE": 0.04910692873913176,
    "ACMAPE": 1.3117797397990396
>>>>>>> d5f42532be6a9c18a5da3fb21b671ebbe5b6efbf
}