{
    "DOWN": {
        "precision": 0.6666666666666666,
        "recall": 0.22580645161290322,
        "f1-score": 0.3373493975903614,
        "support": 186.0
    },
    "UP": {
        "precision": 0.3739130434782609,
        "recall": 0.8037383177570093,
        "f1-score": 0.510385756676558,
        "support": 107.0
    },
    "accuracy": 0.43686006825938567,
    "macro avg": {
        "precision": 0.5202898550724637,
        "recall": 0.5147723846849562,
        "f1-score": 0.4238675771334597,
        "support": 293.0
    },
    "weighted avg": {
        "precision": 0.5597566404511055,
        "recall": 0.43686006825938567,
        "f1-score": 0.400540149884638,
        "support": 293.0
    }
}