{
    "R2": 0.9144249494822891,
    "RMSE": 5.613886676139662,
    "MSE": 31.515723612538427,
    "MAPE": 0.02227398044942515,
    "ACMAPE": 0.8489406471160919
}