{
    "R2": 0.5032862002057301,
    "RMSE": 13.525183698230299,
    "MSE": 182.93059407087463,
    "MAPE": 0.06769784690318982,
    "ACMAPE": 1.4010311802365234
}