{
    "R2": 0.9372329653579137,
    "RMSE": 26.768480400401767,
    "MSE": 716.5515429466936,
    "MAPE": 0.07331457474381711,
    "ACMAPE": 0.9849753521289761
}