{
    "DOWN": {
        "precision": 0.0,
        "recall": 0.0,
        "f1-score": 0.0,
        "support": 50.0
    },
    "UP": {
        "precision": 0.3333333333333333,
        "recall": 1.0,
        "f1-score": 0.5,
        "support": 25.0
    },
    "accuracy": 0.3333333333333333,
    "macro avg": {
        "precision": 0.16666666666666666,
        "recall": 0.5,
        "f1-score": 0.25,
        "support": 75.0
    },
    "weighted avg": {
        "precision": 0.11111111111111109,
        "recall": 0.3333333333333333,
        "f1-score": 0.16666666666666666,
        "support": 75.0
    }
}