{
    "R2": -0.09820494889183884,
    "RMSE": 20.110911631876906,
    "MSE": 404.4487666651619,
    "MAPE": 0.10762584801219377,
    "ACMAPE": 1.4409591813455274
}