{
    "DOWN": {
        "precision": 0.7103004291845494,
        "recall": 0.18414464534075103,
        "f1-score": 0.29246741771592666,
        "support": 3595.0
    },
    "UP": {
        "precision": 0.08486739469578783,
        "recall": 0.5018450184501845,
        "f1-score": 0.14518281291700025,
        "support": 542.0
    },
    "accuracy": 0.22576746434614456,
    "macro avg": {
        "precision": 0.3975839119401686,
        "recall": 0.34299483189546776,
        "f1-score": 0.21882511531646345,
        "support": 4137.0
    },
    "weighted avg": {
        "precision": 0.6283606891089127,
        "recall": 0.22576746434614456,
        "f1-score": 0.27317124759240285,
        "support": 4137.0
    }
}