{
    "R2": 0.9871860751217946,
    "RMSE": 269.15022149589345,
    "MSE": 72441.8417312885,
    "MAPE": 0.25341211349872805,
    "ACMAPE": 1.8018771848064388
}