{
    "DOWN": {
        "precision": 0.6059865607819181,
        "recall": 0.3516483516483517,
        "f1-score": 0.44504262000897266,
        "support": 2821.0
    },
    "UP": {
        "precision": 0.2619047619047619,
        "recall": 0.5015455950540958,
        "f1-score": 0.3441145281018027,
        "support": 1294.0
    },
    "accuracy": 0.3987849331713244,
    "macro avg": {
        "precision": 0.43394566134334,
        "recall": 0.4265969733512237,
        "f1-score": 0.39457857405538765,
        "support": 4115.0
    },
    "weighted avg": {
        "precision": 0.497786840794788,
        "recall": 0.3987849331713244,
        "f1-score": 0.41330484335578244,
        "support": 4115.0
    }
}