{
    "R2": 0.993236811345097,
    "RMSE": 18.26496683147513,
    "MSE": 333.6090133548867,
    "MAPE": 0.7681620109221621,
    "ACMAPE": 2.1228286775888288
}