{
    "R2": 0.8964110362620531,
    "RMSE": 23.650616696717336,
    "MSE": 559.3516701350447,
    "MAPE": 0.06993623273307717,
    "ACMAPE": 1.2474338079028153
}