{
    "R2": -6.884181004052849,
    "RMSE": 206.33077925123652,
    "MSE": 42572.3904664225,
    "MAPE": 0.661377905265202,
    "ACMAPE": 1.5692343553136987
}