{
    "DOWN": {
        "precision": 0.6363636363636364,
        "recall": 0.07714184145040881,
        "f1-score": 0.1376030437539632,
        "support": 2813.0
    },
    "UP": {
        "precision": 0.310308182784272,
        "recall": 0.9040247678018576,
        "f1-score": 0.4620253164556962,
        "support": 1292.0
    },
    "accuracy": 0.3373934226552984,
    "macro avg": {
        "precision": 0.4733359095739542,
        "recall": 0.4905833046261332,
        "f1-score": 0.29981418010482974,
        "support": 4105.0
    },
    "weighted avg": {
        "precision": 0.5337415545062578,
        "recall": 0.3373934226552984,
        "f1-score": 0.23971110132537346,
        "support": 4105.0
    }
}