{
    "R2": 0.07833359445944776,
    "RMSE": 5.69791647315133,
    "MSE": 32.46625213500929,
    "MAPE": 0.01764405751150733,
    "ACMAPE": 1.3079666381566686
}