{
    "R2": 0.9661795266731773,
    "RMSE": 10.724416206180448,
    "MSE": 115.01310296338586,
    "MAPE": 0.026399815858091546,
    "ACMAPE": 1.0595948366049794
}