{
    "R2": 0.06668063500550625,
    "RMSE": 5.73382373495646,
    "MSE": 32.87673462355005,
    "MAPE": 0.016691675078678737,
    "ACMAPE": 1.3231432879819045
}