{
    "DOWN": {
        "precision": 0.7301136363636364,
        "recall": 0.7981366459627329,
        "f1-score": 0.7626112759643916,
        "support": 322.0
    },
    "UP": {
        "precision": 0.48,
        "recall": 0.3870967741935484,
        "f1-score": 0.42857142857142855,
        "support": 155.0
    },
    "accuracy": 0.6645702306079665,
    "macro avg": {
        "precision": 0.6050568181818181,
        "recall": 0.5926167100781407,
        "f1-score": 0.59559135226791,
        "support": 477.0
    },
    "weighted avg": {
        "precision": 0.6488398132266057,
        "recall": 0.6645702306079665,
        "f1-score": 0.6540658328912065,
        "support": 477.0
    }
}