{
    "DOWN": {
        "precision": 0.7142857142857143,
        "recall": 0.11494252873563218,
        "f1-score": 0.19801980198019803,
        "support": 87.0
    },
    "UP": {
        "precision": 0.3,
        "recall": 0.8918918918918919,
        "f1-score": 0.44897959183673464,
        "support": 37.0
    },
    "accuracy": 0.3467741935483871,
    "macro avg": {
        "precision": 0.5071428571428571,
        "recall": 0.5034172103137621,
        "f1-score": 0.32349969690846636,
        "support": 124.0
    },
    "weighted avg": {
        "precision": 0.590668202764977,
        "recall": 0.3467741935483871,
        "f1-score": 0.2729029650825517,
        "support": 124.0
    }
}