{
    "DOWN": {
        "precision": 0.6979166666666666,
        "recall": 0.4123076923076923,
        "f1-score": 0.518375241779497,
        "support": 325.0
    },
    "UP": {
        "precision": 0.3413793103448276,
        "recall": 0.6305732484076433,
        "f1-score": 0.44295302013422816,
        "support": 157.0
    },
    "accuracy": 0.483402489626556,
    "macro avg": {
        "precision": 0.5196479885057471,
        "recall": 0.5214404703576678,
        "f1-score": 0.48066413095686256,
        "support": 482.0
    },
    "weighted avg": {
        "precision": 0.5817831294415032,
        "recall": 0.483402489626556,
        "f1-score": 0.4938082525713907,
        "support": 482.0
    }
}