{
    "DOWN": {
        "precision": 0.7948717948717948,
        "recall": 0.3563218390804598,
        "f1-score": 0.49206349206349204,
        "support": 87.0
    },
    "UP": {
        "precision": 0.3411764705882353,
        "recall": 0.7837837837837838,
        "f1-score": 0.4754098360655737,
        "support": 37.0
    },
    "accuracy": 0.4838709677419355,
    "macro avg": {
        "precision": 0.5680241327300151,
        "recall": 0.5700528114321217,
        "f1-score": 0.48373666406453286,
        "support": 124.0
    },
    "weighted avg": {
        "precision": 0.6594949642387972,
        "recall": 0.4838709677419355,
        "f1-score": 0.4870942559995971,
        "support": 124.0
    }
}