{
    "R2": 0.9640198711555883,
    "RMSE": 11.103645478611806,
    "MSE": 123.2909429146964,
    "MAPE": 0.023991849689247835,
    "ACMAPE": 0.6948513884733148
}