{
    "R2": 0.9919309679813972,
    "RMSE": 515.1065581176257,
    "MSE": 265334.7662157869,
    "MAPE": 0.05110050481674777,
    "ACMAPE": 0.08892669586295321
}