{
    "R2": 0.9938322673998421,
    "RMSE": 450.1045453637319,
    "MSE": 202594.1017570918,
    "MAPE": 0.022216786094885983,
    "ACMAPE": 1.895506922883943
}