{
    "R2": 0.9819639988274383,
    "RMSE": 1616.0224732400704,
    "MSE": 2611528.634016954,
    "MAPE": 0.01932124931377217,
    "ACMAPE": 1.86798025314519
}