{
    "DOWN": {
        "precision": 0.8100208768267223,
        "recall": 0.838012958963283,
        "f1-score": 0.8237791932059448,
        "support": 463.0
    },
    "UP": {
        "precision": 0.25742574257425743,
        "recall": 0.2222222222222222,
        "f1-score": 0.2385321100917431,
        "support": 117.0
    },
    "accuracy": 0.7137931034482758,
    "macro avg": {
        "precision": 0.5337233097004899,
        "recall": 0.5301175905927527,
        "f1-score": 0.5311556516488439,
        "support": 580.0
    },
    "weighted avg": {
        "precision": 0.6985490997447595,
        "recall": 0.7137931034482758,
        "f1-score": 0.70572072988808,
        "support": 580.0
    }
}