{
    "R2": 0.9873753560774544,
    "RMSE": 16.949660390912786,
    "MSE": 287.29098736727775,
    "MAPE": 0.1398560511281801,
    "ACMAPE": 1.222065707500516
}