{
    "R2": 0.9911682770722908,
    "RMSE": 14.124324372084926,
    "MSE": 199.49653896787223,
    "MAPE": 0.05830214573070262,
    "ACMAPE": 1.1251413005388098
}