{
    "DOWN": {
        "precision": 0.6158730158730159,
        "recall": 0.11506524317912219,
        "f1-score": 0.19390304847576215,
        "support": 1686.0
    },
    "UP": {
        "precision": 0.25362681340670334,
        "recall": 0.8073248407643312,
        "f1-score": 0.38599162542824517,
        "support": 628.0
    },
    "accuracy": 0.30293863439930857,
    "macro avg": {
        "precision": 0.4347499146398596,
        "recall": 0.46119504197172667,
        "f1-score": 0.28994733695200364,
        "support": 2314.0
    },
    "weighted avg": {
        "precision": 0.5175624648147427,
        "recall": 0.30293863439930857,
        "f1-score": 0.24603426123555444,
        "support": 2314.0
    }
}