{
    "DOWN": {
<<<<<<< HEAD
        "precision": 0.6749399519615693,
        "recall": 0.5023837902264601,
        "f1-score": 0.5760163990433892,
        "support": 1678.0
    },
    "UP": {
        "precision": 0.20476190476190476,
        "recall": 0.3462157809983897,
        "f1-score": 0.2573309395571514,
        "support": 621.0
    },
    "accuracy": 0.4602000869943454,
    "macro avg": {
        "precision": 0.439850928361737,
        "recall": 0.4242997856124249,
        "f1-score": 0.4166736693002703,
        "support": 2299.0
    },
    "weighted avg": {
        "precision": 0.5479366603952397,
        "recall": 0.4602000869943454,
        "f1-score": 0.4899338978076547,
=======
        "precision": 0.6775777414075287,
        "recall": 0.4934445768772348,
        "f1-score": 0.5710344827586208,
        "support": 1678.0
    },
    "UP": {
        "precision": 0.2107706592386258,
        "recall": 0.36553945249597425,
        "f1-score": 0.26737338044758535,
        "support": 621.0
    },
    "accuracy": 0.4588951718138321,
    "macro avg": {
        "precision": 0.44417420032307725,
        "recall": 0.42949201468660453,
        "f1-score": 0.4192039316031031,
        "support": 2299.0
    },
    "weighted avg": {
        "precision": 0.5514850062936145,
        "recall": 0.4588951718138321,
        "f1-score": 0.4890103224562488,
>>>>>>> d5f42532be6a9c18a5da3fb21b671ebbe5b6efbf
        "support": 2299.0
    }
}