{
<<<<<<< HEAD
    "R2": 0.9841729798515872,
    "RMSE": 18.97802479535825,
    "MSE": 360.1654251332326,
    "MAPE": 0.1596871700577005,
    "ACMAPE": 1.2392869960690096
=======
    "R2": 0.9873753560774544,
    "RMSE": 16.949660390912786,
    "MSE": 287.29098736727775,
    "MAPE": 0.1398560511281801,
    "ACMAPE": 1.222065707500516
>>>>>>> d5f42532be6a9c18a5da3fb21b671ebbe5b6efbf
}