{
    "DOWN": {
        "precision": 0.8656957928802589,
        "recall": 0.3167554766133807,
        "f1-score": 0.46380580840918945,
        "support": 1689.0
    },
    "UP": {
        "precision": 0.32157554379776604,
        "recall": 0.8682539682539683,
        "f1-score": 0.4693264693264693,
        "support": 630.0
    },
    "accuracy": 0.4665804225959465,
    "macro avg": {
        "precision": 0.5936356683390125,
        "recall": 0.5925047224336745,
        "f1-score": 0.4665661388678294,
        "support": 2319.0
    },
    "weighted avg": {
        "precision": 0.7178752853675506,
        "recall": 0.4665804225959465,
        "f1-score": 0.46530559986149056,
        "support": 2319.0
    }
}