{
    "R2": -101.18879711813123,
    "RMSE": 195.97423916243736,
    "MSE": 38405.9024152962,
    "MAPE": 0.633366952593795,
    "ACMAPE": 1.2057807456972434
}