{
    "DOWN": {
        "precision": 0.7226890756302521,
        "recall": 0.3714902807775378,
        "f1-score": 0.49072753209700426,
        "support": 463.0
    },
    "UP": {
        "precision": 0.14912280701754385,
        "recall": 0.4358974358974359,
        "f1-score": 0.2222222222222222,
        "support": 117.0
    },
    "accuracy": 0.38448275862068965,
    "macro avg": {
        "precision": 0.435905941323898,
        "recall": 0.40369385833748683,
        "f1-score": 0.35647487715961323,
        "support": 580.0
    },
    "weighted avg": {
        "precision": 0.6069869145480332,
        "recall": 0.38448275862068965,
        "f1-score": 0.43656352993260855,
        "support": 580.0
    }
}