{
    "DOWN": {
        "precision": 0.7869379014989293,
        "recall": 0.46313799621928164,
        "f1-score": 0.5831019436731455,
        "support": 3174.0
    },
    "UP": {
        "precision": 0.24534986713906112,
        "recall": 0.5819327731092437,
        "f1-score": 0.3451713395638629,
        "support": 952.0
    },
    "accuracy": 0.49054774600096945,
    "macro avg": {
        "precision": 0.5161438843189952,
        "recall": 0.5225353846642626,
        "f1-score": 0.4641366416185042,
        "support": 4126.0
    },
    "weighted avg": {
        "precision": 0.6619762416078496,
        "recall": 0.49054774600096945,
        "f1-score": 0.5282037529043533,
        "support": 4126.0
    }
}