{
    "DOWN": {
        "precision": 0.6602357984994641,
        "recall": 0.9221556886227545,
        "f1-score": 0.7695190505933792,
        "support": 668.0
    },
    "UP": {
        "precision": 0.47474747474747475,
        "recall": 0.12912087912087913,
        "f1-score": 0.20302375809935205,
        "support": 364.0
    },
    "accuracy": 0.6424418604651163,
    "macro avg": {
        "precision": 0.5674916366234695,
        "recall": 0.5256382838718169,
        "f1-score": 0.4862714043463656,
        "support": 1032.0
    },
    "weighted avg": {
        "precision": 0.5948116222923671,
        "recall": 0.6424418604651163,
        "f1-score": 0.5697086954888968,
        "support": 1032.0
    }
}