{
    "R2": -0.6971494801980425,
    "RMSE": 58.21159441140637,
    "MSE": 3388.589723918077,
    "MAPE": 0.13666629938607625,
    "ACMAPE": 0.8498445939597196
}