{
    "DOWN": {
        "precision": 0.7639257294429708,
        "recall": 0.5179856115107914,
        "f1-score": 0.617363344051447,
        "support": 556.0
    },
    "UP": {
        "precision": 0.36792452830188677,
        "recall": 0.636734693877551,
        "f1-score": 0.4663677130044843,
        "support": 245.0
    },
    "accuracy": 0.5543071161048689,
    "macro avg": {
        "precision": 0.5659251288724287,
        "recall": 0.5773601526941712,
        "f1-score": 0.5418655285279657,
        "support": 801.0
    },
    "weighted avg": {
        "precision": 0.6428017665471335,
        "recall": 0.5543071161048689,
        "f1-score": 0.5711786628947605,
        "support": 801.0
    }
}