{
    "DOWN": {
        "precision": 0.6694124107633168,
        "recall": 0.5143459915611814,
        "f1-score": 0.5817227392030542,
        "support": 2370.0
    },
    "UP": {
        "precision": 0.16835260115606937,
        "recall": 0.27904191616766466,
        "f1-score": 0.210004506534475,
        "support": 835.0
    },
    "accuracy": 0.4530421216848674,
    "macro avg": {
        "precision": 0.4188825059596931,
        "recall": 0.3966939538644231,
        "f1-score": 0.3958636228687646,
        "support": 3205.0
    },
    "weighted avg": {
        "precision": 0.5388710875115066,
        "recall": 0.4530421216848674,
        "f1-score": 0.4848788314719267,
        "support": 3205.0
    }
}