{
    "R2": 0.9869510075672782,
    "RMSE": 41.18720558729107,
    "MSE": 1696.3859040897808,
    "MAPE": 0.17950090298783083,
    "ACMAPE": 1.1726259029878308
}