{
    "DOWN": {
        "precision": 0.7446808510638298,
        "recall": 0.06294964028776978,
        "f1-score": 0.11608623548922056,
        "support": 556.0
    },
    "UP": {
        "precision": 0.3090185676392573,
        "recall": 0.9510204081632653,
        "f1-score": 0.46646646646646645,
        "support": 245.0
    },
    "accuracy": 0.33458177278401996,
    "macro avg": {
        "precision": 0.5268497093515435,
        "recall": 0.5069850242255175,
        "f1-score": 0.2912763509778435,
        "support": 801.0
    },
    "weighted avg": {
        "precision": 0.6114258455219818,
        "recall": 0.33458177278401996,
        "f1-score": 0.22325621874693,
        "support": 801.0
    }
}