{
    "DOWN": {
        "precision": 0.782798833819242,
        "recall": 0.454122621564482,
        "f1-score": 0.5747926143965748,
        "support": 2365.0
    },
    "UP": {
        "precision": 0.2937636761487965,
        "recall": 0.6431137724550898,
        "f1-score": 0.40330454374765307,
        "support": 835.0
    },
    "accuracy": 0.5034375,
    "macro avg": {
        "precision": 0.5382812549840192,
        "recall": 0.5486181970097859,
        "f1-score": 0.48904857907211396,
        "support": 3200.0
    },
    "weighted avg": {
        "precision": 0.6551912223646101,
        "recall": 0.5034375,
        "f1-score": 0.5300449459616218,
        "support": 3200.0
    }
}