{
    "R2": 0.5030521849924054,
    "RMSE": 14.511570196968268,
    "MSE": 210.58566958153764,
    "MAPE": 0.09680508123444229,
    "ACMAPE": 1.5105981846827181
}