{
    "DOWN": {
        "precision": 0.36363636363636365,
        "recall": 0.10526315789473684,
        "f1-score": 0.16326530612244897,
        "support": 38.0
    },
    "UP": {
        "precision": 0.2765957446808511,
        "recall": 0.65,
        "f1-score": 0.3880597014925373,
        "support": 20.0
    },
    "accuracy": 0.29310344827586204,
    "macro avg": {
        "precision": 0.32011605415860733,
        "recall": 0.37763157894736843,
        "f1-score": 0.27566250380749313,
        "support": 58.0
    },
    "weighted avg": {
        "precision": 0.33362235709998,
        "recall": 0.29310344827586204,
        "f1-score": 0.24078061487075528,
        "support": 58.0
    }
}