{
    "DOWN": {
        "precision": 0.5,
        "recall": 0.2631578947368421,
        "f1-score": 0.3448275862068966,
        "support": 38.0
    },
    "UP": {
        "precision": 0.2631578947368421,
        "recall": 0.5,
        "f1-score": 0.3448275862068966,
        "support": 20.0
    },
    "accuracy": 0.3448275862068966,
    "macro avg": {
        "precision": 0.381578947368421,
        "recall": 0.381578947368421,
        "f1-score": 0.3448275862068966,
        "support": 58.0
    },
    "weighted avg": {
        "precision": 0.41833030852994557,
        "recall": 0.3448275862068966,
        "f1-score": 0.3448275862068966,
        "support": 58.0
    }
}