{
    "R2": 0.9534413217820878,
    "RMSE": 11.170806647013539,
    "MSE": 124.78692114496184,
    "MAPE": 0.04171334992774094,
    "ACMAPE": 0.9674775420674788
}