{
    "R2": 0.936522857256711,
    "RMSE": 13.180779951817213,
    "MSE": 173.7329601382266,
    "MAPE": 0.05012080807919153,
    "ACMAPE": 0.9608350937934773
}