{
    "R2": 0.12667342956296368,
    "RMSE": 19.237443221243108,
    "MSE": 370.0792216905524,
    "MAPE": 0.1315711354173752,
    "ACMAPE": 1.5108814802449615
}