{
    "R2": 0.9459831833765097,
    "RMSE": 12.219039259144454,
    "MSE": 149.30492041651343,
    "MAPE": 0.05211032638291863,
    "ACMAPE": 1.1936628377984437
}