{
    "DOWN": {
        "precision": 0.7894736842105263,
        "recall": 0.6382978723404256,
        "f1-score": 0.7058823529411764,
        "support": 141.0
    },
    "UP": {
        "precision": 0.49,
        "recall": 0.6712328767123288,
        "f1-score": 0.5664739884393063,
        "support": 73.0
    },
    "accuracy": 0.6495327102803738,
    "macro avg": {
        "precision": 0.6397368421052632,
        "recall": 0.6547653745263772,
        "f1-score": 0.6361781706902414,
        "support": 214.0
    },
    "weighted avg": {
        "precision": 0.687316773241515,
        "recall": 0.6495327102803738,
        "f1-score": 0.6583271631811927,
        "support": 214.0
    }
}