{
    "DOWN": {
        "precision": 0.5666666666666667,
        "recall": 0.1588785046728972,
        "f1-score": 0.2481751824817518,
        "support": 107.0
    },
    "UP": {
        "precision": 0.4155844155844156,
        "recall": 0.8311688311688312,
        "f1-score": 0.5541125541125542,
        "support": 77.0
    },
    "accuracy": 0.44021739130434784,
    "macro avg": {
        "precision": 0.49112554112554113,
        "recall": 0.4950236679208642,
        "f1-score": 0.401143868297153,
        "support": 184.0
    },
    "weighted avg": {
        "precision": 0.5034420289855072,
        "recall": 0.44021739130434784,
        "f1-score": 0.37620332169681586,
        "support": 184.0
    }
}