{
    "R2": -3.2219755874766145,
    "RMSE": 304.33409177737644,
    "MSE": 92619.23941796058,
    "MAPE": 0.1559524843115419,
    "ACMAPE": 0.9929090060506722
}