{
    "DOWN": {
        "precision": 0.6168674698795181,
        "recall": 0.5333333333333333,
        "f1-score": 0.5720670391061452,
        "support": 480.0
    },
    "UP": {
        "precision": 0.2607260726072607,
        "recall": 0.3319327731092437,
        "f1-score": 0.2920517560073937,
        "support": 238.0
    },
    "accuracy": 0.46657381615598886,
    "macro avg": {
        "precision": 0.43879677124338945,
        "recall": 0.43263305322128853,
        "f1-score": 0.4320593975567695,
        "support": 718.0
    },
    "weighted avg": {
        "precision": 0.4988150290009704,
        "recall": 0.46657381615598886,
        "f1-score": 0.4792486026472276,
        "support": 718.0
    }
}