{
    "R2": 0.9595161695510356,
    "RMSE": 143.46389808145156,
    "MSE": 20581.89005272512,
    "MAPE": 0.14452783774720668,
    "ACMAPE": 1.101757980313398
}