{
    "R2": 0.8449627669304373,
    "RMSE": 46.05870386175963,
    "MSE": 2121.404201425272,
    "MAPE": 0.05358490175702528,
    "ACMAPE": 0.7937423820719859
}