{
    "DOWN": {
        "precision": 0.5219512195121951,
        "recall": 0.3962962962962963,
        "f1-score": 0.45052631578947366,
        "support": 270.0
    },
    "UP": {
        "precision": 0.4584717607973422,
        "recall": 0.5847457627118644,
        "f1-score": 0.5139664804469274,
        "support": 236.0
    },
    "accuracy": 0.4841897233201581,
    "macro avg": {
        "precision": 0.49021149015476867,
        "recall": 0.4905210295040804,
        "f1-score": 0.4822463981182005,
        "support": 506.0
    },
    "weighted avg": {
        "precision": 0.4923441992420266,
        "recall": 0.4841897233201581,
        "f1-score": 0.48011500918702127,
        "support": 506.0
    }
}