{
    "DOWN": {
        "precision": 0.5264483627204031,
        "recall": 0.7827715355805244,
        "f1-score": 0.6295180722891566,
        "support": 267.0
    },
    "UP": {
        "precision": 0.4423076923076923,
        "recall": 0.19658119658119658,
        "f1-score": 0.27218934911242604,
        "support": 234.0
    },
    "accuracy": 0.5089820359281437,
    "macro avg": {
        "precision": 0.4843780275140477,
        "recall": 0.48967636608086046,
        "f1-score": 0.4508537107007913,
        "support": 501.0
    },
    "weighted avg": {
        "precision": 0.48714912743781963,
        "recall": 0.5089820359281437,
        "f1-score": 0.4626220219431387,
        "support": 501.0
    }
}