{
    "DOWN": {
        "precision": 0.6271523178807947,
        "recall": 0.47731854838709675,
        "f1-score": 0.5420721236405266,
        "support": 1984.0
    },
    "UP": {
        "precision": 0.344914718888187,
        "recall": 0.49233543733092877,
        "f1-score": 0.40564635958395245,
        "support": 1109.0
    },
    "accuracy": 0.4827028774652441,
    "macro avg": {
        "precision": 0.4860335183844908,
        "recall": 0.48482699285901276,
        "f1-score": 0.4738592416122395,
        "support": 3093.0
    },
    "weighted avg": {
        "precision": 0.5259555841973799,
        "recall": 0.4827028774652441,
        "f1-score": 0.4931564520146809,
        "support": 3093.0
    }
}