{
    "DOWN": {
        "precision": 0.6332378223495702,
        "recall": 0.44556451612903225,
        "f1-score": 0.523076923076923,
        "support": 1984.0
    },
    "UP": {
        "precision": 0.351797289334119,
        "recall": 0.5383228133453561,
        "f1-score": 0.42551674982181037,
        "support": 1109.0
    },
    "accuracy": 0.4788231490462334,
    "macro avg": {
        "precision": 0.4925175558418446,
        "recall": 0.4919436647371942,
        "f1-score": 0.4742968364493667,
        "support": 3093.0
    },
    "weighted avg": {
        "precision": 0.5323268779221096,
        "recall": 0.4788231490462334,
        "f1-score": 0.4880965699763993,
        "support": 3093.0
    }
}