{
    "DOWN": {
<<<<<<< HEAD
        "precision": 0.6271523178807947,
        "recall": 0.47731854838709675,
        "f1-score": 0.5420721236405266,
        "support": 1984.0
    },
    "UP": {
        "precision": 0.344914718888187,
        "recall": 0.49233543733092877,
        "f1-score": 0.40564635958395245,
        "support": 1109.0
    },
    "accuracy": 0.4827028774652441,
    "macro avg": {
        "precision": 0.4860335183844908,
        "recall": 0.48482699285901276,
        "f1-score": 0.4738592416122395,
        "support": 3093.0
    },
    "weighted avg": {
        "precision": 0.5259555841973799,
        "recall": 0.4827028774652441,
        "f1-score": 0.4931564520146809,
=======
        "precision": 0.6332378223495702,
        "recall": 0.44556451612903225,
        "f1-score": 0.523076923076923,
        "support": 1984.0
    },
    "UP": {
        "precision": 0.351797289334119,
        "recall": 0.5383228133453561,
        "f1-score": 0.42551674982181037,
        "support": 1109.0
    },
    "accuracy": 0.4788231490462334,
    "macro avg": {
        "precision": 0.4925175558418446,
        "recall": 0.4919436647371942,
        "f1-score": 0.4742968364493667,
        "support": 3093.0
    },
    "weighted avg": {
        "precision": 0.5323268779221096,
        "recall": 0.4788231490462334,
        "f1-score": 0.4880965699763993,
>>>>>>> d5f42532be6a9c18a5da3fb21b671ebbe5b6efbf
        "support": 3093.0
    }
}