{
    "R2": 0.9578693170543936,
    "RMSE": 54.476537409820715,
    "MSE": 2967.6931281635957,
    "MAPE": 0.02069151815024368,
    "ACMAPE": 1.0849588703353337
}