{
    "R2": 0.9880900551778025,
    "RMSE": 49.765739278182835,
    "MSE": 2476.62880590407,
    "MAPE": 0.08791543495111928,
    "ACMAPE": 0.6414992100144981
}