{
    "DOWN": {
        "precision": 0.7,
        "recall": 0.025485436893203883,
        "f1-score": 0.04918032786885246,
        "support": 824.0
    },
    "UP": {
        "precision": 0.2403027436140019,
        "recall": 0.9657794676806084,
        "f1-score": 0.38484848484848483,
        "support": 263.0
    },
    "accuracy": 0.2529898804047838,
    "macro avg": {
        "precision": 0.47015137180700095,
        "recall": 0.49563245228690617,
        "f1-score": 0.21701440635866864,
        "support": 1087.0
    },
    "weighted avg": {
        "precision": 0.5887761008008118,
        "recall": 0.2529898804047838,
        "f1-score": 0.13039534653089782,
        "support": 1087.0
    }
}