{
    "R2": 0.9959834593744125,
    "RMSE": 28.891488814500185,
    "MSE": 834.7181259183893,
    "MAPE": 0.04311257983747929,
    "ACMAPE": 1.2797608302978842
}