{
    "DOWN": {
        "precision": 0.7725872689938398,
        "recall": 0.9052631578947369,
        "f1-score": 0.833679545769284,
        "support": 3325.0
    },
    "UP": {
        "precision": 0.28893905191873587,
        "recall": 0.126232741617357,
        "f1-score": 0.1757035003431709,
        "support": 1014.0
    },
    "accuracy": 0.7232081124683106,
    "macro avg": {
        "precision": 0.5307631604562878,
        "recall": 0.515747949756047,
        "f1-score": 0.5046915230562274,
        "support": 4339.0
    },
    "weighted avg": {
        "precision": 0.6595613892717481,
        "recall": 0.7232081124683106,
        "f1-score": 0.6799142288616835,
        "support": 4339.0
    }
}