{
    "DOWN": {
        "precision": 0.6881937436932392,
        "recall": 0.7848101265822784,
        "f1-score": 0.7333333333333333,
        "support": 869.0
    },
    "UP": {
        "precision": 0.45161290322580644,
        "recall": 0.3326133909287257,
        "f1-score": 0.38308457711442784,
        "support": 463.0
    },
    "accuracy": 0.6276276276276276,
    "macro avg": {
        "precision": 0.5699033234595228,
        "recall": 0.558711758755502,
        "f1-score": 0.5582089552238806,
        "support": 1332.0
    },
    "weighted avg": {
        "precision": 0.605958811909139,
        "recall": 0.6276276276276276,
        "f1-score": 0.6115877071100951,
        "support": 1332.0
    }
}