{
    "DOWN": {
        "precision": 0.5572519083969466,
        "recall": 0.7891891891891892,
        "f1-score": 0.6532438478747205,
        "support": 185.0
    },
    "UP": {
        "precision": 0.4868421052631579,
        "recall": 0.24183006535947713,
        "f1-score": 0.3231441048034935,
        "support": 153.0
    },
    "accuracy": 0.5414201183431953,
    "macro avg": {
        "precision": 0.5220470068300522,
        "recall": 0.5155096272743331,
        "f1-score": 0.488193976339107,
        "support": 338.0
    },
    "weighted avg": {
        "precision": 0.525380015262421,
        "recall": 0.5414201183431953,
        "f1-score": 0.5038199996797568,
        "support": 338.0
    }
}