{
    "DOWN": {
        "precision": 0.7132352941176471,
        "recall": 0.4399092970521542,
        "f1-score": 0.544179523141655,
        "support": 882.0
    },
    "UP": {
        "precision": 0.3886138613861386,
        "recall": 0.6680851063829787,
        "f1-score": 0.4913928012519562,
        "support": 470.0
    },
    "accuracy": 0.5192307692307693,
    "macro avg": {
        "precision": 0.5509245777518929,
        "recall": 0.5539972017175665,
        "f1-score": 0.5177861621968056,
        "support": 1352.0
    },
    "weighted avg": {
        "precision": 0.6003861274136464,
        "recall": 0.5192307692307693,
        "f1-score": 0.5258291094669816,
        "support": 1352.0
    }
}