{
    "DOWN": {
<<<<<<< HEAD
        "precision": 0.6881937436932392,
        "recall": 0.7848101265822784,
        "f1-score": 0.7333333333333333,
        "support": 869.0
    },
    "UP": {
        "precision": 0.45161290322580644,
        "recall": 0.3326133909287257,
        "f1-score": 0.38308457711442784,
        "support": 463.0
    },
    "accuracy": 0.6276276276276276,
    "macro avg": {
        "precision": 0.5699033234595228,
        "recall": 0.558711758755502,
        "f1-score": 0.5582089552238806,
        "support": 1332.0
    },
    "weighted avg": {
        "precision": 0.605958811909139,
        "recall": 0.6276276276276276,
        "f1-score": 0.6115877071100951,
=======
        "precision": 0.688508064516129,
        "recall": 0.7859608745684695,
        "f1-score": 0.7340139709833424,
        "support": 869.0
    },
    "UP": {
        "precision": 0.45294117647058824,
        "recall": 0.3326133909287257,
        "f1-score": 0.3835616438356164,
        "support": 463.0
    },
    "accuracy": 0.6283783783783784,
    "macro avg": {
        "precision": 0.5707246204933586,
        "recall": 0.5592871327485976,
        "f1-score": 0.5587878074094794,
        "support": 1332.0
    },
    "weighted avg": {
        "precision": 0.6066255801579569,
        "recall": 0.6283783783783784,
        "f1-score": 0.6121975839943056,
>>>>>>> d5f42532be6a9c18a5da3fb21b671ebbe5b6efbf
        "support": 1332.0
    }
}