{
    "DOWN": {
        "precision": 0.5426356589147286,
        "recall": 0.7567567567567568,
        "f1-score": 0.6320541760722348,
        "support": 185.0
    },
    "UP": {
        "precision": 0.4375,
        "recall": 0.22875816993464052,
        "f1-score": 0.3004291845493562,
        "support": 153.0
    },
    "accuracy": 0.5177514792899408,
    "macro avg": {
        "precision": 0.4900678294573643,
        "recall": 0.49275746334569864,
        "f1-score": 0.4662416803107955,
        "support": 338.0
    },
    "weighted avg": {
        "precision": 0.4950446653823219,
        "recall": 0.5177514792899408,
        "f1-score": 0.48193990476158266,
        "support": 338.0
    }
}