{
    "R2": 0.9231287666932132,
    "RMSE": 48.85520240452253,
    "MSE": 2386.830801986864,
    "MAPE": 0.03188364113984961,
    "ACMAPE": 0.9608777239800864
}