{
    "R2": 0.9150240423279482,
    "RMSE": 51.36613943319003,
    "MSE": 2638.4802802699196,
    "MAPE": 0.03719926185312868,
    "ACMAPE": 0.9543590251667382
}