{
    "R2": 0.8919948861947473,
    "RMSE": 47.568835285365935,
    "MSE": 2262.7940904062752,
    "MAPE": 0.062104310293161775,
    "ACMAPE": 1.0486914936016565
}