{
    "R2": 0.9101964351396297,
    "RMSE": 52.80507707722953,
    "MSE": 2788.3761651321515,
    "MAPE": 0.038504583799315026,
    "ACMAPE": 0.9556643471129245
}