{
    "DOWN": {
        "precision": 0.8214285714285714,
        "recall": 0.6831683168316832,
        "f1-score": 0.745945945945946,
        "support": 101.0
    },
    "UP": {
        "precision": 0.6049382716049383,
        "recall": 0.765625,
        "f1-score": 0.6758620689655173,
        "support": 64.0
    },
    "accuracy": 0.7151515151515152,
    "macro avg": {
        "precision": 0.7131834215167548,
        "recall": 0.7243966584158417,
        "f1-score": 0.7109040074557316,
        "support": 165.0
    },
    "weighted avg": {
        "precision": 0.7374565763454652,
        "recall": 0.7151515151515152,
        "f1-score": 0.7187618966929312,
        "support": 165.0
    }
}