{
    "R2": 0.562889984989154,
    "RMSE": 11.47368753310452,
    "MSE": 131.6455056073181,
    "MAPE": 0.08597195817760195,
    "ACMAPE": 1.7381458712210802
}