{
    "DOWN": {
        "precision": 0.8571428571428571,
        "recall": 0.5309734513274337,
        "f1-score": 0.6557377049180328,
        "support": 113.0
    },
    "UP": {
        "precision": 0.5181818181818182,
        "recall": 0.8507462686567164,
        "f1-score": 0.6440677966101696,
        "support": 67.0
    },
    "accuracy": 0.65,
    "macro avg": {
        "precision": 0.6876623376623376,
        "recall": 0.690859859992075,
        "f1-score": 0.6499027507641012,
        "support": 180.0
    },
    "weighted avg": {
        "precision": 0.730974025974026,
        "recall": 0.65,
        "f1-score": 0.6513939057145504,
        "support": 180.0
    }
}