{
    "DOWN": {
        "precision": 0.6591760299625468,
        "recall": 0.624113475177305,
        "f1-score": 0.6411657559198543,
        "support": 282.0
    },
    "UP": {
        "precision": 0.44502617801047123,
        "recall": 0.48295454545454547,
        "f1-score": 0.46321525885558584,
        "support": 176.0
    },
    "accuracy": 0.5698689956331878,
    "macro avg": {
        "precision": 0.552101103986509,
        "recall": 0.5535340103159252,
        "f1-score": 0.55219050738772,
        "support": 458.0
    },
    "weighted avg": {
        "precision": 0.5768826370726663,
        "recall": 0.5698689956331878,
        "f1-score": 0.572783032157166,
        "support": 458.0
    }
}