{
    "R2": 0.9920846722597315,
    "RMSE": 15.437124808454824,
    "MSE": 238.3048223518114,
    "MAPE": 0.030472377578076117,
    "ACMAPE": 1.2018222398370295
}