{
    "DOWN": {
<<<<<<< HEAD
        "precision": 0.6761658031088082,
        "recall": 0.22062552831783602,
        "f1-score": 0.3326959847036329,
        "support": 1183.0
    },
    "UP": {
        "precision": 0.3547935619314206,
        "recall": 0.8022151898734177,
        "f1-score": 0.4919941775836973,
        "support": 632.0
    },
    "accuracy": 0.4231404958677686,
    "macro avg": {
        "precision": 0.5154796825201144,
        "recall": 0.5114203590956269,
        "f1-score": 0.4123450811436651,
        "support": 1815.0
    },
    "weighted avg": {
        "precision": 0.5642609786327152,
        "recall": 0.4231404958677686,
        "f1-score": 0.3881651075136608,
=======
        "precision": 0.6886792452830188,
        "recall": 0.18512256973795435,
        "f1-score": 0.2918054630246502,
        "support": 1183.0
    },
    "UP": {
        "precision": 0.3560454241816967,
        "recall": 0.8433544303797469,
        "f1-score": 0.5007045561296384,
        "support": 632.0
    },
    "accuracy": 0.4143250688705234,
    "macro avg": {
        "precision": 0.5223623347323578,
        "recall": 0.5142385000588506,
        "f1-score": 0.3962550095771443,
        "support": 1815.0
    },
    "weighted avg": {
        "precision": 0.5728530331970487,
        "recall": 0.4143250688705234,
        "f1-score": 0.3645460838744312,
>>>>>>> d5f42532be6a9c18a5da3fb21b671ebbe5b6efbf
        "support": 1815.0
    }
}