{
    "R2": 0.9290969633334238,
    "RMSE": 46.05074076040077,
    "MSE": 2120.670724581637,
    "MAPE": 0.13624022591034202,
    "ACMAPE": 1.3242183679868447
}