{
    "DOWN": {
        "precision": 0.6267605633802817,
        "recall": 0.2996632996632997,
        "f1-score": 0.4054669703872437,
        "support": 1188.0
    },
    "UP": {
        "precision": 0.33810660302307083,
        "recall": 0.6671899529042387,
        "f1-score": 0.4487856388595565,
        "support": 637.0
    },
    "accuracy": 0.42794520547945203,
    "macro avg": {
        "precision": 0.4824335832016763,
        "recall": 0.4834266262837692,
        "f1-score": 0.4271263046234001,
        "support": 1825.0
    },
    "weighted avg": {
        "precision": 0.5260084687240936,
        "recall": 0.42794520547945203,
        "f1-score": 0.42058696590333317,
        "support": 1825.0
    }
}