{
    "R2": -0.1957642939640989,
    "RMSE": 4690.4870602671845,
    "MSE": 22000668.862533897,
    "MAPE": 0.15211803803678606,
    "ACMAPE": 1.0123800467704105
}