{
    "R2": -0.18317524387694384,
    "RMSE": 4665.730920076128,
    "MSE": 21769045.018554438,
    "MAPE": 0.37257712457648084,
    "ACMAPE": 1.5952845481572668
}