{
    "DOWN": {
        "precision": 0.6344276841171251,
        "recall": 0.6255468066491688,
        "f1-score": 0.6299559471365639,
        "support": 1143.0
    },
    "UP": {
        "precision": 0.42162162162162165,
        "recall": 0.430939226519337,
        "f1-score": 0.42622950819672134,
        "support": 724.0
    },
    "accuracy": 0.5500803427959293,
    "macro avg": {
        "precision": 0.5280246528693734,
        "recall": 0.5282430165842529,
        "f1-score": 0.5280927276666426,
        "support": 1867.0
    },
    "weighted avg": {
        "precision": 0.551904069094766,
        "recall": 0.5500803427959293,
        "f1-score": 0.5509533002204171,
        "support": 1867.0
    }
}