{
<<<<<<< HEAD
    "R2": 0.9848309937103769,
    "RMSE": 53.31068878981124,
    "MSE": 2842.0295392441053,
    "MAPE": 0.04303373651823675,
    "ACMAPE": 0.9407305763682634
=======
    "R2": 0.9850759921106438,
    "RMSE": 52.87841915189192,
    "MSE": 2796.1272120031704,
    "MAPE": 0.043010148826243745,
    "ACMAPE": 0.9428494632343851
>>>>>>> d5f42532be6a9c18a5da3fb21b671ebbe5b6efbf
}