{
    "DOWN": {
        "precision": 0.6328125,
        "recall": 0.30798479087452474,
        "f1-score": 0.4143222506393862,
        "support": 263.0
    },
    "UP": {
        "precision": 0.47093023255813954,
        "recall": 0.7751196172248804,
        "f1-score": 0.5858951175406871,
        "support": 209.0
    },
    "accuracy": 0.5148305084745762,
    "macro avg": {
        "precision": 0.5518713662790697,
        "recall": 0.5415522040497026,
        "f1-score": 0.5001086840900366,
        "support": 472.0
    },
    "weighted avg": {
        "precision": 0.5611315807301932,
        "recall": 0.5148305084745762,
        "f1-score": 0.4902941345003436,
        "support": 472.0
    }
}