{
    "DOWN": {
        "precision": 0.6357927786499215,
        "recall": 0.3515625,
        "f1-score": 0.4527669088876467,
        "support": 1152.0
    },
    "UP": {
        "precision": 0.4024,
        "recall": 0.6843537414965987,
        "f1-score": 0.5068010075566751,
        "support": 735.0
    },
    "accuracy": 0.48118706942236356,
    "macro avg": {
        "precision": 0.5190963893249607,
        "recall": 0.5179581207482993,
        "f1-score": 0.4797839582221609,
        "support": 1887.0
    },
    "weighted avg": {
        "precision": 0.5448846216241174,
        "recall": 0.48118706942236356,
        "f1-score": 0.47381357689068637,
        "support": 1887.0
    }
}