{
    "R2": 0.8816785231236876,
    "RMSE": 39.37717643844518,
    "MSE": 1550.5620242644422,
    "MAPE": 0.026729703823975305,
    "ACMAPE": 0.8784246190782126
}