{
    "R2": 0.77646890021455,
    "RMSE": 54.12298714954409,
    "MSE": 2929.2977379897147,
    "MAPE": 0.036180049891488174,
    "ACMAPE": 1.0065190329423357
}