{
    "R2": 0.932697769874159,
    "RMSE": 29.698020882958502,
    "MSE": 881.9724443646394,
    "MAPE": 0.017608557896353967,
    "ACMAPE": 0.8777780494217776
}