{
    "DOWN": {
        "precision": 0.9291044776119403,
        "recall": 0.9822485207100592,
        "f1-score": 0.9549376797698945,
        "support": 1014.0
    },
    "UP": {
        "precision": 0.45454545454545453,
        "recall": 0.16483516483516483,
        "f1-score": 0.24193548387096775,
        "support": 91.0
    },
    "accuracy": 0.9149321266968325,
    "macro avg": {
        "precision": 0.6918249660786974,
        "recall": 0.573541842772612,
        "f1-score": 0.5984365818204311,
        "support": 1105.0
    },
    "weighted avg": {
        "precision": 0.8900231463005827,
        "recall": 0.9149321266968325,
        "f1-score": 0.8962198518723358,
        "support": 1105.0
    }
}