{
    "R2": 0.7690779737859357,
    "RMSE": 26.773646366646638,
    "MSE": 716.8281397662507,
    "MAPE": 0.11988684362342804,
    "ACMAPE": 0.29002259022976296
}