{
    "DOWN": {
        "precision": 0.5319148936170213,
        "recall": 0.02465483234714004,
        "f1-score": 0.0471253534401508,
        "support": 1014.0
    },
    "UP": {
        "precision": 0.06521739130434782,
        "recall": 0.7582417582417582,
        "f1-score": 0.12010443864229765,
        "support": 91.0
    },
    "accuracy": 0.08506787330316742,
    "macro avg": {
        "precision": 0.2985661424606845,
        "recall": 0.39144829529444913,
        "f1-score": 0.08361489604122423,
        "support": 1105.0
    },
    "weighted avg": {
        "precision": 0.4934809816618599,
        "recall": 0.08506787330316742,
        "f1-score": 0.05313539575091584,
        "support": 1105.0
    }
}