{
    "R2": 0.9800716691238984,
    "RMSE": 13.241514588514061,
    "MSE": 175.33770859783073,
    "MAPE": 0.03831449736651102,
    "ACMAPE": 0.6360520539275971
}