{
    "DOWN": {
        "precision": 0.7923076923076923,
        "recall": 0.028057749931898666,
        "f1-score": 0.05419626414101553,
        "support": 3671.0
    },
    "UP": {
        "precision": 0.16635514018691588,
        "recall": 0.9634641407307172,
        "f1-score": 0.28372185694361424,
        "support": 739.0
    },
    "accuracy": 0.18480725623582767,
    "macro avg": {
        "precision": 0.4793314162473041,
        "recall": 0.49576094533130793,
        "f1-score": 0.16895906054231488,
        "support": 4410.0
    },
    "weighted avg": {
        "precision": 0.68741450953734,
        "recall": 0.18480725623582767,
        "f1-score": 0.09265871608684784,
        "support": 4410.0
    }
}