{
    "DOWN": {
        "precision": 0.78099173553719,
        "recall": 0.3096668487165483,
        "f1-score": 0.443488463042628,
        "support": 3662.0
    },
    "UP": {
        "precision": 0.14246947082767977,
        "recall": 0.5691056910569106,
        "f1-score": 0.22788931090613126,
        "support": 738.0
    },
    "accuracy": 0.3531818181818182,
    "macro avg": {
        "precision": 0.4617306031824349,
        "recall": 0.43938626988672946,
        "f1-score": 0.33568888697437965,
        "support": 4400.0
    },
    "weighted avg": {
        "precision": 0.6738941375018221,
        "recall": 0.3531818181818182,
        "f1-score": 0.40732660525246106,
        "support": 4400.0
    }
}