{
    "DOWN": {
<<<<<<< HEAD
        "precision": 0.627151051625239,
        "recall": 0.9136490250696379,
        "f1-score": 0.7437641723356009,
        "support": 359.0
    },
    "UP": {
        "precision": 0.4918032786885246,
        "recall": 0.13333333333333333,
        "f1-score": 0.20979020979020982,
        "support": 225.0
    },
    "accuracy": 0.613013698630137,
    "macro avg": {
        "precision": 0.5594771651568817,
        "recall": 0.5234911792014856,
        "f1-score": 0.47677719106290534,
        "support": 584.0
    },
    "weighted avg": {
        "precision": 0.5750050774629775,
        "recall": 0.613013698630137,
        "f1-score": 0.5380379025193116,
=======
        "precision": 0.6294820717131474,
        "recall": 0.8802228412256268,
        "f1-score": 0.7340301974448316,
        "support": 359.0
    },
    "UP": {
        "precision": 0.47560975609756095,
        "recall": 0.17333333333333334,
        "f1-score": 0.254071661237785,
        "support": 225.0
    },
    "accuracy": 0.6078767123287672,
    "macro avg": {
        "precision": 0.5525459139053541,
        "recall": 0.5267780872794801,
        "f1-score": 0.4940509293413083,
        "support": 584.0
    },
    "weighted avg": {
        "precision": 0.5701990734023478,
        "recall": 0.6078767123287672,
        "f1-score": 0.5491146655157468,
>>>>>>> d5f42532be6a9c18a5da3fb21b671ebbe5b6efbf
        "support": 584.0
    }
}