{
    "R2": 0.9891612472406353,
    "RMSE": 27.433715883267805,
    "MSE": 752.6087671638602,
    "MAPE": 0.04631918092413507,
    "ACMAPE": 0.762135726144881
}