{
    "DOWN": {
        "precision": 0.594306049822064,
        "recall": 0.46518105849582175,
        "f1-score": 0.521875,
        "support": 359.0
    },
    "UP": {
        "precision": 0.36633663366336633,
        "recall": 0.49333333333333335,
        "f1-score": 0.42045454545454547,
        "support": 225.0
    },
    "accuracy": 0.476027397260274,
    "macro avg": {
        "precision": 0.4803213417427152,
        "recall": 0.47925719591457755,
        "f1-score": 0.47116477272727275,
        "support": 584.0
    },
    "weighted avg": {
        "precision": 0.5064753672266754,
        "recall": 0.476027397260274,
        "f1-score": 0.48280033857409715,
        "support": 584.0
    }
}