{
    "R2": 0.9939803038944824,
    "RMSE": 20.351553940543784,
    "MSE": 414.1857477948632,
    "MAPE": 0.028279155677170386,
    "ACMAPE": 0.9316441254787236
}