{
    "DOWN": {
        "precision": 0.6722262509064539,
        "recall": 0.6217303822937625,
        "f1-score": 0.6459930313588851,
        "support": 1491.0
    },
    "UP": {
        "precision": 0.3993610223642173,
        "recall": 0.4534461910519952,
        "f1-score": 0.42468856172140435,
        "support": 827.0
    },
    "accuracy": 0.5616911130284729,
    "macro avg": {
        "precision": 0.5357936366353356,
        "recall": 0.5375882866728788,
        "f1-score": 0.5353407965401447,
        "support": 2318.0
    },
    "weighted avg": {
        "precision": 0.5748752828286154,
        "recall": 0.5616911130284729,
        "f1-score": 0.5670375540550902,
        "support": 2318.0
    }
}