{
    "R2": 0.9852921993765207,
    "RMSE": 48.10650809934681,
    "MSE": 2314.23612151252,
    "MAPE": 0.04758707647942328,
    "ACMAPE": 1.0978153869817064
}