{
    "R2": 0.9841086841206466,
    "RMSE": 50.05213011457087,
    "MSE": 2505.2157290059326,
    "MAPE": 0.05917325142039905,
    "ACMAPE": 0.961013742217945
}