{
    "DOWN": {
        "precision": 0.7142857142857143,
        "recall": 0.20202020202020202,
        "f1-score": 0.31496062992125984,
        "support": 99.0
    },
    "UP": {
        "precision": 0.41911764705882354,
        "recall": 0.8769230769230769,
        "f1-score": 0.5671641791044776,
        "support": 65.0
    },
    "accuracy": 0.4695121951219512,
    "macro avg": {
        "precision": 0.5667016806722689,
        "recall": 0.5394716394716395,
        "f1-score": 0.4410624045128687,
        "support": 164.0
    },
    "weighted avg": {
        "precision": 0.5972983705677394,
        "recall": 0.4695121951219512,
        "f1-score": 0.414919353682901,
        "support": 164.0
    }
}