{
    "R2": -1.6656661430193753,
    "RMSE": 1126.8667228409222,
    "MSE": 1269828.6110462397,
    "MAPE": 0.696102547003902,
    "ACMAPE": 1.6351269372478043
}