{
<<<<<<< HEAD
    "R2": 0.9900518831760078,
    "RMSE": 39.64024320480471,
    "MSE": 1571.3488813360664,
    "MAPE": 0.04239016141660699,
    "ACMAPE": 0.8022017783710812
=======
    "R2": 0.9896765972177552,
    "RMSE": 40.38102217454194,
    "MSE": 1630.6269518608478,
    "MAPE": 0.04284960756234101,
    "ACMAPE": 0.7901023548150883
>>>>>>> d5f42532be6a9c18a5da3fb21b671ebbe5b6efbf
}