{
    "DOWN": {
        "precision": 0.673992673992674,
        "recall": 0.45544554455445546,
        "f1-score": 0.5435745937961596,
        "support": 404.0
    },
    "UP": {
        "precision": 0.4117647058823529,
        "recall": 0.6337448559670782,
        "f1-score": 0.4991896272285251,
        "support": 243.0
    },
    "accuracy": 0.5224111282843895,
    "macro avg": {
        "precision": 0.5428786899375135,
        "recall": 0.5445952002607668,
        "f1-score": 0.5213821105123424,
        "support": 647.0
    },
    "weighted avg": {
        "precision": 0.5755051991073448,
        "recall": 0.5224111282843895,
        "f1-score": 0.5269045058889954,
        "support": 647.0
    }
}