{
    "DOWN": {
        "precision": 0.75,
        "recall": 0.13392857142857142,
        "f1-score": 0.2272727272727273,
        "support": 672.0
    },
    "UP": {
        "precision": 0.28588957055214725,
        "recall": 0.8859315589353612,
        "f1-score": 0.4322820037105752,
        "support": 263.0
    },
    "accuracy": 0.34545454545454546,
    "macro avg": {
        "precision": 0.5179447852760737,
        "recall": 0.5099300651819664,
        "f1-score": 0.32977736549165126,
        "support": 935.0
    },
    "weighted avg": {
        "precision": 0.6194534300055772,
        "recall": 0.34545454545454546,
        "f1-score": 0.28493843818519143,
        "support": 935.0
    }
}