{
    "R2": 0.9643807721948031,
    "RMSE": 55.5989356061594,
    "MSE": 3091.24164053786,
    "MAPE": 0.08536976640425752,
    "ACMAPE": 1.612251486834365
}