{
    "R2": 0.9907775310575303,
    "RMSE": 29.503325410981056,
    "MSE": 870.4462103062406,
    "MAPE": 0.021852067953576002,
    "ACMAPE": 1.2122263995043783
}