{
    "DOWN": {
        "precision": 0.7569444444444444,
        "recall": 0.16220238095238096,
        "f1-score": 0.26715686274509803,
        "support": 672.0
    },
    "UP": {
        "precision": 0.28824273072060685,
        "recall": 0.8669201520912547,
        "f1-score": 0.4326375711574953,
        "support": 263.0
    },
    "accuracy": 0.360427807486631,
    "macro avg": {
        "precision": 0.5225935875825256,
        "recall": 0.5145612665218179,
        "f1-score": 0.34989721695129666,
        "support": 935.0
    },
    "weighted avg": {
        "precision": 0.6251064222953864,
        "recall": 0.360427807486631,
        "f1-score": 0.3137038427584247,
        "support": 935.0
    }
}