{
    "DOWN": {
        "precision": 0.8748317631224765,
        "recall": 0.37746806039488967,
        "f1-score": 0.5273833671399595,
        "support": 1722.0
    },
    "UP": {
        "precision": 0.18541033434650456,
        "recall": 0.7240356083086054,
        "f1-score": 0.29522081064730793,
        "support": 337.0
    },
    "accuracy": 0.434191355026712,
    "macro avg": {
        "precision": 0.5301210487344905,
        "recall": 0.5507518343517475,
        "f1-score": 0.41130208889363373,
        "support": 2059.0
    },
    "weighted avg": {
        "precision": 0.7619929960037282,
        "recall": 0.434191355026712,
        "f1-score": 0.4893849302589378,
        "support": 2059.0
    }
}