{
    "R2": 0.9728339248957865,
    "RMSE": 38.412262727015495,
    "MSE": 1475.5019278092639,
    "MAPE": 0.06280559823839778,
    "ACMAPE": 1.2933517558024383
}