{
    "R2": 0.948798630658244,
    "RMSE": 52.754592141618986,
    "MSE": 2783.0469920285677,
    "MAPE": 0.06223601530232248,
    "ACMAPE": 1.1142029895616716
}