{
    "R2": -0.6133168499448909,
    "RMSE": 45.251218438110726,
    "MSE": 2047.672770133612,
    "MAPE": 0.11763841782980727,
    "ACMAPE": 1.370046895671811
}