{
    "R2": 0.6336970387065031,
    "RMSE": 21.56208022187734,
    "MSE": 464.9233034946741,
    "MAPE": 0.03533939656433912,
    "ACMAPE": 1.0719482597627978
}