{
    "DOWN": {
        "precision": 0.9569288389513109,
        "recall": 0.1206611570247934,
        "f1-score": 0.21430069196896626,
        "support": 4235.0
    },
    "UP": {
        "precision": 0.023084994753410283,
        "recall": 0.7927927927927928,
        "f1-score": 0.044863624776956414,
        "support": 111.0
    },
    "accuracy": 0.13782788771283938,
    "macro avg": {
        "precision": 0.4900069168523606,
        "recall": 0.4567269749087931,
        "f1-score": 0.12958215837296133,
        "support": 4346.0
    },
    "weighted avg": {
        "precision": 0.9330777881676093,
        "recall": 0.13782788771283938,
        "f1-score": 0.20997314607427847,
        "support": 4346.0
    }
}