{
    "DOWN": {
        "precision": 0.5734597156398105,
        "recall": 0.968,
        "f1-score": 0.7202380952380953,
        "support": 125.0
    },
    "UP": {
        "precision": 0.5555555555555556,
        "recall": 0.05263157894736842,
        "f1-score": 0.09615384615384616,
        "support": 95.0
    },
    "accuracy": 0.5727272727272728,
    "macro avg": {
        "precision": 0.564507635597683,
        "recall": 0.5103157894736842,
        "f1-score": 0.40819597069597074,
        "support": 220.0
    },
    "weighted avg": {
        "precision": 0.5657283737852459,
        "recall": 0.5727272727272728,
        "f1-score": 0.45074716949716953,
        "support": 220.0
    }
}