{
    "DOWN": {
        "precision": 0.7482993197278912,
        "recall": 0.21113243761996162,
        "f1-score": 0.32934131736526945,
        "support": 521.0
    },
    "UP": {
        "precision": 0.4251748251748252,
        "recall": 0.8914956011730205,
        "f1-score": 0.5757575757575758,
        "support": 341.0
    },
    "accuracy": 0.4802784222737819,
    "macro avg": {
        "precision": 0.5867370724513582,
        "recall": 0.551314019396491,
        "f1-score": 0.4525494465614226,
        "support": 862.0
    },
    "weighted avg": {
        "precision": 0.620473968634393,
        "recall": 0.4802784222737819,
        "f1-score": 0.4268215309520171,
        "support": 862.0
    }
}