{
    "DOWN": {
        "precision": 0.6235294117647059,
        "recall": 0.424,
        "f1-score": 0.5047619047619047,
        "support": 125.0
    },
    "UP": {
        "precision": 0.4666666666666667,
        "recall": 0.6631578947368421,
        "f1-score": 0.5478260869565217,
        "support": 95.0
    },
    "accuracy": 0.5272727272727272,
    "macro avg": {
        "precision": 0.5450980392156863,
        "recall": 0.543578947368421,
        "f1-score": 0.5262939958592132,
        "support": 220.0
    },
    "weighted avg": {
        "precision": 0.5557932263814617,
        "recall": 0.5272727272727272,
        "f1-score": 0.5233578016186712,
        "support": 220.0
    }
}