{
    "R2": -68.97190666150675,
    "RMSE": 533.9163000661973,
    "MSE": 285066.6154763776,
    "MAPE": 2.2965936368280286,
    "ACMAPE": 3.5391971871238868
}