{
    "DOWN": {
        "precision": 0.6517857142857143,
        "recall": 0.36228287841191065,
        "f1-score": 0.4657097288676236,
        "support": 403.0
    },
    "UP": {
        "precision": 0.4314159292035398,
        "recall": 0.7142857142857143,
        "f1-score": 0.5379310344827586,
        "support": 273.0
    },
    "accuracy": 0.5044378698224852,
    "macro avg": {
        "precision": 0.5416008217446271,
        "recall": 0.5382842963488125,
        "f1-score": 0.501820381675191,
        "support": 676.0
    },
    "weighted avg": {
        "precision": 0.5627902241563747,
        "recall": 0.5044378698224852,
        "f1-score": 0.49487602536604347,
        "support": 676.0
    }
}