{
    "DOWN": {
        "precision": 0.6423357664233577,
        "recall": 0.7927927927927928,
        "f1-score": 0.7096774193548387,
        "support": 111.0
    },
    "UP": {
        "precision": 0.28125,
        "recall": 0.15517241379310345,
        "f1-score": 0.2,
        "support": 58.0
    },
    "accuracy": 0.5739644970414202,
    "macro avg": {
        "precision": 0.46179288321167883,
        "recall": 0.4739826032929481,
        "f1-score": 0.45483870967741935,
        "support": 169.0
    },
    "weighted avg": {
        "precision": 0.5184128406685958,
        "recall": 0.5739644970414202,
        "f1-score": 0.5347585417064326,
        "support": 169.0
    }
}