{
    "R2": 0.884097868246219,
    "RMSE": 271.1740022601536,
    "MSE": 73535.33950178979,
    "MAPE": 0.06979824549837091,
    "ACMAPE": 0.7174342847490399
}