{
    "R2": 0.9395199970616485,
    "RMSE": 195.88818430805324,
    "MSE": 38372.18075150583,
    "MAPE": 0.05002326199772704,
    "ACMAPE": 1.3024764288130704
}