{
    "R2": 0.6548397217851296,
    "RMSE": 467.96432287157216,
    "MSE": 218990.60748064905,
    "MAPE": 0.11212418544637663,
    "ACMAPE": 0.7633284673375451
}