{
<<<<<<< HEAD
    "R2": 0.9564935960765572,
    "RMSE": 234.9389089181866,
    "MSE": 55196.290923667984,
    "MAPE": 0.3800366373802829,
    "ACMAPE": 1.4954616111473342
=======
    "R2": 0.9501315515627492,
    "RMSE": 251.5308635281973,
    "MSE": 63267.77530724062,
    "MAPE": 0.4182724767159074,
    "ACMAPE": 1.5295001787096114
>>>>>>> d5f42532be6a9c18a5da3fb21b671ebbe5b6efbf
}