{
    "R2": 0.9564935960765572,
    "RMSE": 234.9389089181866,
    "MSE": 55196.290923667984,
    "MAPE": 0.3800366373802829,
    "ACMAPE": 1.4954616111473342
}