{
    "DOWN": {
        "precision": 0.655,
        "recall": 0.22072451558550968,
        "f1-score": 0.33018273471959675,
        "support": 1187.0
    },
    "UP": {
        "precision": 0.3857901726427623,
        "recall": 0.808066759388039,
        "f1-score": 0.522247191011236,
        "support": 719.0
    },
    "accuracy": 0.4422875131164743,
    "macro avg": {
        "precision": 0.5203950863213811,
        "recall": 0.5143956374867743,
        "f1-score": 0.4262149628654164,
        "support": 1906.0
    },
    "weighted avg": {
        "precision": 0.5534460304985026,
        "recall": 0.4422875131164743,
        "f1-score": 0.4026351712745226,
        "support": 1906.0
    }
}