{
    "DOWN": {
<<<<<<< HEAD
        "precision": 0.6666666666666666,
        "recall": 0.006289308176100629,
        "f1-score": 0.012461059190031154,
        "support": 318.0
    },
    "UP": {
        "precision": 0.3389121338912134,
        "recall": 0.9938650306748467,
        "f1-score": 0.5054602184087363,
=======
        "precision": 1.0,
        "recall": 0.0031446540880503146,
        "f1-score": 0.006269592476489028,
        "support": 318.0
    },
    "UP": {
        "precision": 0.33958333333333335,
        "recall": 1.0,
        "f1-score": 0.5069984447900466,
>>>>>>> d5f42532be6a9c18a5da3fb21b671ebbe5b6efbf
        "support": 163.0
    },
    "accuracy": 0.340956340956341,
    "macro avg": {
<<<<<<< HEAD
        "precision": 0.50278940027894,
        "recall": 0.5000771694254736,
        "f1-score": 0.25896063879938375,
        "support": 481.0
    },
    "weighted avg": {
        "precision": 0.5555980827947355,
        "recall": 0.340956340956341,
        "f1-score": 0.17952730233483147,
=======
        "precision": 0.6697916666666667,
        "recall": 0.5015723270440252,
        "f1-score": 0.25663401863326785,
        "support": 481.0
    },
    "weighted avg": {
        "precision": 0.7761997574497574,
        "recall": 0.340956340956341,
        "f1-score": 0.17595525344761145,
>>>>>>> d5f42532be6a9c18a5da3fb21b671ebbe5b6efbf
        "support": 481.0
    }
}