{
    "DOWN": {
        "precision": 0.6301369863013698,
        "recall": 0.07679465776293823,
        "f1-score": 0.1369047619047619,
        "support": 1198.0
    },
    "UP": {
        "precision": 0.37690140845070425,
        "recall": 0.9253112033195021,
        "f1-score": 0.5356285028022417,
        "support": 723.0
    },
    "accuracy": 0.3961478396668402,
    "macro avg": {
        "precision": 0.503519197376037,
        "recall": 0.5010529305412201,
        "f1-score": 0.3362666323535018,
        "support": 1921.0
    },
    "weighted avg": {
        "precision": 0.5348276043200938,
        "recall": 0.3961478396668402,
        "f1-score": 0.2869710110816895,
        "support": 1921.0
    }
}