{
    "DOWN": {
        "precision": 0.6666666666666666,
        "recall": 0.1323283082077052,
        "f1-score": 0.22082459818308875,
        "support": 1194.0
    },
    "UP": {
        "precision": 0.3829660512209649,
        "recall": 0.8905817174515236,
        "f1-score": 0.5356101624323198,
        "support": 722.0
    },
    "accuracy": 0.41805845511482254,
    "macro avg": {
        "precision": 0.5248163589438157,
        "recall": 0.5114550128296144,
        "f1-score": 0.3782173803077043,
        "support": 1916.0
    },
    "weighted avg": {
        "precision": 0.5597606936229313,
        "recall": 0.41805845511482254,
        "f1-score": 0.3394442105985088,
        "support": 1916.0
    }
}