{
    "R2": -0.027432877791173205,
    "RMSE": 317.2831515959895,
    "MSE": 100668.59828668369,
    "MAPE": 0.1897244392727324,
    "ACMAPE": 1.0252631916356814
}