{
    "DOWN": {
        "precision": 0.6942740286298569,
        "recall": 0.9430555555555555,
        "f1-score": 0.7997644287396938,
        "support": 720.0
    },
    "UP": {
        "precision": 0.4875,
        "recall": 0.11538461538461539,
        "f1-score": 0.18660287081339713,
        "support": 338.0
    },
    "accuracy": 0.6786389413988658,
    "macro avg": {
        "precision": 0.5908870143149284,
        "recall": 0.5292200854700855,
        "f1-score": 0.49318364977654544,
        "support": 1058.0
    },
    "weighted avg": {
        "precision": 0.6282157850789196,
        "recall": 0.6786389413988658,
        "f1-score": 0.6038772769636179,
        "support": 1058.0
    }
}