{
    "R2": 0.36944434973110396,
    "RMSE": 625.6560550389181,
    "MSE": 391445.4992068617,
    "MAPE": 0.7948004004389243,
    "ACMAPE": 1.9285282110898119
}