{
    "R2": 0.6536016891890226,
    "RMSE": 33.171286777926156,
    "MSE": 1100.3342665034186,
    "MAPE": 0.05207088009546328,
    "ACMAPE": 1.0740087228742565
}