{
    "R2": 0.9810453678411596,
    "RMSE": 7.742577725085403,
    "MSE": 59.94750982898865,
    "MAPE": 0.037495606257878046,
    "ACMAPE": 0.941121122549755
}