{
    "R2": 0.7710976049013462,
    "RMSE": 26.96494908797375,
    "MSE": 727.1084793170164,
    "MAPE": 0.042647041257640086,
    "ACMAPE": 0.9037073703252818
}