{
    "R2": 0.9514701500199982,
    "RMSE": 3.5067192417847295,
    "MSE": 12.297079840703269,
    "MAPE": 0.13409433315094407,
    "ACMAPE": 1.3854514254332193
}