{
    "DOWN": {
        "precision": 0.6164542294322132,
        "recall": 0.8248062015503876,
        "f1-score": 0.7055702917771882,
        "support": 645.0
    },
    "UP": {
        "precision": 0.4321608040201005,
        "recall": 0.20623501199040767,
        "f1-score": 0.27922077922077926,
        "support": 417.0
    },
    "accuracy": 0.5819209039548022,
    "macro avg": {
        "precision": 0.5243075167261568,
        "recall": 0.5155206067703977,
        "f1-score": 0.49239553549898374,
        "support": 1062.0
    },
    "weighted avg": {
        "precision": 0.5440904267986436,
        "recall": 0.5819209039548022,
        "f1-score": 0.5381618673553213,
        "support": 1062.0
    }
}