{
    "DOWN": {
        "precision": 0.5904677846425419,
        "recall": 0.3450232078390923,
        "f1-score": 0.435546875,
        "support": 1939.0
    },
    "UP": {
        "precision": 0.4492627927146574,
        "recall": 0.6906666666666667,
        "f1-score": 0.5444035733053074,
        "support": 1500.0
    },
    "accuracy": 0.4957836580401279,
    "macro avg": {
        "precision": 0.5198652886785997,
        "recall": 0.5178449372528795,
        "f1-score": 0.4899752241526537,
        "support": 3439.0
    },
    "weighted avg": {
        "precision": 0.5288779364623073,
        "recall": 0.4957836580401279,
        "f1-score": 0.48302726100115184,
        "support": 3439.0
    }
}