{
    "DOWN": {
        "precision": 0.6017441860465116,
        "recall": 0.10626283367556469,
        "f1-score": 0.1806282722513089,
        "support": 1948.0
    },
    "UP": {
        "precision": 0.4401929260450161,
        "recall": 0.9090305444887118,
        "f1-score": 0.59315424610052,
        "support": 1506.0
    },
    "accuracy": 0.45628257093225244,
    "macro avg": {
        "precision": 0.5209685560457639,
        "recall": 0.5076466890821383,
        "f1-score": 0.3868912591759145,
        "support": 3454.0
    },
    "weighted avg": {
        "precision": 0.531305217441343,
        "recall": 0.45628257093225244,
        "f1-score": 0.36049628516877036,
        "support": 3454.0
    }
}