{
    "R2": 0.974922401715992,
    "RMSE": 290.3259666028251,
    "MSE": 84289.16688386469,
    "MAPE": 0.026746540557548607,
    "ACMAPE": 1.147116910927919
}