{
    "R2": -2.4756958468326613,
    "RMSE": 74.74137881093932,
    "MSE": 5586.2737065603305,
    "MAPE": 0.13725769801418697,
    "ACMAPE": 0.999136151052861
}