{
    "R2": -1.6234682759205779,
    "RMSE": 64.93489331134106,
    "MSE": 4216.540369355246,
    "MAPE": 0.11690278449781687,
    "ACMAPE": 0.989830961293397
}