{
    "DOWN": {
        "precision": 0.6938775510204082,
        "recall": 0.5207877461706784,
        "f1-score": 0.5950000000000001,
        "support": 457.0
    },
    "UP": {
        "precision": 0.42063492063492064,
        "recall": 0.6022727272727273,
        "f1-score": 0.4953271028037383,
        "support": 264.0
    },
    "accuracy": 0.550624133148405,
    "macro avg": {
        "precision": 0.5572562358276644,
        "recall": 0.5615302367217028,
        "f1-score": 0.5451635514018692,
        "support": 721.0
    },
    "weighted avg": {
        "precision": 0.5938275448875805,
        "recall": 0.550624133148405,
        "f1-score": 0.55850395997252,
        "support": 721.0
    }
}