{
    "DOWN": {
        "precision": 0.717391304347826,
        "recall": 0.3333333333333333,
        "f1-score": 0.4551724137931034,
        "support": 99.0
    },
    "UP": {
        "precision": 0.5111111111111111,
        "recall": 0.8414634146341463,
        "f1-score": 0.6359447004608295,
        "support": 82.0
    },
    "accuracy": 0.56353591160221,
    "macro avg": {
        "precision": 0.6142512077294686,
        "recall": 0.5873983739837398,
        "f1-score": 0.5455585571269664,
        "support": 181.0
    },
    "weighted avg": {
        "precision": 0.623938399124563,
        "recall": 0.56353591160221,
        "f1-score": 0.5370692508469904,
        "support": 181.0
    }
}