{
    "DOWN": {
        "precision": 0.6779661016949152,
        "recall": 0.40404040404040403,
        "f1-score": 0.5063291139240507,
        "support": 99.0
    },
    "UP": {
        "precision": 0.5163934426229508,
        "recall": 0.7682926829268293,
        "f1-score": 0.6176470588235294,
        "support": 82.0
    },
    "accuracy": 0.569060773480663,
    "macro avg": {
        "precision": 0.597179772158933,
        "recall": 0.5861665434836166,
        "f1-score": 0.56198808637379,
        "support": 181.0
    },
    "weighted avg": {
        "precision": 0.6047674384689424,
        "recall": 0.569060773480663,
        "f1-score": 0.5567604480774057,
        "support": 181.0
    }
}