{
    "DOWN": {
        "precision": 0.6521739130434783,
        "recall": 0.15151515151515152,
        "f1-score": 0.2459016393442623,
        "support": 99.0
    },
    "UP": {
        "precision": 0.46835443037974683,
        "recall": 0.9024390243902439,
        "f1-score": 0.6166666666666667,
        "support": 82.0
    },
    "accuracy": 0.49171270718232046,
    "macro avg": {
        "precision": 0.5602641717116126,
        "recall": 0.5269770879526977,
        "f1-score": 0.4312841530054645,
        "support": 181.0
    },
    "weighted avg": {
        "precision": 0.5688965783560419,
        "recall": 0.49171270718232046,
        "f1-score": 0.4138725357002687,
        "support": 181.0
    }
}