{
    "R2": -2.6779537218734935,
    "RMSE": 76.88530704320182,
    "MSE": 5911.350439127419,
    "MAPE": 0.15496982180452107,
    "ACMAPE": 1.1825941311967862
}