{
    "R2": 0.6867257426305406,
    "RMSE": 60.63308974402336,
    "MSE": 3676.371571906791,
    "MAPE": 0.062344456731990815,
    "ACMAPE": 0.8623444567319909
}