{
    "DOWN": {
        "precision": 0.49572649572649574,
        "recall": 0.6170212765957447,
        "f1-score": 0.5497630331753554,
        "support": 94.0
    },
    "UP": {
        "precision": 0.5555555555555556,
        "recall": 0.4326923076923077,
        "f1-score": 0.48648648648648646,
        "support": 104.0
    },
    "accuracy": 0.5202020202020202,
    "macro avg": {
        "precision": 0.5256410256410257,
        "recall": 0.5248567921440261,
        "f1-score": 0.5181247598309209,
        "support": 198.0
    },
    "weighted avg": {
        "precision": 0.5271518604851939,
        "recall": 0.5202020202020202,
        "f1-score": 0.5165268672377676,
        "support": 198.0
    }
}