{
    "R2": 0.9654855565125047,
    "RMSE": 29.660455553997753,
    "MSE": 879.7426236706763,
    "MAPE": 0.07268805274386664,
    "ACMAPE": 1.0467813169925713
}