{
    "R2": 0.9618643387761471,
    "RMSE": 31.729574843786406,
    "MSE": 1006.7659197674432,
    "MAPE": 0.08727559895967552,
    "ACMAPE": 1.0927400798339924
}