{
    "DOWN": {
        "precision": 0.8329686360320934,
        "recall": 0.366025641025641,
        "f1-score": 0.5085727009574704,
        "support": 3120.0
    },
    "UP": {
        "precision": 0.23952326028450596,
        "recall": 0.7312206572769953,
        "f1-score": 0.3608456414711845,
        "support": 852.0
    },
    "accuracy": 0.4443605236656596,
    "macro avg": {
        "precision": 0.5362459481582996,
        "recall": 0.5486231491513182,
        "f1-score": 0.43470917121432745,
        "support": 3972.0
    },
    "weighted avg": {
        "precision": 0.70567370649107,
        "recall": 0.4443605236656596,
        "f1-score": 0.4768850235450043,
        "support": 3972.0
    }
}