{
    "DOWN": {
        "precision": 0.7900466562986003,
        "recall": 0.3247043783956536,
        "f1-score": 0.46024915062287663,
        "support": 3129.0
    },
    "UP": {
        "precision": 0.21769714920399852,
        "recall": 0.6853146853146853,
        "f1-score": 0.330429896038213,
        "support": 858.0
    },
    "accuracy": 0.4023074993729621,
    "macro avg": {
        "precision": 0.5038719027512994,
        "recall": 0.5050095318551695,
        "f1-score": 0.3953395233305448,
        "support": 3987.0
    },
    "weighted avg": {
        "precision": 0.6668773869012669,
        "recall": 0.4023074993729621,
        "f1-score": 0.4323121251817827,
        "support": 3987.0
    }
}