{
    "R2": 0.7298698673031615,
    "RMSE": 1090.844141399105,
    "MSE": 1189940.9408247506,
    "MAPE": 0.08388133971015892,
    "ACMAPE": 1.7251639048404195
}