{
    "DOWN": {
        "precision": 0.6725352112676056,
        "recall": 0.06094447989789407,
        "f1-score": 0.11176126389701581,
        "support": 3134.0
    },
    "UP": {
        "precision": 0.20631067961165048,
        "recall": 0.8916083916083916,
        "f1-score": 0.33508541392904073,
        "support": 858.0
    },
    "accuracy": 0.23947895791583165,
    "macro avg": {
        "precision": 0.43942294543962807,
        "recall": 0.4762764357531428,
        "f1-score": 0.22342333891302826,
        "support": 3992.0
    },
    "weighted avg": {
        "precision": 0.5723296380810301,
        "recall": 0.23947895791583165,
        "f1-score": 0.15976029213536186,
        "support": 3992.0
    }
}