{
    "DOWN": {
        "precision": 0.8768606224627875,
        "recall": 0.7788461538461539,
        "f1-score": 0.8249522597071928,
        "support": 832.0
    },
    "UP": {
        "precision": 0.28957528957528955,
        "recall": 0.45180722891566266,
        "f1-score": 0.35294117647058826,
        "support": 166.0
    },
    "accuracy": 0.7244488977955912,
    "macro avg": {
        "precision": 0.5832179560190385,
        "recall": 0.6153266913809082,
        "f1-score": 0.5889467180888905,
        "support": 998.0
    },
    "weighted avg": {
        "precision": 0.7791758877340053,
        "recall": 0.7244488977955912,
        "f1-score": 0.7464413981668357,
        "support": 998.0
    }
}