{
    "R2": 0.9891550556450038,
    "RMSE": 324.143468421387,
    "MSE": 105068.98812024674,
    "MAPE": 0.5242443414348105,
    "ACMAPE": 2.0375542359601746
}