{
    "DOWN": {
        "precision": 0.6241496598639455,
        "recall": 0.8265765765765766,
        "f1-score": 0.7112403100775192,
        "support": 444.0
    },
    "UP": {
        "precision": 0.4338235294117647,
        "recall": 0.21071428571428572,
        "f1-score": 0.28365384615384615,
        "support": 280.0
    },
    "accuracy": 0.5883977900552486,
    "macro avg": {
        "precision": 0.5289865946378551,
        "recall": 0.5186454311454312,
        "f1-score": 0.4974470781156827,
        "support": 724.0
    },
    "weighted avg": {
        "precision": 0.5505428690813342,
        "recall": 0.5883977900552486,
        "f1-score": 0.5458753792783086,
        "support": 724.0
    }
}