{
    "R2": 0.9800824878261447,
    "RMSE": 86.0000520922221,
    "MSE": 7396.008959864916,
    "MAPE": 0.19375453937072526,
    "ACMAPE": 0.7201794098370465
}