{
    "R2": 0.6797777952922113,
    "RMSE": 187.29410826959182,
    "MSE": 35079.08299250158,
    "MAPE": 0.20921121906743675,
    "ACMAPE": 1.0324156389569394
}