{
    "DOWN": {
        "precision": 0.7551537070524412,
        "recall": 0.966219342896807,
        "f1-score": 0.8477466504263095,
        "support": 2161.0
    },
    "UP": {
        "precision": 0.39166666666666666,
        "recall": 0.0649171270718232,
        "f1-score": 0.11137440758293839,
        "support": 724.0
    },
    "accuracy": 0.7400346620450606,
    "macro avg": {
        "precision": 0.5734101868595539,
        "recall": 0.5155682349843151,
        "f1-score": 0.4795605290046239,
        "support": 2885.0
    },
    "weighted avg": {
        "precision": 0.6639354688412451,
        "recall": 0.7400346620450606,
        "f1-score": 0.6629516750992381,
        "support": 2885.0
    }
}