{
    "DOWN": {
        "precision": 0.7994041708043694,
        "recall": 0.7433056325023084,
        "f1-score": 0.7703349282296651,
        "support": 2166.0
    },
    "UP": {
        "precision": 0.365296803652968,
        "recall": 0.4419889502762431,
        "f1-score": 0.4,
        "support": 724.0
    },
    "accuracy": 0.6678200692041523,
    "macro avg": {
        "precision": 0.5823504872286687,
        "recall": 0.5926472913892757,
        "f1-score": 0.5851674641148326,
        "support": 2890.0
    },
    "weighted avg": {
        "precision": 0.6906520137740529,
        "recall": 0.6678200692041523,
        "f1-score": 0.677558980811576,
        "support": 2890.0
    }
}