{
    "R2": -0.12649654493912554,
    "RMSE": 225.56837296971955,
    "MSE": 50881.090884206504,
    "MAPE": 0.2070220696546735,
    "ACMAPE": 1.1184144747179645
}