{
    "DOWN": {
        "precision": 0.5755813953488372,
        "recall": 0.1176703645007924,
        "f1-score": 0.19539473684210526,
        "support": 2524.0
    },
    "UP": {
        "precision": 0.379838485101643,
        "recall": 0.8616550852811118,
        "f1-score": 0.5272516428295322,
        "support": 1583.0
    },
    "accuracy": 0.40443145848551254,
    "macro avg": {
        "precision": 0.4777099402252401,
        "recall": 0.4896627248909521,
        "f1-score": 0.36132318983581874,
        "support": 4107.0
    },
    "weighted avg": {
        "precision": 0.5001343471576251,
        "recall": 0.40443145848551254,
        "f1-score": 0.32330549461617314,
        "support": 4107.0
    }
}