{
    "R2": 0.9956586288107939,
    "RMSE": 34.55385141207124,
    "MSE": 1193.9686474074977,
    "MAPE": 0.2938504075529858,
    "ACMAPE": 1.4849874905819607
}