{
    "DOWN": {
        "precision": 0.631578947368421,
        "recall": 0.096,
        "f1-score": 0.16666666666666669,
        "support": 625.0
    },
    "UP": {
        "precision": 0.3937768240343348,
        "recall": 0.9129353233830846,
        "f1-score": 0.550224887556222,
        "support": 402.0
    },
    "accuracy": 0.4157740993184031,
    "macro avg": {
        "precision": 0.5126778857013778,
        "recall": 0.5044676616915423,
        "f1-score": 0.3584457771114443,
        "support": 1027.0
    },
    "weighted avg": {
        "precision": 0.5384957403768896,
        "recall": 0.4157740993184031,
        "f1-score": 0.31680338019889764,
        "support": 1027.0
    }
}