{
    "DOWN": {
        "precision": 0.5651376146788991,
        "recall": 0.36754176610978523,
        "f1-score": 0.445408532176428,
        "support": 2514.0
    },
    "UP": {
        "precision": 0.35418359057676685,
        "recall": 0.5508528111181301,
        "f1-score": 0.4311495673671199,
        "support": 1583.0
    },
    "accuracy": 0.43836953868684403,
    "macro avg": {
        "precision": 0.459660602627833,
        "recall": 0.4591972886139577,
        "f1-score": 0.43827904977177395,
        "support": 4097.0
    },
    "weighted avg": {
        "precision": 0.483629140147858,
        "recall": 0.43836953868684403,
        "f1-score": 0.43989914938581665,
        "support": 4097.0
    }
}