{
    "DOWN": {
        "precision": 0.7275031685678074,
        "recall": 0.9592245989304813,
        "f1-score": 0.82744702320888,
        "support": 2992.0
    },
    "UP": {
        "precision": 0.39603960396039606,
        "recall": 0.06926406926406926,
        "f1-score": 0.11790714812085483,
        "support": 1155.0
    },
    "accuracy": 0.711357607909332,
    "macro avg": {
        "precision": 0.5617713862641017,
        "recall": 0.5142443340972753,
        "f1-score": 0.4726770856648674,
        "support": 4147.0
    },
    "weighted avg": {
        "precision": 0.6351857301492977,
        "recall": 0.711357607909332,
        "f1-score": 0.629829816619377,
        "support": 4147.0
    }
}