{
    "R2": 0.9713120134295754,
    "RMSE": 63.90285744319895,
    "MSE": 4083.5751894058067,
    "MAPE": 0.6293599593565268,
    "ACMAPE": 2.037162237040074
}