{
    "R2": 0.9589711756346013,
    "RMSE": 65.29727803680188,
    "MSE": 4263.73451901541,
    "MAPE": 0.061548276020304424,
    "ACMAPE": 1.009464942686971
}