{
    "R2": 0.9192737541088605,
    "RMSE": 90.28340987958238,
    "MSE": 8151.094099484673,
    "MAPE": 0.0672637801005795,
    "ACMAPE": 0.9886729941927204
}