{
    "R2": 0.31148166720130765,
    "RMSE": 123.75924864845862,
    "MSE": 15316.351626031008,
    "MAPE": 0.1231162034146906,
    "ACMAPE": 1.0715698116621133
}