{
    "R2": 0.9733699523768213,
    "RMSE": 52.08496988195793,
    "MSE": 2712.844087604465,
    "MAPE": 0.04110196189041115,
    "ACMAPE": 0.9065373180909388
}