{
    "R2": 0.8594474097004937,
    "RMSE": 55.916417222918966,
    "MSE": 3126.645715047549,
    "MAPE": 0.051989370557960456,
    "ACMAPE": 1.041680092207445
}