{
    "DOWN": {
        "precision": 0.676,
        "recall": 0.1583880037488285,
        "f1-score": 0.2566438876233865,
        "support": 1067.0
    },
    "UP": {
        "precision": 0.3478576615831518,
        "recall": 0.8553571428571428,
        "f1-score": 0.49457924625709854,
        "support": 560.0
    },
    "accuracy": 0.39827904118008606,
    "macro avg": {
        "precision": 0.5119288307915759,
        "recall": 0.5068725733029856,
        "f1-score": 0.37561156694024256,
        "support": 1627.0
    },
    "weighted avg": {
        "precision": 0.5630561097028672,
        "recall": 0.39827904118008606,
        "f1-score": 0.3385392784254017,
        "support": 1627.0
    }
}