{
    "DOWN": {
        "precision": 0.6348314606741573,
        "recall": 0.44841269841269843,
        "f1-score": 0.5255813953488372,
        "support": 252.0
    },
    "UP": {
        "precision": 0.405982905982906,
        "recall": 0.59375,
        "f1-score": 0.48223350253807107,
        "support": 160.0
    },
    "accuracy": 0.5048543689320388,
    "macro avg": {
        "precision": 0.5204071833285316,
        "recall": 0.5210813492063492,
        "f1-score": 0.5039074489434541,
        "support": 412.0
    },
    "weighted avg": {
        "precision": 0.5459582355513413,
        "recall": 0.5048543689320388,
        "f1-score": 0.5087472622184426,
        "support": 412.0
    }
}