{
<<<<<<< HEAD
    "R2": -4.495352692169793,
    "RMSE": 23.420911506389835,
    "MSE": 548.5390957901438,
    "MAPE": 0.1080150958195332,
    "ACMAPE": 1.2682092705768149
=======
    "R2": -1.154487384459288,
    "RMSE": 14.66486216863415,
    "MSE": 215.05818242503707,
    "MAPE": 0.06179734919331722,
    "ACMAPE": 1.0520886113292396
>>>>>>> d5f42532be6a9c18a5da3fb21b671ebbe5b6efbf
}