{
    "DOWN": {
        "precision": 0.696969696969697,
        "recall": 0.09126984126984126,
        "f1-score": 0.1614035087719298,
        "support": 252.0
    },
    "UP": {
        "precision": 0.39577836411609496,
        "recall": 0.9375,
        "f1-score": 0.5565862708719852,
        "support": 160.0
    },
    "accuracy": 0.4199029126213592,
    "macro avg": {
        "precision": 0.546374030542896,
        "recall": 0.5143849206349206,
        "f1-score": 0.3589948898219575,
        "support": 412.0
    },
    "weighted avg": {
        "precision": 0.5800021890653856,
        "recall": 0.4199029126213592,
        "f1-score": 0.31487254259719405,
        "support": 412.0
    }
}