{
    "DOWN": {
        "precision": 0.6896551724137931,
        "recall": 0.5571030640668524,
        "f1-score": 0.6163328197226502,
        "support": 1077.0
    },
    "UP": {
        "precision": 0.38212435233160624,
        "recall": 0.5221238938053098,
        "f1-score": 0.44128646222887064,
        "support": 565.0
    },
    "accuracy": 0.5450669914738124,
    "macro avg": {
        "precision": 0.5358897623726997,
        "recall": 0.5396134789360811,
        "f1-score": 0.5288096409757604,
        "support": 1642.0
    },
    "weighted avg": {
        "precision": 0.5838361021662685,
        "recall": 0.5450669914738124,
        "f1-score": 0.5561006686970805,
        "support": 1642.0
    }
}