{
    "R2": 0.9511464790515011,
    "RMSE": 29.59386523924796,
    "MSE": 875.7968597987688,
    "MAPE": 0.09636153626332249,
    "ACMAPE": 1.080995832514091
}