{
    "DOWN": {
        "precision": 0.7874015748031497,
        "recall": 0.5586592178770949,
        "f1-score": 0.6535947712418301,
        "support": 358.0
    },
    "UP": {
        "precision": 0.3803921568627451,
        "recall": 0.6423841059602649,
        "f1-score": 0.4778325123152709,
        "support": 151.0
    },
    "accuracy": 0.5834970530451866,
    "macro avg": {
        "precision": 0.5838968658329473,
        "recall": 0.60052166191868,
        "f1-score": 0.5657136417785504,
        "support": 509.0
    },
    "weighted avg": {
        "precision": 0.6666581128994147,
        "recall": 0.5834970530451866,
        "f1-score": 0.6014531187901396,
        "support": 509.0
    }
}