{
    "R2": 0.9773299028620117,
    "RMSE": 7.743710719907884,
    "MSE": 59.96505571361627,
    "MAPE": 0.08365884676967468,
    "ACMAPE": 0.7918300529953556
}