{
    "DOWN": {
<<<<<<< HEAD
        "precision": 0.7799227799227799,
        "recall": 0.5642458100558659,
        "f1-score": 0.6547811993517019,
        "support": 358.0
    },
    "UP": {
        "precision": 0.376,
        "recall": 0.6225165562913907,
        "f1-score": 0.46882793017456353,
        "support": 151.0
    },
    "accuracy": 0.581532416502947,
    "macro avg": {
        "precision": 0.57796138996139,
        "recall": 0.5933811831736283,
        "f1-score": 0.5618045647631327,
        "support": 509.0
    },
    "weighted avg": {
        "precision": 0.6600950004172008,
        "recall": 0.581532416502947,
        "f1-score": 0.5996162805977768,
=======
        "precision": 0.7874015748031497,
        "recall": 0.5586592178770949,
        "f1-score": 0.6535947712418301,
        "support": 358.0
    },
    "UP": {
        "precision": 0.3803921568627451,
        "recall": 0.6423841059602649,
        "f1-score": 0.4778325123152709,
        "support": 151.0
    },
    "accuracy": 0.5834970530451866,
    "macro avg": {
        "precision": 0.5838968658329473,
        "recall": 0.60052166191868,
        "f1-score": 0.5657136417785504,
        "support": 509.0
    },
    "weighted avg": {
        "precision": 0.6666581128994147,
        "recall": 0.5834970530451866,
        "f1-score": 0.6014531187901396,
>>>>>>> d5f42532be6a9c18a5da3fb21b671ebbe5b6efbf
        "support": 509.0
    }
}