{
    "DOWN": {
        "precision": 0.7472527472527473,
        "recall": 0.7513812154696132,
        "f1-score": 0.7493112947658402,
        "support": 362.0
    },
    "UP": {
        "precision": 0.4,
        "recall": 0.39473684210526316,
        "f1-score": 0.3973509933774835,
        "support": 152.0
    },
    "accuracy": 0.6459143968871596,
    "macro avg": {
        "precision": 0.5736263736263736,
        "recall": 0.5730590287874382,
        "f1-score": 0.5733311440716619,
        "support": 514.0
    },
    "weighted avg": {
        "precision": 0.644563218882285,
        "recall": 0.6459143968871596,
        "f1-score": 0.6452296492190888,
        "support": 514.0
    }
}