{
    "R2": 0.5207490278649052,
    "RMSE": 1.6819672897993982,
    "MSE": 2.8290139639551333,
    "MAPE": 0.04578819589729734,
    "ACMAPE": 0.6063942565033579
}