{
    "R2": 0.6002883577839939,
    "RMSE": 93.221764112246,
    "MSE": 8690.297304199237,
    "MAPE": 0.013069265101801281,
    "ACMAPE": 0.5453273296179303
}