{
    "R2": 0.6244521023947114,
    "RMSE": 90.36007562945122,
    "MSE": 8164.943267760144,
    "MAPE": 0.01271845112539653,
    "ACMAPE": 0.5449765156415255
}