{
    "DOWN": {
<<<<<<< HEAD
        "precision": 0.7507418397626113,
        "recall": 0.790625,
        "f1-score": 0.7701674277016743,
        "support": 320.0
    },
    "UP": {
        "precision": 0.5144927536231884,
        "recall": 0.45806451612903226,
        "f1-score": 0.48464163822525597,
        "support": 155.0
    },
    "accuracy": 0.6821052631578948,
    "macro avg": {
        "precision": 0.6326172966928998,
        "recall": 0.6243447580645162,
        "f1-score": 0.6274045329634652,
        "support": 475.0
    },
    "weighted avg": {
        "precision": 0.6736500327065891,
        "recall": 0.6821052631578948,
        "f1-score": 0.6769958542935799,
=======
        "precision": 0.7554945054945055,
        "recall": 0.859375,
        "f1-score": 0.804093567251462,
        "support": 320.0
    },
    "UP": {
        "precision": 0.5945945945945946,
        "recall": 0.4258064516129032,
        "f1-score": 0.49624060150375926,
        "support": 155.0
    },
    "accuracy": 0.7178947368421053,
    "macro avg": {
        "precision": 0.6750445500445501,
        "recall": 0.6425907258064516,
        "f1-score": 0.6501670843776106,
        "support": 475.0
    },
    "weighted avg": {
        "precision": 0.7029903240429557,
        "recall": 0.7178947368421053,
        "f1-score": 0.7036362836916853,
>>>>>>> d5f42532be6a9c18a5da3fb21b671ebbe5b6efbf
        "support": 475.0
    }
}