{
    "R2": 0.9692723705513343,
    "RMSE": 174.78935871018405,
    "MSE": 30551.319918317393,
    "MAPE": 0.019516632953319207,
    "ACMAPE": 0.6317615309125029
}