{
<<<<<<< HEAD
    "R2": 0.9640794777895746,
    "RMSE": 160.31701835424803,
    "MSE": 25701.546373996305,
    "MAPE": 0.018442603766545492,
    "ACMAPE": 0.654232077450756
=======
    "R2": 0.9640303216200363,
    "RMSE": 160.42667539443994,
    "MSE": 25736.718178113,
    "MAPE": 0.018793930512323587,
    "ACMAPE": 0.5830044568281131
>>>>>>> d5f42532be6a9c18a5da3fb21b671ebbe5b6efbf
}