{
    "R2": 0.9769190424005635,
    "RMSE": 202.46648968711895,
    "MSE": 40992.67944622425,
    "MAPE": 1474544194359278.2,
    "ACMAPE": 1474544194359278.5
}