{
    "R2": 0.6092153345066882,
    "RMSE": 535.0700148646154,
    "MSE": 286299.92080721975,
    "MAPE": 0.08138487767969113,
    "ACMAPE": 0.21291640921122265
}