{
    "R2": 0.9893267548803103,
    "RMSE": 137.66860518395768,
    "MSE": 18952.644853296417,
    "MAPE": 1610658111234620.5,
    "ACMAPE": 1610658111234621.5
}