{
    "DOWN": {
        "precision": 0.6138613861386139,
        "recall": 0.5299145299145299,
        "f1-score": 0.5688073394495412,
        "support": 117.0
    },
    "UP": {
        "precision": 0.5217391304347826,
        "recall": 0.6060606060606061,
        "f1-score": 0.5607476635514019,
        "support": 99.0
    },
    "accuracy": 0.5648148148148148,
    "macro avg": {
        "precision": 0.5678002582866982,
        "recall": 0.567987567987568,
        "f1-score": 0.5647775015004716,
        "support": 216.0
    },
    "weighted avg": {
        "precision": 0.5716386856076912,
        "recall": 0.5648148148148148,
        "f1-score": 0.5651133213295607,
        "support": 216.0
    }
}