{
    "R2": 0.8139211900053545,
    "RMSE": 17.259251742544823,
    "MSE": 297.8817707125365,
    "MAPE": 0.03092774606847365,
    "ACMAPE": 0.9140446291853568
}