{
    "DOWN": {
        "precision": 0.6083333333333333,
        "recall": 0.6239316239316239,
        "f1-score": 0.6160337552742615,
        "support": 117.0
    },
    "UP": {
        "precision": 0.5416666666666666,
        "recall": 0.5252525252525253,
        "f1-score": 0.5333333333333332,
        "support": 99.0
    },
    "accuracy": 0.5787037037037037,
    "macro avg": {
        "precision": 0.575,
        "recall": 0.5745920745920746,
        "f1-score": 0.5746835443037974,
        "support": 216.0
    },
    "weighted avg": {
        "precision": 0.5777777777777777,
        "recall": 0.5787037037037037,
        "f1-score": 0.5781293952180028,
        "support": 216.0
    }
}