{
    "DOWN": {
        "precision": 0.7247706422018348,
        "recall": 0.45489443378119004,
        "f1-score": 0.5589622641509434,
        "support": 521.0
    },
    "UP": {
        "precision": 0.45384615384615384,
        "recall": 0.7239263803680982,
        "f1-score": 0.557919621749409,
        "support": 326.0
    },
    "accuracy": 0.5584415584415584,
    "macro avg": {
        "precision": 0.5893083980239944,
        "recall": 0.5894104070746441,
        "f1-score": 0.5584409429501762,
        "support": 847.0
    },
    "weighted avg": {
        "precision": 0.6204951012290463,
        "recall": 0.5584415584415584,
        "f1-score": 0.5585609637697153,
        "support": 847.0
    }
}