{
    "R2": 0.2824514081070123,
    "RMSE": 63.09790415582554,
    "MSE": 3981.345508857746,
    "MAPE": 0.10491776694712102,
    "ACMAPE": 0.9382511002804543
}