{
    "R2": 0.29755044745850534,
    "RMSE": 62.43050470547108,
    "MSE": 3897.5679177798465,
    "MAPE": 0.10465314683556896,
    "ACMAPE": 0.9472457394281615
}