{
    "DOWN": {
        "precision": 0.7619926199261993,
        "recall": 0.7414721723518851,
        "f1-score": 0.751592356687898,
        "support": 557.0
    },
    "UP": {
        "precision": 0.49473684210526314,
        "recall": 0.5222222222222223,
        "f1-score": 0.5081081081081081,
        "support": 270.0
    },
    "accuracy": 0.6698911729141476,
    "macro avg": {
        "precision": 0.6283647310157312,
        "recall": 0.6318471972870536,
        "f1-score": 0.6298502323980031,
        "support": 827.0
    },
    "weighted avg": {
        "precision": 0.6747386174937291,
        "recall": 0.6698911729141476,
        "f1-score": 0.6720993130161408,
        "support": 827.0
    }
}