{
<<<<<<< HEAD
    "R2": 0.9796816778797764,
    "RMSE": 13.553492917171006,
    "MSE": 183.69717025580462,
    "MAPE": 0.03363755006326383,
    "ACMAPE": 0.6841816854925263
=======
    "R2": 0.9810533770183996,
    "RMSE": 13.087997975393458,
    "MSE": 171.29569100390324,
    "MAPE": 0.03207229700760803,
    "ACMAPE": 0.6922899511793129
>>>>>>> d5f42532be6a9c18a5da3fb21b671ebbe5b6efbf
}