{
    "R2": 0.9796816778797764,
    "RMSE": 13.553492917171006,
    "MSE": 183.69717025580462,
    "MAPE": 0.03363755006326383,
    "ACMAPE": 0.6841816854925263
}