{
    "DOWN": {
        "precision": 0.7526315789473684,
        "recall": 0.770197486535009,
        "f1-score": 0.7613132209405501,
        "support": 557.0
    },
    "UP": {
        "precision": 0.5019455252918288,
        "recall": 0.4777777777777778,
        "f1-score": 0.48956356736242884,
        "support": 270.0
    },
    "accuracy": 0.6747279322853688,
    "macro avg": {
        "precision": 0.6272885521195986,
        "recall": 0.6239876321563934,
        "f1-score": 0.6254383941514895,
        "support": 827.0
    },
    "weighted avg": {
        "precision": 0.6707872808977968,
        "recall": 0.6747279322853688,
        "f1-score": 0.6725920522995673,
        "support": 827.0
    }
}