{
    "DOWN": {
        "precision": 0.6940397350993377,
        "recall": 0.9274336283185841,
        "f1-score": 0.7939393939393938,
        "support": 565.0
    },
    "UP": {
        "precision": 0.5,
        "recall": 0.15073529411764705,
        "f1-score": 0.23163841807909602,
        "support": 272.0
    },
    "accuracy": 0.6750298685782556,
    "macro avg": {
        "precision": 0.5970198675496688,
        "recall": 0.5390844612181156,
        "f1-score": 0.512788906009245,
        "support": 837.0
    },
    "weighted avg": {
        "precision": 0.6309826168830655,
        "recall": 0.6750298685782556,
        "f1-score": 0.6112083719154978,
        "support": 837.0
    }
}