{
    "DOWN": {
        "precision": 0.7687074829931972,
        "recall": 0.8129496402877698,
        "f1-score": 0.7902097902097902,
        "support": 139.0
    },
    "UP": {
        "precision": 0.59375,
        "recall": 0.5277777777777778,
        "f1-score": 0.5588235294117648,
        "support": 72.0
    },
    "accuracy": 0.7156398104265402,
    "macro avg": {
        "precision": 0.6812287414965986,
        "recall": 0.6703637090327739,
        "f1-score": 0.6745166598107775,
        "support": 211.0
    },
    "weighted avg": {
        "precision": 0.709006351355708,
        "recall": 0.7156398104265402,
        "f1-score": 0.7112533410275256,
        "support": 211.0
    }
}