{
    "R2": 0.44961173176442415,
    "RMSE": 10.531909387231027,
    "MSE": 110.921115340845,
    "MAPE": 0.025094729619637893,
    "ACMAPE": 0.5938151087665574
}