{
    "R2": 0.9838218476833304,
    "RMSE": 12.031345692633941,
    "MSE": 144.75327917566128,
    "MAPE": 0.02910362263390519,
    "ACMAPE": 0.7796974468619338
}