{
    "DOWN": {
        "precision": 0.6305668016194332,
        "recall": 0.89,
        "f1-score": 0.7381516587677726,
        "support": 700.0
    },
    "UP": {
        "precision": 0.4726027397260274,
        "recall": 0.15898617511520738,
        "f1-score": 0.23793103448275862,
        "support": 434.0
    },
    "accuracy": 0.6102292768959435,
    "macro avg": {
        "precision": 0.5515847706727304,
        "recall": 0.5244930875576037,
        "f1-score": 0.4880413466252656,
        "support": 1134.0
    },
    "weighted avg": {
        "precision": 0.5701114199071421,
        "recall": 0.6102292768959435,
        "f1-score": 0.546709197621656,
        "support": 1134.0
    }
}