{
    "R2": 0.9802949268297968,
    "RMSE": 22.3600906129218,
    "MSE": 499.97365221807354,
    "MAPE": 0.031466420547306174,
    "ACMAPE": 0.9586047521206958
}