{
    "DOWN": {
        "precision": 0.875,
        "recall": 0.04046242774566474,
        "f1-score": 0.07734806629834255,
        "support": 173.0
    },
    "UP": {
        "precision": 0.2905982905982906,
        "recall": 0.9855072463768116,
        "f1-score": 0.4488448844884489,
        "support": 69.0
    },
    "accuracy": 0.30991735537190085,
    "macro avg": {
        "precision": 0.5827991452991453,
        "recall": 0.5129848370612382,
        "f1-score": 0.2630964753933957,
        "support": 242.0
    },
    "weighted avg": {
        "precision": 0.7083730663276118,
        "recall": 0.30991735537190085,
        "f1-score": 0.1832707128070919,
        "support": 242.0
    }
}