{
    "DOWN": {
<<<<<<< HEAD
        "precision": 0.7083333333333334,
        "recall": 0.5345911949685535,
        "f1-score": 0.6093189964157707,
        "support": 636.0
    },
    "UP": {
        "precision": 0.36616702355460384,
        "recall": 0.5498392282958199,
        "f1-score": 0.43958868894601544,
        "support": 311.0
    },
    "accuracy": 0.5395987328405492,
    "macro avg": {
        "precision": 0.5372501784439686,
        "recall": 0.5422152116321867,
        "f1-score": 0.5244538426808931,
        "support": 947.0
    },
    "weighted avg": {
        "precision": 0.5959640383584813,
        "recall": 0.5395987328405492,
        "f1-score": 0.5535786314494624,
=======
        "precision": 0.7056367432150313,
        "recall": 0.5314465408805031,
        "f1-score": 0.6062780269058297,
        "support": 636.0
    },
    "UP": {
        "precision": 0.36324786324786323,
        "recall": 0.5466237942122186,
        "f1-score": 0.43645699614890887,
        "support": 311.0
    },
    "accuracy": 0.5364308342133052,
    "macro avg": {
        "precision": 0.5344423032314473,
        "recall": 0.5390351675463609,
        "f1-score": 0.5213675115273693,
        "support": 947.0
    },
    "weighted avg": {
        "precision": 0.5931943549681578,
        "recall": 0.5364308342133052,
        "f1-score": 0.5505078679138524,
>>>>>>> d5f42532be6a9c18a5da3fb21b671ebbe5b6efbf
        "support": 947.0
    }
}