{
    "DOWN": {
        "precision": 0.7104136947218259,
        "recall": 0.7626339969372129,
        "f1-score": 0.7355982274741507,
        "support": 653.0
    },
    "UP": {
        "precision": 0.41729323308270677,
        "recall": 0.3535031847133758,
        "f1-score": 0.38275862068965516,
        "support": 314.0
    },
    "accuracy": 0.6297828335056876,
    "macro avg": {
        "precision": 0.5638534639022663,
        "recall": 0.5580685908252944,
        "f1-score": 0.5591784240819029,
        "support": 967.0
    },
    "weighted avg": {
        "precision": 0.615232903662174,
        "recall": 0.6297828335056876,
        "f1-score": 0.6210256974531253,
        "support": 967.0
    }
}