{
    "R2": 0.9909176711406376,
    "RMSE": 15.52234300825068,
    "MSE": 240.94313246578875,
    "MAPE": 0.01812796701539205,
    "ACMAPE": 0.7585623000040168
}