{
    "DOWN": {
        "precision": 0.8571428571428571,
        "recall": 0.03468208092485549,
        "f1-score": 0.06666666666666667,
        "support": 173.0
    },
    "UP": {
        "precision": 0.28936170212765955,
        "recall": 0.9855072463768116,
        "f1-score": 0.4473684210526316,
        "support": 69.0
    },
    "accuracy": 0.30578512396694213,
    "macro avg": {
        "precision": 0.5732522796352584,
        "recall": 0.5100946636508336,
        "f1-score": 0.25701754385964914,
        "support": 242.0
    },
    "weighted avg": {
        "precision": 0.6952548418699289,
        "recall": 0.30578512396694213,
        "f1-score": 0.17521386109902856,
        "support": 242.0
    }
}