{
    "R2": 0.9548292334068161,
    "RMSE": 84.72025424704235,
    "MSE": 7177.521479683498,
    "MAPE": 0.4731982694016087,
    "ACMAPE": 2.027706224616694
}