{
    "DOWN": {
        "precision": 0.6637168141592921,
        "recall": 0.026718916993231208,
        "f1-score": 0.05136986301369863,
        "support": 2807.0
    },
    "UP": {
        "precision": 0.16605616605616605,
        "recall": 0.9347079037800687,
        "f1-score": 0.28201140487299114,
        "support": 582.0
    },
    "accuracy": 0.1826497491885512,
    "macro avg": {
        "precision": 0.41488649010772904,
        "recall": 0.48071341038665,
        "f1-score": 0.16669063394334488,
        "support": 3389.0
    },
    "weighted avg": {
        "precision": 0.5782525187340871,
        "recall": 0.1826497491885512,
        "f1-score": 0.09097841343037265,
        "support": 3389.0
    }
}