{
    "DOWN": {
        "precision": 0.6124031007751938,
        "recall": 0.1381118881118881,
        "f1-score": 0.22539229671897287,
        "support": 572.0
    },
    "UP": {
        "precision": 0.31622746185852985,
        "recall": 0.8201438848920863,
        "f1-score": 0.45645645645645644,
        "support": 278.0
    },
    "accuracy": 0.3611764705882353,
    "macro avg": {
        "precision": 0.46431528131686184,
        "recall": 0.47912788650198723,
        "f1-score": 0.3409243765877147,
        "support": 850.0
    },
    "weighted avg": {
        "precision": 0.5155362447530378,
        "recall": 0.3611764705882353,
        "f1-score": 0.3009638689625263,
        "support": 850.0
    }
}