{
    "DOWN": {
        "precision": 0.7959183673469388,
        "recall": 0.08321479374110953,
        "f1-score": 0.15067611075338055,
        "support": 2812.0
    },
    "UP": {
        "precision": 0.16838709677419356,
        "recall": 0.8969072164948454,
        "f1-score": 0.2835415535035307,
        "support": 582.0
    },
    "accuracy": 0.22274602239245728,
    "macro avg": {
        "precision": 0.4821527320605662,
        "recall": 0.49006100511797746,
        "f1-score": 0.21710883212845564,
        "support": 3394.0
    },
    "weighted avg": {
        "precision": 0.6883098819393555,
        "recall": 0.22274602239245728,
        "f1-score": 0.1734597547370539,
        "support": 3394.0
    }
}