{
    "DOWN": {
<<<<<<< HEAD
        "precision": 0.7304964539007093,
        "recall": 0.24107665301345815,
        "f1-score": 0.36251649802023755,
        "support": 1709.0
    },
    "UP": {
        "precision": 0.27379619260918253,
        "recall": 0.7628705148205929,
        "f1-score": 0.4029666254635352,
        "support": 641.0
    },
    "accuracy": 0.38340425531914896,
    "macro avg": {
        "precision": 0.5021463232549459,
        "recall": 0.5019735839170255,
        "f1-score": 0.38274156174188634,
        "support": 2350.0
    },
    "weighted avg": {
        "precision": 0.6059241698633184,
        "recall": 0.38340425531914896,
        "f1-score": 0.37354991576115404,
=======
        "precision": 0.7627494456762749,
        "recall": 0.20128730251609128,
        "f1-score": 0.3185185185185185,
        "support": 1709.0
    },
    "UP": {
        "precision": 0.2812006319115324,
        "recall": 0.8330733229329174,
        "f1-score": 0.42047244094488184,
        "support": 641.0
    },
    "accuracy": 0.37361702127659574,
    "macro avg": {
        "precision": 0.5219750387939036,
        "recall": 0.5171803127245043,
        "f1-score": 0.36949547973170016,
        "support": 2350.0
    },
    "weighted avg": {
        "precision": 0.6313993224323601,
        "recall": 0.37361702127659574,
        "f1-score": 0.3463280777846031,
>>>>>>> d5f42532be6a9c18a5da3fb21b671ebbe5b6efbf
        "support": 2350.0
    }
}