{
    "R2": 0.881249133073748,
    "RMSE": 22.32534083596831,
    "MSE": 498.42084344215414,
    "MAPE": 0.07681941058215216,
    "ACMAPE": 1.3100108999438542
}