{
    "DOWN": {
        "precision": 0.7969018932874354,
        "recall": 0.8103850641773629,
        "f1-score": 0.8035869250795488,
        "support": 1714.0
    },
    "UP": {
        "precision": 0.473257698541329,
        "recall": 0.4520123839009288,
        "f1-score": 0.4623911322248615,
        "support": 646.0
    },
    "accuracy": 0.7122881355932204,
    "macro avg": {
        "precision": 0.6350797959143822,
        "recall": 0.6311987240391459,
        "f1-score": 0.6329890286522051,
        "support": 2360.0
    },
    "weighted avg": {
        "precision": 0.7083111518442216,
        "recall": 0.7122881355932204,
        "f1-score": 0.710191805510003,
        "support": 2360.0
    }
}