{
    "R2": 0.9106422355657539,
    "RMSE": 20.90533569553474,
    "MSE": 437.0330605429989,
    "MAPE": 0.06549039766826872,
    "ACMAPE": 1.1258441957952199
}