{
    "R2": -5.45383267276586,
    "RMSE": 15.278487018068276,
    "MSE": 233.43216556128084,
    "MAPE": 0.10272899456749669,
    "ACMAPE": 0.15655922231076785
}