{
    "DOWN": {
        "precision": 0.6365113759479957,
        "recall": 0.9662828947368421,
        "f1-score": 0.767472240365774,
        "support": 1216.0
    },
    "UP": {
        "precision": 0.49382716049382713,
        "recall": 0.05625879043600562,
        "f1-score": 0.101010101010101,
        "support": 711.0
    },
    "accuracy": 0.6305137519460301,
    "macro avg": {
        "precision": 0.5651692682209114,
        "recall": 0.5112708425864239,
        "f1-score": 0.4342411706879375,
        "support": 1927.0
    },
    "weighted avg": {
        "precision": 0.5838655652640756,
        "recall": 0.6305137519460301,
        "f1-score": 0.5215694997939611,
        "support": 1927.0
    }
}