{
    "R2": 0.9858893689977594,
    "RMSE": 8.306607253421722,
    "MSE": 68.99972406259836,
    "MAPE": 0.02071664859850641,
    "ACMAPE": 0.8020974017365818
}