{
    "R2": 0.9823926884137026,
    "RMSE": 9.27023904033622,
    "MSE": 85.93733186497379,
    "MAPE": 0.02367649245412898,
    "ACMAPE": 0.7824756642967791
}