{
    "R2": 0.9704306879635054,
    "RMSE": 12.019827413744391,
    "MSE": 144.4762510562012,
    "MAPE": 0.04079437015031214,
    "ACMAPE": 0.779766866258252
}