{
    "R2": 0.9893837032086327,
    "RMSE": 9.867300909952577,
    "MSE": 97.36362724755097,
    "MAPE": 0.03880472317411635,
    "ACMAPE": 0.6413598915829432
}