{
    "DOWN": {
        "precision": 0.7513631406761178,
        "recall": 0.8666666666666667,
        "f1-score": 0.8049065420560747,
        "support": 795.0
    },
    "UP": {
        "precision": 0.3416149068322981,
        "recall": 0.19434628975265017,
        "f1-score": 0.24774774774774774,
        "support": 283.0
    },
    "accuracy": 0.6901669758812616,
    "macro avg": {
        "precision": 0.5464890237542079,
        "recall": 0.5305064782096585,
        "f1-score": 0.5263271449019112,
        "support": 1078.0
    },
    "weighted avg": {
        "precision": 0.6437947267820537,
        "recall": 0.6901669758812616,
        "f1-score": 0.6586394374278218,
        "support": 1078.0
    }
}