{
    "DOWN": {
        "precision": 0.8125,
        "recall": 0.04905660377358491,
        "f1-score": 0.09252669039145908,
        "support": 795.0
    },
    "UP": {
        "precision": 0.26601941747572816,
        "recall": 0.9681978798586572,
        "f1-score": 0.41736481340441733,
        "support": 283.0
    },
    "accuracy": 0.29035250463821893,
    "macro avg": {
        "precision": 0.5392597087378641,
        "recall": 0.5086272418161211,
        "f1-score": 0.2549457518979382,
        "support": 1078.0
    },
    "weighted avg": {
        "precision": 0.6690361736044815,
        "recall": 0.29035250463821893,
        "f1-score": 0.1778042310340075,
        "support": 1078.0
    }
}