{
    "R2": 0.40417065002956565,
    "RMSE": 4.360806889060354,
    "MSE": 19.01663672367625,
    "MAPE": 0.04578545694432127,
    "ACMAPE": 1.4836333233636163
}