{
    "DOWN": {
        "precision": 0.9263157894736842,
        "recall": 0.024383485730119146,
        "f1-score": 0.047516198704103674,
        "support": 3609.0
    },
    "UP": {
        "precision": 0.164650059311981,
        "recall": 0.9900142653352354,
        "f1-score": 0.28234336859235154,
        "support": 701.0
    },
    "accuracy": 0.1814385150812065,
    "macro avg": {
        "precision": 0.5454829243928326,
        "recall": 0.5071988755326773,
        "f1-score": 0.1649297836482276,
        "support": 4310.0
    },
    "weighted avg": {
        "precision": 0.8024346579555046,
        "recall": 0.1814385150812065,
        "f1-score": 0.08570966647479086,
        "support": 4310.0
    }
}