{
    "DOWN": {
        "precision": 0.5755555555555556,
        "recall": 0.9384057971014492,
        "f1-score": 0.7134986225895317,
        "support": 276.0
    },
    "UP": {
        "precision": 0.48484848484848486,
        "recall": 0.07729468599033816,
        "f1-score": 0.13333333333333333,
        "support": 207.0
    },
    "accuracy": 0.5693581780538303,
    "macro avg": {
        "precision": 0.5302020202020202,
        "recall": 0.5078502415458936,
        "f1-score": 0.4234159779614325,
        "support": 483.0
    },
    "weighted avg": {
        "precision": 0.5366810966810968,
        "recall": 0.5693581780538303,
        "f1-score": 0.46485635576544665,
        "support": 483.0
    }
}