{
    "DOWN": {
<<<<<<< HEAD
        "precision": 0.7768166089965398,
        "recall": 0.6559532505478451,
        "f1-score": 0.7112871287128714,
        "support": 1369.0
    },
    "UP": {
        "precision": 0.3786279683377309,
        "recall": 0.5266055045871559,
        "f1-score": 0.44052187260168846,
        "support": 545.0
    },
    "accuracy": 0.6191222570532915,
    "macro avg": {
        "precision": 0.5777222886671354,
        "recall": 0.5912793775675005,
        "f1-score": 0.5759045006572799,
        "support": 1914.0
    },
    "weighted avg": {
        "precision": 0.6634347860294285,
        "recall": 0.6191222570532915,
        "f1-score": 0.634188348890199,
=======
        "precision": 0.7683720930232558,
        "recall": 0.6033601168736303,
        "f1-score": 0.6759410801963993,
        "support": 1369.0
    },
    "UP": {
        "precision": 0.3528009535160906,
        "recall": 0.5431192660550459,
        "f1-score": 0.4277456647398844,
        "support": 545.0
    },
    "accuracy": 0.5862068965517241,
    "macro avg": {
        "precision": 0.5605865232696732,
        "recall": 0.5732396914643381,
        "f1-score": 0.5518433724681419,
        "support": 1914.0
    },
    "weighted avg": {
        "precision": 0.6500407079493765,
        "recall": 0.5862068965517241,
        "f1-score": 0.6052689268924282,
>>>>>>> d5f42532be6a9c18a5da3fb21b671ebbe5b6efbf
        "support": 1914.0
    }
}