{
    "DOWN": {
        "precision": 0.6266666666666667,
        "recall": 0.9443585780525502,
        "f1-score": 0.7533908754623921,
        "support": 647.0
    },
    "UP": {
        "precision": 0.4375,
        "recall": 0.07142857142857142,
        "f1-score": 0.12280701754385966,
        "support": 392.0
    },
    "accuracy": 0.615014436958614,
    "macro avg": {
        "precision": 0.5320833333333334,
        "recall": 0.5078935747405608,
        "f1-score": 0.4380989465031259,
        "support": 1039.0
    },
    "weighted avg": {
        "precision": 0.5552967597048445,
        "recall": 0.615014436958614,
        "f1-score": 0.515480507508528,
        "support": 1039.0
    }
}