{
    "R2": 0.9873846804346751,
    "RMSE": 37.920145178917224,
    "MSE": 1437.9374103901594,
    "MAPE": 0.28929529124848247,
    "ACMAPE": 1.4928736278055423
}