{
    "R2": 0.9880229514210019,
    "RMSE": 32.33273419976336,
    "MSE": 1045.4057008325472,
    "MAPE": 0.021379863157396282,
    "ACMAPE": 1.1950325577681746
}