{
    "DOWN": {
        "precision": 0.5419501133786848,
        "recall": 0.9676113360323887,
        "f1-score": 0.6947674418604652,
        "support": 247.0
    },
    "UP": {
        "precision": 0.5555555555555556,
        "recall": 0.04716981132075472,
        "f1-score": 0.08695652173913045,
        "support": 212.0
    },
    "accuracy": 0.5424836601307189,
    "macro avg": {
        "precision": 0.5487528344671202,
        "recall": 0.5073905736765717,
        "f1-score": 0.39086198179979786,
        "support": 459.0
    },
    "weighted avg": {
        "precision": 0.5482341084581982,
        "recall": 0.5424836601307189,
        "f1-score": 0.4140356007586723,
        "support": 459.0
    }
}