{
    "R2": 0.944138553283058,
    "RMSE": 36.84144062415271,
    "MSE": 1357.2917472629695,
    "MAPE": 0.046362595860487965,
    "ACMAPE": 0.5694697738349225
}