{
    "DOWN": {
        "precision": 0.8569958847736625,
        "recall": 0.24962541204674857,
        "f1-score": 0.3866326293803667,
        "support": 3337.0
    },
    "UP": {
        "precision": 0.19121447028423771,
        "recall": 0.8098495212038304,
        "f1-score": 0.3093807159655082,
        "support": 731.0
    },
    "accuracy": 0.3502949852507375,
    "macro avg": {
        "precision": 0.5241051775289501,
        "recall": 0.5297374666252894,
        "f1-score": 0.34800667267293744,
        "support": 4068.0
    },
    "weighted avg": {
        "precision": 0.7373581723863053,
        "recall": 0.3502949852507375,
        "f1-score": 0.3727508327465758,
        "support": 4068.0
    }
}