{
    "R2": 0.991944777157394,
    "RMSE": 11.371314332403996,
    "MSE": 129.30678964633654,
    "MAPE": 0.030358856285747957,
    "ACMAPE": 0.9784813859300168
}