{
    "R2": 0.9639380815264754,
    "RMSE": 24.43109116008051,
    "MSE": 596.878215272164,
    "MAPE": 0.016687125726040645,
    "ACMAPE": 0.912520459059374
}