{
    "R2": -11.565563341561491,
    "RMSE": 34.31572019135389,
    "MSE": 1177.568652251293,
    "MAPE": 0.032281294346555967,
    "ACMAPE": 0.6722812943465559
}