{
    "R2": -4.803453890778537,
    "RMSE": 23.320905290299496,
    "MSE": 543.864623559119,
    "MAPE": 0.02185227831935228,
    "ACMAPE": 1.341852278319352
}