{
    "R2": 0.9625704425394711,
    "RMSE": 23.54563440712506,
    "MSE": 554.3968996339916,
    "MAPE": 0.015216595947079189,
    "ACMAPE": 0.9136123178722129
}