{
    "R2": 0.9436676349483077,
    "RMSE": 32.798798032256855,
    "MSE": 1075.761152360776,
    "MAPE": 0.021832156620667932,
    "ACMAPE": 0.8441671820013786
}