{
    "DOWN": {
        "precision": 0.65625,
        "recall": 0.6363636363636364,
        "f1-score": 0.6461538461538462,
        "support": 33.0
    },
    "UP": {
        "precision": 0.3333333333333333,
        "recall": 0.35294117647058826,
        "f1-score": 0.34285714285714286,
        "support": 17.0
    },
    "accuracy": 0.54,
    "macro avg": {
        "precision": 0.49479166666666663,
        "recall": 0.4946524064171123,
        "f1-score": 0.4945054945054945,
        "support": 50.0
    },
    "weighted avg": {
        "precision": 0.5464583333333333,
        "recall": 0.54,
        "f1-score": 0.5430329670329671,
        "support": 50.0
    }
}