{
    "R2": 0.9246660457147252,
    "RMSE": 32.15018278769424,
    "MSE": 1033.6342532821511,
    "MAPE": 0.021792970186054517,
    "ACMAPE": 0.8679468163399008
}