{
    "DOWN": {
        "precision": 0.7222222222222222,
        "recall": 0.35454545454545455,
        "f1-score": 0.4756097560975609,
        "support": 110.0
    },
    "UP": {
        "precision": 0.4855072463768116,
        "recall": 0.8170731707317073,
        "f1-score": 0.609090909090909,
        "support": 82.0
    },
    "accuracy": 0.5520833333333334,
    "macro avg": {
        "precision": 0.6038647342995169,
        "recall": 0.5858093126385809,
        "f1-score": 0.5423503325942349,
        "support": 192.0
    },
    "weighted avg": {
        "precision": 0.6211252012882448,
        "recall": 0.5520833333333334,
        "f1-score": 0.5326173318551367,
        "support": 192.0
    }
}