{
<<<<<<< HEAD
    "R2": 0.8661187032885325,
    "RMSE": 7.44454319205781,
    "MSE": 55.42122333841429,
    "MAPE": 0.05032306379944985,
    "ACMAPE": 1.339978236213243
=======
    "R2": 0.9250707011815744,
    "RMSE": 5.569342583444277,
    "MSE": 31.017576811765768,
    "MAPE": 0.03430756215171547,
    "ACMAPE": 1.2894799759448188
>>>>>>> d5f42532be6a9c18a5da3fb21b671ebbe5b6efbf
}