{
    "R2": 0.9847073085598449,
    "RMSE": 4.752067042364449,
    "MSE": 22.5821411751264,
    "MAPE": 0.030834137480147475,
    "ACMAPE": 0.7613214164797164
}