{
<<<<<<< HEAD
    "R2": 0.9780927161042702,
    "RMSE": 5.490263441970611,
    "MSE": 30.14299266223898,
    "MAPE": 0.06617818540841527,
    "ACMAPE": 1.6834030657911905
=======
    "R2": 0.984326572984822,
    "RMSE": 4.643879036324063,
    "MSE": 21.56561250401011,
    "MAPE": 0.05253806440956901,
    "ACMAPE": 1.650624188811483
>>>>>>> d5f42532be6a9c18a5da3fb21b671ebbe5b6efbf
}