{
    "DOWN": {
        "precision": 0.7625,
        "recall": 0.03208837453971594,
        "f1-score": 0.06158505805148915,
        "support": 1901.0
    },
    "UP": {
        "precision": 0.170797656602073,
        "recall": 0.9522613065326633,
        "f1-score": 0.28964463125716466,
        "support": 398.0
    },
    "accuracy": 0.19138755980861244,
    "macro avg": {
        "precision": 0.4666488283010365,
        "recall": 0.4921748405361896,
        "f1-score": 0.17561484465432692,
        "support": 2299.0
    },
    "weighted avg": {
        "precision": 0.6600652315474663,
        "recall": 0.19138755980861244,
        "f1-score": 0.10106644567039252,
        "support": 2299.0
    }
}