{
    "DOWN": {
        "precision": 0.9115593483320403,
        "recall": 0.6158280922431866,
        "f1-score": 0.7350641226149515,
        "support": 1908.0
    },
    "UP": {
        "precision": 0.2883495145631068,
        "recall": 0.7226277372262774,
        "f1-score": 0.41221374045801523,
        "support": 411.0
    },
    "accuracy": 0.6347563605002156,
    "macro avg": {
        "precision": 0.5999544314475735,
        "recall": 0.669227914734732,
        "f1-score": 0.5736389315364834,
        "support": 2319.0
    },
    "weighted avg": {
        "precision": 0.8011068939641957,
        "recall": 0.6347563605002156,
        "f1-score": 0.6778448440179266,
        "support": 2319.0
    }
}