{
    "DOWN": {
        "precision": 0.6470588235294118,
        "recall": 0.05670103092783505,
        "f1-score": 0.10426540284360189,
        "support": 388.0
    },
    "UP": {
        "precision": 0.32967032967032966,
        "recall": 0.9375,
        "f1-score": 0.48780487804878053,
        "support": 192.0
    },
    "accuracy": 0.3482758620689655,
    "macro avg": {
        "precision": 0.48836457659987076,
        "recall": 0.49710051546391754,
        "f1-score": 0.2960351404461912,
        "support": 580.0
    },
    "weighted avg": {
        "precision": 0.5419922876312329,
        "recall": 0.3482758620689655,
        "f1-score": 0.23123019463566105,
        "support": 580.0
    }
}