{
    "R2": 0.9863834136424386,
    "RMSE": 4.473207049368708,
    "MSE": 20.0095813065219,
    "MAPE": 0.045700000752745724,
    "ACMAPE": 0.5824329307441027
}