{
    "DOWN": {
        "precision": 0.857540345019477,
        "recall": 0.8084994753410283,
        "f1-score": 0.8322981366459627,
        "support": 1906.0
    },
    "UP": {
        "precision": 0.2940038684719536,
        "recall": 0.37254901960784315,
        "f1-score": 0.3286486486486487,
        "support": 408.0
    },
    "accuracy": 0.7316335350043215,
    "macro avg": {
        "precision": 0.5757721067457153,
        "recall": 0.5905242474744357,
        "f1-score": 0.5804733926473057,
        "support": 2314.0
    },
    "weighted avg": {
        "precision": 0.7581786845046155,
        "recall": 0.7316335350043215,
        "f1-score": 0.7434956340085798,
        "support": 2314.0
    }
}