{
    "DOWN": {
        "precision": 0.8769338959212377,
        "recall": 0.3461965574680733,
        "f1-score": 0.4964171974522293,
        "support": 3602.0
    },
    "UP": {
        "precision": 0.14519056261343014,
        "recall": 0.6956521739130435,
        "f1-score": 0.24024024024024027,
        "support": 575.0
    },
    "accuracy": 0.39430213071582476,
    "macro avg": {
        "precision": 0.5110622292673339,
        "recall": 0.5209243656905584,
        "f1-score": 0.36832871884623475,
        "support": 4177.0
    },
    "weighted avg": {
        "precision": 0.7762031282286379,
        "recall": 0.39430213071582476,
        "f1-score": 0.4611522344651827,
        "support": 4177.0
    }
}