{
    "DOWN": {
        "precision": 0.8033431661750245,
        "recall": 0.9703087885985748,
        "f1-score": 0.8789671866594944,
        "support": 842.0
    },
    "UP": {
        "precision": 0.16666666666666666,
        "recall": 0.024390243902439025,
        "f1-score": 0.0425531914893617,
        "support": 205.0
    },
    "accuracy": 0.7851002865329513,
    "macro avg": {
        "precision": 0.4850049164208456,
        "recall": 0.49734951625050694,
        "f1-score": 0.460760189074428,
        "support": 1047.0
    },
    "weighted avg": {
        "precision": 0.678683488620857,
        "recall": 0.7851002865329513,
        "f1-score": 0.7151994034599937,
        "support": 1047.0
    }
}