{
    "DOWN": {
        "precision": 0.8044747081712063,
        "recall": 0.982185273159145,
        "f1-score": 0.8844919786096257,
        "support": 842.0
    },
    "UP": {
        "precision": 0.21052631578947367,
        "recall": 0.01951219512195122,
        "f1-score": 0.03571428571428571,
        "support": 205.0
    },
    "accuracy": 0.7936962750716332,
    "macro avg": {
        "precision": 0.50750051198034,
        "recall": 0.5008487341405481,
        "f1-score": 0.4601031321619557,
        "support": 1047.0
    },
    "weighted avg": {
        "precision": 0.6881810878863398,
        "recall": 0.7936962750716332,
        "f1-score": 0.7183034140981217,
        "support": 1047.0
    }
}