{
    "R2": -11.384768546090065,
    "RMSE": 123.87129474975603,
    "MSE": 15344.097662980936,
    "MAPE": 0.9755105822893044,
    "ACMAPE": 2.646690466235146
}