{
    "R2": 0.9861380493441797,
    "RMSE": 65.96403968668702,
    "MSE": 4351.25453178682,
    "MAPE": 0.1143817303137348,
    "ACMAPE": 1.381837637537702
}