{
    "DOWN": {
        "precision": 0.6637744034707158,
        "recall": 0.20923076923076922,
        "f1-score": 0.3181700025994281,
        "support": 2925.0
    },
    "UP": {
        "precision": 0.2810071495181846,
        "recall": 0.7446457990115322,
        "f1-score": 0.40803430376890093,
        "support": 1214.0
    },
    "accuracy": 0.3662720463880164,
    "macro avg": {
        "precision": 0.4723907764944502,
        "recall": 0.4769382841211507,
        "f1-score": 0.3631021531841645,
        "support": 4139.0
    },
    "weighted avg": {
        "precision": 0.5515058733188982,
        "recall": 0.3662720463880164,
        "f1-score": 0.3445278817054296,
        "support": 4139.0
    }
}