{
    "DOWN": {
        "precision": 0.9299666507860886,
        "recall": 0.9348659003831418,
        "f1-score": 0.9324098399808932,
        "support": 2088.0
    },
    "UP": {
        "precision": 0.1111111111111111,
        "recall": 0.10365853658536585,
        "f1-score": 0.10725552050473186,
        "support": 164.0
    },
    "accuracy": 0.8743339253996447,
    "macro avg": {
        "precision": 0.5205388809485999,
        "recall": 0.5192622184842538,
        "f1-score": 0.5198326802428126,
        "support": 2252.0
    },
    "weighted avg": {
        "precision": 0.8703341869731684,
        "recall": 0.8743339253996447,
        "f1-score": 0.8723186728431976,
        "support": 2252.0
    }
}