{
    "R2": 0.9844795696533309,
    "RMSE": 2145.8515634961564,
    "MSE": 4604678.932558898,
    "MAPE": 0.04209670246641091,
    "ACMAPE": 0.3977305052833124
}