{
    "DOWN": {
        "precision": 0.874274661508704,
        "recall": 0.9262295081967213,
        "f1-score": 0.8995024875621891,
        "support": 488.0
    },
    "UP": {
        "precision": 0.29411764705882354,
        "recall": 0.1875,
        "f1-score": 0.22900763358778625,
        "support": 80.0
    },
    "accuracy": 0.8221830985915493,
    "macro avg": {
        "precision": 0.5841961542837638,
        "recall": 0.5568647540983607,
        "f1-score": 0.5642550605749876,
        "support": 568.0
    },
    "weighted avg": {
        "precision": 0.7925624059523828,
        "recall": 0.8221830985915493,
        "f1-score": 0.8050665926362169,
        "support": 568.0
    }
}