{
    "DOWN": {
        "precision": 0.9525691699604744,
        "recall": 0.6908743430482561,
        "f1-score": 0.800886181113265,
        "support": 2093.0
    },
    "UP": {
        "precision": 0.1303763440860215,
        "recall": 0.5739644970414202,
        "f1-score": 0.21248630887185102,
        "support": 169.0
    },
    "accuracy": 0.6821396993810787,
    "macro avg": {
        "precision": 0.5414727570232479,
        "recall": 0.6324194200448381,
        "f1-score": 0.506686244992558,
        "support": 2262.0
    },
    "weighted avg": {
        "precision": 0.8911409703261761,
        "recall": 0.6821396993810787,
        "f1-score": 0.7569252711182168,
        "support": 2262.0
    }
}