{
    "DOWN": {
        "precision": 0.8636363636363636,
        "recall": 0.8176229508196722,
        "f1-score": 0.8400000000000001,
        "support": 488.0
    },
    "UP": {
        "precision": 0.16037735849056603,
        "recall": 0.2125,
        "f1-score": 0.1827956989247312,
        "support": 80.0
    },
    "accuracy": 0.7323943661971831,
    "macro avg": {
        "precision": 0.5120068610634648,
        "recall": 0.515061475409836,
        "f1-score": 0.5113978494623657,
        "support": 568.0
    },
    "weighted avg": {
        "precision": 0.7645857995313217,
        "recall": 0.7323943661971831,
        "f1-score": 0.7474360139330608,
        "support": 568.0
    }
}