{
    "DOWN": {
        "precision": 0.8073394495412844,
        "recall": 0.04194470924690181,
        "f1-score": 0.07974626189397371,
        "support": 2098.0
    },
    "UP": {
        "precision": 0.07073509015256588,
        "recall": 0.8793103448275862,
        "f1-score": 0.13093709884467267,
        "support": 174.0
    },
    "accuracy": 0.10607394366197183,
    "macro avg": {
        "precision": 0.43903726984692515,
        "recall": 0.460627527037244,
        "f1-score": 0.10534168036932319,
        "support": 2272.0
    },
    "weighted avg": {
        "precision": 0.7509269677923245,
        "recall": 0.10607394366197183,
        "f1-score": 0.08366668690692337,
        "support": 2272.0
    }
}