{
    "DOWN": {
        "precision": 0.8745173745173745,
        "recall": 0.9282786885245902,
        "f1-score": 0.900596421471173,
        "support": 488.0
    },
    "UP": {
        "precision": 0.3,
        "recall": 0.1875,
        "f1-score": 0.23076923076923075,
        "support": 80.0
    },
    "accuracy": 0.823943661971831,
    "macro avg": {
        "precision": 0.5872586872586872,
        "recall": 0.5578893442622951,
        "f1-score": 0.5656828261202019,
        "support": 568.0
    },
    "weighted avg": {
        "precision": 0.7935994344445049,
        "recall": 0.823943661971831,
        "f1-score": 0.806254563625829,
        "support": 568.0
    }
}