{
    "DOWN": {
        "precision": 0.8333333333333334,
        "recall": 0.12195121951219512,
        "f1-score": 0.21276595744680848,
        "support": 205.0
    },
    "UP": {
        "precision": 0.05759162303664921,
        "recall": 0.6875,
        "f1-score": 0.10628019323671496,
        "support": 16.0
    },
    "accuracy": 0.16289592760180996,
    "macro avg": {
        "precision": 0.4454624781849913,
        "recall": 0.40472560975609756,
        "f1-score": 0.15952307534176172,
        "support": 221.0
    },
    "weighted avg": {
        "precision": 0.7771710375652476,
        "recall": 0.16289592760180996,
        "f1-score": 0.20505658085241257,
        "support": 221.0
    }
}