{
    "R2": 0.7370966089222205,
    "RMSE": 69.97948586518844,
    "MSE": 4897.128441956108,
    "MAPE": 0.031178974290106267,
    "ACMAPE": 1.678237797819518
}