{
    "DOWN": {
        "precision": 0.8245614035087719,
        "recall": 0.5295774647887324,
        "f1-score": 0.6449399656946826,
        "support": 710.0
    },
    "UP": {
        "precision": 0.20853080568720378,
        "recall": 0.5238095238095238,
        "f1-score": 0.29830508474576267,
        "support": 168.0
    },
    "accuracy": 0.5284738041002278,
    "macro avg": {
        "precision": 0.5165461045979879,
        "recall": 0.5266934942991282,
        "f1-score": 0.47162252522022263,
        "support": 878.0
    },
    "weighted avg": {
        "precision": 0.706687667251342,
        "recall": 0.5284738041002278,
        "f1-score": 0.57861347366801,
        "support": 878.0
    }
}