{
    "R2": 0.9650557492074342,
    "RMSE": 85.33690261357567,
    "MSE": 7282.386947678898,
    "MAPE": 0.029916272176215192,
    "ACMAPE": 1.3369846383407575
}