{
    "DOWN": {
        "precision": 0.9259259259259259,
        "recall": 0.12195121951219512,
        "f1-score": 0.21551724137931033,
        "support": 205.0
    },
    "UP": {
        "precision": 0.07216494845360824,
        "recall": 0.875,
        "f1-score": 0.13333333333333333,
        "support": 16.0
    },
    "accuracy": 0.17647058823529413,
    "macro avg": {
        "precision": 0.49904543718976707,
        "recall": 0.49847560975609756,
        "f1-score": 0.17442528735632185,
        "support": 221.0
    },
    "weighted avg": {
        "precision": 0.8641151764256676,
        "recall": 0.17647058823529413,
        "f1-score": 0.20956727518593643,
        "support": 221.0
    }
}