{
    "DOWN": {
        "precision": 0.8,
        "recall": 0.11631663974151858,
        "f1-score": 0.20310296191819463,
        "support": 619.0
    },
    "UP": {
        "precision": 0.3456937799043062,
        "recall": 0.9413680781758957,
        "f1-score": 0.505686789151356,
        "support": 307.0
    },
    "accuracy": 0.3898488120950324,
    "macro avg": {
        "precision": 0.5728468899521532,
        "recall": 0.5288423589587071,
        "f1-score": 0.35439487553477533,
        "support": 926.0
    },
    "weighted avg": {
        "precision": 0.6493822790827453,
        "recall": 0.3898488120950324,
        "f1-score": 0.3034196303421477,
        "support": 926.0
    }
}