{
    "R2": 0.9490676485631979,
    "RMSE": 5.705682295632639,
    "MSE": 32.554810458695734,
    "MAPE": 0.04276752852841371,
    "ACMAPE": 1.222033187275714
}