{
    "R2": 0.9588868642807445,
    "RMSE": 5.263663900406444,
    "MSE": 27.706157656441974,
    "MAPE": 0.02666822702389543,
    "ACMAPE": 0.7937622441179124
}