{
<<<<<<< HEAD
    "R2": 0.9444838370511472,
    "RMSE": 5.956901829582437,
    "MSE": 35.48467940728258,
    "MAPE": 0.044796754034482356,
    "ACMAPE": 1.2650991298444176
=======
    "R2": 0.9490676485631979,
    "RMSE": 5.705682295632639,
    "MSE": 32.554810458695734,
    "MAPE": 0.04276752852841371,
    "ACMAPE": 1.222033187275714
>>>>>>> d5f42532be6a9c18a5da3fb21b671ebbe5b6efbf
}