{
    "R2": 0.9430658977047696,
    "RMSE": 8.318641974501473,
    "MSE": 69.19980429993777,
    "MAPE": 0.03462022900612272,
    "ACMAPE": 0.8887428505706046
}