{
    "R2": 0.8631009112582646,
    "RMSE": 6.119841521522234,
    "MSE": 37.45246024854758,
    "MAPE": 0.09011430251219336,
    "ACMAPE": 1.488419387257956
}