{
    "R2": 0.9539293367817737,
    "RMSE": 15.778219441696162,
    "MSE": 248.95220875031873,
    "MAPE": 0.02614216764019644,
    "ACMAPE": 0.9591092006072294
}