{
    "R2": 0.9597173513518837,
    "RMSE": 14.829074636356616,
    "MSE": 219.9014545706351,
    "MAPE": 0.02815321793703589,
    "ACMAPE": 0.4603754401592582
}