{
    "DOWN": {
        "precision": 0.8710562414266118,
        "recall": 0.8633582596872875,
        "f1-score": 0.8671901672925912,
        "support": 1471.0
    },
    "UP": {
        "precision": 0.41228070175438597,
        "recall": 0.42857142857142855,
        "f1-score": 0.4202682563338301,
        "support": 329.0
    },
    "accuracy": 0.7838888888888889,
    "macro avg": {
        "precision": 0.6416684715904989,
        "recall": 0.6459648441293581,
        "f1-score": 0.6437292118132106,
        "support": 1800.0
    },
    "weighted avg": {
        "precision": 0.7872022677865216,
        "recall": 0.7838888888888889,
        "f1-score": 0.785502773567351,
        "support": 1800.0
    }
}