{
    "R2": 0.9593621144738487,
    "RMSE": 14.894317011690998,
    "MSE": 221.84067924474786,
    "MAPE": 0.028302102953073203,
    "ACMAPE": 0.4605243251752955
}