{
    "DOWN": {
        "precision": 0.655011655011655,
        "recall": 0.939799331103679,
        "f1-score": 0.771978021978022,
        "support": 299.0
    },
    "UP": {
        "precision": 0.3076923076923077,
        "recall": 0.05128205128205128,
        "f1-score": 0.08791208791208792,
        "support": 156.0
    },
    "accuracy": 0.6351648351648351,
    "macro avg": {
        "precision": 0.4813519813519814,
        "recall": 0.49554069119286515,
        "f1-score": 0.42994505494505497,
        "support": 455.0
    },
    "weighted avg": {
        "precision": 0.5359307359307359,
        "recall": 0.6351648351648351,
        "f1-score": 0.5374411302982732,
        "support": 455.0
    }
}