{
    "DOWN": {
        "precision": 0.7178631051752922,
        "recall": 0.9953703703703703,
        "f1-score": 0.8341416100872938,
        "support": 432.0
    },
    "UP": {
        "precision": 0.3333333333333333,
        "recall": 0.0058823529411764705,
        "f1-score": 0.011560693641618498,
        "support": 170.0
    },
    "accuracy": 0.7159468438538206,
    "macro avg": {
        "precision": 0.5255982192543127,
        "recall": 0.5006263616557735,
        "f1-score": 0.42285115186445615,
        "support": 602.0
    },
    "weighted avg": {
        "precision": 0.6092749636252374,
        "recall": 0.7159468438538206,
        "f1-score": 0.6018513180677508,
        "support": 602.0
    }
}