{
    "DOWN": {
        "precision": 0.73,
        "recall": 0.34032634032634035,
        "f1-score": 0.4642289348171701,
        "support": 429.0
    },
    "UP": {
        "precision": 0.2871536523929471,
        "recall": 0.6785714285714286,
        "f1-score": 0.40353982300884955,
        "support": 168.0
    },
    "accuracy": 0.4355108877721943,
    "macro avg": {
        "precision": 0.5085768261964736,
        "recall": 0.5094488844488845,
        "f1-score": 0.4338843789130098,
        "support": 597.0
    },
    "weighted avg": {
        "precision": 0.6053799222814323,
        "recall": 0.4355108877721943,
        "f1-score": 0.4471505917957332,
        "support": 597.0
    }
}