{
    "R2": -1311.3283866406132,
    "RMSE": 2.928641061786478,
    "MSE": 8.57693846878183,
    "MAPE": 0.029246882306350214,
    "ACMAPE": 2.0027568160811846
}