{
    "R2": 0.9749043542374134,
    "RMSE": 7.970697918685267,
    "MSE": 63.53202531093365,
    "MAPE": 0.08902280086335752,
    "ACMAPE": 1.39645523329579
}