{
    "R2": -14594.68444041738,
    "RMSE": 9.766908483253541,
    "MSE": 95.39250132024999,
    "MAPE": 0.19186900593484807,
    "ACMAPE": 0.20511403904743092
}