{
    "DOWN": {
        "precision": 0.8135593220338984,
        "recall": 0.11320754716981132,
        "f1-score": 0.1987577639751553,
        "support": 424.0
    },
    "UP": {
        "precision": 0.2945590994371482,
        "recall": 0.9345238095238095,
        "f1-score": 0.4479315263908702,
        "support": 168.0
    },
    "accuracy": 0.34628378378378377,
    "macro avg": {
        "precision": 0.5540592107355233,
        "recall": 0.5238656783468104,
        "f1-score": 0.32334464518301276,
        "support": 592.0
    },
    "weighted avg": {
        "precision": 0.6662754750807667,
        "recall": 0.34628378378378377,
        "f1-score": 0.2694692370931284,
        "support": 592.0
    }
}