{
    "DOWN": {
        "precision": 0.7397959183673469,
        "recall": 0.6807511737089202,
        "f1-score": 0.7090464547677262,
        "support": 213.0
    },
    "UP": {
        "precision": 0.6023391812865497,
        "recall": 0.6688311688311688,
        "f1-score": 0.6338461538461538,
        "support": 154.0
    },
    "accuracy": 0.6757493188010899,
    "macro avg": {
        "precision": 0.6710675498269483,
        "recall": 0.6747911712700445,
        "f1-score": 0.6714463043069401,
        "support": 367.0
    },
    "weighted avg": {
        "precision": 0.6821165246059225,
        "recall": 0.6757493188010899,
        "f1-score": 0.6774910151439602,
        "support": 367.0
    }
}