{
    "DOWN": {
        "precision": 0.8125,
        "recall": 0.6190476190476191,
        "f1-score": 0.7027027027027026,
        "support": 210.0
    },
    "UP": {
        "precision": 0.6039603960396039,
        "recall": 0.8026315789473685,
        "f1-score": 0.6892655367231638,
        "support": 152.0
    },
    "accuracy": 0.6961325966850829,
    "macro avg": {
        "precision": 0.708230198019802,
        "recall": 0.7108395989974938,
        "f1-score": 0.6959841197129333,
        "support": 362.0
    },
    "weighted avg": {
        "precision": 0.724936409386795,
        "recall": 0.6961325966850829,
        "f1-score": 0.6970605777610178,
        "support": 362.0
    }
}