{
    "R2": 0.819920399042642,
    "RMSE": 9.179851402489476,
    "MSE": 84.26967177178798,
    "MAPE": 0.010118288432524348,
    "ACMAPE": 1.1680130252746297
}