{
    "DOWN": {
        "precision": 0.6837606837606838,
        "recall": 0.36363636363636365,
        "f1-score": 0.47477744807121663,
        "support": 220.0
    },
    "UP": {
        "precision": 0.4716981132075472,
        "recall": 0.7716049382716049,
        "f1-score": 0.585480093676815,
        "support": 162.0
    },
    "accuracy": 0.5366492146596858,
    "macro avg": {
        "precision": 0.5777293984841154,
        "recall": 0.5676206509539843,
        "f1-score": 0.5301287708740158,
        "support": 382.0
    },
    "weighted avg": {
        "precision": 0.5938283894423378,
        "recall": 0.5366492146596858,
        "f1-score": 0.521724643328041,
        "support": 382.0
    }
}