{
    "R2": 0.9919991532504417,
    "RMSE": 23.77791425277521,
    "MSE": 565.3892062123305,
    "MAPE": 0.13844600382032896,
    "ACMAPE": 1.2564006813334028
}