{
    "R2": -97.83431865090706,
    "RMSE": 11.337251427980291,
    "MSE": 128.53326994124117,
    "MAPE": 0.21116303686468288,
    "ACMAPE": 2.2065334072350535
}