{
<<<<<<< HEAD
    "R2": -44.1811930352207,
    "RMSE": 7.665363229878395,
    "MSE": 58.75779344597173,
    "MAPE": 0.13226775715844025,
    "ACMAPE": 2.123008497899181
=======
    "R2": -53.750092881430966,
    "RMSE": 8.438132137673518,
    "MSE": 71.20207397283866,
    "MAPE": 0.1512436050495498,
    "ACMAPE": 2.1419843457902905
>>>>>>> d5f42532be6a9c18a5da3fb21b671ebbe5b6efbf
}