{
    "R2": 0.4319573562405957,
    "RMSE": 103.58685623162843,
    "MSE": 10730.23678395206,
    "MAPE": 0.33709725699531,
    "ACMAPE": 1.8609067808048336
}