{
    "R2": 0.9112972654133439,
    "RMSE": 53.99266448601633,
    "MSE": 2915.2078182995288,
    "MAPE": 0.18266241505924863,
    "ACMAPE": 0.929443530939077
}