{
    "R2": 0.9830179827850523,
    "RMSE": 22.970844494010237,
    "MSE": 527.6596967680005,
    "MAPE": 0.038369767013674685,
    "ACMAPE": 0.8763144310452953
}