{
    "DOWN": {
        "precision": 0.6650943396226415,
        "recall": 0.9096774193548387,
        "f1-score": 0.7683923705722071,
        "support": 155.0
    },
    "UP": {
        "precision": 0.6111111111111112,
        "recall": 0.23655913978494625,
        "f1-score": 0.34108527131782945,
        "support": 93.0
    },
    "accuracy": 0.657258064516129,
    "macro avg": {
        "precision": 0.6381027253668763,
        "recall": 0.5731182795698925,
        "f1-score": 0.5547388209450183,
        "support": 248.0
    },
    "weighted avg": {
        "precision": 0.6448506289308177,
        "recall": 0.657258064516129,
        "f1-score": 0.6081522083518155,
        "support": 248.0
    }
}