{
    "DOWN": {
        "precision": 0.6923076923076923,
        "recall": 0.1875,
        "f1-score": 0.29508196721311475,
        "support": 48.0
    },
    "UP": {
        "precision": 0.22,
        "recall": 0.7333333333333333,
        "f1-score": 0.3384615384615385,
        "support": 15.0
    },
    "accuracy": 0.31746031746031744,
    "macro avg": {
        "precision": 0.45615384615384613,
        "recall": 0.46041666666666664,
        "f1-score": 0.3167717528373266,
        "support": 63.0
    },
    "weighted avg": {
        "precision": 0.5798534798534798,
        "recall": 0.31746031746031744,
        "f1-score": 0.30541043655797756,
        "support": 63.0
    }
}