{
    "DOWN": {
        "precision": 0.66875,
        "recall": 0.66875,
        "f1-score": 0.66875,
        "support": 160.0
    },
    "UP": {
        "precision": 0.43010752688172044,
        "recall": 0.43010752688172044,
        "f1-score": 0.43010752688172044,
        "support": 93.0
    },
    "accuracy": 0.5810276679841897,
    "macro avg": {
        "precision": 0.5494287634408602,
        "recall": 0.5494287634408602,
        "f1-score": 0.5494287634408602,
        "support": 253.0
    },
    "weighted avg": {
        "precision": 0.5810276679841897,
        "recall": 0.5810276679841897,
        "f1-score": 0.5810276679841897,
        "support": 253.0
    }
}