{
    "DOWN": {
        "precision": 1.0,
        "recall": 0.020833333333333332,
        "f1-score": 0.04081632653061225,
        "support": 48.0
    },
    "UP": {
        "precision": 0.24193548387096775,
        "recall": 1.0,
        "f1-score": 0.38961038961038963,
        "support": 15.0
    },
    "accuracy": 0.25396825396825395,
    "macro avg": {
        "precision": 0.6209677419354839,
        "recall": 0.5104166666666666,
        "f1-score": 0.21521335807050093,
        "support": 63.0
    },
    "weighted avg": {
        "precision": 0.8195084485407066,
        "recall": 0.25396825396825395,
        "f1-score": 0.12386253202579735,
        "support": 63.0
    }
}