{
    "DOWN": {
<<<<<<< HEAD
        "precision": 0.5683690280065898,
        "recall": 0.9885386819484241,
        "f1-score": 0.7217573221757323,
        "support": 349.0
    },
    "UP": {
        "precision": 0.5,
        "recall": 0.015037593984962405,
        "f1-score": 0.029197080291970802,
        "support": 266.0
    },
    "accuracy": 0.567479674796748,
    "macro avg": {
        "precision": 0.5341845140032949,
        "recall": 0.5017881379666933,
        "f1-score": 0.37547720123385153,
        "support": 615.0
    },
    "weighted avg": {
        "precision": 0.5387980337793493,
        "recall": 0.567479674796748,
        "f1-score": 0.42221094113332486,
=======
        "precision": 0.5695581014729951,
        "recall": 0.997134670487106,
        "f1-score": 0.7250000000000001,
        "support": 349.0
    },
    "UP": {
        "precision": 0.75,
        "recall": 0.011278195488721804,
        "f1-score": 0.022222222222222223,
        "support": 266.0
    },
    "accuracy": 0.5707317073170731,
    "macro avg": {
        "precision": 0.6597790507364976,
        "recall": 0.5042064329879139,
        "f1-score": 0.37361111111111117,
        "support": 615.0
    },
    "weighted avg": {
        "precision": 0.6476028901041874,
        "recall": 0.5707317073170731,
        "f1-score": 0.4210343270099368,
>>>>>>> d5f42532be6a9c18a5da3fb21b671ebbe5b6efbf
        "support": 615.0
    }
}