{
    "DOWN": {
        "precision": 0.6094594594594595,
        "recall": 0.3084815321477428,
        "f1-score": 0.40962761126248864,
        "support": 1462.0
    },
    "UP": {
        "precision": 0.4056437389770723,
        "recall": 0.7048008171603677,
        "f1-score": 0.5149253731343284,
        "support": 979.0
    },
    "accuracy": 0.4674313805817288,
    "macro avg": {
        "precision": 0.5075515992182659,
        "recall": 0.5066411746540552,
        "f1-score": 0.4622764921984085,
        "support": 2441.0
    },
    "weighted avg": {
        "precision": 0.5277160795527585,
        "recall": 0.4674313805817288,
        "f1-score": 0.4518588725785604,
        "support": 2441.0
    }
}