{
    "R2": 0.6709667286131977,
    "RMSE": 307.61748457012135,
    "MSE": 94628.51681324886,
    "MAPE": 0.09873555556342503,
    "ACMAPE": 0.9637762059699291
}