{
    "DOWN": {
        "precision": 0.5695581014729951,
        "recall": 0.997134670487106,
        "f1-score": 0.7250000000000001,
        "support": 349.0
    },
    "UP": {
        "precision": 0.75,
        "recall": 0.011278195488721804,
        "f1-score": 0.022222222222222223,
        "support": 266.0
    },
    "accuracy": 0.5707317073170731,
    "macro avg": {
        "precision": 0.6597790507364976,
        "recall": 0.5042064329879139,
        "f1-score": 0.37361111111111117,
        "support": 615.0
    },
    "weighted avg": {
        "precision": 0.6476028901041874,
        "recall": 0.5707317073170731,
        "f1-score": 0.4210343270099368,
        "support": 615.0
    }
}