{
    "R2": 0.8535389972661482,
    "RMSE": 120.50639874842751,
    "MSE": 14521.792139315012,
    "MAPE": 0.14508481403680024,
    "ACMAPE": 1.2102220528733427
}