{
    "R2": 0.8908216410949658,
    "RMSE": 104.34762187596934,
    "MSE": 10888.426191170276,
    "MAPE": 0.0852192486325935,
    "ACMAPE": 1.0635954216232095
}