{
    "R2": -6.280552242638336,
    "RMSE": 1447.0157896861645,
    "MSE": 2093854.695601074,
    "MAPE": 0.49816092502199794,
    "ACMAPE": 1.3632015754285018
}