{
    "R2": 0.9519842217327003,
    "RMSE": 117.5122373799283,
    "MSE": 13809.125934036618,
    "MAPE": 0.033975915162586606,
    "ACMAPE": 0.8599921753251881
}