{
    "R2": 0.9637985562904962,
    "RMSE": 17.026599226403825,
    "MSE": 289.9050812165753,
    "MAPE": 0.017247891103312686,
    "ACMAPE": 0.957322797470354
}