{
    "R2": 0.997426456058321,
    "RMSE": 13.196672075683205,
    "MSE": 174.15215387311687,
    "MAPE": 0.047103901925875484,
    "ACMAPE": 1.2116608639511919
}