{
    "DOWN": {
        "precision": 0.6934816347646146,
        "recall": 0.9216225507047096,
        "f1-score": 0.7914391143911439,
        "support": 2909.0
    },
    "UP": {
        "precision": 0.43703703703703706,
        "recall": 0.1299559471365639,
        "f1-score": 0.20033955857385397,
        "support": 1362.0
    },
    "accuracy": 0.6691641301802856,
    "macro avg": {
        "precision": 0.5652593359008258,
        "recall": 0.5257892489206367,
        "f1-score": 0.49588933648249894,
        "support": 4271.0
    },
    "weighted avg": {
        "precision": 0.6117027674958343,
        "recall": 0.6691641301802856,
        "f1-score": 0.6029404969659159,
        "support": 4271.0
    }
}