{
    "DOWN": {
        "precision": 0.6157635467980296,
        "recall": 0.7587253414264037,
        "f1-score": 0.6798096532970769,
        "support": 659.0
    },
    "UP": {
        "precision": 0.37890625,
        "recall": 0.2371638141809291,
        "f1-score": 0.29172932330827067,
        "support": 409.0
    },
    "accuracy": 0.5589887640449438,
    "macro avg": {
        "precision": 0.4973348983990148,
        "recall": 0.4979445778036664,
        "f1-score": 0.48576948830267375,
        "support": 1068.0
    },
    "weighted avg": {
        "precision": 0.5250569602901699,
        "recall": 0.5589887640449438,
        "f1-score": 0.531190875239566,
        "support": 1068.0
    }
}