{
    "DOWN": {
        "precision": 0.71,
        "recall": 0.24449035812672176,
        "f1-score": 0.36372950819672134,
        "support": 2904.0
    },
    "UP": {
        "precision": 0.32823025107164727,
        "recall": 0.7870778267254038,
        "f1-score": 0.46326707000864303,
        "support": 1362.0
    },
    "accuracy": 0.4177215189873418,
    "macro avg": {
        "precision": 0.5191151255358236,
        "recall": 0.5157840924260628,
        "f1-score": 0.41349828910268216,
        "support": 4266.0
    },
    "weighted avg": {
        "precision": 0.588112893098824,
        "recall": 0.4177215189873418,
        "f1-score": 0.39550872975973994,
        "support": 4266.0
    }
}