{
    "R2": 0.921255348206462,
    "RMSE": 73.06952138599436,
    "MSE": 5339.154955578287,
    "MAPE": 0.3347172462876814,
    "ACMAPE": 1.5683093422650982
}