{
    "R2": 0.9602919661361103,
    "RMSE": 17.83216854103909,
    "MSE": 317.98623487602407,
    "MAPE": 0.01795222469621239,
    "ACMAPE": 0.9617724494153136
}