{
    "DOWN": {
        "precision": 0.8356411800120409,
        "recall": 0.7424445038780423,
        "f1-score": 0.7862908936411273,
        "support": 3739.0
    },
    "UP": {
        "precision": 0.19950124688279303,
        "recall": 0.3053435114503817,
        "f1-score": 0.24132730015082954,
        "support": 786.0
    },
    "accuracy": 0.6665193370165746,
    "macro avg": {
        "precision": 0.517571213447417,
        "recall": 0.523894007664212,
        "f1-score": 0.5138090968959784,
        "support": 4525.0
    },
    "weighted avg": {
        "precision": 0.7251426192519108,
        "recall": 0.6665193370165746,
        "f1-score": 0.6916298141972878,
        "support": 4525.0
    }
}