{
    "R2": 0.9803814903459677,
    "RMSE": 741.6571475007713,
    "MSE": 550055.3244389809,
    "MAPE": 4436813055470426.5,
    "ACMAPE": 4436813055470428.0
}