{
    "R2": 0.9973367795088739,
    "RMSE": 196.14950501090462,
    "MSE": 38474.62831602289,
    "MAPE": 0.018465212589113496,
    "ACMAPE": 1.433659558878866
}