{
    "R2": -0.40364982692292783,
    "RMSE": 4503.11505015973,
    "MSE": 20278045.154975068,
    "MAPE": 0.43458379308146794,
    "ACMAPE": 1.2985413902546128
}