{
    "DOWN": {
        "precision": 0.7693877551020408,
        "recall": 0.4353348729792148,
        "f1-score": 0.556047197640118,
        "support": 866.0
    },
    "UP": {
        "precision": 0.2383177570093458,
        "recall": 0.575187969924812,
        "f1-score": 0.3370044052863437,
        "support": 266.0
    },
    "accuracy": 0.46819787985865724,
    "macro avg": {
        "precision": 0.5038527560556934,
        "recall": 0.5052614214520135,
        "f1-score": 0.44652580146323084,
        "support": 1132.0
    },
    "weighted avg": {
        "precision": 0.6445956884124145,
        "recall": 0.46819787985865724,
        "f1-score": 0.5045760114509803,
        "support": 1132.0
    }
}