{
    "DOWN": {
        "precision": 0.5178236397748592,
        "recall": 0.5257142857142857,
        "f1-score": 0.5217391304347825,
        "support": 525.0
    },
    "UP": {
        "precision": 0.38213399503722084,
        "recall": 0.3746958637469586,
        "f1-score": 0.37837837837837834,
        "support": 411.0
    },
    "accuracy": 0.4594017094017094,
    "macro avg": {
        "precision": 0.44997881740604007,
        "recall": 0.45020507473062216,
        "f1-score": 0.4500587544065804,
        "support": 936.0
    },
    "weighted avg": {
        "precision": 0.45824196884839624,
        "recall": 0.4594017094017094,
        "f1-score": 0.45878905661514346,
        "support": 936.0
    }
}