{
    "DOWN": {
        "precision": 0.5,
        "recall": 0.3643410852713178,
        "f1-score": 0.42152466367713004,
        "support": 129.0
    },
    "UP": {
        "precision": 0.4142857142857143,
        "recall": 0.5523809523809524,
        "f1-score": 0.47346938775510206,
        "support": 105.0
    },
    "accuracy": 0.44871794871794873,
    "macro avg": {
        "precision": 0.4571428571428572,
        "recall": 0.4583610188261351,
        "f1-score": 0.44749702571611605,
        "support": 234.0
    },
    "weighted avg": {
        "precision": 0.46153846153846156,
        "recall": 0.44871794871794873,
        "f1-score": 0.44483319371211744,
        "support": 234.0
    }
}