{
    "DOWN": {
<<<<<<< HEAD
        "precision": 0.594758064516129,
        "recall": 0.5694980694980695,
        "f1-score": 0.5818540433925049,
        "support": 518.0
    },
    "UP": {
        "precision": 0.46904761904761905,
        "recall": 0.4949748743718593,
        "f1-score": 0.48166259168704156,
        "support": 398.0
    },
    "accuracy": 0.537117903930131,
    "macro avg": {
        "precision": 0.5319028417818741,
        "recall": 0.5322364719349644,
        "f1-score": 0.5317583175397732,
        "support": 916.0
    },
    "weighted avg": {
        "precision": 0.5401371504370166,
        "recall": 0.537117903930131,
        "f1-score": 0.5383210763851093,
=======
        "precision": 0.5987124463519313,
        "recall": 0.5386100386100386,
        "f1-score": 0.5670731707317075,
        "support": 518.0
    },
    "UP": {
        "precision": 0.4688888888888889,
        "recall": 0.5301507537688442,
        "f1-score": 0.4976415094339623,
        "support": 398.0
    },
    "accuracy": 0.5349344978165939,
    "macro avg": {
        "precision": 0.5338006676204101,
        "recall": 0.5343803961894414,
        "f1-score": 0.5323573400828349,
        "support": 916.0
    },
    "weighted avg": {
        "precision": 0.5423043940917884,
        "recall": 0.5349344978165939,
        "f1-score": 0.5369052654953509,
>>>>>>> d5f42532be6a9c18a5da3fb21b671ebbe5b6efbf
        "support": 916.0
    }
}