{
<<<<<<< HEAD
    "R2": 0.910543120708181,
    "RMSE": 305.80493418102236,
    "MSE": 93516.65776945942,
    "MAPE": 0.02344860581308752,
    "ACMAPE": 0.997807580172062
=======
    "R2": 0.9067360588413327,
    "RMSE": 312.2442852829099,
    "MSE": 97496.49369183522,
    "MAPE": 0.023475501634515537,
    "ACMAPE": 1.0833045614635755
>>>>>>> d5f42532be6a9c18a5da3fb21b671ebbe5b6efbf
}