{
    "DOWN": {
        "precision": 0.594758064516129,
        "recall": 0.5694980694980695,
        "f1-score": 0.5818540433925049,
        "support": 518.0
    },
    "UP": {
        "precision": 0.46904761904761905,
        "recall": 0.4949748743718593,
        "f1-score": 0.48166259168704156,
        "support": 398.0
    },
    "accuracy": 0.537117903930131,
    "macro avg": {
        "precision": 0.5319028417818741,
        "recall": 0.5322364719349644,
        "f1-score": 0.5317583175397732,
        "support": 916.0
    },
    "weighted avg": {
        "precision": 0.5401371504370166,
        "recall": 0.537117903930131,
        "f1-score": 0.5383210763851093,
        "support": 916.0
    }
}