{
    "R2": 0.910543120708181,
    "RMSE": 305.80493418102236,
    "MSE": 93516.65776945942,
    "MAPE": 0.02344860581308752,
    "ACMAPE": 0.997807580172062
}