{
<<<<<<< HEAD
    "R2": 0.9830186231373316,
    "RMSE": 257.46725350703656,
    "MSE": 66289.38662845663,
    "MAPE": 0.028517369927057883,
    "ACMAPE": 0.9542815620667958
=======
    "R2": 0.9827471443018369,
    "RMSE": 259.51713920586036,
    "MSE": 67349.1455415939,
    "MAPE": 0.028785605873597065,
    "ACMAPE": 0.9589166102404093
>>>>>>> d5f42532be6a9c18a5da3fb21b671ebbe5b6efbf
}