{
    "DOWN": {
        "precision": 0.5987124463519313,
        "recall": 0.5386100386100386,
        "f1-score": 0.5670731707317075,
        "support": 518.0
    },
    "UP": {
        "precision": 0.4688888888888889,
        "recall": 0.5301507537688442,
        "f1-score": 0.4976415094339623,
        "support": 398.0
    },
    "accuracy": 0.5349344978165939,
    "macro avg": {
        "precision": 0.5338006676204101,
        "recall": 0.5343803961894414,
        "f1-score": 0.5323573400828349,
        "support": 916.0
    },
    "weighted avg": {
        "precision": 0.5423043940917884,
        "recall": 0.5349344978165939,
        "f1-score": 0.5369052654953509,
        "support": 916.0
    }
}