{
    "R2": 0.8934865132646386,
    "RMSE": 333.68748405584176,
    "MSE": 111347.33701551764,
    "MAPE": 0.028703968485901316,
    "ACMAPE": 0.9517808915628244
}