{
    "R2": 0.9808298918490168,
    "RMSE": 276.5892217429412,
    "MSE": 76501.5975843659,
    "MAPE": 0.03775820190183499,
    "ACMAPE": 0.895209605789524
}