{
    "R2": 0.9294945457298609,
    "RMSE": 271.4869598185286,
    "MSE": 73705.16935150737,
    "MAPE": 0.02045518901709372,
    "ACMAPE": 1.1230192915811963
}