{
    "DOWN": {
        "precision": 0.56,
        "recall": 0.5426356589147286,
        "f1-score": 0.5511811023622046,
        "support": 129.0
    },
    "UP": {
        "precision": 0.45871559633027525,
        "recall": 0.47619047619047616,
        "f1-score": 0.4672897196261682,
        "support": 105.0
    },
    "accuracy": 0.5128205128205128,
    "macro avg": {
        "precision": 0.5093577981651376,
        "recall": 0.5094130675526024,
        "f1-score": 0.5092354109941865,
        "support": 234.0
    },
    "weighted avg": {
        "precision": 0.5145518701482005,
        "recall": 0.5128205128205128,
        "f1-score": 0.513537533185778,
        "support": 234.0
    }
}