{
    "DOWN": {
        "precision": 0.620253164556962,
        "recall": 0.98989898989899,
        "f1-score": 0.7626459143968872,
        "support": 99.0
    },
    "UP": {
        "precision": 0.8,
        "recall": 0.0625,
        "f1-score": 0.11594202898550725,
        "support": 64.0
    },
    "accuracy": 0.6257668711656442,
    "macro avg": {
        "precision": 0.710126582278481,
        "recall": 0.526199494949495,
        "f1-score": 0.4392939716911972,
        "support": 163.0
    },
    "weighted avg": {
        "precision": 0.6908286091480934,
        "recall": 0.6257668711656442,
        "f1-score": 0.5087253704316829,
        "support": 163.0
    }
}