{
    "R2": 0.9947031300401249,
    "RMSE": 33.15439238421611,
    "MSE": 1099.2137343665672,
    "MAPE": 0.03186957202887209,
    "ACMAPE": 1.132333250545101
}