{
    "R2": -0.38124810044930024,
    "RMSE": 38.780490251856314,
    "MSE": 1503.9264241743226,
    "MAPE": 0.038795838596801656,
    "ACMAPE": 0.7872620962655132
}