{
    "DOWN": {
        "precision": 0.7142857142857143,
        "recall": 0.1091703056768559,
        "f1-score": 0.18939393939393942,
        "support": 458.0
    },
    "UP": {
        "precision": 0.27402135231316727,
        "recall": 0.8850574712643678,
        "f1-score": 0.4184782608695652,
        "support": 174.0
    },
    "accuracy": 0.3227848101265823,
    "macro avg": {
        "precision": 0.4941535332994408,
        "recall": 0.4971138884706119,
        "f1-score": 0.3039361001317523,
        "support": 632.0
    },
    "weighted avg": {
        "precision": 0.5930736905780827,
        "recall": 0.3227848101265823,
        "f1-score": 0.25246462283817817,
        "support": 632.0
    }
}