{
    "DOWN": {
        "precision": 0.7217741935483871,
        "recall": 0.38412017167381973,
        "f1-score": 0.5014005602240896,
        "support": 466.0
    },
    "UP": {
        "precision": 0.2807017543859649,
        "recall": 0.6187845303867403,
        "f1-score": 0.3862068965517241,
        "support": 181.0
    },
    "accuracy": 0.44976816074188564,
    "macro avg": {
        "precision": 0.501237973967176,
        "recall": 0.50145235103028,
        "f1-score": 0.4438037283879068,
        "support": 647.0
    },
    "weighted avg": {
        "precision": 0.5983829856837837,
        "recall": 0.44976816074188564,
        "f1-score": 0.4691748212369209,
        "support": 647.0
    }
}