{
    "DOWN": {
        "precision": 0.5694444444444444,
        "recall": 0.43617021276595747,
        "f1-score": 0.49397590361445787,
        "support": 94.0
    },
    "UP": {
        "precision": 0.171875,
        "recall": 0.2619047619047619,
        "f1-score": 0.20754716981132074,
        "support": 42.0
    },
    "accuracy": 0.38235294117647056,
    "macro avg": {
        "precision": 0.3706597222222222,
        "recall": 0.34903748733535966,
        "f1-score": 0.3507615367128893,
        "support": 136.0
    },
    "weighted avg": {
        "precision": 0.4466656454248366,
        "recall": 0.38235294117647056,
        "f1-score": 0.40551997111643023,
        "support": 136.0
    }
}