{
    "DOWN": {
        "precision": 0.5909090909090909,
        "recall": 0.13829787234042554,
        "f1-score": 0.22413793103448276,
        "support": 94.0
    },
    "UP": {
        "precision": 0.2894736842105263,
        "recall": 0.7857142857142857,
        "f1-score": 0.423076923076923,
        "support": 42.0
    },
    "accuracy": 0.3382352941176471,
    "macro avg": {
        "precision": 0.44019138755980863,
        "recall": 0.46200607902735563,
        "f1-score": 0.3236074270557029,
        "support": 136.0
    },
    "weighted avg": {
        "precision": 0.49781874472276955,
        "recall": 0.3382352941176471,
        "f1-score": 0.28557497269464815,
        "support": 136.0
    }
}