{
    "R2": 0.987812479604996,
    "RMSE": 306.2453510023012,
    "MSE": 93786.21501052266,
    "MAPE": 0.34405437523960847,
    "ACMAPE": 1.5689172637222413
}