{
    "R2": 0.9834384236117286,
    "RMSE": 353.66834452741983,
    "MSE": 125081.29792076573,
    "MAPE": 0.27618715905353547,
    "ACMAPE": 1.2085179861212045
}