{
    "R2": 0.5908461342550325,
    "RMSE": 1188.6417030256491,
    "MSE": 1412869.0981717154,
    "MAPE": 0.4335187834112206,
    "ACMAPE": 1.624695253999456
}