{
    "DOWN": {
        "precision": 0.6,
        "recall": 0.06481481481481481,
        "f1-score": 0.116991643454039,
        "support": 324.0
    },
    "UP": {
        "precision": 0.38414634146341464,
        "recall": 0.9310344827586207,
        "f1-score": 0.543884892086331,
        "support": 203.0
    },
    "accuracy": 0.3984819734345351,
    "macro avg": {
        "precision": 0.4920731707317073,
        "recall": 0.4979246487867177,
        "f1-score": 0.330438267770185,
        "support": 527.0
    },
    "weighted avg": {
        "precision": 0.5168533345675013,
        "recall": 0.3984819734345351,
        "f1-score": 0.28143059880955185,
        "support": 527.0
    }
}