{
<<<<<<< HEAD
    "R2": 0.9069371807284705,
    "RMSE": 835.2025579890166,
    "MSE": 697563.3128713965,
    "MAPE": 1.2920171174944222,
    "ACMAPE": 2.495053170625352
=======
    "R2": 0.9192879403993974,
    "RMSE": 777.8089356658506,
    "MSE": 604986.7404016433,
    "MAPE": 1.5669719518348546,
    "ACMAPE": 2.758622805724798
>>>>>>> d5f42532be6a9c18a5da3fb21b671ebbe5b6efbf
}