{
    "R2": 0.9303913987723729,
    "RMSE": 490.2742536482569,
    "MSE": 240368.8437903553,
    "MAPE": 0.29253207955739374,
    "ACMAPE": 1.6895909030868055
}