{
    "DOWN": {
<<<<<<< HEAD
        "precision": 0.6810766721044046,
        "recall": 0.5533465871438038,
        "f1-score": 0.6106032906764169,
        "support": 1509.0
    },
    "UP": {
        "precision": 0.3080082135523614,
        "recall": 0.4341534008683068,
        "f1-score": 0.36036036036036034,
        "support": 691.0
    },
    "accuracy": 0.5159090909090909,
    "macro avg": {
        "precision": 0.494542442828383,
        "recall": 0.4937499940060553,
        "f1-score": 0.48548182551838864,
        "support": 2200.0
    },
    "weighted avg": {
        "precision": 0.5638992608046491,
        "recall": 0.5159090909090909,
        "f1-score": 0.5320042611998737,
=======
        "precision": 0.6868686868686869,
        "recall": 0.6308813783962889,
        "f1-score": 0.6576856649395508,
        "support": 1509.0
    },
    "UP": {
        "precision": 0.3157248157248157,
        "recall": 0.3719247467438495,
        "f1-score": 0.34152823920265785,
        "support": 691.0
    },
    "accuracy": 0.5495454545454546,
    "macro avg": {
        "precision": 0.5012967512967512,
        "recall": 0.5014030625700692,
        "f1-score": 0.49960695207110434,
        "support": 2200.0
    },
    "weighted avg": {
        "precision": 0.5702957709775892,
        "recall": 0.5495454545454546,
        "f1-score": 0.5583834916740086,
>>>>>>> d5f42532be6a9c18a5da3fb21b671ebbe5b6efbf
        "support": 2200.0
    }
}