{
    "R2": -10.025839457426633,
    "RMSE": 112.14161763031179,
    "MSE": 12575.742404743056,
    "MAPE": 1.4885034886661692,
    "ACMAPE": 3.4885034886661694
}