{
    "DOWN": {
        "precision": 0.6810766721044046,
        "recall": 0.5533465871438038,
        "f1-score": 0.6106032906764169,
        "support": 1509.0
    },
    "UP": {
        "precision": 0.3080082135523614,
        "recall": 0.4341534008683068,
        "f1-score": 0.36036036036036034,
        "support": 691.0
    },
    "accuracy": 0.5159090909090909,
    "macro avg": {
        "precision": 0.494542442828383,
        "recall": 0.4937499940060553,
        "f1-score": 0.48548182551838864,
        "support": 2200.0
    },
    "weighted avg": {
        "precision": 0.5638992608046491,
        "recall": 0.5159090909090909,
        "f1-score": 0.5320042611998737,
        "support": 2200.0
    }
}