{
    "R2": 0.9934195105073655,
    "RMSE": 22.258856479697318,
    "MSE": 495.45669178376335,
    "MAPE": 0.02851564596819248,
    "ACMAPE": 0.8177048351573816
}