{
    "DOWN": {
        "precision": 0.6760104302477183,
        "recall": 0.6822368421052631,
        "f1-score": 0.6791093647675179,
        "support": 1520.0
    },
    "UP": {
        "precision": 0.2907488986784141,
        "recall": 0.28489208633093527,
        "f1-score": 0.2877906976744186,
        "support": 695.0
    },
    "accuracy": 0.5575620767494357,
    "macro avg": {
        "precision": 0.48337966446306624,
        "recall": 0.4835644642180992,
        "f1-score": 0.4834500312209683,
        "support": 2215.0
    },
    "weighted avg": {
        "precision": 0.555127015150352,
        "recall": 0.5575620767494357,
        "f1-score": 0.5563254037608796,
        "support": 2215.0
    }
}