{
<<<<<<< HEAD
    "R2": 0.9205289044235351,
    "RMSE": 77.16382810169233,
    "MSE": 5954.256367307523,
    "MAPE": 0.18098604104024427,
    "ACMAPE": 1.1491678592220624
=======
    "R2": 0.9356780489577096,
    "RMSE": 69.42066496561867,
    "MSE": 4819.228724268676,
    "MAPE": 0.14789406161246083,
    "ACMAPE": 1.0488031525215518
>>>>>>> d5f42532be6a9c18a5da3fb21b671ebbe5b6efbf
}