{
    "DOWN": {
        "precision": 0.645320197044335,
        "recall": 0.5995423340961098,
        "f1-score": 0.6215895610913403,
        "support": 437.0
    },
    "UP": {
        "precision": 0.36594202898550726,
        "recall": 0.4122448979591837,
        "f1-score": 0.3877159309021113,
        "support": 245.0
    },
    "accuracy": 0.532258064516129,
    "macro avg": {
        "precision": 0.5056311130149211,
        "recall": 0.5058936160276467,
        "f1-score": 0.5046527459967258,
        "support": 682.0
    },
    "weighted avg": {
        "precision": 0.5449570721551666,
        "recall": 0.532258064516129,
        "f1-score": 0.5375733742931569,
        "support": 682.0
    }
}