{
    "DOWN": {
        "precision": 0.6548223350253807,
        "recall": 0.3049645390070922,
        "f1-score": 0.41612903225806447,
        "support": 423.0
    },
    "UP": {
        "precision": 0.37446808510638296,
        "recall": 0.7213114754098361,
        "f1-score": 0.4929971988795518,
        "support": 244.0
    },
    "accuracy": 0.4572713643178411,
    "macro avg": {
        "precision": 0.5146452100658818,
        "recall": 0.5131380072084641,
        "f1-score": 0.45456311556880813,
        "support": 667.0
    },
    "weighted avg": {
        "precision": 0.5522639587431686,
        "recall": 0.4572713643178411,
        "f1-score": 0.4442487213969594,
        "support": 667.0
    }
}