{
<<<<<<< HEAD
    "R2": 0.9385793422945714,
    "RMSE": 567.7565342517447,
    "MSE": 322347.48218555254,
    "MAPE": 2.1266763074568815,
    "ACMAPE": 3.251114088566327
=======
    "R2": 0.943824795537019,
    "RMSE": 542.9717578286079,
    "MSE": 294818.3297994885,
    "MAPE": 2.0010163260967477,
    "ACMAPE": 3.0864735974610653
>>>>>>> d5f42532be6a9c18a5da3fb21b671ebbe5b6efbf
}