{
    "R2": 0.8369431107096754,
    "RMSE": 273.0053893397269,
    "MSE": 74531.94260853587,
    "MAPE": 0.060482771537941585,
    "ACMAPE": 1.2581571901425928
}