{
    "DOWN": {
        "precision": 0.5540540540540541,
        "recall": 0.38317757009345793,
        "f1-score": 0.4530386740331491,
        "support": 107.0
    },
    "UP": {
        "precision": 0.32653061224489793,
        "recall": 0.49230769230769234,
        "f1-score": 0.39263803680981596,
        "support": 65.0
    },
    "accuracy": 0.42441860465116277,
    "macro avg": {
        "precision": 0.440292333149476,
        "recall": 0.4377426312005751,
        "f1-score": 0.4228383554214825,
        "support": 172.0
    },
    "weighted avg": {
        "precision": 0.4680713580215241,
        "recall": 0.42441860465116277,
        "f1-score": 0.4302128518266569,
        "support": 172.0
    }
}