{
    "DOWN": {
        "precision": 0.6428571428571429,
        "recall": 0.08411214953271028,
        "f1-score": 0.1487603305785124,
        "support": 107.0
    },
    "UP": {
        "precision": 0.379746835443038,
        "recall": 0.9230769230769231,
        "f1-score": 0.5381165919282511,
        "support": 65.0
    },
    "accuracy": 0.4011627906976744,
    "macro avg": {
        "precision": 0.5113019891500905,
        "recall": 0.5035945363048167,
        "f1-score": 0.34343846125338173,
        "support": 172.0
    },
    "weighted avg": {
        "precision": 0.5434259220320451,
        "recall": 0.4011627906976744,
        "f1-score": 0.2959007781816113,
        "support": 172.0
    }
}