{
    "R2": 0.9942893141014725,
    "RMSE": 172.51349199534974,
    "MSE": 29760.904920429602,
    "MAPE": 0.11839126069984211,
    "ACMAPE": 1.1052908240186194
}