{
    "R2": 0.26552916577981567,
    "RMSE": 579.4139156648247,
    "MSE": 335720.48566604464,
    "MAPE": 0.16720300282116538,
    "ACMAPE": 1.3183657935188398
}