{
    "DOWN": {
<<<<<<< HEAD
        "precision": 0.6463414634146342,
        "recall": 0.25059101654846333,
        "f1-score": 0.3611584327086882,
        "support": 423.0
    },
    "UP": {
        "precision": 0.3697813121272366,
        "recall": 0.7622950819672131,
        "f1-score": 0.497991967871486,
        "support": 244.0
    },
    "accuracy": 0.43778110944527737,
    "macro avg": {
        "precision": 0.5080613877709353,
        "recall": 0.5064430492578382,
        "f1-score": 0.4295752002900871,
        "support": 667.0
    },
    "weighted avg": {
        "precision": 0.5451710332585248,
        "recall": 0.43778110944527737,
        "f1-score": 0.4112144785553489,
=======
        "precision": 0.6548223350253807,
        "recall": 0.3049645390070922,
        "f1-score": 0.41612903225806447,
        "support": 423.0
    },
    "UP": {
        "precision": 0.37446808510638296,
        "recall": 0.7213114754098361,
        "f1-score": 0.4929971988795518,
        "support": 244.0
    },
    "accuracy": 0.4572713643178411,
    "macro avg": {
        "precision": 0.5146452100658818,
        "recall": 0.5131380072084641,
        "f1-score": 0.45456311556880813,
        "support": 667.0
    },
    "weighted avg": {
        "precision": 0.5522639587431686,
        "recall": 0.4572713643178411,
        "f1-score": 0.4442487213969594,
>>>>>>> d5f42532be6a9c18a5da3fb21b671ebbe5b6efbf
        "support": 667.0
    }
}