{
    "R2": 0.903750146069925,
    "RMSE": 709.5737550812314,
    "MSE": 503494.91390007944,
    "MAPE": 2.7431286775176673,
    "ACMAPE": 3.859819962598908
}