{
    "DOWN": {
        "precision": 0.6428571428571429,
        "recall": 0.3364485981308411,
        "f1-score": 0.441717791411043,
        "support": 107.0
    },
    "UP": {
        "precision": 0.3879310344827586,
        "recall": 0.6923076923076923,
        "f1-score": 0.4972375690607735,
        "support": 65.0
    },
    "accuracy": 0.47093023255813954,
    "macro avg": {
        "precision": 0.5153940886699507,
        "recall": 0.5143781452192667,
        "f1-score": 0.46947768023590825,
        "support": 172.0
    },
    "weighted avg": {
        "precision": 0.5465187879482186,
        "recall": 0.47093023255813954,
        "f1-score": 0.4626991027321621,
        "support": 172.0
    }
}