{
    "R2": 0.943824795537019,
    "RMSE": 542.9717578286079,
    "MSE": 294818.3297994885,
    "MAPE": 2.0010163260967477,
    "ACMAPE": 3.0864735974610653
}