{
    "R2": 0.9742315981683913,
    "RMSE": 37.88186775336523,
    "MSE": 1435.0359044834522,
    "MAPE": 0.030869972810888727,
    "ACMAPE": 0.8148480625061987
}