{
    "DOWN": {
        "precision": 0.9016608391608392,
        "recall": 0.8033489096573209,
        "f1-score": 0.849670510708402,
        "support": 2568.0
    },
    "UP": {
        "precision": 0.21461897356143078,
        "recall": 0.38016528925619836,
        "f1-score": 0.2743538767395626,
        "support": 363.0
    },
    "accuracy": 0.7509382463323098,
    "macro avg": {
        "precision": 0.558139906361135,
        "recall": 0.5917570994567596,
        "f1-score": 0.5620121937239824,
        "support": 2931.0
    },
    "weighted avg": {
        "precision": 0.8165717237693055,
        "recall": 0.7509382463323098,
        "f1-score": 0.7784183994389757,
        "support": 2931.0
    }
}