{
    "R2": 0.6488684212091079,
    "RMSE": 88.11092042917254,
    "MSE": 7763.534298875974,
    "MAPE": 0.1195660437560648,
    "ACMAPE": 0.6161554025555191
}