{
    "R2": 0.7253128748186718,
    "RMSE": 492.9045740915845,
    "MSE": 242954.9191604063,
    "MAPE": 0.063773749657512,
    "ACMAPE": 0.6175032060418356
}