{
    "DOWN": {
        "precision": 0.9091666666666667,
        "recall": 0.762937062937063,
        "f1-score": 0.829657794676806,
        "support": 2860.0
    },
    "UP": {
        "precision": 0.1067193675889328,
        "recall": 0.2709030100334448,
        "f1-score": 0.15311909262759923,
        "support": 299.0
    },
    "accuracy": 0.7163659385881608,
    "macro avg": {
        "precision": 0.5079430171277998,
        "recall": 0.5169200364852539,
        "f1-score": 0.49138844365220263,
        "support": 3159.0
    },
    "weighted avg": {
        "precision": 0.8332148646963462,
        "recall": 0.7163659385881608,
        "f1-score": 0.7656232673223543,
        "support": 3159.0
    }
}