{
    "DOWN": {
        "precision": 0.7237008871989861,
        "recall": 0.9982517482517482,
        "f1-score": 0.8390889052167524,
        "support": 572.0
    },
    "UP": {
        "precision": 0.5,
        "recall": 0.0045662100456621,
        "f1-score": 0.00904977375565611,
        "support": 219.0
    },
    "accuracy": 0.7231352718078382,
    "macro avg": {
        "precision": 0.611850443599493,
        "recall": 0.5014089791487052,
        "f1-score": 0.42406933948620423,
        "support": 791.0
    },
    "weighted avg": {
        "precision": 0.6617660018682934,
        "recall": 0.7231352718078382,
        "f1-score": 0.6092803466959179,
        "support": 791.0
    }
}