{
    "R2": 0.3971901003026984,
    "RMSE": 8.449022540743316,
    "MSE": 71.38598189398864,
    "MAPE": 0.12958356699806245,
    "ACMAPE": 1.754156945837653
}