{
    "R2": 0.9953091023253416,
    "RMSE": 20.67725584495469,
    "MSE": 427.5489092777129,
    "MAPE": 0.05216520496649049,
    "ACMAPE": 0.8801038761760305
}