{
<<<<<<< HEAD
    "R2": 0.9878157089885312,
    "RMSE": 33.61009947962127,
    "MSE": 1129.638787030038,
    "MAPE": 0.08186293747662653,
    "ACMAPE": 1.3660917069740268
=======
    "R2": 0.9881548266890131,
    "RMSE": 33.13907454791402,
    "MSE": 1098.1982618922027,
    "MAPE": 0.08073616615560117,
    "ACMAPE": 1.3649649356530016
>>>>>>> d5f42532be6a9c18a5da3fb21b671ebbe5b6efbf
}