{
    "DOWN": {
        "precision": 0.6853281853281853,
        "recall": 0.44044665012406947,
        "f1-score": 0.5362537764350453,
        "support": 806.0
    },
    "UP": {
        "precision": 0.30721966205837176,
        "recall": 0.5509641873278237,
        "f1-score": 0.39447731755424065,
        "support": 363.0
    },
    "accuracy": 0.47476475620188197,
    "macro avg": {
        "precision": 0.4962739236932785,
        "recall": 0.4957054187259466,
        "f1-score": 0.465365546994643,
        "support": 1169.0
    },
    "weighted avg": {
        "precision": 0.5679172409766521,
        "recall": 0.47476475620188197,
        "f1-score": 0.49222909330952597,
        "support": 1169.0
    }
}