{
    "R2": 0.9500012015067398,
    "RMSE": 67.79193616848652,
    "MSE": 4595.746609472149,
    "MAPE": 0.37892991399679016,
    "ACMAPE": 1.56106049818923
}