{
    "R2": -96.96561289039441,
    "RMSE": 107.70927700216663,
    "MSE": 11601.288352329462,
    "MAPE": 1.9219884274214631,
    "ACMAPE": 3.573865560527265
}