{
<<<<<<< HEAD
    "R2": 0.3813287480914985,
    "RMSE": 8.559457674469067,
    "MSE": 73.26431568102741,
    "MAPE": 0.1307595766245106,
    "ACMAPE": 1.755332955464101
=======
    "R2": 0.3971901003026984,
    "RMSE": 8.449022540743316,
    "MSE": 71.38598189398864,
    "MAPE": 0.12958356699806245,
    "ACMAPE": 1.754156945837653
>>>>>>> d5f42532be6a9c18a5da3fb21b671ebbe5b6efbf
}