{
    "DOWN": {
        "precision": 0.825136612021858,
        "recall": 0.09538850284270373,
        "f1-score": 0.1710079275198188,
        "support": 1583.0
    },
    "UP": {
        "precision": 0.32675129290079924,
        "recall": 0.9559834938101788,
        "f1-score": 0.4870357393132446,
        "support": 727.0
    },
    "accuracy": 0.36623376623376624,
    "macro avg": {
        "precision": 0.5759439524613286,
        "recall": 0.5256859983264413,
        "f1-score": 0.3290218334165317,
        "support": 2310.0
    },
    "weighted avg": {
        "precision": 0.6682854747919836,
        "recall": 0.36623376623376624,
        "f1-score": 0.2704677626600009,
        "support": 2310.0
    }
}