{
    "DOWN": {
<<<<<<< HEAD
        "precision": 0.7202797202797203,
        "recall": 0.7686567164179104,
        "f1-score": 0.7436823104693141,
        "support": 402.0
    },
    "UP": {
        "precision": 0.3841059602649007,
        "recall": 0.3258426966292135,
        "f1-score": 0.3525835866261398,
        "support": 178.0
    },
    "accuracy": 0.6327586206896552,
    "macro avg": {
        "precision": 0.5521928402723105,
        "recall": 0.547249706523562,
        "f1-score": 0.548132948547727,
        "support": 580.0
    },
    "weighted avg": {
        "precision": 0.6171091525510343,
        "recall": 0.6327586206896552,
        "f1-score": 0.6236554607381329,
=======
        "precision": 0.6998191681735986,
        "recall": 0.9626865671641791,
        "f1-score": 0.8104712041884816,
        "support": 402.0
    },
    "UP": {
        "precision": 0.4444444444444444,
        "recall": 0.06741573033707865,
        "f1-score": 0.11707317073170732,
        "support": 178.0
    },
    "accuracy": 0.6879310344827586,
    "macro avg": {
        "precision": 0.5721318063090215,
        "recall": 0.5150511487506289,
        "f1-score": 0.46377218746009446,
        "support": 580.0
    },
    "weighted avg": {
        "precision": 0.6214455460636168,
        "recall": 0.6879310344827586,
        "f1-score": 0.5976697387482991,
>>>>>>> d5f42532be6a9c18a5da3fb21b671ebbe5b6efbf
        "support": 580.0
    }
}