{
    "R2": 0.9821899224888285,
    "RMSE": 8.672237565502192,
    "MSE": 75.20770439250738,
    "MAPE": 0.03046949125289134,
    "ACMAPE": 1.1609042738615871
}