{
    "DOWN": {
        "precision": 0.7552910052910053,
        "recall": 0.36185044359949303,
        "f1-score": 0.48928877463581844,
        "support": 1578.0
    },
    "UP": {
        "precision": 0.3477979274611399,
        "recall": 0.7437673130193906,
        "f1-score": 0.4739629302736099,
        "support": 722.0
    },
    "accuracy": 0.4817391304347826,
    "macro avg": {
        "precision": 0.5515444663760727,
        "recall": 0.5528088783094418,
        "f1-score": 0.4816258524547142,
        "support": 2300.0
    },
    "weighted avg": {
        "precision": 0.6273736130331086,
        "recall": 0.4817391304347826,
        "f1-score": 0.48447779218820336,
        "support": 2300.0
    }
}