{
    "DOWN": {
        "precision": 0.7007648183556405,
        "recall": 0.9231738035264484,
        "f1-score": 0.7967391304347827,
        "support": 1588.0
    },
    "UP": {
        "precision": 0.4649122807017544,
        "recall": 0.1448087431693989,
        "f1-score": 0.22083333333333335,
        "support": 732.0
    },
    "accuracy": 0.6775862068965517,
    "macro avg": {
        "precision": 0.5828385495286974,
        "recall": 0.5339912733479236,
        "f1-score": 0.508786231884058,
        "support": 2320.0
    },
    "weighted avg": {
        "precision": 0.6263492763027765,
        "recall": 0.6775862068965517,
        "f1-score": 0.6150309220389807,
        "support": 2320.0
    }
}