{
    "DOWN": {
        "precision": 0.6601987695220066,
        "recall": 0.5017985611510791,
        "f1-score": 0.5702023298589822,
        "support": 2780.0
    },
    "UP": {
        "precision": 0.3925438596491228,
        "recall": 0.5548667079975201,
        "f1-score": 0.45979964038016957,
        "support": 1613.0
    },
    "accuracy": 0.5212838606874574,
    "macro avg": {
        "precision": 0.5263713145855647,
        "recall": 0.5283326345742996,
        "f1-score": 0.5150009851195759,
        "support": 4393.0
    },
    "weighted avg": {
        "precision": 0.5619225642807224,
        "recall": 0.5212838606874574,
        "f1-score": 0.5296652166950112,
        "support": 4393.0
    }
}