{
    "R2": 0.9416131875243472,
    "RMSE": 22.38426774649485,
    "MSE": 501.05544254676954,
    "MAPE": 0.04734647993764658,
    "ACMAPE": 1.2376516864008424
}