{
    "DOWN": {
        "precision": 0.9724896836313618,
        "recall": 0.16403712296983758,
        "f1-score": 0.28072265237244387,
        "support": 4310.0
    },
    "UP": {
        "precision": 0.028579131841466703,
        "recall": 0.8412698412698413,
        "f1-score": 0.05528031290743156,
        "support": 126.0
    },
    "accuracy": 0.18327321911632102,
    "macro avg": {
        "precision": 0.5005344077364142,
        "recall": 0.5026534821198394,
        "f1-score": 0.16800148263993772,
        "support": 4436.0
    },
    "weighted avg": {
        "precision": 0.9456788789592412,
        "recall": 0.18327321911632102,
        "f1-score": 0.2743191954805161,
        "support": 4436.0
    }
}