{
    "DOWN": {
        "precision": 0.7459016393442623,
        "recall": 0.3620689655172414,
        "f1-score": 0.48750000000000004,
        "support": 754.0
    },
    "UP": {
        "precision": 0.356951871657754,
        "recall": 0.7416666666666667,
        "f1-score": 0.4819494584837545,
        "support": 360.0
    },
    "accuracy": 0.48473967684021546,
    "macro avg": {
        "precision": 0.5514267555010082,
        "recall": 0.551867816091954,
        "f1-score": 0.48472472924187726,
        "support": 1114.0
    },
    "weighted avg": {
        "precision": 0.6202087162139724,
        "recall": 0.48473967684021546,
        "f1-score": 0.485706288199418,
        "support": 1114.0
    }
}