{
    "R2": 0.9782448757533013,
    "RMSE": 5.435978968093954,
    "MSE": 29.549867341559803,
    "MAPE": 0.011657702220591126,
    "ACMAPE": 0.37970079019186576
}