{
    "R2": 0.9782845876405099,
    "RMSE": 5.42756121227925,
    "MSE": 29.458420713038198,
    "MAPE": 0.010227128570204289,
    "ACMAPE": 1.594140855822507
}