{
    "R2": 0.9524738361927548,
    "RMSE": 20.195373474912014,
    "MSE": 407.8531097911798,
    "MAPE": 0.04121432169847116,
    "ACMAPE": 1.1471389177487403
}