{
    "R2": 0.953510030159849,
    "RMSE": 19.974004389174368,
    "MSE": 398.9608513387569,
    "MAPE": 0.03959786432327154,
    "ACMAPE": 1.0701185106428406
}