{
    "DOWN": {
        "precision": 0.8073878627968337,
        "recall": 0.4396551724137931,
        "f1-score": 0.5693023255813954,
        "support": 3480.0
    },
    "UP": {
        "precision": 0.268018018018018,
        "recall": 0.6617238183503243,
        "f1-score": 0.3815121560245792,
        "support": 1079.0
    },
    "accuracy": 0.49221320465014257,
    "macro avg": {
        "precision": 0.5377029404074258,
        "recall": 0.5506894953820587,
        "f1-score": 0.4754072408029873,
        "support": 4559.0
    },
    "weighted avg": {
        "precision": 0.6797326615429748,
        "recall": 0.49221320465014257,
        "f1-score": 0.5248571417797274,
        "support": 4559.0
    }
}