{
    "R2": 0.9766121322384387,
    "RMSE": 8.90713970500335,
    "MSE": 79.33713772444719,
    "MAPE": 0.045442844963587956,
    "ACMAPE": 1.3678328646615525
}