{
    "R2": -8.546314571775877,
    "RMSE": 7566.032881016578,
    "MSE": 57244853.556624025,
    "MAPE": 0.8142030665420926,
    "ACMAPE": 1.629615252922021
}