{
    "R2": 0.9440123262112186,
    "RMSE": 579.4241142010873,
    "MSE": 335732.30411771464,
    "MAPE": 0.047282482607598306,
    "ACMAPE": 0.9397556008871683
}