{
    "R2": -3.632407772036217e-05,
    "RMSE": 2182.228307319877,
    "MSE": 4762120.385268176,
    "MAPE": 2.0313261613691744,
    "ACMAPE": 3.1863440825161278
}