{
    "DOWN": {
        "precision": 0.6674612634088201,
        "recall": 0.9488309047780413,
        "f1-score": 0.7836551917156451,
        "support": 2951.0
    },
    "UP": {
        "precision": 0.42803030303030304,
        "recall": 0.07493368700265252,
        "f1-score": 0.1275395033860045,
        "support": 1508.0
    },
    "accuracy": 0.6532854900201839,
    "macro avg": {
        "precision": 0.5477457832195616,
        "recall": 0.511882295890347,
        "f1-score": 0.4555973475508248,
        "support": 4459.0
    },
    "weighted avg": {
        "precision": 0.5864875275373682,
        "recall": 0.6532854900201839,
        "f1-score": 0.5617618393942505,
        "support": 4459.0
    }
}