{
    "R2": 0.9664801343166844,
    "RMSE": 6.405985838046984,
    "MSE": 41.03665455725852,
    "MAPE": 0.007378174663564883,
    "ACMAPE": 0.995473412758803
}