{
    "DOWN": {
        "precision": 0.8554216867469879,
        "recall": 0.5182481751824818,
        "f1-score": 0.6454545454545455,
        "support": 137.0
    },
    "UP": {
        "precision": 0.30526315789473685,
        "recall": 0.7073170731707317,
        "f1-score": 0.4264705882352941,
        "support": 41.0
    },
    "accuracy": 0.5617977528089888,
    "macro avg": {
        "precision": 0.5803424223208624,
        "recall": 0.6127826241766068,
        "f1-score": 0.5359625668449198,
        "support": 178.0
    },
    "weighted avg": {
        "precision": 0.7286997784158514,
        "recall": 0.5617977528089888,
        "f1-score": 0.5950144204770775,
        "support": 178.0
    }
}