{
    "R2": 0.9238815620183807,
    "RMSE": 7.9840235046101045,
    "MSE": 63.74463132216661,
    "MAPE": 0.010746352641294402,
    "ACMAPE": 1.151850647119822
}