{
    "R2": 0.14176724761007853,
    "RMSE": 19.174788284624263,
    "MSE": 367.6725057601639,
    "MAPE": 0.028307975272559672,
    "ACMAPE": 1.3761340622290814
}