{
    "DOWN": {
        "precision": 0.8571428571428571,
        "recall": 0.328125,
        "f1-score": 0.47457627118644063,
        "support": 128.0
    },
    "UP": {
        "precision": 0.24561403508771928,
        "recall": 0.8,
        "f1-score": 0.3758389261744966,
        "support": 35.0
    },
    "accuracy": 0.4294478527607362,
    "macro avg": {
        "precision": 0.5513784461152882,
        "recall": 0.5640625,
        "f1-score": 0.42520759868046865,
        "support": 163.0
    },
    "weighted avg": {
        "precision": 0.7258329873764164,
        "recall": 0.4294478527607362,
        "f1-score": 0.4533750007851029,
        "support": 163.0
    }
}