{
    "R2": 0.9440305556391446,
    "RMSE": 8.807748158241786,
    "MSE": 77.57642761901157,
    "MAPE": 0.008954746859573258,
    "ACMAPE": 0.6865503752748738
}