{
    "DOWN": {
        "precision": 0.7066666666666667,
        "recall": 0.02564102564102564,
        "f1-score": 0.04948646125116713,
        "support": 2067.0
    },
    "UP": {
        "precision": 0.4388409027584285,
        "recall": 0.9862241703193487,
        "f1-score": 0.6074045507134593,
        "support": 1597.0
    },
    "accuracy": 0.4443231441048035,
    "macro avg": {
        "precision": 0.5727537847125476,
        "recall": 0.5059325979801872,
        "f1-score": 0.32844550598231326,
        "support": 3664.0
    },
    "weighted avg": {
        "precision": 0.5899314742645225,
        "recall": 0.4443231441048035,
        "f1-score": 0.29266200406538134,
        "support": 3664.0
    }
}