{
    "DOWN": {
        "precision": 0.5645342312008979,
        "recall": 0.9748062015503876,
        "f1-score": 0.7149964463397299,
        "support": 516.0
    },
    "UP": {
        "precision": 0.48,
        "recall": 0.03,
        "f1-score": 0.05647058823529411,
        "support": 400.0
    },
    "accuracy": 0.5622270742358079,
    "macro avg": {
        "precision": 0.5222671156004489,
        "recall": 0.5024031007751938,
        "f1-score": 0.38573351728751204,
        "support": 916.0
    },
    "weighted avg": {
        "precision": 0.5276197197594578,
        "recall": 0.5622270742358079,
        "f1-score": 0.42743056943822955,
        "support": 916.0
    }
}