{
    "R2": 0.9684186025868985,
    "RMSE": 103.3422130947276,
    "MSE": 10679.613007316088,
    "MAPE": 0.02517117515803936,
    "ACMAPE": 1.1299746686078211
}