{
    "R2": 0.9529107770410153,
    "RMSE": 126.18939216943434,
    "MSE": 15923.762696091297,
    "MAPE": 0.028986753798121448,
    "ACMAPE": 0.9045326053265057
}