{
    "DOWN": {
        "precision": 0.5772113943028486,
        "recall": 0.3746958637469586,
        "f1-score": 0.4544113307760402,
        "support": 2055.0
    },
    "UP": {
        "precision": 0.44372294372294374,
        "recall": 0.645059786028949,
        "f1-score": 0.5257758399589638,
        "support": 1589.0
    },
    "accuracy": 0.49259055982436883,
    "macro avg": {
        "precision": 0.5104671690128961,
        "recall": 0.5098778248879539,
        "f1-score": 0.490093585367502,
        "support": 3644.0
    },
    "weighted avg": {
        "precision": 0.5190025172525005,
        "recall": 0.49259055982436883,
        "f1-score": 0.48553048694828654,
        "support": 3644.0
    }
}