{
    "DOWN": {
        "precision": 0.5498721227621484,
        "recall": 0.419921875,
        "f1-score": 0.47619047619047616,
        "support": 512.0
    },
    "UP": {
        "precision": 0.37473684210526315,
        "recall": 0.5028248587570622,
        "f1-score": 0.4294330518697226,
        "support": 354.0
    },
    "accuracy": 0.45381062355658197,
    "macro avg": {
        "precision": 0.46230448243370575,
        "recall": 0.4613733668785311,
        "f1-score": 0.4528117640300994,
        "support": 866.0
    },
    "weighted avg": {
        "precision": 0.47828102651210525,
        "recall": 0.45381062355658197,
        "f1-score": 0.4570771641702143,
        "support": 866.0
    }
}