{
    "DOWN": {
        "precision": 0.5813397129186603,
        "recall": 0.474609375,
        "f1-score": 0.5225806451612902,
        "support": 512.0
    },
    "UP": {
        "precision": 0.39955357142857145,
        "recall": 0.5056497175141242,
        "f1-score": 0.44638403990024933,
        "support": 354.0
    },
    "accuracy": 0.48729792147806006,
    "macro avg": {
        "precision": 0.4904466421736159,
        "recall": 0.4901295462570621,
        "f1-score": 0.48448234253076977,
        "support": 866.0
    },
    "weighted avg": {
        "precision": 0.5070299045035431,
        "recall": 0.48729792147806006,
        "f1-score": 0.4914333030568924,
        "support": 866.0
    }
}