{
    "DOWN": {
        "precision": 0.7516556291390728,
        "recall": 0.09590198563582594,
        "f1-score": 0.17010116148370175,
        "support": 2367.0
    },
    "UP": {
        "precision": 0.322999050933249,
        "recall": 0.9315693430656934,
        "f1-score": 0.4796805261921542,
        "support": 1096.0
    },
    "accuracy": 0.3603811723938781,
    "macro avg": {
        "precision": 0.5373273400361609,
        "recall": 0.5137356643507597,
        "f1-score": 0.324890843837928,
        "support": 3463.0
    },
    "weighted avg": {
        "precision": 0.6159907115203656,
        "recall": 0.3603811723938781,
        "f1-score": 0.26807949926033003,
        "support": 3463.0
    }
}