{
    "R2": 0.9868561456792508,
    "RMSE": 9.772595372407759,
    "MSE": 95.50362031280555,
    "MAPE": 0.06610458786611309,
    "ACMAPE": 1.026313707819642
}