{
    "R2": 0.9905855399946253,
    "RMSE": 8.252166038056977,
    "MSE": 68.09824431966099,
    "MAPE": 0.04154326306017287,
    "ACMAPE": 1.3207809182724166
}