{
    "DOWN": {
        "precision": 0.7158322056833559,
        "recall": 0.6942257217847769,
        "f1-score": 0.7048634243837443,
        "support": 762.0
    },
    "UP": {
        "precision": 0.3719676549865229,
        "recall": 0.39655172413793105,
        "f1-score": 0.3838664812239221,
        "support": 348.0
    },
    "accuracy": 0.6009009009009009,
    "macro avg": {
        "precision": 0.5438999303349394,
        "recall": 0.545388722961354,
        "f1-score": 0.5443649528038332,
        "support": 1110.0
    },
    "weighted avg": {
        "precision": 0.608026022221646,
        "recall": 0.6009009009009009,
        "f1-score": 0.6042265449066109,
        "support": 1110.0
    }
}