{
    "DOWN": {
        "precision": 0.7221366204417052,
        "recall": 0.42323901264298613,
        "f1-score": 0.5336876067565003,
        "support": 3322.0
    },
    "UP": {
        "precision": 0.2283527990334273,
        "recall": 0.5117328519855595,
        "f1-score": 0.3157894736842105,
        "support": 1108.0
    },
    "accuracy": 0.445372460496614,
    "macro avg": {
        "precision": 0.4752447097375663,
        "recall": 0.4674859323142728,
        "f1-score": 0.4247385402203554,
        "support": 4430.0
    },
    "weighted avg": {
        "precision": 0.5986349332813504,
        "recall": 0.445372460496614,
        "f1-score": 0.4791884800196838,
        "support": 4430.0
    }
}