{
    "DOWN": {
<<<<<<< HEAD
        "precision": 0.6938775510204082,
        "recall": 0.2125,
        "f1-score": 0.3253588516746411,
        "support": 160.0
    },
    "UP": {
        "precision": 0.3225806451612903,
        "recall": 0.8,
        "f1-score": 0.45977011494252873,
        "support": 75.0
    },
    "accuracy": 0.4,
    "macro avg": {
        "precision": 0.5082290980908493,
        "recall": 0.50625,
        "f1-score": 0.39256448330858495,
        "support": 235.0
    },
    "weighted avg": {
        "precision": 0.575378538512179,
        "recall": 0.4,
        "f1-score": 0.36825606335588185,
=======
        "precision": 0.6842105263157895,
        "recall": 0.24375,
        "f1-score": 0.35944700460829493,
        "support": 160.0
    },
    "UP": {
        "precision": 0.3202247191011236,
        "recall": 0.76,
        "f1-score": 0.4505928853754941,
        "support": 75.0
    },
    "accuracy": 0.4085106382978723,
    "macro avg": {
        "precision": 0.5022176227084565,
        "recall": 0.501875,
        "f1-score": 0.40501994499189453,
        "support": 235.0
    },
    "weighted avg": {
        "precision": 0.5680448431621727,
        "recall": 0.4085106382978723,
        "f1-score": 0.38853611549144357,
>>>>>>> d5f42532be6a9c18a5da3fb21b671ebbe5b6efbf
        "support": 235.0
    }
}