{
    "R2": 0.9100833773009654,
    "RMSE": 51.28473621044676,
    "MSE": 2630.124168175109,
    "MAPE": 0.06809246143536579,
    "ACMAPE": 1.0383052273928126
}