{
    "DOWN": {
        "precision": 0.7363636363636363,
        "recall": 0.50625,
        "f1-score": 0.5999999999999999,
        "support": 160.0
    },
    "UP": {
        "precision": 0.368,
        "recall": 0.6133333333333333,
        "f1-score": 0.45999999999999996,
        "support": 75.0
    },
    "accuracy": 0.5404255319148936,
    "macro avg": {
        "precision": 0.5521818181818181,
        "recall": 0.5597916666666667,
        "f1-score": 0.5299999999999999,
        "support": 235.0
    },
    "weighted avg": {
        "precision": 0.6188007736943907,
        "recall": 0.5404255319148936,
        "f1-score": 0.5553191489361701,
        "support": 235.0
    }
}