{
    "DOWN": {
        "precision": 0.7090909090909091,
        "recall": 0.585,
        "f1-score": 0.6410958904109589,
        "support": 600.0
    },
    "UP": {
        "precision": 0.43537414965986393,
        "recall": 0.5714285714285714,
        "f1-score": 0.49420849420849416,
        "support": 336.0
    },
    "accuracy": 0.5801282051282052,
    "macro avg": {
        "precision": 0.5722325293753865,
        "recall": 0.5782142857142857,
        "f1-score": 0.5676521923097265,
        "support": 936.0
    },
    "weighted avg": {
        "precision": 0.6108336108336108,
        "recall": 0.5801282051282052,
        "f1-score": 0.5883670815177664,
        "support": 936.0
    }
}