{
    "R2": 0.9880688943285638,
    "RMSE": 49.124200876672596,
    "MSE": 2413.1871117716805,
    "MAPE": 0.1016878444202371,
    "ACMAPE": 1.1483762266135054
}