{
    "R2": 0.9883436722965387,
    "RMSE": 48.55523124554901,
    "MSE": 2357.6104813087386,
    "MAPE": 0.10549088214319963,
    "ACMAPE": 1.1869241068989
}