{
    "R2": 0.9899123098608318,
    "RMSE": 44.94602849750345,
    "MSE": 2020.1454776983924,
    "MAPE": 0.06396459706745057,
    "ACMAPE": 0.9037081868110403
}