{
    "DOWN": {
        "precision": 0.6926406926406926,
        "recall": 0.272572402044293,
        "f1-score": 0.3911980440097799,
        "support": 587.0
    },
    "UP": {
        "precision": 0.38115942028985506,
        "recall": 0.7874251497005988,
        "f1-score": 0.513671875,
        "support": 334.0
    },
    "accuracy": 0.4592833876221498,
    "macro avg": {
        "precision": 0.5369000564652738,
        "recall": 0.5299987758724459,
        "f1-score": 0.45243495950489,
        "support": 921.0
    },
    "weighted avg": {
        "precision": 0.5796822290520067,
        "recall": 0.4592833876221498,
        "f1-score": 0.43561309238191187,
        "support": 921.0
    }
}