{
    "R2": 0.9909460817415165,
    "RMSE": 12.951779361903018,
    "MSE": 167.74858863941694,
    "MAPE": 0.03126770450417545,
    "ACMAPE": 1.3450395928146344
}