{
    "DOWN": {
        "precision": 0.649325626204239,
        "recall": 0.9825072886297376,
        "f1-score": 0.7819025522041764,
        "support": 343.0
    },
    "UP": {
        "precision": 0.5,
        "recall": 0.031914893617021274,
        "f1-score": 0.06,
        "support": 188.0
    },
    "accuracy": 0.6459510357815442,
    "macro avg": {
        "precision": 0.5746628131021194,
        "recall": 0.5072110911233795,
        "f1-score": 0.42095127610208816,
        "support": 531.0
    },
    "weighted avg": {
        "precision": 0.5964570429153558,
        "recall": 0.6459510357815442,
        "f1-score": 0.5263137013296281,
        "support": 531.0
    }
}