{
    "DOWN": {
        "precision": 0.7440944881889764,
        "recall": 0.126,
        "f1-score": 0.21550741163055873,
        "support": 1500.0
    },
    "UP": {
        "precision": 0.2966738197424893,
        "recall": 0.8948220064724919,
        "f1-score": 0.4456083803384368,
        "support": 618.0
    },
    "accuracy": 0.35033050047214354,
    "macro avg": {
        "precision": 0.5203841539657328,
        "recall": 0.5104110032362459,
        "f1-score": 0.33055789598449775,
        "support": 2118.0
    },
    "weighted avg": {
        "precision": 0.6135439815317861,
        "recall": 0.35033050047214354,
        "f1-score": 0.28264735434135596,
        "support": 2118.0
    }
}