{
<<<<<<< HEAD
    "R2": 0.9436856350998946,
    "RMSE": 71.76711815463436,
    "MSE": 5150.519248221249,
    "MAPE": 0.05613920562511605,
    "ACMAPE": 0.9487945728567545
=======
    "R2": 0.9428200595806345,
    "RMSE": 72.31656034051622,
    "MSE": 5229.684899483524,
    "MAPE": 0.05631601494045331,
    "ACMAPE": 0.9602708172003405
>>>>>>> d5f42532be6a9c18a5da3fb21b671ebbe5b6efbf
}