{
    "R2": 0.9428200595806345,
    "RMSE": 72.31656034051622,
    "MSE": 5229.684899483524,
    "MAPE": 0.05631601494045331,
    "ACMAPE": 0.9602708172003405
}