{
    "DOWN": {
        "precision": 0.6701388888888888,
        "recall": 0.7228464419475655,
        "f1-score": 0.6954954954954955,
        "support": 534.0
    },
    "UP": {
        "precision": 0.4008097165991903,
        "recall": 0.34256055363321797,
        "f1-score": 0.3694029850746268,
        "support": 289.0
    },
    "accuracy": 0.5893074119076549,
    "macro avg": {
        "precision": 0.5354743027440396,
        "recall": 0.5327034977903917,
        "f1-score": 0.5324492402850611,
        "support": 823.0
    },
    "weighted avg": {
        "precision": 0.5755627882914127,
        "recall": 0.5893074119076549,
        "f1-score": 0.5809867038653241,
        "support": 823.0
    }
}