{
    "R2": 0.9253440753925813,
    "RMSE": 8.583543209305407,
    "MSE": 73.67721402601296,
    "MAPE": 0.020035049847849748,
    "ACMAPE": 1.108734928341167
}