{
    "DOWN": {
        "precision": 0.6853448275862069,
        "recall": 0.29775280898876405,
        "f1-score": 0.4151436031331593,
        "support": 534.0
    },
    "UP": {
        "precision": 0.36548223350253806,
        "recall": 0.7474048442906575,
        "f1-score": 0.4909090909090909,
        "support": 289.0
    },
    "accuracy": 0.4556500607533414,
    "macro avg": {
        "precision": 0.5254135305443725,
        "recall": 0.5225788266397108,
        "f1-score": 0.4530263470211251,
        "support": 823.0
    },
    "weighted avg": {
        "precision": 0.5730236979505079,
        "recall": 0.4556500607533414,
        "f1-score": 0.4417489809791426,
        "support": 823.0
    }
}