{
    "DOWN": {
        "precision": 0.8851825842696629,
        "recall": 0.8295491938137545,
        "f1-score": 0.8564633939188042,
        "support": 3039.0
    },
    "UP": {
        "precision": 0.3384418901660281,
        "recall": 0.44763513513513514,
        "f1-score": 0.38545454545454544,
        "support": 592.0
    },
    "accuracy": 0.7672817405673368,
    "macro avg": {
        "precision": 0.6118122372178455,
        "recall": 0.6385921644744448,
        "f1-score": 0.6209589696866749,
        "support": 3631.0
    },
    "weighted avg": {
        "precision": 0.7960417164896155,
        "recall": 0.7672817405673368,
        "f1-score": 0.7796698829601588,
        "support": 3631.0
    }
}