{
    "R2": 0.9983424077436286,
    "RMSE": 6.36573701533257,
    "MSE": 40.52260774837522,
    "MAPE": 44762436039646.69,
    "ACMAPE": 44762436039647.16
}