{
    "R2": 0.9781527788997507,
    "RMSE": 5.409210982303695,
    "MSE": 29.259563451074904,
    "MAPE": 0.01627645420636908,
    "ACMAPE": 1.0833831648774364
}