{
    "R2": 0.37484669878218213,
    "RMSE": 91.68424293916519,
    "MSE": 8406.000403327862,
    "MAPE": 0.07041083997127534,
    "ACMAPE": 0.8413086727886128
}