{
    "R2": 0.5972673379619875,
    "RMSE": 73.58848554249981,
    "MSE": 5415.265204438703,
    "MAPE": 0.04588907112402354,
    "ACMAPE": 1.2409355107525066
}