{
    "R2": 0.7235441594600371,
    "RMSE": 60.96973726832857,
    "MSE": 3717.3088625690143,
    "MAPE": 0.031327363512637346,
    "ACMAPE": 0.9972716359584578
}