{
    "R2": 0.9833493249074817,
    "RMSE": 28.303180305021623,
    "MSE": 801.0700153785639,
    "MAPE": 0.09374160958097753,
    "ACMAPE": 1.1635271846297106
}