{
    "R2": 0.7331978032484792,
    "RMSE": 59.89576819663814,
    "MSE": 3587.503047865409,
    "MAPE": 0.035276295566566473,
    "ACMAPE": 0.8092701036161021
}