{
    "R2": 0.9895327020556243,
    "RMSE": 22.602483569044107,
    "MSE": 510.8722634889089,
    "MAPE": 0.03915178397487621,
    "ACMAPE": 0.6511906189263325
}