{
    "DOWN": {
        "precision": 0.6153846153846154,
        "recall": 0.08040201005025126,
        "f1-score": 0.14222222222222222,
        "support": 398.0
    },
    "UP": {
        "precision": 0.3838383838383838,
        "recall": 0.9193548387096774,
        "f1-score": 0.5415676959619953,
        "support": 248.0
    },
    "accuracy": 0.4024767801857585,
    "macro avg": {
        "precision": 0.49961149961149964,
        "recall": 0.4998784243799643,
        "f1-score": 0.34189495909210876,
        "support": 646.0
    },
    "weighted avg": {
        "precision": 0.5264938020355977,
        "recall": 0.4024767801857585,
        "f1-score": 0.29553132050002984,
        "support": 646.0
    }
}