{
    "DOWN": {
        "precision": 0.6192,
        "recall": 0.9723618090452262,
        "f1-score": 0.7565982404692082,
        "support": 398.0
    },
    "UP": {
        "precision": 0.47619047619047616,
        "recall": 0.04032258064516129,
        "f1-score": 0.07434944237918216,
        "support": 248.0
    },
    "accuracy": 0.6145510835913313,
    "macro avg": {
        "precision": 0.547695238095238,
        "recall": 0.5063421948451937,
        "f1-score": 0.4154738414241952,
        "support": 646.0
    },
    "weighted avg": {
        "precision": 0.5642985109833406,
        "recall": 0.6145510835913313,
        "f1-score": 0.4946822932148329,
        "support": 646.0
    }
}