{
    "R2": 0.9928231699658516,
    "RMSE": 18.844894508927577,
    "MSE": 355.1300490526088,
    "MAPE": 0.028367327817880202,
    "ACMAPE": 0.9366845425180736
}