{
<<<<<<< HEAD
    "R2": 0.9833493249074817,
    "RMSE": 28.303180305021623,
    "MSE": 801.0700153785639,
    "MAPE": 0.09374160958097753,
    "ACMAPE": 1.1635271846297106
=======
    "R2": 0.9909349686979323,
    "RMSE": 20.883532805924045,
    "MSE": 436.12194245610584,
    "MAPE": 0.049112006605385804,
    "ACMAPE": 1.0440437804845282
>>>>>>> d5f42532be6a9c18a5da3fb21b671ebbe5b6efbf
}