{
    "DOWN": {
<<<<<<< HEAD
        "precision": 0.7679814385150812,
        "recall": 0.36095965103598693,
        "f1-score": 0.49109792284866466,
        "support": 1834.0
    },
    "UP": {
        "precision": 0.3118027011156782,
        "recall": 0.7264021887824897,
        "f1-score": 0.43631881676253076,
        "support": 731.0
    },
    "accuracy": 0.4651072124756335,
    "macro avg": {
        "precision": 0.5398920698153797,
        "recall": 0.5436809199092383,
        "f1-score": 0.4637083698055977,
        "support": 2565.0
    },
    "weighted avg": {
        "precision": 0.6379749445427757,
        "recall": 0.4651072124756335,
        "f1-score": 0.47548641152353255,
=======
        "precision": 0.7767857142857143,
        "recall": 0.42693565976008724,
        "f1-score": 0.5510204081632654,
        "support": 1834.0
    },
    "UP": {
        "precision": 0.3249839434810533,
        "recall": 0.6922024623803009,
        "f1-score": 0.4423076923076923,
        "support": 731.0
    },
    "accuracy": 0.5025341130604288,
    "macro avg": {
        "precision": 0.5508848288833839,
        "recall": 0.5595690610701941,
        "f1-score": 0.4966640502354788,
        "support": 2565.0
    },
    "weighted avg": {
        "precision": 0.6480266131324172,
        "recall": 0.5025341130604288,
        "f1-score": 0.5200383437225543,
>>>>>>> d5f42532be6a9c18a5da3fb21b671ebbe5b6efbf
        "support": 2565.0
    }
}