{
    "DOWN": {
        "precision": 0.6276223776223776,
        "recall": 0.9020100502512562,
        "f1-score": 0.7402061855670103,
        "support": 398.0
    },
    "UP": {
        "precision": 0.47297297297297297,
        "recall": 0.14112903225806453,
        "f1-score": 0.2173913043478261,
        "support": 248.0
    },
    "accuracy": 0.6099071207430341,
    "macro avg": {
        "precision": 0.5502976752976753,
        "recall": 0.5215695412546604,
        "f1-score": 0.47879874495741825,
        "support": 646.0
    },
    "weighted avg": {
        "precision": 0.5682523275402532,
        "recall": 0.6099071207430341,
        "f1-score": 0.5394970670803886,
        "support": 646.0
    }
}