{
    "R2": 0.9903014019175065,
    "RMSE": 18.200174622182022,
    "MSE": 331.2463562779185,
    "MAPE": 0.05344130090437359,
    "ACMAPE": 0.9749704759546755
}