{
    "R2": 0.7013704816970524,
    "RMSE": 103.2624301094866,
    "MSE": 10663.129472116605,
    "MAPE": 0.3448402020534323,
    "ACMAPE": 1.3604652020534322
}