{
    "DOWN": {
<<<<<<< HEAD
        "precision": 0.6967418546365914,
        "recall": 0.8373493975903614,
        "f1-score": 0.7606019151846786,
        "support": 332.0
    },
    "UP": {
        "precision": 0.41935483870967744,
        "recall": 0.24375,
        "f1-score": 0.308300395256917,
        "support": 160.0
    },
    "accuracy": 0.6443089430894309,
    "macro avg": {
        "precision": 0.5580483466731344,
        "recall": 0.5405496987951807,
        "f1-score": 0.5344511552207978,
        "support": 492.0
    },
    "weighted avg": {
        "precision": 0.6065346949855626,
        "recall": 0.6443089430894309,
        "f1-score": 0.6135119900049186,
=======
        "precision": 0.6984924623115578,
        "recall": 0.8373493975903614,
        "f1-score": 0.7616438356164383,
        "support": 332.0
    },
    "UP": {
        "precision": 0.425531914893617,
        "recall": 0.25,
        "f1-score": 0.3149606299212599,
        "support": 160.0
    },
    "accuracy": 0.6463414634146342,
    "macro avg": {
        "precision": 0.5620121886025874,
        "recall": 0.5436746987951807,
        "f1-score": 0.5383022327688491,
        "support": 492.0
    },
    "weighted avg": {
        "precision": 0.6097248046146665,
        "recall": 0.6463414634146342,
        "f1-score": 0.616381004496055,
>>>>>>> d5f42532be6a9c18a5da3fb21b671ebbe5b6efbf
        "support": 492.0
    }
}