{
    "R2": -11.911577845289017,
    "RMSE": 27.96318878896961,
    "MSE": 781.9399272475557,
    "MAPE": 0.38600227835279094,
    "ACMAPE": 1.886002278352791
}