{
<<<<<<< HEAD
    "R2": 0.31276257640643346,
    "RMSE": 6.451347509147058,
    "MSE": 41.619884683777954,
    "MAPE": 0.08078040862823473,
    "ACMAPE": 0.6276554086282348
=======
    "R2": 0.28618440872192374,
    "RMSE": 6.574913606161043,
    "MSE": 43.22948892848161,
    "MAPE": 0.08239142655003501,
    "ACMAPE": 0.629266426550035
>>>>>>> d5f42532be6a9c18a5da3fb21b671ebbe5b6efbf
}