{
    "DOWN": {
        "precision": 0.7520661157024794,
        "recall": 0.9479166666666666,
        "f1-score": 0.8387096774193549,
        "support": 96.0
    },
    "UP": {
        "precision": 0.2857142857142857,
        "recall": 0.0625,
        "f1-score": 0.10256410256410256,
        "support": 32.0
    },
    "accuracy": 0.7265625,
    "macro avg": {
        "precision": 0.5188902007083825,
        "recall": 0.5052083333333333,
        "f1-score": 0.4706368899917287,
        "support": 128.0
    },
    "weighted avg": {
        "precision": 0.635478158205431,
        "recall": 0.7265625,
        "f1-score": 0.6546732837055418,
        "support": 128.0
    }
}