{
    "R2": 0.720223793655242,
    "RMSE": 4.116256450410372,
    "MSE": 16.943567165544994,
    "MAPE": 0.04837782867263605,
    "ACMAPE": 0.6108778286726361
}