{
    "R2": 0.9880472726606265,
    "RMSE": 20.050928946068424,
    "MSE": 402.03975160028466,
    "MAPE": 0.05841568657200546,
    "ACMAPE": 0.7657327597427371
}