{
    "R2": 0.9982467286297355,
    "RMSE": 18.898193483740005,
    "MSE": 357.14171694887324,
    "MAPE": 0.02438005457983332,
    "ACMAPE": 0.6332244230137448
}