{
    "DOWN": {
        "precision": 0.5327004219409283,
        "recall": 0.9215328467153284,
        "f1-score": 0.6751336898395722,
        "support": 548.0
    },
    "UP": {
        "precision": 0.44155844155844154,
        "recall": 0.07127882599580712,
        "f1-score": 0.1227436823104693,
        "support": 477.0
    },
    "accuracy": 0.5258536585365854,
    "macro avg": {
        "precision": 0.4871294317496849,
        "recall": 0.4964058363555678,
        "f1-score": 0.39893868607502075,
        "support": 1025.0
    },
    "weighted avg": {
        "precision": 0.49028605643610274,
        "recall": 0.5258536585365854,
        "f1-score": 0.4180702424333458,
        "support": 1025.0
    }
}