{
    "R2": 0.9617535087675916,
    "RMSE": 79.73563386294711,
    "MSE": 6357.771307525957,
    "MAPE": 0.03085152849840174,
    "ACMAPE": 1.137192991913036
}