{
<<<<<<< HEAD
    "R2": 0.9979743127571552,
    "RMSE": 20.334165815134778,
    "MSE": 413.47829939739586,
    "MAPE": 0.025105813757599387,
    "ACMAPE": 0.8710524216439574
=======
    "R2": 0.998047440178036,
    "RMSE": 19.963759917599763,
    "MSE": 398.55171004756295,
    "MAPE": 0.02257546745154265,
    "ACMAPE": 0.562864470635476
>>>>>>> d5f42532be6a9c18a5da3fb21b671ebbe5b6efbf
}