{
    "R2": 0.9960673653272244,
    "RMSE": 28.28887101817917,
    "MSE": 800.2602234831774,
    "MAPE": 0.11715819055460108,
    "ACMAPE": 1.7399009919211215
}