{
    "R2": 0.9367082438657904,
    "RMSE": 102.57233088775043,
    "MSE": 10521.083063746159,
    "MAPE": 0.03891226194946157,
    "ACMAPE": 0.9891561643884859
}