{
    "DOWN": {
        "precision": 0.5324813631522897,
        "recall": 0.9124087591240876,
        "f1-score": 0.6724949562878278,
        "support": 548.0
    },
    "UP": {
        "precision": 0.4418604651162791,
        "recall": 0.07966457023060797,
        "f1-score": 0.13499111900532862,
        "support": 477.0
    },
    "accuracy": 0.5248780487804878,
    "macro avg": {
        "precision": 0.48717091413428437,
        "recall": 0.49603666467734775,
        "f1-score": 0.40374303764657826,
        "support": 1025.0
    },
    "weighted avg": {
        "precision": 0.4903094915784584,
        "recall": 0.5248780487804878,
        "f1-score": 0.4223590242061184,
        "support": 1025.0
    }
}