{
    "R2": -0.41106422112139684,
    "RMSE": 249.34508662032883,
    "MSE": 62172.97222169928,
    "MAPE": 0.2978449200016189,
    "ACMAPE": 1.609844920001619
}