{
    "R2": -0.1519825722491981,
    "RMSE": 225.29439085133697,
    "MSE": 50757.56254907499,
    "MAPE": 0.23403450476462673,
    "ACMAPE": 1.5180345047646266
}