{
    "DOWN": {
        "precision": 0.6717488789237668,
        "recall": 0.9973368841544608,
        "f1-score": 0.802786709539121,
        "support": 751.0
    },
    "UP": {
        "precision": 0.6666666666666666,
        "recall": 0.010810810810810811,
        "f1-score": 0.021276595744680854,
        "support": 370.0
    },
    "accuracy": 0.6717216770740411,
    "macro avg": {
        "precision": 0.6692077727952167,
        "recall": 0.5040738474826358,
        "f1-score": 0.41203165264190095,
        "support": 1121.0
    },
    "weighted avg": {
        "precision": 0.6700714315240103,
        "recall": 0.6717216770740411,
        "f1-score": 0.5448395711769953,
        "support": 1121.0
    }
}