{
    "R2": 0.9254980776495849,
    "RMSE": 13.880803756691066,
    "MSE": 192.6767129317688,
    "MAPE": 3224984309959.73,
    "ACMAPE": 3224984309961.0312
}