{
    "DOWN": {
        "precision": 0.6737451737451737,
        "recall": 0.4647137150466045,
        "f1-score": 0.5500394011032308,
        "support": 751.0
    },
    "UP": {
        "precision": 0.3333333333333333,
        "recall": 0.5432432432432432,
        "f1-score": 0.4131551901336074,
        "support": 370.0
    },
    "accuracy": 0.49063336306868865,
    "macro avg": {
        "precision": 0.5035392535392536,
        "recall": 0.5039784791449239,
        "f1-score": 0.48159729561841913,
        "support": 1121.0
    },
    "weighted avg": {
        "precision": 0.5613880096484913,
        "recall": 0.49063336306868865,
        "f1-score": 0.5048590638518833,
        "support": 1121.0
    }
}