{
    "R2": 0.9819992950306781,
    "RMSE": 6.7139682031976715,
    "MSE": 45.07736903354937,
    "MAPE": 3150597276368.595,
    "ACMAPE": 3150597276369.796
}