{
    "DOWN": {
        "precision": 0.7589498806682577,
        "recall": 0.18996415770609318,
        "f1-score": 0.30387004300047776,
        "support": 3348.0
    },
    "UP": {
        "precision": 0.2551496841527053,
        "recall": 0.8213969938107869,
        "f1-score": 0.3893545683151718,
        "support": 1131.0
    },
    "accuracy": 0.3494083500781424,
    "macro avg": {
        "precision": 0.5070497824104815,
        "recall": 0.50568057575844,
        "f1-score": 0.34661230565782475,
        "support": 4479.0
    },
    "weighted avg": {
        "precision": 0.6317344258213968,
        "recall": 0.3494083500781424,
        "f1-score": 0.32545588763787875,
        "support": 4479.0
    }
}