{
    "DOWN": {
        "precision": 0.6744186046511628,
        "recall": 0.29292929292929293,
        "f1-score": 0.4084507042253521,
        "support": 99.0
    },
    "UP": {
        "precision": 0.375,
        "recall": 0.75,
        "f1-score": 0.5,
        "support": 56.0
    },
    "accuracy": 0.45806451612903226,
    "macro avg": {
        "precision": 0.5247093023255813,
        "recall": 0.5214646464646464,
        "f1-score": 0.45422535211267606,
        "support": 155.0
    },
    "weighted avg": {
        "precision": 0.5662415603900975,
        "recall": 0.45806451612903226,
        "f1-score": 0.44152657882780555,
        "support": 155.0
    }
}