{
    "R2": 0.5717372896995986,
    "RMSE": 23.49783068338882,
    "MSE": 552.1480468252091,
    "MAPE": 0.06632094609160205,
    "ACMAPE": 0.8792241718980538
}