{
    "R2": 0.9793178913031118,
    "RMSE": 15.099793456590556,
    "MSE": 228.00376243169498,
    "MAPE": 0.035188182332997156,
    "ACMAPE": 0.8624307072499406
}