{
    "DOWN": {
        "precision": 0.6451612903225806,
        "recall": 0.8080808080808081,
        "f1-score": 0.7174887892376681,
        "support": 99.0
    },
    "UP": {
        "precision": 0.3870967741935484,
        "recall": 0.21428571428571427,
        "f1-score": 0.2758620689655172,
        "support": 56.0
    },
    "accuracy": 0.5935483870967742,
    "macro avg": {
        "precision": 0.5161290322580645,
        "recall": 0.5111832611832612,
        "f1-score": 0.4966754291015927,
        "support": 155.0
    },
    "weighted avg": {
        "precision": 0.5519250780437045,
        "recall": 0.5935483870967742,
        "f1-score": 0.5579333290103105,
        "support": 155.0
    }
}