{
    "R2": 0.9044366342246757,
    "RMSE": 32.333081540371566,
    "MSE": 1045.4281618963164,
    "MAPE": 0.08446595997305946,
    "ACMAPE": 0.9773819402037021
}