{
    "R2": 0.8412449327884387,
    "RMSE": 14.306600092281897,
    "MSE": 204.6788062004804,
    "MAPE": 0.03369969473972235,
    "ACMAPE": 0.7820867915139158
}