{
    "DOWN": {
        "precision": 0.6666666666666666,
        "recall": 0.6826666666666666,
        "f1-score": 0.6745718050065876,
        "support": 375.0
    },
    "UP": {
        "precision": 0.4541284403669725,
        "recall": 0.43612334801762115,
        "f1-score": 0.44494382022471907,
        "support": 227.0
    },
    "accuracy": 0.5897009966777409,
    "macro avg": {
        "precision": 0.5603975535168195,
        "recall": 0.5593950073421439,
        "f1-score": 0.5597578126156534,
        "support": 602.0
    },
    "weighted avg": {
        "precision": 0.5865235148892072,
        "recall": 0.5897009966777409,
        "f1-score": 0.5879845084194046,
        "support": 602.0
    }
}