{
    "R2": 0.8676951661318584,
    "RMSE": 13.060520808104453,
    "MSE": 170.5772037789294,
    "MAPE": 0.030915061199279805,
    "ACMAPE": 0.8051086095863765
}