{
<<<<<<< HEAD
    "R2": 0.9794706109497626,
    "RMSE": 15.043940642730263,
    "MSE": 226.32015006199146,
    "MAPE": 0.03508635011747828,
    "ACMAPE": 0.8556843567619965
=======
    "R2": 0.9793178913031118,
    "RMSE": 15.099793456590556,
    "MSE": 228.00376243169498,
    "MAPE": 0.035188182332997156,
    "ACMAPE": 0.8624307072499406
>>>>>>> d5f42532be6a9c18a5da3fb21b671ebbe5b6efbf
}