{
    "R2": 0.9766055079365085,
    "RMSE": 7.003130137777198,
    "MSE": 49.043831726643276,
    "MAPE": 0.014295661314749162,
    "ACMAPE": 0.7432942374894049
}