{
    "DOWN": {
        "precision": 0.7953869047619048,
        "recall": 0.6843790012804097,
        "f1-score": 0.735719201651755,
        "support": 1562.0
    },
    "UP": {
        "precision": 0.35386631716906947,
        "recall": 0.4954128440366973,
        "f1-score": 0.4128440366972477,
        "support": 545.0
    },
    "accuracy": 0.6355007119126721,
    "macro avg": {
        "precision": 0.5746266109654872,
        "recall": 0.5898959226585535,
        "f1-score": 0.5742816191745013,
        "support": 2107.0
    },
    "weighted avg": {
        "precision": 0.681182481298167,
        "recall": 0.6355007119126721,
        "f1-score": 0.6522037935358526,
        "support": 2107.0
    }
}