{
    "R2": 0.8285959448864029,
    "RMSE": 19.287134158706447,
    "MSE": 371.993544055941,
    "MAPE": 0.06966462924625917,
    "ACMAPE": 1.2388375615770864
}