{
<<<<<<< HEAD
    "R2": 0.8006174177195092,
    "RMSE": 20.801792667281156,
    "MSE": 432.714578172552,
    "MAPE": 0.07282217220298547,
    "ACMAPE": 0.9374838263383237
=======
    "R2": 0.8034433577661926,
    "RMSE": 20.65384994607464,
    "MSE": 426.58151759496735,
    "MAPE": 0.06335503819417944,
    "ACMAPE": 1.018242256239292
>>>>>>> d5f42532be6a9c18a5da3fb21b671ebbe5b6efbf
}