{
    "DOWN": {
        "precision": 0.634020618556701,
        "recall": 0.7365269461077845,
        "f1-score": 0.6814404432132963,
        "support": 334.0
    },
    "UP": {
        "precision": 0.3888888888888889,
        "recall": 0.2828282828282828,
        "f1-score": 0.32748538011695905,
        "support": 198.0
    },
    "accuracy": 0.5676691729323309,
    "macro avg": {
        "precision": 0.5114547537227949,
        "recall": 0.5096776144680336,
        "f1-score": 0.5044629116651277,
        "support": 532.0
    },
    "weighted avg": {
        "precision": 0.542787380823192,
        "recall": 0.5676691729323309,
        "f1-score": 0.5497052881511257,
        "support": 532.0
    }
}