{
    "R2": 0.9762493212334655,
    "RMSE": 7.05624090599662,
    "MSE": 49.790535723459996,
    "MAPE": 0.014479035253862143,
    "ACMAPE": 0.7263917072994246
}