{
    "DOWN": {
        "precision": 0.6238532110091743,
        "recall": 0.8947368421052632,
        "f1-score": 0.7351351351351353,
        "support": 76.0
    },
    "UP": {
        "precision": 0.5,
        "recall": 0.16326530612244897,
        "f1-score": 0.24615384615384614,
        "support": 49.0
    },
    "accuracy": 0.608,
    "macro avg": {
        "precision": 0.5619266055045872,
        "recall": 0.5290010741138561,
        "f1-score": 0.4906444906444907,
        "support": 125.0
    },
    "weighted avg": {
        "precision": 0.575302752293578,
        "recall": 0.608,
        "f1-score": 0.54345446985447,
        "support": 125.0
    }
}