{
    "DOWN": {
        "precision": 0.6035805626598465,
        "recall": 0.8368794326241135,
        "f1-score": 0.7013372956909361,
        "support": 282.0
    },
    "UP": {
        "precision": 0.5257731958762887,
        "recall": 0.24757281553398058,
        "f1-score": 0.33663366336633666,
        "support": 206.0
    },
    "accuracy": 0.5881147540983607,
    "macro avg": {
        "precision": 0.5646768792680676,
        "recall": 0.542226124079047,
        "f1-score": 0.5189854795286364,
        "support": 488.0
    },
    "weighted avg": {
        "precision": 0.570735649632361,
        "recall": 0.5881147540983607,
        "f1-score": 0.547384532865388,
        "support": 488.0
    }
}