{
    "DOWN": {
        "precision": 0.6666666666666666,
        "recall": 0.13157894736842105,
        "f1-score": 0.21978021978021978,
        "support": 76.0
    },
    "UP": {
        "precision": 0.4,
        "recall": 0.8979591836734694,
        "f1-score": 0.5534591194968553,
        "support": 49.0
    },
    "accuracy": 0.432,
    "macro avg": {
        "precision": 0.5333333333333333,
        "recall": 0.5147690655209453,
        "f1-score": 0.38661966963853756,
        "support": 125.0
    },
    "weighted avg": {
        "precision": 0.5621333333333334,
        "recall": 0.432,
        "f1-score": 0.35058234846914094,
        "support": 125.0
    }
}