{
    "DOWN": {
        "precision": 0.8181818181818182,
        "recall": 0.11842105263157894,
        "f1-score": 0.20689655172413793,
        "support": 76.0
    },
    "UP": {
        "precision": 0.41228070175438597,
        "recall": 0.9591836734693877,
        "f1-score": 0.5766871165644172,
        "support": 49.0
    },
    "accuracy": 0.448,
    "macro avg": {
        "precision": 0.6152312599681021,
        "recall": 0.5388023630504833,
        "f1-score": 0.39179183414427754,
        "support": 125.0
    },
    "weighted avg": {
        "precision": 0.6590685805422647,
        "recall": 0.448,
        "f1-score": 0.3518544531415274,
        "support": 125.0
    }
}