{
    "R2": 0.9824973111608545,
    "RMSE": 15.167134718808732,
    "MSE": 230.04197557849324,
    "MAPE": 0.03940400516165146,
    "ACMAPE": 0.9108899489367518
}