{
    "DOWN": {
        "precision": 0.631578947368421,
        "recall": 0.45993031358885017,
        "f1-score": 0.532258064516129,
        "support": 287.0
    },
    "UP": {
        "precision": 0.45422535211267606,
        "recall": 0.6262135922330098,
        "f1-score": 0.5265306122448979,
        "support": 206.0
    },
    "accuracy": 0.5294117647058824,
    "macro avg": {
        "precision": 0.5429021497405485,
        "recall": 0.54307195291093,
        "f1-score": 0.5293943383805135,
        "support": 493.0
    },
    "weighted avg": {
        "precision": 0.557471765577988,
        "recall": 0.5294117647058824,
        "f1-score": 0.5298648491654726,
        "support": 493.0
    }
}