{
    "DOWN": {
        "precision": 0.7811550151975684,
        "recall": 0.3063170441001192,
        "f1-score": 0.44006849315068486,
        "support": 3356.0
    },
    "UP": {
        "precision": 0.26329113924050634,
        "recall": 0.7428571428571429,
        "f1-score": 0.38878504672897196,
        "support": 1120.0
    },
    "accuracy": 0.4155495978552279,
    "macro avg": {
        "precision": 0.5222230772190374,
        "recall": 0.524587093478631,
        "f1-score": 0.4144267699398284,
        "support": 4476.0
    },
    "weighted avg": {
        "precision": 0.6515733482914224,
        "recall": 0.4155495978552279,
        "f1-score": 0.4272361741175485,
        "support": 4476.0
    }
}