{
    "DOWN": {
        "precision": 0.7257281553398058,
        "recall": 0.3318534961154273,
        "f1-score": 0.45544554455445546,
        "support": 901.0
    },
    "UP": {
        "precision": 0.15091678420310295,
        "recall": 0.4863636363636364,
        "f1-score": 0.2303552206673843,
        "support": 220.0
    },
    "accuracy": 0.3621766280107047,
    "macro avg": {
        "precision": 0.4383224697714544,
        "recall": 0.40910856623953185,
        "f1-score": 0.3429003826109199,
        "support": 1121.0
    },
    "weighted avg": {
        "precision": 0.612919500879436,
        "recall": 0.3621766280107047,
        "f1-score": 0.4112708155132819,
        "support": 1121.0
    }
}