{
    "R2": -0.9715541245043995,
    "RMSE": 206.91900903111835,
    "MSE": 42815.476298420035,
    "MAPE": 0.23678084850486805,
    "ACMAPE": 0.6257192963193193
}