{
    "DOWN": {
        "precision": 0.7676056338028169,
        "recall": 0.6800356506238859,
        "f1-score": 0.7211720226843099,
        "support": 3366.0
    },
    "UP": {
        "precision": 0.2839095744680851,
        "recall": 0.38125,
        "f1-score": 0.3254573170731707,
        "support": 1120.0
    },
    "accuracy": 0.6054391440035667,
    "macro avg": {
        "precision": 0.525757604135451,
        "recall": 0.530642825311943,
        "f1-score": 0.5233146698787403,
        "support": 4486.0
    },
    "weighted avg": {
        "precision": 0.6468433541650774,
        "recall": 0.6054391440035667,
        "f1-score": 0.6223756628348949,
        "support": 4486.0
    }
}