{
    "R2": 0.987177564098136,
    "RMSE": 21.408161353171135,
    "MSE": 458.30937252341016,
    "MAPE": 0.1582177527305728,
    "ACMAPE": 1.2475034670162872
}