{
    "DOWN": {
        "precision": 0.76,
        "recall": 0.30278884462151395,
        "f1-score": 0.4330484330484331,
        "support": 251.0
    },
    "UP": {
        "precision": 0.2886178861788618,
        "recall": 0.7473684210526316,
        "f1-score": 0.4164222873900293,
        "support": 95.0
    },
    "accuracy": 0.42485549132947975,
    "macro avg": {
        "precision": 0.5243089430894309,
        "recall": 0.5250786328370728,
        "f1-score": 0.4247353602192312,
        "support": 346.0
    },
    "weighted avg": {
        "precision": 0.630574275106913,
        "recall": 0.42485549132947975,
        "f1-score": 0.4284834508589869,
        "support": 346.0
    }
}