{
    "DOWN": {
        "precision": 0.6990740740740741,
        "recall": 0.2416,
        "f1-score": 0.35909631391200947,
        "support": 625.0
    },
    "UP": {
        "precision": 0.3551020408163265,
        "recall": 0.8006134969325154,
        "f1-score": 0.49198868991517436,
        "support": 326.0
    },
    "accuracy": 0.4332281808622503,
    "macro avg": {
        "precision": 0.5270880574452003,
        "recall": 0.5211067484662577,
        "f1-score": 0.4255425019135919,
        "support": 951.0
    },
    "weighted avg": {
        "precision": 0.5811614738195781,
        "recall": 0.4332281808622503,
        "f1-score": 0.40465142913496605,
        "support": 951.0
    }
}