{
    "DOWN": {
        "precision": 0.7307692307692307,
        "recall": 0.24516129032258063,
        "f1-score": 0.3671497584541063,
        "support": 155.0
    },
    "UP": {
        "precision": 0.3776595744680851,
        "recall": 0.8352941176470589,
        "f1-score": 0.5201465201465201,
        "support": 85.0
    },
    "accuracy": 0.45416666666666666,
    "macro avg": {
        "precision": 0.554214402618658,
        "recall": 0.5402277039848198,
        "f1-score": 0.4436481393003132,
        "support": 240.0
    },
    "weighted avg": {
        "precision": 0.6057095608292417,
        "recall": 0.45416666666666666,
        "f1-score": 0.4213361115535028,
        "support": 240.0
    }
}