{
    "R2": 0.9369714296019677,
    "RMSE": 5.948244608903411,
    "MSE": 35.38161392734849,
    "MAPE": 0.03473967688130848,
    "ACMAPE": 1.176406343547975
}