{
    "DOWN": {
        "precision": 0.725,
        "recall": 0.1870967741935484,
        "f1-score": 0.29743589743589743,
        "support": 155.0
    },
    "UP": {
        "precision": 0.37,
        "recall": 0.8705882352941177,
        "f1-score": 0.519298245614035,
        "support": 85.0
    },
    "accuracy": 0.42916666666666664,
    "macro avg": {
        "precision": 0.5475,
        "recall": 0.528842504743833,
        "f1-score": 0.4083670715249662,
        "support": 240.0
    },
    "weighted avg": {
        "precision": 0.5992708333333333,
        "recall": 0.42916666666666664,
        "f1-score": 0.37601214574898784,
        "support": 240.0
    }
}