{
    "DOWN": {
        "precision": 0.6586538461538461,
        "recall": 0.3903133903133903,
        "f1-score": 0.49016100178890876,
        "support": 702.0
    },
    "UP": {
        "precision": 0.2658662092624357,
        "recall": 0.5218855218855218,
        "f1-score": 0.3522727272727273,
        "support": 297.0
    },
    "accuracy": 0.4294294294294294,
    "macro avg": {
        "precision": 0.4622600277081409,
        "recall": 0.45609945609945607,
        "f1-score": 0.421216864530818,
        "support": 999.0
    },
    "weighted avg": {
        "precision": 0.5418791432942376,
        "recall": 0.4294294294294294,
        "f1-score": 0.4491671904462602,
        "support": 999.0
    }
}