{
    "DOWN": {
        "precision": 0.5996309963099631,
        "recall": 0.1409366869037294,
        "f1-score": 0.2282303370786517,
        "support": 2306.0
    },
    "UP": {
        "precision": 0.3204116638078902,
        "recall": 0.8114682884448305,
        "f1-score": 0.45941957697983277,
        "support": 1151.0
    },
    "accuracy": 0.3641886028348279,
    "macro avg": {
        "precision": 0.46002133005892665,
        "recall": 0.47620248767428,
        "f1-score": 0.3438249570292422,
        "support": 3457.0
    },
    "weighted avg": {
        "precision": 0.5066655778228686,
        "recall": 0.3641886028348279,
        "f1-score": 0.3052042494669246,
        "support": 3457.0
    }
}