{
    "DOWN": {
        "precision": 0.6893870082342177,
        "recall": 0.6577913574858141,
        "f1-score": 0.6732186732186732,
        "support": 2291.0
    },
    "UP": {
        "precision": 0.37579617834394907,
        "recall": 0.4100781928757602,
        "f1-score": 0.39218944744495227,
        "support": 1151.0
    },
    "accuracy": 0.5749564206856479,
    "macro avg": {
        "precision": 0.5325915932890835,
        "recall": 0.5339347751807871,
        "f1-score": 0.5327040603318127,
        "support": 3442.0
    },
    "weighted avg": {
        "precision": 0.5845226720332592,
        "recall": 0.5749564206856479,
        "f1-score": 0.5792428920258921,
        "support": 3442.0
    }
}