{
    "R2": 0.9924314727447958,
    "RMSE": 57.59807934044277,
    "MSE": 3317.5387437079403,
    "MAPE": 0.018988026486615947,
    "ACMAPE": 0.7820907518534922
}