{
<<<<<<< HEAD
    "R2": -3.248817255530282,
    "RMSE": 1010.27617775819,
    "MSE": 1020657.9553456979,
    "MAPE": 0.23014897716779084,
    "ACMAPE": 1.3884823105011241
=======
    "R2": -3.220732403292959,
    "RMSE": 1006.9316587437085,
    "MSE": 1013911.3653803561,
    "MAPE": 0.2289849473563846,
    "ACMAPE": 1.395651614023051
>>>>>>> d5f42532be6a9c18a5da3fb21b671ebbe5b6efbf
}