{
    "R2": 0.9916803123391154,
    "RMSE": 60.33785605427006,
    "MSE": 3640.6568732258147,
    "MAPE": 0.022141656713424336,
    "ACMAPE": 0.9710467662024754
}