{
    "DOWN": {
        "precision": 0.7986798679867987,
        "recall": 0.36890243902439024,
        "f1-score": 0.5046923879040668,
        "support": 656.0
    },
    "UP": {
        "precision": 0.3490566037735849,
        "recall": 0.784452296819788,
        "f1-score": 0.4831338411316648,
        "support": 283.0
    },
    "accuracy": 0.4941427050053248,
    "macro avg": {
        "precision": 0.5738682358801918,
        "recall": 0.5766773679220891,
        "f1-score": 0.4939131145178658,
        "support": 939.0
    },
    "weighted avg": {
        "precision": 0.6631704071003881,
        "recall": 0.4941427050053248,
        "f1-score": 0.49819497710897653,
        "support": 939.0
    }
}