{
    "DOWN": {
        "precision": 0.7772020725388601,
        "recall": 0.4484304932735426,
        "f1-score": 0.5687203791469194,
        "support": 669.0
    },
    "UP": {
        "precision": 0.35602094240837695,
        "recall": 0.7034482758620689,
        "f1-score": 0.47276940903823866,
        "support": 290.0
    },
    "accuracy": 0.5255474452554745,
    "macro avg": {
        "precision": 0.5666115074736185,
        "recall": 0.5759393845678058,
        "f1-score": 0.5207448940925791,
        "support": 959.0
    },
    "weighted avg": {
        "precision": 0.649837601487932,
        "recall": 0.5255474452554745,
        "f1-score": 0.5397049658710931,
        "support": 959.0
    }
}