{
    "R2": 0.9880091934326165,
    "RMSE": 72.39361301476603,
    "MSE": 5240.835205331701,
    "MAPE": 0.03022278712962537,
    "ACMAPE": 1.0376775262137576
}