{
    "R2": -3.220732403292959,
    "RMSE": 1006.9316587437085,
    "MSE": 1013911.3653803561,
    "MAPE": 0.2289849473563846,
    "ACMAPE": 1.395651614023051
}