{
    "DOWN": {
        "precision": 0.8823529411764706,
        "recall": 0.1056338028169014,
        "f1-score": 0.18867924528301888,
        "support": 142.0
    },
    "UP": {
        "precision": 0.4304932735426009,
        "recall": 0.9795918367346939,
        "f1-score": 0.5981308411214953,
        "support": 98.0
    },
    "accuracy": 0.4625,
    "macro avg": {
        "precision": 0.6564231073595357,
        "recall": 0.5426128197757977,
        "f1-score": 0.3934050432022571,
        "support": 240.0
    },
    "weighted avg": {
        "precision": 0.6978435768926405,
        "recall": 0.4625,
        "f1-score": 0.35587198025039674,
        "support": 240.0
    }
}