{
    "R2": -3.248817255530282,
    "RMSE": 1010.27617775819,
    "MSE": 1020657.9553456979,
    "MAPE": 0.23014897716779084,
    "ACMAPE": 1.3884823105011241
}