{
    "R2": -1.4964063968369103,
    "RMSE": 774.3971210757641,
    "MSE": 599690.9011304316,
    "MAPE": 0.15340850397861805,
    "ACMAPE": 1.2534085039786182
}