{
    "DOWN": {
        "precision": 0.7524875621890548,
        "recall": 0.983739837398374,
        "f1-score": 0.8527131782945737,
        "support": 615.0
    },
    "UP": {
        "precision": 0.2857142857142857,
        "recall": 0.019704433497536946,
        "f1-score": 0.036866359447004615,
        "support": 203.0
    },
    "accuracy": 0.7444987775061125,
    "macro avg": {
        "precision": 0.5191009239516702,
        "recall": 0.5017221354479555,
        "f1-score": 0.44478976887078914,
        "support": 818.0
    },
    "weighted avg": {
        "precision": 0.6366501842863921,
        "recall": 0.7444987775061125,
        "f1-score": 0.650247525206485,
        "support": 818.0
    }
}