{
    "R2": -0.8362664333792809,
    "RMSE": 260.1182553273856,
    "MSE": 67661.50675456297,
    "MAPE": 0.1456624274214894,
    "ACMAPE": 0.6933396890351814
}