{
    "DOWN": {
        "precision": 0.759090909090909,
        "recall": 0.48546511627906974,
        "f1-score": 0.5921985815602836,
        "support": 344.0
    },
    "UP": {
        "precision": 0.3896551724137931,
        "recall": 0.6807228915662651,
        "f1-score": 0.4956140350877193,
        "support": 166.0
    },
    "accuracy": 0.5490196078431373,
    "macro avg": {
        "precision": 0.5743730407523511,
        "recall": 0.5830940039226674,
        "f1-score": 0.5439063083240014,
        "support": 510.0
    },
    "weighted avg": {
        "precision": 0.6388431987214949,
        "recall": 0.5490196078431373,
        "f1-score": 0.5607612585907823,
        "support": 510.0
    }
}