{
    "DOWN": {
        "precision": 0.6842105263157895,
        "recall": 0.7303370786516854,
        "f1-score": 0.7065217391304347,
        "support": 89.0
    },
    "UP": {
        "precision": 0.35135135135135137,
        "recall": 0.3023255813953488,
        "f1-score": 0.32499999999999996,
        "support": 43.0
    },
    "accuracy": 0.5909090909090909,
    "macro avg": {
        "precision": 0.5177809388335705,
        "recall": 0.516331330023517,
        "f1-score": 0.5157608695652174,
        "support": 132.0
    },
    "weighted avg": {
        "precision": 0.5757791284107073,
        "recall": 0.5909090909090909,
        "f1-score": 0.58223814229249,
        "support": 132.0
    }
}