{
    "R2": 0.3498011051717771,
    "RMSE": 141.27889901535858,
    "MSE": 19959.727306991885,
    "MAPE": 0.1410690055842551,
    "ACMAPE": 0.822887187402437
}