{
    "DOWN": {
        "precision": 0.7427184466019418,
        "recall": 0.4346590909090909,
        "f1-score": 0.5483870967741935,
        "support": 352.0
    },
    "UP": {
        "precision": 0.3662420382165605,
        "recall": 0.6845238095238095,
        "f1-score": 0.4771784232365145,
        "support": 168.0
    },
    "accuracy": 0.5153846153846153,
    "macro avg": {
        "precision": 0.5544802424092511,
        "recall": 0.5595914502164502,
        "f1-score": 0.512782760005354,
        "support": 520.0
    },
    "weighted avg": {
        "precision": 0.6210876069697415,
        "recall": 0.5153846153846153,
        "f1-score": 0.5253812176312511,
        "support": 520.0
    }
}