{
    "R2": 0.9812324703196209,
    "RMSE": 40.10480986206617,
    "MSE": 1608.39577407248,
    "MAPE": 0.05371339867723478,
    "ACMAPE": 1.147046732010568
}