{
    "R2": 0.48178609905407277,
    "RMSE": 126.12718926755183,
    "MSE": 15908.06787253284,
    "MAPE": 0.12572220625441616,
    "ACMAPE": 0.9439040244362342
}