{
<<<<<<< HEAD
    "R2": 0.6431081873504985,
    "RMSE": 104.670061859432,
    "MSE": 10955.82184965732,
    "MAPE": 0.10979177701159806,
    "ACMAPE": 1.0491857164055376
=======
    "R2": 0.6467645708230907,
    "RMSE": 104.13250515813101,
    "MSE": 10843.57863050818,
    "MAPE": 0.11045765675518775,
    "ACMAPE": 1.0801546264521575
>>>>>>> d5f42532be6a9c18a5da3fb21b671ebbe5b6efbf
}