{
    "DOWN": {
        "precision": 0.0,
        "recall": 0.0,
        "f1-score": 0.0,
        "support": 112.0
    },
    "UP": {
        "precision": 0.2911392405063291,
        "recall": 1.0,
        "f1-score": 0.45098039215686275,
        "support": 46.0
    },
    "accuracy": 0.2911392405063291,
    "macro avg": {
        "precision": 0.14556962025316456,
        "recall": 0.5,
        "f1-score": 0.22549019607843138,
        "support": 158.0
    },
    "weighted avg": {
        "precision": 0.08476205736260214,
        "recall": 0.2911392405063291,
        "f1-score": 0.1312980888557955,
        "support": 158.0
    }
}