{
    "DOWN": {
        "precision": 0.6570458404074703,
        "recall": 0.9847328244274809,
        "f1-score": 0.7881873727087577,
        "support": 393.0
    },
    "UP": {
        "precision": 0.75,
        "recall": 0.08181818181818182,
        "f1-score": 0.14754098360655737,
        "support": 220.0
    },
    "accuracy": 0.6606851549755302,
    "macro avg": {
        "precision": 0.7035229202037352,
        "recall": 0.5332755031228313,
        "f1-score": 0.4678641781576576,
        "support": 613.0
    },
    "weighted avg": {
        "precision": 0.6904062239480193,
        "recall": 0.6606851549755302,
        "f1-score": 0.5582653407308066,
        "support": 613.0
    }
}