{
    "R2": -1.3955931636169479,
    "RMSE": 82.35902009055295,
    "MSE": 6783.008190276104,
    "MAPE": 0.06261194608572752,
    "ACMAPE": 1.1891942245667402
}