{
    "DOWN": {
<<<<<<< HEAD
        "precision": 0.8108108108108109,
        "recall": 0.26785714285714285,
        "f1-score": 0.40268456375838924,
        "support": 112.0
    },
    "UP": {
        "precision": 0.32231404958677684,
        "recall": 0.8478260869565217,
        "f1-score": 0.46706586826347307,
        "support": 46.0
    },
    "accuracy": 0.43670886075949367,
    "macro avg": {
        "precision": 0.5665624301987938,
        "recall": 0.5578416149068323,
        "f1-score": 0.43487521601093115,
        "support": 158.0
    },
    "weighted avg": {
        "precision": 0.668590234758244,
        "recall": 0.43670886075949367,
        "f1-score": 0.421428487854806,
=======
        "precision": 0.8125,
        "recall": 0.23214285714285715,
        "f1-score": 0.3611111111111111,
        "support": 112.0
    },
    "UP": {
        "precision": 0.31746031746031744,
        "recall": 0.8695652173913043,
        "f1-score": 0.46511627906976744,
        "support": 46.0
    },
    "accuracy": 0.4177215189873418,
    "macro avg": {
        "precision": 0.5649801587301587,
        "recall": 0.5508540372670807,
        "f1-score": 0.41311369509043927,
        "support": 158.0
    },
    "weighted avg": {
        "precision": 0.6683745228049026,
        "recall": 0.4177215189873418,
        "f1-score": 0.3913910967193275,
>>>>>>> d5f42532be6a9c18a5da3fb21b671ebbe5b6efbf
        "support": 158.0
    }
}