{
<<<<<<< HEAD
    "R2": -1.3955931636169479,
    "RMSE": 82.35902009055295,
    "MSE": 6783.008190276104,
    "MAPE": 0.06261194608572752,
    "ACMAPE": 1.1891942245667402
=======
    "R2": -1.4918387724168949,
    "RMSE": 83.99716100823079,
    "MSE": 7055.523057442648,
    "MAPE": 0.06347057483077546,
    "ACMAPE": 1.228027536856092
>>>>>>> d5f42532be6a9c18a5da3fb21b671ebbe5b6efbf
}