{
    "DOWN": {
        "precision": 0.6,
        "recall": 0.04918032786885246,
        "f1-score": 0.09090909090909091,
        "support": 61.0
    },
    "UP": {
        "precision": 0.42,
        "recall": 0.9545454545454546,
        "f1-score": 0.5833333333333334,
        "support": 44.0
    },
    "accuracy": 0.42857142857142855,
    "macro avg": {
        "precision": 0.51,
        "recall": 0.5018628912071535,
        "f1-score": 0.33712121212121215,
        "support": 105.0
    },
    "weighted avg": {
        "precision": 0.5245714285714286,
        "recall": 0.42857142857142855,
        "f1-score": 0.2972582972582973,
        "support": 105.0
    }
}