{
    "R2": -12.373969160697454,
    "RMSE": 172.0915043018778,
    "MSE": 29615.485852883223,
    "MAPE": 0.6329973756548746,
    "ACMAPE": 1.7758545185120174
}