{
    "R2": -16.469022924562577,
    "RMSE": 196.6815306908233,
    "MSE": 38683.624514885276,
    "MAPE": 0.7557332294002932,
    "ACMAPE": 1.917637991305055
}