{
    "R2": -23.91954828164304,
    "RMSE": 234.90883712565912,
    "MSE": 55182.16175972944,
    "MAPE": 0.8899126051800041,
    "ACMAPE": 2.051817367084766
}