{
    "R2": -27.072155080232587,
    "RMSE": 249.32575876707793,
    "MSE": 62163.333984779136,
    "MAPE": 0.6563626818130295,
    "ACMAPE": 1.8563626818130294
}