{
    "DOWN": {
        "precision": 0.6551724137931034,
        "recall": 0.03505535055350553,
        "f1-score": 0.06654991243432573,
        "support": 542.0
    },
    "UP": {
        "precision": 0.37440191387559807,
        "recall": 0.9690402476780186,
        "f1-score": 0.540120793787748,
        "support": 323.0
    },
    "accuracy": 0.3838150289017341,
    "macro avg": {
        "precision": 0.5147871638343507,
        "recall": 0.502047799115762,
        "f1-score": 0.3033353531110369,
        "support": 865.0
    },
    "weighted avg": {
        "precision": 0.5503297878123471,
        "recall": 0.3838150289017341,
        "f1-score": 0.24338620685878284,
        "support": 865.0
    }
}