{
    "DOWN": {
        "precision": 0.634032634032634,
        "recall": 0.11235026848409747,
        "f1-score": 0.19087719298245615,
        "support": 2421.0
    },
    "UP": {
        "precision": 0.29052492571805877,
        "recall": 0.8486017357762777,
        "f1-score": 0.4328578455484506,
        "support": 1037.0
    },
    "accuracy": 0.33314054366685947,
    "macro avg": {
        "precision": 0.4622787798753464,
        "recall": 0.4804760021301876,
        "f1-score": 0.31186751926545336,
        "support": 3458.0
    },
    "weighted avg": {
        "precision": 0.5310200563801717,
        "recall": 0.33314054366685947,
        "f1-score": 0.2634433979306737,
        "support": 3458.0
    }
}