{
    "DOWN": {
        "precision": 0.6278240190249703,
        "recall": 0.974169741697417,
        "f1-score": 0.7635574837310196,
        "support": 542.0
    },
    "UP": {
        "precision": 0.4166666666666667,
        "recall": 0.030959752321981424,
        "f1-score": 0.05763688760806916,
        "support": 323.0
    },
    "accuracy": 0.6219653179190752,
    "macro avg": {
        "precision": 0.5222453428458185,
        "recall": 0.5025647470096992,
        "f1-score": 0.4105971856695444,
        "support": 865.0
    },
    "weighted avg": {
        "precision": 0.548975666641465,
        "recall": 0.6219653179190752,
        "f1-score": 0.49995938830013753,
        "support": 865.0
    }
}