{
    "R2": 0.99107686236301,
    "RMSE": 54.515307271133274,
    "MSE": 2971.918726866076,
    "MAPE": 0.022353870159374886,
    "ACMAPE": 1.2194146584025278
}