{
    "R2": 0.9265870488681165,
    "RMSE": 987.9877543581105,
    "MSE": 976119.8027615821,
    "MAPE": 0.08549386410296221,
    "ACMAPE": 0.8435009815406845
}