{
    "DOWN": {
        "precision": 0.6585648148148148,
        "recall": 0.7546419098143236,
        "f1-score": 0.7033374536464772,
        "support": 754.0
    },
    "UP": {
        "precision": 0.28846153846153844,
        "recall": 0.20270270270270271,
        "f1-score": 0.23809523809523808,
        "support": 370.0
    },
    "accuracy": 0.5729537366548043,
    "macro avg": {
        "precision": 0.4735131766381766,
        "recall": 0.47867230625851315,
        "f1-score": 0.47071634587085764,
        "support": 1124.0
    },
    "weighted avg": {
        "precision": 0.536733665125569,
        "recall": 0.5729537366548043,
        "f1-score": 0.5501883257514963,
        "support": 1124.0
    }
}