{
    "R2": 0.9907851073889634,
    "RMSE": 55.409138731216295,
    "MSE": 3070.172654935174,
    "MAPE": 0.024434447355769266,
    "ACMAPE": 0.7085981484233849
}