{
    "R2": 0.9588498168244184,
    "RMSE": 117.07830647589698,
    "MSE": 13707.329847264062,
    "MAPE": 0.06634999337171565,
    "ACMAPE": 1.574597875672206
}