{
    "DOWN": {
        "precision": 0.6653225806451613,
        "recall": 0.8753315649867374,
        "f1-score": 0.7560137457044673,
        "support": 754.0
    },
    "UP": {
        "precision": 0.2878787878787879,
        "recall": 0.10270270270270271,
        "f1-score": 0.15139442231075698,
        "support": 370.0
    },
    "accuracy": 0.6209964412811388,
    "macro avg": {
        "precision": 0.47660068426197455,
        "recall": 0.48901713384472,
        "f1-score": 0.45370408400761214,
        "support": 1124.0
    },
    "weighted avg": {
        "precision": 0.5410750687914618,
        "recall": 0.6209964412811388,
        "f1-score": 0.5569842531282458,
        "support": 1124.0
    }
}