{
    "DOWN": {
        "precision": 0.8604651162790697,
        "recall": 0.5362318840579711,
        "f1-score": 0.6607142857142858,
        "support": 69.0
    },
    "UP": {
        "precision": 0.43859649122807015,
        "recall": 0.8064516129032258,
        "f1-score": 0.5681818181818181,
        "support": 31.0
    },
    "accuracy": 0.62,
    "macro avg": {
        "precision": 0.64953080375357,
        "recall": 0.6713417484805984,
        "f1-score": 0.614448051948052,
        "support": 100.0
    },
    "weighted avg": {
        "precision": 0.72968584251326,
        "recall": 0.62,
        "f1-score": 0.6320292207792209,
        "support": 100.0
    }
}