{
    "R2": 0.9360997615641444,
    "RMSE": 4.250916886791062,
    "MSE": 18.070294378405414,
    "MAPE": 0.04183409652717713,
    "ACMAPE": 0.8215809319702151
}