{
    "DOWN": {
        "precision": 0.8538812785388128,
        "recall": 0.6584507042253521,
        "f1-score": 0.7435387673956263,
        "support": 284.0
    },
    "UP": {
        "precision": 0.39751552795031053,
        "recall": 0.6666666666666666,
        "f1-score": 0.49805447470817116,
        "support": 96.0
    },
    "accuracy": 0.6605263157894737,
    "macro avg": {
        "precision": 0.6256984032445616,
        "recall": 0.6625586854460094,
        "f1-score": 0.6207966210518987,
        "support": 380.0
    },
    "weighted avg": {
        "precision": 0.7385888783901385,
        "recall": 0.6605263157894737,
        "f1-score": 0.6815216829272165,
        "support": 380.0
    }
}