{
    "R2": -2.5135193272693965,
    "RMSE": 2.4931033149070387,
    "MSE": 6.215564138800465,
    "MAPE": 0.037537668624203664,
    "ACMAPE": 1.3175376686242037
}