{
    "DOWN": {
        "precision": 0.8472906403940886,
        "recall": 0.5972222222222222,
        "f1-score": 0.70061099796334,
        "support": 288.0
    },
    "UP": {
        "precision": 0.3626373626373626,
        "recall": 0.6804123711340206,
        "f1-score": 0.47311827956989244,
        "support": 97.0
    },
    "accuracy": 0.6181818181818182,
    "macro avg": {
        "precision": 0.6049640015157256,
        "recall": 0.6388172966781214,
        "f1-score": 0.5868646387666162,
        "support": 385.0
    },
    "weighted avg": {
        "precision": 0.7251831911930435,
        "recall": 0.6181818181818182,
        "f1-score": 0.6432946507317442,
        "support": 385.0
    }
}