{
    "DOWN": {
        "precision": 0.878740157480315,
        "recall": 0.3661417322834646,
        "f1-score": 0.5169059749884206,
        "support": 3048.0
    },
    "UP": {
        "precision": 0.18239526026237834,
        "recall": 0.7367521367521368,
        "f1-score": 0.29240162822252375,
        "support": 585.0
    },
    "accuracy": 0.4258188824662813,
    "macro avg": {
        "precision": 0.5305677088713466,
        "recall": 0.5514469345178007,
        "f1-score": 0.40465380160547215,
        "support": 3633.0
    },
    "weighted avg": {
        "precision": 0.7666119535517455,
        "recall": 0.4258188824662813,
        "f1-score": 0.48075539891959335,
        "support": 3633.0
    }
}