{
    "R2": 0.9909480258687225,
    "RMSE": 7.103146120562062,
    "MSE": 50.45468481005587,
    "MAPE": 0.02121560341123433,
    "ACMAPE": 1.6709953390940537
}