{
    "DOWN": {
        "precision": 0.8388520971302428,
        "recall": 0.9973753280839895,
        "f1-score": 0.9112709832134293,
        "support": 762.0
    },
    "UP": {
        "precision": 0.0,
        "recall": 0.0,
        "f1-score": 0.0,
        "support": 146.0
    },
    "accuracy": 0.8370044052863436,
    "macro avg": {
        "precision": 0.4194260485651214,
        "recall": 0.49868766404199477,
        "f1-score": 0.4556354916067146,
        "support": 908.0
    },
    "weighted avg": {
        "precision": 0.7039705925256001,
        "recall": 0.8370044052863436,
        "f1-score": 0.7647450321680982,
        "support": 908.0
    }
}