{
    "DOWN": {
        "precision": 0.8305084745762712,
        "recall": 0.06430446194225722,
        "f1-score": 0.11936662606577345,
        "support": 762.0
    },
    "UP": {
        "precision": 0.160188457008245,
        "recall": 0.9315068493150684,
        "f1-score": 0.2733668341708543,
        "support": 146.0
    },
    "accuracy": 0.20374449339207049,
    "macro avg": {
        "precision": 0.4953484657922581,
        "recall": 0.49790565562866285,
        "f1-score": 0.19636673011831385,
        "support": 908.0
    },
    "weighted avg": {
        "precision": 0.7227257404739234,
        "recall": 0.20374449339207049,
        "f1-score": 0.14412877406504856,
        "support": 908.0
    }
}