{
    "R2": 0.9786953223621284,
    "RMSE": 17.887480222249415,
    "MSE": 319.961948701364,
    "MAPE": 0.04158988525033469,
    "ACMAPE": 1.189952120317772
}