{
    "R2": 0.9926662515222315,
    "RMSE": 421.4108546265302,
    "MSE": 177587.10839706258,
    "MAPE": 0.10803708763252995,
    "ACMAPE": 1.4802837836677725
}