{
    "DOWN": {
        "precision": 0.7701729106628242,
        "recall": 0.8080120937263794,
        "f1-score": 0.7886388786425673,
        "support": 2646.0
    },
    "UP": {
        "precision": 0.4099883855981417,
        "recall": 0.3562058526740666,
        "f1-score": 0.38120950323974084,
        "support": 991.0
    },
    "accuracy": 0.68490514160022,
    "macro avg": {
        "precision": 0.590080648130483,
        "recall": 0.582108973200223,
        "f1-score": 0.5849241909411541,
        "support": 3637.0
    },
    "weighted avg": {
        "precision": 0.6720307978393157,
        "recall": 0.68490514160022,
        "f1-score": 0.6776236157819127,
        "support": 3637.0
    }
}