{
    "R2": 0.9847159406148658,
    "RMSE": 607.5280219735794,
    "MSE": 369090.2974831299,
    "MAPE": 1.098466744563201,
    "ACMAPE": 2.4581592212243764
}