{
    "R2": 0.9933262797388558,
    "RMSE": 649.2312083538723,
    "MSE": 421501.1619006291,
    "MAPE": 0.9541459692287685,
    "ACMAPE": 2.0483263335113095
}