{
    "DOWN": {
        "precision": 0.5984513274336283,
        "recall": 0.4967860422405877,
        "f1-score": 0.5429001505268439,
        "support": 2178.0
    },
    "UP": {
        "precision": 0.47053140096618357,
        "recall": 0.5729411764705883,
        "f1-score": 0.516710875331565,
        "support": 1700.0
    },
    "accuracy": 0.5301701908200103,
    "macro avg": {
        "precision": 0.534491364199906,
        "recall": 0.534863609355588,
        "f1-score": 0.5298055129292045,
        "support": 3878.0
    },
    "weighted avg": {
        "precision": 0.5423750316639903,
        "recall": 0.5301701908200103,
        "f1-score": 0.5314195502607341,
        "support": 3878.0
    }
}