{
    "R2": 0.9962457187369458,
    "RMSE": 178.5334213876586,
    "MSE": 31874.18255238327,
    "MAPE": 0.04283472297577867,
    "ACMAPE": 0.9824943413357581
}