{
    "R2": 0.967698776261827,
    "RMSE": 288.30064262234924,
    "MSE": 83117.26053645955,
    "MAPE": 0.03769993354396247,
    "ACMAPE": 0.8895517853958144
}