{
    "DOWN": {
        "precision": 0.8170542635658915,
        "recall": 0.8045801526717558,
        "f1-score": 0.8107692307692307,
        "support": 655.0
    },
    "UP": {
        "precision": 0.350253807106599,
        "recall": 0.3689839572192513,
        "f1-score": 0.359375,
        "support": 187.0
    },
    "accuracy": 0.7078384798099763,
    "macro avg": {
        "precision": 0.5836540353362453,
        "recall": 0.5867820549455035,
        "f1-score": 0.5850721153846153,
        "support": 842.0
    },
    "weighted avg": {
        "precision": 0.7133824282239822,
        "recall": 0.7078384798099763,
        "f1-score": 0.7105189681162067,
        "support": 842.0
    }
}