{
    "R2": 0.22127508018188125,
    "RMSE": 50.48683191479826,
    "MSE": 2548.9201967930917,
    "MAPE": 0.15782945548059502,
    "ACMAPE": 0.9691502101975762
}