{
    "R2": 0.019626612316046343,
    "RMSE": 56.64764239880649,
    "MSE": 3208.9553893430584,
    "MAPE": 0.21199803510255774,
    "ACMAPE": 1.4572810539704821
}