{
    "R2": 0.9942945215886899,
    "RMSE": 55.64196954235836,
    "MSE": 3096.0287745527353,
    "MAPE": 0.03916253560304698,
    "ACMAPE": 0.7332375053733009
}