{
    "DOWN": {
<<<<<<< HEAD
        "precision": 0.5833333333333334,
        "recall": 0.05185185185185185,
        "f1-score": 0.09523809523809523,
        "support": 135.0
    },
    "UP": {
        "precision": 0.36,
        "recall": 0.935064935064935,
        "f1-score": 0.51985559566787,
        "support": 77.0
    },
    "accuracy": 0.37264150943396224,
    "macro avg": {
        "precision": 0.4716666666666667,
        "recall": 0.49345839345839343,
        "f1-score": 0.3075468454529826,
        "support": 212.0
    },
    "weighted avg": {
        "precision": 0.5022169811320755,
        "recall": 0.37264150943396224,
        "f1-score": 0.24946237605457,
=======
        "precision": 0.6,
        "recall": 0.06666666666666667,
        "f1-score": 0.12000000000000001,
        "support": 135.0
    },
    "UP": {
        "precision": 0.3604060913705584,
        "recall": 0.922077922077922,
        "f1-score": 0.5182481751824817,
        "support": 77.0
    },
    "accuracy": 0.37735849056603776,
    "macro avg": {
        "precision": 0.48020304568527916,
        "recall": 0.49437229437229435,
        "f1-score": 0.31912408759124083,
        "support": 212.0
    },
    "weighted avg": {
        "precision": 0.5129776841298727,
        "recall": 0.37735849056603776,
        "f1-score": 0.2646467428728825,
>>>>>>> d5f42532be6a9c18a5da3fb21b671ebbe5b6efbf
        "support": 212.0
    }
}