{
    "DOWN": {
<<<<<<< HEAD
        "precision": 0.79050736497545,
        "recall": 0.7476780185758514,
        "f1-score": 0.7684964200477327,
        "support": 646.0
    },
    "UP": {
        "precision": 0.24537037037037038,
        "recall": 0.292817679558011,
        "f1-score": 0.26700251889168763,
        "support": 181.0
    },
    "accuracy": 0.6481257557436517,
    "macro avg": {
        "precision": 0.5179388676729102,
        "recall": 0.5202478490669312,
        "f1-score": 0.5177494694697101,
        "support": 827.0
    },
    "weighted avg": {
        "precision": 0.6711968498321376,
        "recall": 0.6481257557436517,
        "f1-score": 0.6587377790450192,
=======
        "precision": 0.791869918699187,
        "recall": 0.7538699690402477,
        "f1-score": 0.7724028548770818,
        "support": 646.0
    },
    "UP": {
        "precision": 0.25,
        "recall": 0.292817679558011,
        "f1-score": 0.26972010178117045,
        "support": 181.0
    },
    "accuracy": 0.652962515114873,
    "macro avg": {
        "precision": 0.5209349593495936,
        "recall": 0.5233438242991294,
        "f1-score": 0.5210614783291261,
        "support": 827.0
    },
    "weighted avg": {
        "precision": 0.6732744467710698,
        "recall": 0.652962515114873,
        "f1-score": 0.6623840177424265,
>>>>>>> d5f42532be6a9c18a5da3fb21b671ebbe5b6efbf
        "support": 827.0
    }
}