{
    "R2": 0.9893422440881141,
    "RMSE": 75.78723035642858,
    "MSE": 5743.70428509837,
    "MAPE": 0.046177169636165874,
    "ACMAPE": 0.6305002100162134
}