{
<<<<<<< HEAD
    "R2": -0.03425963220354733,
    "RMSE": 58.18363766493653,
    "MSE": 3385.335691924621,
    "MAPE": 0.21992574008540103,
    "ACMAPE": 1.4746427212174766
=======
    "R2": 0.019626612316046343,
    "RMSE": 56.64764239880649,
    "MSE": 3208.9553893430584,
    "MAPE": 0.21199803510255774,
    "ACMAPE": 1.4572810539704821
>>>>>>> d5f42532be6a9c18a5da3fb21b671ebbe5b6efbf
}