{
    "DOWN": {
        "precision": 0.6263736263736264,
        "recall": 0.29842931937172773,
        "f1-score": 0.40425531914893614,
        "support": 191.0
    },
    "UP": {
        "precision": 0.4297872340425532,
        "recall": 0.7481481481481481,
        "f1-score": 0.5459459459459459,
        "support": 135.0
    },
    "accuracy": 0.48466257668711654,
    "macro avg": {
        "precision": 0.5280804302080898,
        "recall": 0.5232887337599379,
        "f1-score": 0.47510063254744106,
        "support": 326.0
    },
    "weighted avg": {
        "precision": 0.5449651510218017,
        "recall": 0.48466257668711654,
        "f1-score": 0.46293088546058125,
        "support": 326.0
    }
}