{
    "DOWN": {
        "precision": 0.6337209302325582,
        "recall": 0.5706806282722513,
        "f1-score": 0.6005509641873279,
        "support": 191.0
    },
    "UP": {
        "precision": 0.44966442953020136,
        "recall": 0.5153846153846153,
        "f1-score": 0.4802867383512545,
        "support": 130.0
    },
    "accuracy": 0.5482866043613707,
    "macro avg": {
        "precision": 0.5416926798813797,
        "recall": 0.5430326218284334,
        "f1-score": 0.5404188512692912,
        "support": 321.0
    },
    "weighted avg": {
        "precision": 0.5591809143717906,
        "recall": 0.5482866043613707,
        "f1-score": 0.5518458259982639,
        "support": 321.0
    }
}