{
    "R2": -1.7782751771647431,
    "RMSE": 10.118448186067127,
    "MSE": 102.38299369412513,
    "MAPE": 0.0815218895142997,
    "ACMAPE": 0.7481885561809665
}