{
    "DOWN": {
        "precision": 0.656,
        "recall": 0.4293193717277487,
        "f1-score": 0.518987341772152,
        "support": 191.0
    },
    "UP": {
        "precision": 0.4293193717277487,
        "recall": 0.656,
        "f1-score": 0.518987341772152,
        "support": 125.0
    },
    "accuracy": 0.5189873417721519,
    "macro avg": {
        "precision": 0.5426596858638744,
        "recall": 0.5426596858638744,
        "f1-score": 0.518987341772152,
        "support": 316.0
    },
    "weighted avg": {
        "precision": 0.5663320299555968,
        "recall": 0.5189873417721519,
        "f1-score": 0.5189873417721521,
        "support": 316.0
    }
}