{
    "DOWN": {
        "precision": 0.6398305084745762,
        "recall": 0.798941798941799,
        "f1-score": 0.7105882352941176,
        "support": 189.0
    },
    "UP": {
        "precision": 0.49333333333333335,
        "recall": 0.30327868852459017,
        "f1-score": 0.3756345177664974,
        "support": 122.0
    },
    "accuracy": 0.6045016077170418,
    "macro avg": {
        "precision": 0.5665819209039548,
        "recall": 0.5511102437331945,
        "f1-score": 0.5431113765303075,
        "support": 311.0
    },
    "weighted avg": {
        "precision": 0.5823621632423202,
        "recall": 0.6045016077170418,
        "f1-score": 0.579191600122511,
        "support": 311.0
    }
}