{
    "R2": 0.9754182167797653,
    "RMSE": 27.68405367174856,
    "MSE": 766.406827700255,
    "MAPE": 0.07391695845475175,
    "ACMAPE": 0.8649137430206683
}