{
    "R2": 0.9822856786101583,
    "RMSE": 23.29387082657299,
    "MSE": 542.6044180850682,
    "MAPE": 0.07115687350981059,
    "ACMAPE": 0.907758180699353
}