{
    "R2": 0.8569727673390368,
    "RMSE": 8.989885227094518,
    "MSE": 80.81803639633225,
    "MAPE": 0.013953051820848212,
    "ACMAPE": 0.7412257790935755
}