{
    "DOWN": {
        "precision": 0.6666666666666666,
        "recall": 0.3880597014925373,
        "f1-score": 0.490566037735849,
        "support": 268.0
    },
    "UP": {
        "precision": 0.38345864661654133,
        "recall": 0.6623376623376623,
        "f1-score": 0.48571428571428565,
        "support": 154.0
    },
    "accuracy": 0.4881516587677725,
    "macro avg": {
        "precision": 0.525062656641604,
        "recall": 0.5251986819150998,
        "f1-score": 0.48814016172506736,
        "support": 422.0
    },
    "weighted avg": {
        "precision": 0.5633158726199384,
        "recall": 0.4881516587677725,
        "f1-score": 0.4887954931592596,
        "support": 422.0
    }
}