{
    "R2": 0.8500210775181047,
    "RMSE": 9.20576520245183,
    "MSE": 84.74611296267301,
    "MAPE": 0.014800310600157279,
    "ACMAPE": 0.796618492418339
}