{
    "DOWN": {
        "precision": 0.6263736263736264,
        "recall": 0.8636363636363636,
        "f1-score": 0.7261146496815287,
        "support": 66.0
    },
    "UP": {
        "precision": 0.5263157894736842,
        "recall": 0.22727272727272727,
        "f1-score": 0.31746031746031744,
        "support": 44.0
    },
    "accuracy": 0.6090909090909091,
    "macro avg": {
        "precision": 0.5763447079236552,
        "recall": 0.5454545454545454,
        "f1-score": 0.5217874835709231,
        "support": 110.0
    },
    "weighted avg": {
        "precision": 0.5863504916136495,
        "recall": 0.6090909090909091,
        "f1-score": 0.5626529167930442,
        "support": 110.0
    }
}