{
    "R2": -1.1154786317102512,
    "RMSE": 34.573958049862625,
    "MSE": 1195.3585752336605,
    "MAPE": 0.053738221246987614,
    "ACMAPE": 1.0719200394288058
}