{
    "DOWN": {
        "precision": 0.6666666666666666,
        "recall": 0.5650557620817844,
        "f1-score": 0.6116700201207245,
        "support": 269.0
    },
    "UP": {
        "precision": 0.4120603015075377,
        "recall": 0.5189873417721519,
        "f1-score": 0.45938375350140054,
        "support": 158.0
    },
    "accuracy": 0.5480093676814989,
    "macro avg": {
        "precision": 0.5393634840871022,
        "recall": 0.5420215519269682,
        "f1-score": 0.5355268868110625,
        "support": 427.0
    },
    "weighted avg": {
        "precision": 0.572456348879448,
        "recall": 0.5480093676814989,
        "f1-score": 0.5553205350484688,
        "support": 427.0
    }
}