{
    "R2": 0.8787971583187784,
    "RMSE": 28.148620039988188,
    "MSE": 792.3448101556246,
    "MAPE": 0.0514187757267018,
    "ACMAPE": 0.8847521090600351
}