{
    "DOWN": {
        "precision": 0.6521739130434783,
        "recall": 0.48736462093862815,
        "f1-score": 0.5578512396694214,
        "support": 277.0
    },
    "UP": {
        "precision": 0.39574468085106385,
        "recall": 0.5636363636363636,
        "f1-score": 0.465,
        "support": 165.0
    },
    "accuracy": 0.5158371040723982,
    "macro avg": {
        "precision": 0.5239592969472711,
        "recall": 0.5255004922874958,
        "f1-score": 0.5114256198347107,
        "support": 442.0
    },
    "weighted avg": {
        "precision": 0.5564480684467624,
        "recall": 0.5158371040723982,
        "f1-score": 0.5231895778018772,
        "support": 442.0
    }
}