{
    "DOWN": {
        "precision": 0.6383647798742138,
        "recall": 0.6633986928104575,
        "f1-score": 0.6506410256410257,
        "support": 306.0
    },
    "UP": {
        "precision": 0.36419753086419754,
        "recall": 0.3390804597701149,
        "f1-score": 0.3511904761904761,
        "support": 174.0
    },
    "accuracy": 0.5458333333333333,
    "macro avg": {
        "precision": 0.5012811553692057,
        "recall": 0.5012395762902861,
        "f1-score": 0.5009157509157509,
        "support": 480.0
    },
    "weighted avg": {
        "precision": 0.538979152108083,
        "recall": 0.5458333333333333,
        "f1-score": 0.5420902014652015,
        "support": 480.0
    }
}