{
    "DOWN": {
        "precision": 0.7249230769230769,
        "recall": 0.8804185351270553,
        "f1-score": 0.7951400607492407,
        "support": 1338.0
    },
    "UP": {
        "precision": 0.4594594594594595,
        "recall": 0.2332761578044597,
        "f1-score": 0.3094425483503982,
        "support": 583.0
    },
    "accuracy": 0.6840187402394586,
    "macro avg": {
        "precision": 0.5921912681912682,
        "recall": 0.5568473464657575,
        "f1-score": 0.5522913045498195,
        "support": 1921.0
    },
    "weighted avg": {
        "precision": 0.644358116495545,
        "recall": 0.6840187402394586,
        "f1-score": 0.6477368073767653,
        "support": 1921.0
    }
}