{
    "DOWN": {
<<<<<<< HEAD
        "precision": 0.7293577981651376,
        "recall": 0.24018126888217523,
        "f1-score": 0.3613636363636364,
        "support": 1324.0
    },
    "UP": {
        "precision": 0.31331058020477814,
        "recall": 0.7954939341421143,
        "f1-score": 0.44955925563173355,
        "support": 577.0
    },
    "accuracy": 0.4087322461862178,
    "macro avg": {
        "precision": 0.5213341891849579,
        "recall": 0.5178376015121448,
        "f1-score": 0.40546144599768497,
        "support": 1901.0
    },
    "weighted avg": {
        "precision": 0.6030772906621773,
        "recall": 0.4087322461862178,
        "f1-score": 0.3881331641477984,
=======
        "precision": 0.7469287469287469,
        "recall": 0.229607250755287,
        "f1-score": 0.3512420566146736,
        "support": 1324.0
    },
    "UP": {
        "precision": 0.3172690763052209,
        "recall": 0.8214904679376083,
        "f1-score": 0.4577498792853694,
        "support": 577.0
    },
    "accuracy": 0.40925828511309836,
    "macro avg": {
        "precision": 0.5320989116169839,
        "recall": 0.5255488593464477,
        "f1-score": 0.4044959679500215,
        "support": 1901.0
    },
    "weighted avg": {
        "precision": 0.616516527070896,
        "recall": 0.40925828511309836,
        "f1-score": 0.38356978606285425,
>>>>>>> d5f42532be6a9c18a5da3fb21b671ebbe5b6efbf
        "support": 1901.0
    }
}