{
    "R2": -0.9680744584082366,
    "RMSE": 50.63487410662807,
    "MSE": 2563.8904757940736,
    "MAPE": 0.19230600670402426,
    "ACMAPE": 0.9673060067040242
}