{
    "R2": -1.0584997643860952,
    "RMSE": 51.785047957980325,
    "MSE": 2681.6911920103225,
    "MAPE": 0.19985487131979007,
    "ACMAPE": 0.9831882046531235
}