{
    "R2": 0.9860827114944414,
    "RMSE": 6.65277218851819,
    "MSE": 44.25937779232111,
    "MAPE": 0.030858084727016434,
    "ACMAPE": 1.0256388780464318
}