{
    "R2": 0.809915246964907,
    "RMSE": 15.73629952706296,
    "MSE": 247.6311228054419,
    "MAPE": 0.05286055396039897,
    "ACMAPE": 0.9070272206270658
}