{
    "DOWN": {
        "precision": 0.7736389684813754,
        "recall": 0.4044943820224719,
        "f1-score": 0.5312346286276439,
        "support": 1335.0
    },
    "UP": {
        "precision": 0.3472906403940887,
        "recall": 0.7280550774526678,
        "f1-score": 0.4702612562534742,
        "support": 581.0
    },
    "accuracy": 0.5026096033402923,
    "macro avg": {
        "precision": 0.5604648044377321,
        "recall": 0.5662747297375699,
        "f1-score": 0.5007479424405591,
        "support": 1916.0
    },
    "weighted avg": {
        "precision": 0.6443548460290197,
        "recall": 0.5026096033402923,
        "f1-score": 0.5127453126832846,
        "support": 1916.0
    }
}