{
    "DOWN": {
        "precision": 0.6185185185185185,
        "recall": 0.73568281938326,
        "f1-score": 0.6720321931589537,
        "support": 227.0
    },
    "UP": {
        "precision": 0.4117647058823529,
        "recall": 0.2896551724137931,
        "f1-score": 0.340080971659919,
        "support": 145.0
    },
    "accuracy": 0.5618279569892473,
    "macro avg": {
        "precision": 0.5151416122004358,
        "recall": 0.5126689958985265,
        "f1-score": 0.5060565824094363,
        "support": 372.0
    },
    "weighted avg": {
        "precision": 0.537928994775927,
        "recall": 0.5618279569892473,
        "f1-score": 0.5426426041337923,
        "support": 372.0
    }
}