{
    "R2": 0.964799360645429,
    "RMSE": 6.711248555300699,
    "MSE": 45.04085717102572,
    "MAPE": 0.04298675295213017,
    "ACMAPE": 0.8959081767264754
}