{
    "DOWN": {
        "precision": 0.6904376012965965,
        "recall": 0.4498416050686378,
        "f1-score": 0.5447570332480819,
        "support": 947.0
    },
    "UP": {
        "precision": 0.3884976525821596,
        "recall": 0.6340996168582376,
        "f1-score": 0.48180494905385735,
        "support": 522.0
    },
    "accuracy": 0.5153165418652145,
    "macro avg": {
        "precision": 0.5394676269393781,
        "recall": 0.5419706109634377,
        "f1-score": 0.5132809911509696,
        "support": 1469.0
    },
    "weighted avg": {
        "precision": 0.5831451212224399,
        "recall": 0.5153165418652145,
        "f1-score": 0.5223874022410123,
        "support": 1469.0
    }
}