{
    "DOWN": {
<<<<<<< HEAD
        "precision": 0.6904376012965965,
        "recall": 0.4498416050686378,
        "f1-score": 0.5447570332480819,
        "support": 947.0
    },
    "UP": {
        "precision": 0.3884976525821596,
        "recall": 0.6340996168582376,
        "f1-score": 0.48180494905385735,
        "support": 522.0
    },
    "accuracy": 0.5153165418652145,
    "macro avg": {
        "precision": 0.5394676269393781,
        "recall": 0.5419706109634377,
        "f1-score": 0.5132809911509696,
        "support": 1469.0
    },
    "weighted avg": {
        "precision": 0.5831451212224399,
        "recall": 0.5153165418652145,
        "f1-score": 0.5223874022410123,
=======
        "precision": 0.7019438444924406,
        "recall": 0.34318901795142553,
        "f1-score": 0.4609929078014184,
        "support": 947.0
    },
    "UP": {
        "precision": 0.3817097415506958,
        "recall": 0.735632183908046,
        "f1-score": 0.5026178010471204,
        "support": 522.0
    },
    "accuracy": 0.48264125255275697,
    "macro avg": {
        "precision": 0.5418267930215682,
        "recall": 0.5394106009297357,
        "f1-score": 0.4818053544242694,
        "support": 1469.0
    },
    "weighted avg": {
        "precision": 0.588150650662903,
        "recall": 0.48264125255275697,
        "f1-score": 0.47578405434618104,
>>>>>>> d5f42532be6a9c18a5da3fb21b671ebbe5b6efbf
        "support": 1469.0
    }
}