{
    "R2": -3.6622831400170366,
    "RMSE": 9.35380964599215,
    "MSE": 87.4937548934558,
    "MAPE": 0.09252683654316722,
    "ACMAPE": 1.8540926728420997
}