{
    "R2": -12.989278794977693,
    "RMSE": 16.202680489147994,
    "MSE": 262.52685503341706,
    "MAPE": 0.3046317996763729,
    "ACMAPE": 2.123137137754665
}