{
    "R2": 0.9912561033871987,
    "RMSE": 16.162349681714584,
    "MSE": 261.2215472340195,
    "MAPE": 0.043625344603439184,
    "ACMAPE": 1.2756253446034391
}