{
    "DOWN": {
        "precision": 0.6446629213483146,
        "recall": 0.29960835509138384,
        "f1-score": 0.4090909090909091,
        "support": 1532.0
    },
    "UP": {
        "precision": 0.30006523157208087,
        "recall": 0.6451612903225806,
        "f1-score": 0.4096170970614425,
        "support": 713.0
    },
    "accuracy": 0.4093541202672606,
    "macro avg": {
        "precision": 0.47236407646019773,
        "recall": 0.47238482270698223,
        "f1-score": 0.4093540030761758,
        "support": 2245.0
    },
    "weighted avg": {
        "precision": 0.535220537022945,
        "recall": 0.4093541202672606,
        "f1-score": 0.4092580235777645,
        "support": 2245.0
    }
}