{
    "R2": 0.904324382286372,
    "RMSE": 53.43086090929294,
    "MSE": 2854.856897508208,
    "MAPE": 0.2812831792391681,
    "ACMAPE": 1.462574938704647
}