{
    "DOWN": {
        "precision": 0.7067039106145251,
        "recall": 0.16492829204693613,
        "f1-score": 0.26744186046511625,
        "support": 1534.0
    },
    "UP": {
        "precision": 0.322938689217759,
        "recall": 0.8533519553072626,
        "f1-score": 0.4685582822085889,
        "support": 716.0
    },
    "accuracy": 0.384,
    "macro avg": {
        "precision": 0.514821299916142,
        "recall": 0.5091401236770994,
        "f1-score": 0.3680000713368526,
        "support": 2250.0
    },
    "weighted avg": {
        "precision": 0.584581289050043,
        "recall": 0.384,
        "f1-score": 0.3314415751177058,
        "support": 2250.0
    }
}