{
    "R2": -1137.2452445059203,
    "RMSE": 146.1527958030663,
    "MSE": 21360.639721052798,
    "MAPE": 2.8440924266630523,
    "ACMAPE": 4.669715202463764
}