{
    "R2": 0.9903313696339884,
    "RMSE": 8.429955107409848,
    "MSE": 71.06414311294539,
    "MAPE": 0.12389487685661098,
    "ACMAPE": 0.48927029531667804
}