{
    "DOWN": {
        "precision": 0.6229166666666667,
        "recall": 0.9171779141104295,
        "f1-score": 0.7419354838709677,
        "support": 652.0
    },
    "UP": {
        "precision": 0.38636363636363635,
        "recall": 0.08585858585858586,
        "f1-score": 0.14049586776859505,
        "support": 396.0
    },
    "accuracy": 0.6030534351145038,
    "macro avg": {
        "precision": 0.5046401515151515,
        "recall": 0.5015182499845077,
        "f1-score": 0.4412156758197814,
        "support": 1048.0
    },
    "weighted avg": {
        "precision": 0.5335321246819338,
        "recall": 0.6030534351145038,
        "f1-score": 0.5146739495422086,
        "support": 1048.0
    }
}