{
    "DOWN": {
        "precision": 0.6520763187429854,
        "recall": 0.8911042944785276,
        "f1-score": 0.7530784186649384,
        "support": 652.0
    },
    "UP": {
        "precision": 0.5477707006369427,
        "recall": 0.21717171717171718,
        "f1-score": 0.31103074141048825,
        "support": 396.0
    },
    "accuracy": 0.6364503816793893,
    "macro avg": {
        "precision": 0.599923509689964,
        "recall": 0.5541380058251224,
        "f1-score": 0.5320545800377133,
        "support": 1048.0
    },
    "weighted avg": {
        "precision": 0.6126631271685646,
        "recall": 0.6364503816793893,
        "f1-score": 0.5860451360382569,
        "support": 1048.0
    }
}