{
    "DOWN": {
        "precision": 0.6769911504424779,
        "recall": 0.7039877300613497,
        "f1-score": 0.6902255639097745,
        "support": 652.0
    },
    "UP": {
        "precision": 0.4783783783783784,
        "recall": 0.44696969696969696,
        "f1-score": 0.4621409921671018,
        "support": 396.0
    },
    "accuracy": 0.6068702290076335,
    "macro avg": {
        "precision": 0.5776847644104282,
        "recall": 0.5754787135155234,
        "f1-score": 0.5761832780384382,
        "support": 1048.0
    },
    "weighted avg": {
        "precision": 0.6019428129068067,
        "recall": 0.6068702290076335,
        "f1-score": 0.6040409356558638,
        "support": 1048.0
    }
}