{
    "DOWN": {
        "precision": 0.8931297709923665,
        "recall": 0.054520037278657965,
        "f1-score": 0.10276679841897234,
        "support": 2146.0
    },
    "UP": {
        "precision": 0.26988125224901044,
        "recall": 0.981675392670157,
        "f1-score": 0.4233700254022015,
        "support": 764.0
    },
    "accuracy": 0.2979381443298969,
    "macro avg": {
        "precision": 0.5815055116206884,
        "recall": 0.5180977149744075,
        "f1-score": 0.2630684119105869,
        "support": 2910.0
    },
    "weighted avg": {
        "precision": 0.7295002629786469,
        "recall": 0.2979381443298969,
        "f1-score": 0.18693891711834934,
        "support": 2910.0
    }
}