{
    "R2": 0.9742871523052007,
    "RMSE": 4.802929635117847,
    "MSE": 23.068133079893258,
    "MAPE": 0.03206982859297802,
    "ACMAPE": 1.0248159425826153
}