{
    "DOWN": {
        "precision": 0.8210526315789474,
        "recall": 0.3101391650099404,
        "f1-score": 0.45021645021645024,
        "support": 503.0
    },
    "UP": {
        "precision": 0.3562152133580705,
        "recall": 0.8495575221238938,
        "f1-score": 0.5019607843137255,
        "support": 226.0
    },
    "accuracy": 0.4773662551440329,
    "macro avg": {
        "precision": 0.5886339224685089,
        "recall": 0.5798483435669171,
        "f1-score": 0.4760886172650879,
        "support": 729.0
    },
    "weighted avg": {
        "precision": 0.6769466555598552,
        "recall": 0.4773662551440329,
        "f1-score": 0.46625790358542724,
        "support": 729.0
    }
}