{
<<<<<<< HEAD
    "R2": 0.8661294983868665,
    "RMSE": 9.04252612180082,
    "MSE": 81.7672786634502,
    "MAPE": 0.04250947306982749,
    "ACMAPE": 1.1481336157310071
=======
    "R2": 0.8793006592287471,
    "RMSE": 8.586175788150442,
    "MSE": 73.72241466502085,
    "MAPE": 0.03905264648866173,
    "ACMAPE": 1.0843201362005959
>>>>>>> d5f42532be6a9c18a5da3fb21b671ebbe5b6efbf
}