{
    "R2": 0.6436848489697684,
    "RMSE": 35.6939315116358,
    "MSE": 1274.0567467573474,
    "MAPE": 0.4573981727926035,
    "ACMAPE": 1.5031284574402937
}