{
    "R2": -0.5002716186424245,
    "RMSE": 58.86796746905385,
    "MSE": 3465.4375939375823,
    "MAPE": 0.29208573944043903,
    "ACMAPE": 0.9240559996634874
}