{
<<<<<<< HEAD
    "R2": 0.8325372098486946,
    "RMSE": 6.603210202693612,
    "MSE": 43.60238498095701,
    "MAPE": 0.03694694813958092,
    "ACMAPE": 1.267135627384864
=======
    "R2": 0.8070740063988147,
    "RMSE": 7.087471637432556,
    "MSE": 50.232254211410925,
    "MAPE": 0.040128673930863085,
    "ACMAPE": 1.2778645229874668
>>>>>>> d5f42532be6a9c18a5da3fb21b671ebbe5b6efbf
}