{
    "DOWN": {
        "precision": 1.0,
        "recall": 0.005988023952095809,
        "f1-score": 0.011904761904761906,
        "support": 167.0
    },
    "UP": {
        "precision": 0.3712121212121212,
        "recall": 1.0,
        "f1-score": 0.5414364640883979,
        "support": 98.0
    },
    "accuracy": 0.37358490566037733,
    "macro avg": {
        "precision": 0.6856060606060606,
        "recall": 0.5029940119760479,
        "f1-score": 0.27667061299657986,
        "support": 265.0
    },
    "weighted avg": {
        "precision": 0.7674671240708977,
        "recall": 0.37358490566037733,
        "f1-score": 0.20773158007078577,
        "support": 265.0
    }
}