{
    "R2": 0.9828283564036726,
    "RMSE": 6.685836187893963,
    "MSE": 44.70040553135248,
    "MAPE": 0.0207622666990441,
    "ACMAPE": 0.8105831903559715
}