{
    "DOWN": {
        "precision": 0.6542553191489362,
        "recall": 0.9206586826347305,
        "f1-score": 0.7649253731343283,
        "support": 668.0
    },
    "UP": {
        "precision": 0.5225225225225225,
        "recall": 0.1514360313315927,
        "f1-score": 0.2348178137651822,
        "support": 383.0
    },
    "accuracy": 0.6403425309229306,
    "macro avg": {
        "precision": 0.5883889208357294,
        "recall": 0.5360473569831616,
        "f1-score": 0.49987159344975524,
        "support": 1051.0
    },
    "weighted avg": {
        "precision": 0.6062499327474933,
        "recall": 0.6403425309229306,
        "f1-score": 0.5717463101101771,
        "support": 1051.0
    }
}