{
    "R2": 0.976547844181785,
    "RMSE": 7.850180177311041,
    "MSE": 61.62532881624722,
    "MAPE": 0.02410897177233573,
    "ACMAPE": 0.7434239099264746
}