{
    "DOWN": {
        "precision": 1.0,
<<<<<<< HEAD
        "recall": 0.023952095808383235,
        "f1-score": 0.046783625730994156,
        "support": 167.0
    },
    "UP": {
        "precision": 0.37547892720306514,
        "recall": 1.0,
        "f1-score": 0.5459610027855153,
        "support": 98.0
    },
    "accuracy": 0.3849056603773585,
    "macro avg": {
        "precision": 0.6877394636015326,
        "recall": 0.5119760479041916,
        "f1-score": 0.2963723142582547,
        "support": 265.0
    },
    "weighted avg": {
        "precision": 0.7690450372298128,
        "recall": 0.3849056603773585,
        "f1-score": 0.23138507083040197,
=======
        "recall": 0.017964071856287425,
        "f1-score": 0.03529411764705882,
        "support": 167.0
    },
    "UP": {
        "precision": 0.37404580152671757,
        "recall": 1.0,
        "f1-score": 0.5444444444444444,
        "support": 98.0
    },
    "accuracy": 0.38113207547169814,
    "macro avg": {
        "precision": 0.6870229007633588,
        "recall": 0.5089820359281437,
        "f1-score": 0.2898692810457516,
        "support": 265.0
    },
    "weighted avg": {
        "precision": 0.7685150511306352,
        "recall": 0.38113207547169814,
        "f1-score": 0.22358367246269575,
>>>>>>> d5f42532be6a9c18a5da3fb21b671ebbe5b6efbf
        "support": 265.0
    }
}