{
    "R2": 0.9803400132822895,
    "RMSE": 7.221541711434051,
    "MSE": 52.15066468998185,
    "MAPE": 0.025608669008995763,
    "ACMAPE": 1.099576008106018
}