{
    "R2": 0.9641328709708198,
    "RMSE": 3.055936099000623,
    "MSE": 9.338745441175146,
    "MAPE": 0.013269066235681509,
    "ACMAPE": 1.077420009631908
}