{
    "R2": 0.8324989350116985,
    "RMSE": 6.603964765406839,
    "MSE": 43.612350622735,
    "MAPE": 0.0365543597997951,
    "ACMAPE": 1.2893845484790405
}