{
    "DOWN": {
        "precision": 0.6379310344827587,
        "recall": 0.07341269841269842,
        "f1-score": 0.1316725978647687,
        "support": 504.0
    },
    "UP": {
        "precision": 0.3441011235955056,
        "recall": 0.9210526315789473,
        "f1-score": 0.5010224948875255,
        "support": 266.0
    },
    "accuracy": 0.36623376623376624,
    "macro avg": {
        "precision": 0.49101607903913214,
        "recall": 0.49723266499582286,
        "f1-score": 0.3163475463761471,
        "support": 770.0
    },
    "weighted avg": {
        "precision": 0.536426156176253,
        "recall": 0.36623376623376624,
        "f1-score": 0.2592661986544483,
        "support": 770.0
    }
}