{
    "DOWN": {
        "precision": 0.6975982532751092,
        "recall": 0.28992740471869327,
        "f1-score": 0.4096153846153846,
        "support": 2204.0
    },
    "UP": {
        "precision": 0.2774699907663897,
        "recall": 0.6845102505694761,
        "f1-score": 0.39487516425755587,
        "support": 878.0
    },
    "accuracy": 0.4023361453601557,
    "macro avg": {
        "precision": 0.4875341220207494,
        "recall": 0.4872188276440847,
        "f1-score": 0.40224527443647023,
        "support": 3082.0
    },
    "weighted avg": {
        "precision": 0.5779121356623071,
        "recall": 0.4023361453601557,
        "f1-score": 0.4054161914050752,
        "support": 3082.0
    }
}