{
    "R2": -2.877131367832136,
    "RMSE": 105.67004538675421,
    "MSE": 11166.158492038694,
    "MAPE": 0.269552525867933,
    "ACMAPE": 1.4227992791146862
}