{
    "DOWN": {
<<<<<<< HEAD
        "precision": 0.6714743589743589,
        "recall": 0.1912368781378366,
        "f1-score": 0.29769094138543517,
        "support": 2191.0
    },
    "UP": {
        "precision": 0.27317473338802295,
        "recall": 0.764638346727899,
        "f1-score": 0.4025385312783318,
        "support": 871.0
    },
    "accuracy": 0.35434356629653824,
    "macro avg": {
        "precision": 0.4723245461811909,
        "recall": 0.4779376124328678,
        "f1-score": 0.3501147363318835,
        "support": 3062.0
    },
    "weighted avg": {
        "precision": 0.5581761963728897,
        "recall": 0.35434356629653824,
        "f1-score": 0.3275153211361579,
=======
        "precision": 0.6893617021276596,
        "recall": 0.22181652213601094,
        "f1-score": 0.33563535911602205,
        "support": 2191.0
    },
    "UP": {
        "precision": 0.2766228256257955,
        "recall": 0.748564867967853,
        "f1-score": 0.40396530359355637,
        "support": 871.0
    },
    "accuracy": 0.37165251469627697,
    "macro avg": {
        "precision": 0.48299226387672756,
        "recall": 0.485190695051932,
        "f1-score": 0.3698003313547892,
        "support": 3062.0
    },
    "weighted avg": {
        "precision": 0.5719562281129229,
        "recall": 0.37165251469627697,
        "f1-score": 0.35507212647067016,
>>>>>>> d5f42532be6a9c18a5da3fb21b671ebbe5b6efbf
        "support": 3062.0
    }
}