{
    "R2": 0.6764106553557867,
    "RMSE": 1.762994139669252,
    "MSE": 3.1081483365081253,
    "MAPE": 0.010055104438870192,
    "ACMAPE": 0.644975739359505
}