{
    "R2": -0.47040023056912905,
    "RMSE": 3.758127789244702,
    "MSE": 14.123524480293272,
    "MAPE": 0.021802701129086503,
    "ACMAPE": 1.196405875732261
}