{
    "DOWN": {
        "precision": 0.7105263157894737,
        "recall": 0.6923076923076923,
        "f1-score": 0.7012987012987013,
        "support": 156.0
    },
    "UP": {
        "precision": 0.5,
        "recall": 0.5217391304347826,
        "f1-score": 0.5106382978723404,
        "support": 92.0
    },
    "accuracy": 0.6290322580645161,
    "macro avg": {
        "precision": 0.6052631578947368,
        "recall": 0.6070234113712374,
        "f1-score": 0.6059684995855208,
        "support": 248.0
    },
    "weighted avg": {
        "precision": 0.6324278438030561,
        "recall": 0.6290322580645161,
        "f1-score": 0.6305698419631158,
        "support": 248.0
    }
}