{
    "DOWN": {
        "precision": 1.0,
        "recall": 0.05128205128205128,
        "f1-score": 0.09756097560975609,
        "support": 39.0
    },
    "UP": {
        "precision": 0.39344262295081966,
        "recall": 1.0,
        "f1-score": 0.5647058823529412,
        "support": 24.0
    },
    "accuracy": 0.4126984126984127,
    "macro avg": {
        "precision": 0.6967213114754098,
        "recall": 0.5256410256410257,
        "f1-score": 0.3311334289813486,
        "support": 63.0
    },
    "weighted avg": {
        "precision": 0.7689305230288837,
        "recall": 0.4126984126984127,
        "f1-score": 0.2755209400833504,
        "support": 63.0
    }
}