{
    "R2": 0.7155575108878505,
    "RMSE": 80.14368257052392,
    "MSE": 6423.0098559649,
    "MAPE": 0.5399703813540039,
    "ACMAPE": 1.735860792312908
}