{
    "R2": 0.9350174955882478,
    "RMSE": 22.163935478428694,
    "MSE": 491.2400358919502,
    "MAPE": 0.03393957123825608,
    "ACMAPE": 1.6328456788043453
}