{
    "R2": 0.9930426178752737,
    "RMSE": 12.522573229067778,
    "MSE": 156.814840277365,
    "MAPE": 0.04201326068642186,
    "ACMAPE": 0.7841544907547591
}