{
    "R2": 0.9932941726637171,
    "RMSE": 12.299369979425448,
    "MSE": 151.27450189079195,
    "MAPE": 0.0446703700810153,
    "ACMAPE": 0.5769394692828397
}