{
    "R2": -14.489364051730668,
    "RMSE": 99.47063556031077,
    "MSE": 9894.40733877216,
    "MAPE": 0.6368000126599834,
    "ACMAPE": 2.067992673210442
}