{
    "R2": 0.9790723446702633,
    "RMSE": 37.89000030815575,
    "MSE": 1435.652123352043,
    "MAPE": 0.048573227193750595,
    "ACMAPE": 0.8514235834882874
}