{
    "DOWN": {
        "precision": 0.6538461538461539,
        "recall": 0.7611940298507462,
        "f1-score": 0.7034482758620689,
        "support": 268.0
    },
    "UP": {
        "precision": 0.46218487394957986,
        "recall": 0.3374233128834356,
        "f1-score": 0.3900709219858156,
        "support": 163.0
    },
    "accuracy": 0.6009280742459396,
    "macro avg": {
        "precision": 0.5580155138978669,
        "recall": 0.5493086713670909,
        "f1-score": 0.5467595989239422,
        "support": 431.0
    },
    "weighted avg": {
        "precision": 0.5813617254861966,
        "recall": 0.6009280742459396,
        "f1-score": 0.5849320144193095,
        "support": 431.0
    }
}