{
    "R2": -31.501887976179184,
    "RMSE": 144.08951971841807,
    "MSE": 20761.78969268439,
    "MAPE": 0.9710112417653657,
    "ACMAPE": 2.4389011500222466
}