{
    "DOWN": {
        "precision": 0.6071428571428571,
        "recall": 0.5773584905660377,
        "f1-score": 0.5918762088974855,
        "support": 265.0
    },
    "UP": {
        "precision": 0.3563218390804598,
        "recall": 0.38509316770186336,
        "f1-score": 0.37014925373134333,
        "support": 161.0
    },
    "accuracy": 0.5046948356807511,
    "macro avg": {
        "precision": 0.48173234811165844,
        "recall": 0.4812258291339505,
        "f1-score": 0.4810127313144144,
        "support": 426.0
    },
    "weighted avg": {
        "precision": 0.5123489982037821,
        "recall": 0.5046948356807511,
        "f1-score": 0.5080779934473707,
        "support": 426.0
    }
}