{
    "DOWN": {
        "precision": 1.0,
        "recall": 0.1625,
        "f1-score": 0.27956989247311825,
        "support": 80.0
    },
    "UP": {
        "precision": 0.3020833333333333,
        "recall": 1.0,
        "f1-score": 0.464,
        "support": 29.0
    },
    "accuracy": 0.3853211009174312,
    "macro avg": {
        "precision": 0.6510416666666666,
        "recall": 0.58125,
        "f1-score": 0.3717849462365591,
        "support": 109.0
    },
    "weighted avg": {
        "precision": 0.814315749235474,
        "recall": 0.3853211009174312,
        "f1-score": 0.32863845319127943,
        "support": 109.0
    }
}