{
    "R2": -4.617884297589997,
    "RMSE": 59.90519614079338,
    "MSE": 3588.6325246669257,
    "MAPE": 0.3650939950553758,
    "ACMAPE": 1.5944517932205133
}