{
    "R2": 0.6218707196834676,
    "RMSE": 15.541690399096563,
    "MSE": 241.5441404613703,
    "MAPE": 0.0772390775354488,
    "ACMAPE": 1.0130188940492102
}