{
    "R2": -3.4308876099194814,
    "RMSE": 53.20144965987741,
    "MSE": 2830.39424591247,
    "MAPE": 0.3132394808355224,
    "ACMAPE": 1.762780765239192
}