{
    "R2": 0.9293147701532142,
    "RMSE": 41.768897878688236,
    "MSE": 1744.6408300002868,
    "MAPE": 0.14716090659380648,
    "ACMAPE": 1.4023537849320855
}