{
    "DOWN": {
        "precision": 0.6288659793814433,
        "recall": 0.9591194968553459,
        "f1-score": 0.759651307596513,
        "support": 318.0
    },
    "UP": {
        "precision": 0.43478260869565216,
        "recall": 0.05263157894736842,
        "f1-score": 0.09389671361502347,
        "support": 190.0
    },
    "accuracy": 0.6200787401574803,
    "macro avg": {
        "precision": 0.5318242940385477,
        "recall": 0.5058755379013572,
        "f1-score": 0.42677401060576825,
        "support": 508.0
    },
    "weighted avg": {
        "precision": 0.556275742313923,
        "recall": 0.6200787401574803,
        "f1-score": 0.5106486051231213,
        "support": 508.0
    }
}