{
    "DOWN": {
        "precision": 0.6933701657458563,
        "recall": 0.1870342771982116,
        "f1-score": 0.29460093896713613,
        "support": 1342.0
    },
    "UP": {
        "precision": 0.3387878787878788,
        "recall": 0.8343283582089552,
        "f1-score": 0.48189655172413803,
        "support": 670.0
    },
    "accuracy": 0.4025844930417495,
    "macro avg": {
        "precision": 0.5160790222668675,
        "recall": 0.5106813177035834,
        "f1-score": 0.3882487453456371,
        "support": 2012.0
    },
    "weighted avg": {
        "precision": 0.5752935592538857,
        "recall": 0.4025844930417495,
        "f1-score": 0.3569707503723008,
        "support": 2012.0
    }
}