{
<<<<<<< HEAD
    "R2": 0.9401419754088979,
    "RMSE": 83.3055066250759,
    "MSE": 6939.807434060565,
    "MAPE": 0.053269884801649195,
    "ACMAPE": 1.145375147959544
=======
    "R2": 0.9390983473464669,
    "RMSE": 84.02858663150984,
    "MSE": 7060.803371289155,
    "MAPE": 0.05394637664401899,
    "ACMAPE": 1.1513147976966505
>>>>>>> d5f42532be6a9c18a5da3fb21b671ebbe5b6efbf
}