{
    "DOWN": {
        "precision": 0.5966850828729282,
        "recall": 0.4645161290322581,
        "f1-score": 0.5223700120918985,
        "support": 465.0
    },
    "UP": {
        "precision": 0.3743718592964824,
        "recall": 0.5050847457627119,
        "f1-score": 0.43001443001443,
        "support": 295.0
    },
    "accuracy": 0.48026315789473684,
    "macro avg": {
        "precision": 0.4855284710847053,
        "recall": 0.484800437397485,
        "f1-score": 0.4761922210531643,
        "support": 760.0
    },
    "weighted avg": {
        "precision": 0.510392450037334,
        "recall": 0.48026315789473684,
        "f1-score": 0.4865214637855127,
        "support": 760.0
    }
}