{
    "DOWN": {
        "precision": 0.6043956043956044,
        "recall": 0.5040431266846361,
        "f1-score": 0.549676660787772,
        "support": 1855.0
    },
    "UP": {
        "precision": 0.3796358732299393,
        "recall": 0.47914893617021276,
        "f1-score": 0.4236267870579383,
        "support": 1175.0
    },
    "accuracy": 0.49438943894389437,
    "macro avg": {
        "precision": 0.49201573881277183,
        "recall": 0.4915960314274245,
        "f1-score": 0.48665172392285516,
        "support": 3030.0
    },
    "weighted avg": {
        "precision": 0.5172363027059488,
        "recall": 0.49438943894389437,
        "f1-score": 0.5007959341763678,
        "support": 3030.0
    }
}