{
    "R2": -0.06323081105463202,
    "RMSE": 351.09633535015286,
    "MSE": 123268.63669630697,
    "MAPE": 0.2420354615080165,
    "ACMAPE": 1.3367723036132795
}