{
    "DOWN": {
        "precision": 0.5839793281653747,
        "recall": 0.4860215053763441,
        "f1-score": 0.5305164319248826,
        "support": 465.0
    },
    "UP": {
        "precision": 0.35924932975871315,
        "recall": 0.4542372881355932,
        "f1-score": 0.40119760479041916,
        "support": 295.0
    },
    "accuracy": 0.47368421052631576,
    "macro avg": {
        "precision": 0.4716143289620439,
        "recall": 0.47012939675596865,
        "f1-score": 0.4658570183576509,
        "support": 760.0
    },
    "weighted avg": {
        "precision": 0.49674860509963104,
        "recall": 0.47368421052631576,
        "f1-score": 0.4803203082345317,
        "support": 760.0
    }
}