{
    "R2": -0.17900277381423635,
    "RMSE": 369.7174365350026,
    "MSE": 136690.9828780137,
    "MAPE": 0.2208501524481435,
    "ACMAPE": 1.273481731395512
}