{
    "R2": 0.8706003147185636,
    "RMSE": 306.9928688725626,
    "MSE": 94244.62153860641,
    "MAPE": 0.42127496228239597,
    "ACMAPE": 1.4600907517560802
}