{
    "DOWN": {
<<<<<<< HEAD
        "precision": 0.6733333333333333,
        "recall": 0.37361282367447596,
        "f1-score": 0.4805709754163362,
        "support": 1622.0
    },
    "UP": {
        "precision": 0.3320184089414859,
        "recall": 0.6320400500625782,
        "f1-score": 0.43534482758620685,
        "support": 799.0
    },
    "accuracy": 0.45890128046261874,
    "macro avg": {
        "precision": 0.5026758711374096,
        "recall": 0.5028264368685271,
        "f1-score": 0.4579579015012715,
        "support": 2421.0
    },
    "weighted avg": {
        "precision": 0.5606895396162387,
        "recall": 0.45890128046261874,
        "f1-score": 0.46564503897838766,
=======
        "precision": 0.6830732292917167,
        "recall": 0.35080147965474723,
        "f1-score": 0.46354378818737263,
        "support": 1622.0
    },
    "UP": {
        "precision": 0.33690176322418136,
        "recall": 0.6695869837296621,
        "f1-score": 0.44826141600335145,
        "support": 799.0
    },
    "accuracy": 0.4560099132589839,
    "macro avg": {
        "precision": 0.509987496257949,
        "recall": 0.5101942316922047,
        "f1-score": 0.45590260209536204,
        "support": 2421.0
    },
    "weighted avg": {
        "precision": 0.5688266364011919,
        "recall": 0.4560099132589839,
        "f1-score": 0.4585001634971484,
>>>>>>> d5f42532be6a9c18a5da3fb21b671ebbe5b6efbf
        "support": 2421.0
    }
}