{
    "DOWN": {
        "precision": 0.636085626911315,
        "recall": 0.5576407506702413,
        "f1-score": 0.5942857142857143,
        "support": 373.0
    },
    "UP": {
        "precision": 0.4169611307420495,
        "recall": 0.4978902953586498,
        "f1-score": 0.4538461538461539,
        "support": 237.0
    },
    "accuracy": 0.5344262295081967,
    "macro avg": {
        "precision": 0.5265233788266822,
        "recall": 0.5277655230144456,
        "f1-score": 0.5240659340659342,
        "support": 610.0
    },
    "weighted avg": {
        "precision": 0.5509503718422726,
        "recall": 0.5344262295081967,
        "f1-score": 0.539721491623131,
        "support": 610.0
    }
}