{
    "R2": 0.9940683441143631,
    "RMSE": 20.564794245991614,
    "MSE": 422.91076237996975,
    "MAPE": 0.04643450398327434,
    "ACMAPE": 0.7469670726026927
}