{
    "DOWN": {
        "precision": 0.6168478260869565,
        "recall": 0.6085790884718498,
        "f1-score": 0.6126855600539811,
        "support": 373.0
    },
    "UP": {
        "precision": 0.39669421487603307,
        "recall": 0.4050632911392405,
        "f1-score": 0.40083507306889354,
        "support": 237.0
    },
    "accuracy": 0.5295081967213114,
    "macro avg": {
        "precision": 0.5067710204814948,
        "recall": 0.5068211898055451,
        "f1-score": 0.5067603165614374,
        "support": 610.0
    },
    "weighted avg": {
        "precision": 0.5313127345181223,
        "recall": 0.5295081967213114,
        "f1-score": 0.53037643642207,
        "support": 610.0
    }
}