{
    "DOWN": {
        "precision": 0.6923506420993858,
        "recall": 0.7612031921424187,
        "f1-score": 0.7251461988304094,
        "support": 1629.0
    },
    "UP": {
        "precision": 0.39689922480620154,
        "recall": 0.31722428748451054,
        "f1-score": 0.3526170798898071,
        "support": 807.0
    },
    "accuracy": 0.6141215106732348,
    "macro avg": {
        "precision": 0.5446249334527937,
        "recall": 0.5392137398134647,
        "f1-score": 0.5388816393601082,
        "support": 2436.0
    },
    "weighted avg": {
        "precision": 0.5944732637103876,
        "recall": 0.6141215106732348,
        "f1-score": 0.6017344586887567,
        "support": 2436.0
    }
}