{
    "DOWN": {
        "precision": 0.76,
        "recall": 0.3114754098360656,
        "f1-score": 0.44186046511627913,
        "support": 122.0
    },
    "UP": {
        "precision": 0.3170731707317073,
        "recall": 0.7647058823529411,
        "f1-score": 0.4482758620689655,
        "support": 51.0
    },
    "accuracy": 0.44508670520231214,
    "macro avg": {
        "precision": 0.5385365853658537,
        "recall": 0.5380906460945034,
        "f1-score": 0.44506816359262236,
        "support": 173.0
    },
    "weighted avg": {
        "precision": 0.6294261948399831,
        "recall": 0.44508670520231214,
        "f1-score": 0.4437517093046433,
        "support": 173.0
    }
}