{
    "DOWN": {
        "precision": 0.6842105263157895,
        "recall": 0.9285714285714286,
        "f1-score": 0.7878787878787878,
        "support": 28.0
    },
    "UP": {
        "precision": 0.7777777777777778,
        "recall": 0.3684210526315789,
        "f1-score": 0.5,
        "support": 19.0
    },
    "accuracy": 0.7021276595744681,
    "macro avg": {
        "precision": 0.7309941520467836,
        "recall": 0.6484962406015038,
        "f1-score": 0.6439393939393939,
        "support": 47.0
    },
    "weighted avg": {
        "precision": 0.7220355854174443,
        "recall": 0.7021276595744681,
        "f1-score": 0.6715022566086396,
        "support": 47.0
    }
}