{
    "R2": 0.976434450100731,
    "RMSE": 36.770887683449715,
    "MSE": 1352.098181028874,
    "MAPE": 0.08656980436116438,
    "ACMAPE": 0.8506147481813892
}