{
    "R2": -2.914746635677724,
    "RMSE": 32.45811150677504,
    "MSE": 1053.5290025862423,
    "MAPE": 0.17727500707780894,
    "ACMAPE": 1.155998411333128
}