{
    "R2": -8.455397137018418,
    "RMSE": 50.44420771525671,
    "MSE": 2544.6180920199645,
    "MAPE": 0.25388617082635634,
    "ACMAPE": 0.9347372346561437
}