{
    "DOWN": {
        "precision": 0.6428571428571429,
        "recall": 0.9642857142857143,
        "f1-score": 0.7714285714285715,
        "support": 28.0
    },
    "UP": {
        "precision": 0.8,
        "recall": 0.21052631578947367,
        "f1-score": 0.3333333333333333,
        "support": 19.0
    },
    "accuracy": 0.6595744680851063,
    "macro avg": {
        "precision": 0.7214285714285715,
        "recall": 0.5874060150375939,
        "f1-score": 0.5523809523809524,
        "support": 47.0
    },
    "weighted avg": {
        "precision": 0.7063829787234043,
        "recall": 0.6595744680851063,
        "f1-score": 0.5943262411347517,
        "support": 47.0
    }
}