{
    "DOWN": {
        "precision": 0.8571428571428571,
        "recall": 0.14634146341463414,
        "f1-score": 0.25,
        "support": 41.0
    },
    "UP": {
        "precision": 0.375,
        "recall": 0.9545454545454546,
        "f1-score": 0.5384615384615384,
        "support": 22.0
    },
    "accuracy": 0.42857142857142855,
    "macro avg": {
        "precision": 0.6160714285714286,
        "recall": 0.5504434589800443,
        "f1-score": 0.3942307692307692,
        "support": 63.0
    },
    "weighted avg": {
        "precision": 0.6887755102040816,
        "recall": 0.42857142857142855,
        "f1-score": 0.35073260073260076,
        "support": 63.0
    }
}