{
    "R2": 0.957691518251642,
    "RMSE": 3.923888372272272,
    "MSE": 15.39689995805354,
    "MAPE": 0.022033848143531935,
    "ACMAPE": 0.6228922172422443
}