{
    "DOWN": {
        "precision": 0.0,
        "recall": 0.0,
        "f1-score": 0.0,
        "support": 41.0
    },
    "UP": {
        "precision": 0.3387096774193548,
        "recall": 0.9545454545454546,
        "f1-score": 0.5,
        "support": 22.0
    },
    "accuracy": 0.3333333333333333,
    "macro avg": {
        "precision": 0.1693548387096774,
        "recall": 0.4772727272727273,
        "f1-score": 0.25,
        "support": 63.0
    },
    "weighted avg": {
        "precision": 0.11827956989247311,
        "recall": 0.3333333333333333,
        "f1-score": 0.1746031746031746,
        "support": 63.0
    }
}