{
    "R2": 0.6493731134917207,
    "RMSE": 10.429396841764078,
    "MSE": 108.77231848299851,
    "MAPE": 0.09236968835827998,
    "ACMAPE": 1.2352268312154229
}