{
    "R2": 0.7981569886431432,
    "RMSE": 7.9130415044118205,
    "MSE": 62.61622585054408,
    "MAPE": 0.09566925214254449,
    "ACMAPE": 1.4290025854758779
}