{
    "DOWN": {
        "precision": 0.688135593220339,
        "recall": 0.7807692307692308,
        "f1-score": 0.7315315315315316,
        "support": 260.0
    },
    "UP": {
        "precision": 0.4519230769230769,
        "recall": 0.3381294964028777,
        "f1-score": 0.38683127572016457,
        "support": 139.0
    },
    "accuracy": 0.6265664160401002,
    "macro avg": {
        "precision": 0.5700293350717079,
        "recall": 0.5594493635860542,
        "f1-score": 0.5591814036258481,
        "support": 399.0
    },
    "weighted avg": {
        "precision": 0.6058460198736737,
        "recall": 0.6265664160401002,
        "f1-score": 0.611447983767672,
        "support": 399.0
    }
}