{
    "R2": -2.189020513074905,
    "RMSE": 40.87124181019722,
    "MSE": 1670.458407107613,
    "MAPE": 0.5467031838740343,
    "ACMAPE": 1.777472414643265
}