{
    "DOWN": {
        "precision": 0.7228003784295175,
        "recall": 0.3101908241981324,
        "f1-score": 0.4340909090909092,
        "support": 2463.0
    },
    "UP": {
        "precision": 0.3176706827309237,
        "recall": 0.7297047970479705,
        "f1-score": 0.44264129826524906,
        "support": 1084.0
    },
    "accuracy": 0.4383986467437271,
    "macro avg": {
        "precision": 0.5202355305802207,
        "recall": 0.5199478106230515,
        "f1-score": 0.43836610367807916,
        "support": 3547.0
    },
    "weighted avg": {
        "precision": 0.5989885402177116,
        "recall": 0.4383986467437271,
        "f1-score": 0.4367039967325738,
        "support": 3547.0
    }
}