{
    "DOWN": {
<<<<<<< HEAD
        "precision": 0.6683937823834197,
        "recall": 0.6861702127659575,
        "f1-score": 0.6771653543307086,
        "support": 188.0
    },
    "UP": {
        "precision": 0.37894736842105264,
        "recall": 0.36,
        "f1-score": 0.36923076923076925,
        "support": 100.0
    },
    "accuracy": 0.5729166666666666,
    "macro avg": {
        "precision": 0.5236705754022362,
        "recall": 0.5230851063829787,
        "f1-score": 0.5231980617807389,
        "support": 288.0
    },
    "weighted avg": {
        "precision": 0.5678915553131534,
        "recall": 0.5729166666666666,
        "f1-score": 0.5702436233932296,
=======
        "precision": 0.6597938144329897,
        "recall": 0.6808510638297872,
        "f1-score": 0.6701570680628272,
        "support": 188.0
    },
    "UP": {
        "precision": 0.3617021276595745,
        "recall": 0.34,
        "f1-score": 0.3505154639175258,
        "support": 100.0
    },
    "accuracy": 0.5625,
    "macro avg": {
        "precision": 0.5107479710462821,
        "recall": 0.5104255319148936,
        "f1-score": 0.5103362659901765,
        "support": 288.0
    },
    "weighted avg": {
        "precision": 0.5562897565255539,
        "recall": 0.5625,
        "f1-score": 0.5591703999568198,
>>>>>>> d5f42532be6a9c18a5da3fb21b671ebbe5b6efbf
        "support": 288.0
    }
}