{
    "DOWN": {
        "precision": 0.6683937823834197,
        "recall": 0.6861702127659575,
        "f1-score": 0.6771653543307086,
        "support": 188.0
    },
    "UP": {
        "precision": 0.37894736842105264,
        "recall": 0.36,
        "f1-score": 0.36923076923076925,
        "support": 100.0
    },
    "accuracy": 0.5729166666666666,
    "macro avg": {
        "precision": 0.5236705754022362,
        "recall": 0.5230851063829787,
        "f1-score": 0.5231980617807389,
        "support": 288.0
    },
    "weighted avg": {
        "precision": 0.5678915553131534,
        "recall": 0.5729166666666666,
        "f1-score": 0.5702436233932296,
        "support": 288.0
    }
}