{
    "DOWN": {
        "precision": 0.6497829232995659,
        "recall": 0.6150684931506849,
        "f1-score": 0.6319493314567205,
        "support": 730.0
    },
    "UP": {
        "precision": 0.36425339366515835,
        "recall": 0.39950372208436724,
        "f1-score": 0.3810650887573965,
        "support": 403.0
    },
    "accuracy": 0.5383936451897617,
    "macro avg": {
        "precision": 0.5070181584823621,
        "recall": 0.5072861076175261,
        "f1-score": 0.5065072101070585,
        "support": 1133.0
    },
    "weighted avg": {
        "precision": 0.5482221109053327,
        "recall": 0.5383936451897617,
        "f1-score": 0.5427115999405444,
        "support": 1133.0
    }
}