{
    "DOWN": {
        "precision": 0.6597938144329897,
        "recall": 0.6808510638297872,
        "f1-score": 0.6701570680628272,
        "support": 188.0
    },
    "UP": {
        "precision": 0.3617021276595745,
        "recall": 0.34,
        "f1-score": 0.3505154639175258,
        "support": 100.0
    },
    "accuracy": 0.5625,
    "macro avg": {
        "precision": 0.5107479710462821,
        "recall": 0.5104255319148936,
        "f1-score": 0.5103362659901765,
        "support": 288.0
    },
    "weighted avg": {
        "precision": 0.5562897565255539,
        "recall": 0.5625,
        "f1-score": 0.5591703999568198,
        "support": 288.0
    }
}