{
    "R2": 0.992767646316686,
    "RMSE": 18.178437442008494,
    "MSE": 330.45558783301635,
    "MAPE": 0.02714254190487274,
    "ACMAPE": 0.9713934129850121
}