{
    "R2": 0.9866028439436859,
    "RMSE": 24.79243203014178,
    "MSE": 614.6646859691999,
    "MAPE": 0.04116067719314542,
    "ACMAPE": 1.3004841810960075
}