{
    "DOWN": {
        "precision": 0.7619047619047619,
        "recall": 0.0851063829787234,
        "f1-score": 0.15311004784688995,
        "support": 188.0
    },
    "UP": {
        "precision": 0.35580524344569286,
        "recall": 0.95,
        "f1-score": 0.5177111716621253,
        "support": 100.0
    },
    "accuracy": 0.3854166666666667,
    "macro avg": {
        "precision": 0.5588550026752274,
        "recall": 0.5175531914893616,
        "f1-score": 0.33541060975450765,
        "support": 288.0
    },
    "weighted avg": {
        "precision": 0.6208979846620296,
        "recall": 0.3854166666666667,
        "f1-score": 0.2797076602827355,
        "support": 288.0
    }
}