{
    "R2": 0.8919443981501232,
    "RMSE": 45.27872974192377,
    "MSE": 2050.163367042172,
    "MAPE": 0.07923718783333344,
    "ACMAPE": 0.9542371878333334
}