{
    "DOWN": {
        "precision": 0.6783216783216783,
        "recall": 0.5159574468085106,
        "f1-score": 0.5861027190332326,
        "support": 188.0
    },
    "UP": {
        "precision": 0.3724137931034483,
        "recall": 0.54,
        "f1-score": 0.44081632653061226,
        "support": 100.0
    },
    "accuracy": 0.5243055555555556,
    "macro avg": {
        "precision": 0.5253677357125633,
        "recall": 0.5279787234042553,
        "f1-score": 0.5134595227819224,
        "support": 288.0
    },
    "weighted avg": {
        "precision": 0.572103662620904,
        "recall": 0.5243055555555556,
        "f1-score": 0.5356560549698228,
        "support": 288.0
    }
}