{
    "R2": 0.9922491933535483,
    "RMSE": 18.777654662815845,
    "MSE": 352.6003146359697,
    "MAPE": 0.026694111850437005,
    "ACMAPE": 0.7668515921653977
}