{
    "R2": 0.9899921472564975,
    "RMSE": 9.96309755163003,
    "MSE": 99.2633128232963,
    "MAPE": 0.03259345035507519,
    "ACMAPE": 1.1942330481895687
}