{
    "R2": -0.319749800684094,
    "RMSE": 8.794523312749073,
    "MSE": 77.34364029848692,
    "MAPE": 0.08983387689811098,
    "ACMAPE": 2.010079275671117
}