{
    "R2": 0.9938161131352912,
    "RMSE": 7.857643379763951,
    "MSE": 61.742559483548256,
    "MAPE": 0.02188912061890977,
    "ACMAPE": 1.0711957461967219
}