{
    "R2": 0.6649572512146155,
    "RMSE": 4.431151650744284,
    "MSE": 19.63510495189379,
    "MAPE": 0.043674358282644266,
    "ACMAPE": 1.9639197570556504
}