{
    "R2": 0.9857036148719913,
    "RMSE": 11.834409140324528,
    "MSE": 140.05323970059672,
    "MAPE": 0.03597323326654708,
    "ACMAPE": 0.8450145426975683
}