{
    "R2": 0.9850794009411125,
    "RMSE": 12.090008057705216,
    "MSE": 146.16829483537703,
    "MAPE": 0.03649095254750061,
    "ACMAPE": 0.842414569071273
}