{
<<<<<<< HEAD
    "R2": 0.9895262020911569,
    "RMSE": 27.65548489212557,
    "MSE": 764.8258446185856,
    "MAPE": 0.02795720417158588,
    "ACMAPE": 0.9964611411794599
=======
    "R2": 0.9867475454841965,
    "RMSE": 31.108376296858534,
    "MSE": 967.7310758269498,
    "MAPE": 0.03670433823922391,
    "ACMAPE": 0.8083578815463105
>>>>>>> d5f42532be6a9c18a5da3fb21b671ebbe5b6efbf
}