{
    "DOWN": {
        "precision": 0.6083150984682714,
        "recall": 0.6938435940099834,
        "f1-score": 0.64827050136028,
        "support": 1202.0
    },
    "UP": {
        "precision": 0.4457831325301205,
        "recall": 0.3553421368547419,
        "f1-score": 0.3954575818303273,
        "support": 833.0
    },
    "accuracy": 0.5552825552825553,
    "macro avg": {
        "precision": 0.5270491154991959,
        "recall": 0.5245928654323626,
        "f1-score": 0.5218640415953036,
        "support": 2035.0
    },
    "weighted avg": {
        "precision": 0.5417848146223354,
        "recall": 0.5552825552825553,
        "f1-score": 0.5447849180834,
        "support": 2035.0
    }
}