{
    "DOWN": {
        "precision": 0.5937090432503277,
        "recall": 0.3790794979079498,
        "f1-score": 0.4627170582226762,
        "support": 1195.0
    },
    "UP": {
        "precision": 0.4120443740095087,
        "recall": 0.6265060240963856,
        "f1-score": 0.4971319311663479,
        "support": 830.0
    },
    "accuracy": 0.4804938271604938,
    "macro avg": {
        "precision": 0.5028767086299182,
        "recall": 0.5027927610021676,
        "f1-score": 0.47992449469451204,
        "support": 2025.0
    },
    "weighted avg": {
        "precision": 0.5192489565985352,
        "recall": 0.4804938271604938,
        "f1-score": 0.47682290737983546,
        "support": 2025.0
    }
}