{
    "R2": 0.9867475454841965,
    "RMSE": 31.108376296858534,
    "MSE": 967.7310758269498,
    "MAPE": 0.03670433823922391,
    "ACMAPE": 0.8083578815463105
}