{
    "R2": -6.324585480808673,
    "RMSE": 731.342325496858,
    "MSE": 534861.5970631524,
    "MAPE": 1.3589638111198208,
    "ACMAPE": 2.638491370174939
}