{
    "DOWN": {
        "precision": 0.688715953307393,
        "recall": 0.5347432024169184,
        "f1-score": 0.6020408163265306,
        "support": 331.0
    },
    "UP": {
        "precision": 0.38645418326693226,
        "recall": 0.5480225988700564,
        "f1-score": 0.4532710280373832,
        "support": 177.0
    },
    "accuracy": 0.5393700787401575,
    "macro avg": {
        "precision": 0.5375850682871626,
        "recall": 0.5413829006434874,
        "f1-score": 0.5276559221819569,
        "support": 508.0
    },
    "weighted avg": {
        "precision": 0.583400336580697,
        "recall": 0.5393700787401575,
        "f1-score": 0.550205673556493,
        "support": 508.0
    }
}