{
    "DOWN": {
        "precision": 0.5951557093425606,
        "recall": 0.14345287739783152,
        "f1-score": 0.23118279569892472,
        "support": 1199.0
    },
    "UP": {
        "precision": 0.41010913268236643,
        "recall": 0.8592057761732852,
        "f1-score": 0.5552099533437014,
        "support": 831.0
    },
    "accuracy": 0.43645320197044335,
    "macro avg": {
        "precision": 0.5026324210124635,
        "recall": 0.5013293267855583,
        "f1-score": 0.39319637452131306,
        "support": 2030.0
    },
    "weighted avg": {
        "precision": 0.5194051156457028,
        "recall": 0.43645320197044335,
        "f1-score": 0.3638264252569589,
        "support": 2030.0
    }
}