{
    "DOWN": {
        "precision": 0.6824034334763949,
        "recall": 0.48036253776435045,
        "f1-score": 0.5638297872340424,
        "support": 331.0
    },
    "UP": {
        "precision": 0.37454545454545457,
        "recall": 0.5819209039548022,
        "f1-score": 0.4557522123893805,
        "support": 177.0
    },
    "accuracy": 0.515748031496063,
    "macro avg": {
        "precision": 0.5284744440109247,
        "recall": 0.5311417208595763,
        "f1-score": 0.5097909998117115,
        "support": 508.0
    },
    "weighted avg": {
        "precision": 0.5751379565654176,
        "recall": 0.515748031496063,
        "f1-score": 0.5261728369436779,
        "support": 508.0
    }
}