{
    "DOWN": {
        "precision": 0.6875,
        "recall": 0.03323262839879154,
        "f1-score": 0.06340057636887608,
        "support": 331.0
    },
    "UP": {
        "precision": 0.34959349593495936,
        "recall": 0.9717514124293786,
        "f1-score": 0.5142002989536623,
        "support": 177.0
    },
    "accuracy": 0.36023622047244097,
    "macro avg": {
        "precision": 0.5185467479674797,
        "recall": 0.502492020414085,
        "f1-score": 0.28880043766126917,
        "support": 508.0
    },
    "weighted avg": {
        "precision": 0.5697648598041098,
        "recall": 0.36023622047244097,
        "f1-score": 0.22047055845058308,
        "support": 508.0
    }
}