{
    "DOWN": {
<<<<<<< HEAD
        "precision": 0.6020846106683017,
        "recall": 0.8259041211101766,
        "f1-score": 0.6964539007092199,
        "support": 1189.0
    },
    "UP": {
        "precision": 0.4609375,
        "recall": 0.21428571428571427,
        "f1-score": 0.29256198347107437,
        "support": 826.0
    },
    "accuracy": 0.5751861042183622,
    "macro avg": {
        "precision": 0.5315110553341509,
        "recall": 0.5200949176979455,
        "f1-score": 0.49450794209014715,
        "support": 2015.0
    },
    "weighted avg": {
        "precision": 0.5442248025233799,
        "recall": 0.5751861042183622,
        "f1-score": 0.5308882810374043,
=======
        "precision": 0.5997848305540613,
        "recall": 0.9377628259041211,
        "f1-score": 0.7316272965879265,
        "support": 1189.0
    },
    "UP": {
        "precision": 0.5256410256410257,
        "recall": 0.09927360774818401,
        "f1-score": 0.1670061099796334,
        "support": 826.0
    },
    "accuracy": 0.5940446650124069,
    "macro avg": {
        "precision": 0.5627129280975435,
        "recall": 0.5185182168261525,
        "f1-score": 0.44931670328377993,
        "support": 2015.0
    },
    "weighted avg": {
        "precision": 0.5693913899296605,
        "recall": 0.5940446650124069,
        "f1-score": 0.5001746414323681,
>>>>>>> d5f42532be6a9c18a5da3fb21b671ebbe5b6efbf
        "support": 2015.0
    }
}