{
    "R2": 0.7085198367229405,
    "RMSE": 16.262131070732565,
    "MSE": 264.45690696168543,
    "MAPE": 0.07070714680754926,
    "ACMAPE": 1.3680044441048467
}