{
    "R2": -6.75052789758867,
    "RMSE": 83.85686012141079,
    "MSE": 7031.972989421854,
    "MAPE": 0.3625822474716851,
    "ACMAPE": 1.6508705357599736
}