{
    "DOWN": {
        "precision": 0.6976744186046512,
        "recall": 0.15985790408525755,
        "f1-score": 0.26011560693641617,
        "support": 1126.0
    },
    "UP": {
        "precision": 0.3747521480502313,
        "recall": 0.8790697674418605,
        "f1-score": 0.5254865616311399,
        "support": 645.0
    },
    "accuracy": 0.42179559570863917,
    "macro avg": {
        "precision": 0.5362132833274412,
        "recall": 0.519463835763559,
        "f1-score": 0.392801084283778,
        "support": 1771.0
    },
    "weighted avg": {
        "precision": 0.5800657994586315,
        "recall": 0.42179559570863917,
        "f1-score": 0.3567639783526199,
        "support": 1771.0
    }
}