{
    "R2": -14.393836934123128,
    "RMSE": 118.18065588900926,
    "MSE": 13966.667426356418,
    "MAPE": 0.5341796456368183,
    "ACMAPE": 1.8404859519431245
}