{
    "R2": 0.9941369222000428,
    "RMSE": 19.075974002374043,
    "MSE": 363.89278413925035,
    "MAPE": 0.029530252995513914,
    "ACMAPE": 1.1859390615782355
}