{
    "R2": 0.9300653557365857,
    "RMSE": 66.1511036475913,
    "MSE": 4375.968513794367,
    "MAPE": 0.11520318114709924,
    "ACMAPE": 1.1584833633794456
}