{
    "R2": 0.9903505831599115,
    "RMSE": 24.5057678960043,
    "MSE": 600.5326601728351,
    "MAPE": 0.047163775674131235,
    "ACMAPE": 0.7810256103287179
}