{
    "R2": 0.9322938935884214,
    "RMSE": 4.21689364035566,
    "MSE": 17.782191974072006,
    "MAPE": 0.036360533244171565,
    "ACMAPE": 1.1648009002166488
}