{
<<<<<<< HEAD
    "R2": 0.7180933825637127,
    "RMSE": 61.427877027207664,
    "MSE": 3773.384076069747,
    "MAPE": 0.7092022729139675,
    "ACMAPE": 2.1733620848998667
=======
    "R2": 0.6654762637766162,
    "RMSE": 66.91544034659688,
    "MSE": 4477.676156778965,
    "MAPE": 0.7575859032754483,
    "ACMAPE": 2.2170453627349076
>>>>>>> d5f42532be6a9c18a5da3fb21b671ebbe5b6efbf
}