{
    "DOWN": {
        "precision": 0.7,
        "recall": 0.04381846635367762,
        "f1-score": 0.08247422680412372,
        "support": 639.0
    },
    "UP": {
        "precision": 0.2466091245376079,
        "recall": 0.9433962264150944,
        "f1-score": 0.39100684261974583,
        "support": 212.0
    },
    "accuracy": 0.2679200940070505,
    "macro avg": {
        "precision": 0.4733045622688039,
        "recall": 0.49360734638438597,
        "f1-score": 0.2367405347119348,
        "support": 851.0
    },
    "weighted avg": {
        "precision": 0.5870518618119539,
        "recall": 0.2679200940070505,
        "f1-score": 0.15933546599673462,
        "support": 851.0
    }
}