{
<<<<<<< HEAD
    "R2": -17.91708226910264,
    "RMSE": 70.48647688153532,
    "MSE": 4968.3434231712135,
    "MAPE": 0.9054871661742103,
    "ACMAPE": 2.3275055147980637
=======
    "R2": -18.71381291660179,
    "RMSE": 71.95550788628148,
    "MSE": 5177.595115172716,
    "MAPE": 0.9259998648900561,
    "ACMAPE": 2.3480182135139094
>>>>>>> d5f42532be6a9c18a5da3fb21b671ebbe5b6efbf
}