{
    "R2": 0.9815759276111645,
    "RMSE": 16.439963396941803,
    "MSE": 270.2723964927863,
    "MAPE": 0.09426962230849763,
    "ACMAPE": 1.4268331327011072
}