{
    "DOWN": {
        "precision": 0.875,
        "recall": 0.04516129032258064,
        "f1-score": 0.08588957055214723,
        "support": 155.0
    },
    "UP": {
        "precision": 0.29523809523809524,
        "recall": 0.9841269841269841,
        "f1-score": 0.45421245421245426,
        "support": 63.0
    },
    "accuracy": 0.3165137614678899,
    "macro avg": {
        "precision": 0.5851190476190476,
        "recall": 0.5146441372247823,
        "f1-score": 0.2700510123823007,
        "support": 218.0
    },
    "weighted avg": {
        "precision": 0.7074541284403669,
        "recall": 0.3165137614678899,
        "f1-score": 0.19233150482095154,
        "support": 218.0
    }
}