{
    "DOWN": {
        "precision": 0.7368421052631579,
        "recall": 0.3225806451612903,
        "f1-score": 0.4487179487179487,
        "support": 651.0
    },
    "UP": {
        "precision": 0.24744027303754265,
        "recall": 0.6590909090909091,
        "f1-score": 0.35980148883374685,
        "support": 220.0
    },
    "accuracy": 0.40757749712973596,
    "macro avg": {
        "precision": 0.49214118915035027,
        "recall": 0.4908357771260997,
        "f1-score": 0.40425971877584777,
        "support": 871.0
    },
    "weighted avg": {
        "precision": 0.613227405963921,
        "recall": 0.40757749712973596,
        "f1-score": 0.42625914139932136,
        "support": 871.0
    }
}