{
    "R2": -17.91708226910264,
    "RMSE": 70.48647688153532,
    "MSE": 4968.3434231712135,
    "MAPE": 0.9054871661742103,
    "ACMAPE": 2.3275055147980637
}