{
    "R2": 0.9652463073750961,
    "RMSE": 35.84021372794193,
    "MSE": 1284.5209200645572,
    "MAPE": 0.048627901778658396,
    "ACMAPE": 0.6744321686259322
}