{
    "DOWN": {
        "precision": 0.7960281340504758,
        "recall": 0.843859649122807,
        "f1-score": 0.8192463274430487,
        "support": 2280.0
    },
    "UP": {
        "precision": 0.34798534798534797,
        "recall": 0.2781844802342606,
        "f1-score": 0.30919446704637915,
        "support": 683.0
    },
    "accuracy": 0.7134660816739791,
    "macro avg": {
        "precision": 0.5720067410179119,
        "recall": 0.5610220646785338,
        "f1-score": 0.564220397244714,
        "support": 2963.0
    },
    "weighted avg": {
        "precision": 0.6927499623047848,
        "recall": 0.7134660816739791,
        "f1-score": 0.7016744676216092,
        "support": 2963.0
    }
}