{
    "R2": 0.9770565367244188,
    "RMSE": 28.782215205707814,
    "MSE": 828.4159121476781,
    "MAPE": 0.0275460767992485,
    "ACMAPE": 1.3194251117975495
}