{
    "R2": 0.7720657174463313,
    "RMSE": 80.01717808714609,
    "MSE": 6402.748789030053,
    "MAPE": 0.11626584013899162,
    "ACMAPE": 1.3243739482470995
}