{
    "DOWN": {
        "precision": 0.8943661971830986,
        "recall": 0.1672519754170325,
        "f1-score": 0.2818047337278107,
        "support": 2278.0
    },
    "UP": {
        "precision": 0.25078988941548186,
        "recall": 0.9338235294117647,
        "f1-score": 0.3953922789539228,
        "support": 680.0
    },
    "accuracy": 0.34347532116294793,
    "macro avg": {
        "precision": 0.5725780432992902,
        "recall": 0.5505377524143986,
        "f1-score": 0.33859850634086675,
        "support": 2958.0
    },
    "weighted avg": {
        "precision": 0.746417620684796,
        "recall": 0.34347532116294793,
        "f1-score": 0.3079168130901353,
        "support": 2958.0
    }
}