{
    "DOWN": {
        "precision": 0.7707100591715976,
        "recall": 0.22981914424349362,
        "f1-score": 0.35406048250084954,
        "support": 2267.0
    },
    "UP": {
        "precision": 0.22981914424349362,
        "recall": 0.7707100591715976,
        "f1-score": 0.35406048250084954,
        "support": 676.0
    },
    "accuracy": 0.3540604825008495,
    "macro avg": {
        "precision": 0.5002646017075456,
        "recall": 0.5002646017075456,
        "f1-score": 0.35406048250084954,
        "support": 2943.0
    },
    "weighted avg": {
        "precision": 0.6464687209142418,
        "recall": 0.3540604825008495,
        "f1-score": 0.35406048250084954,
        "support": 2943.0
    }
}