{
    "R2": 0.9232823163938615,
    "RMSE": 53.34194297950885,
    "MSE": 2845.3628808291733,
    "MAPE": 0.07442234341716311,
    "ACMAPE": 1.3874717010912672
}