{
    "DOWN": {
        "precision": 0.7064846416382252,
        "recall": 0.404296875,
        "f1-score": 0.5142857142857142,
        "support": 512.0
    },
    "UP": {
        "precision": 0.31767337807606266,
        "recall": 0.6228070175438597,
        "f1-score": 0.4207407407407408,
        "support": 228.0
    },
    "accuracy": 0.47162162162162163,
    "macro avg": {
        "precision": 0.5120790098571439,
        "recall": 0.5135519462719298,
        "f1-score": 0.46751322751322755,
        "support": 740.0
    },
    "weighted avg": {
        "precision": 0.5866887388109643,
        "recall": 0.47162162162162163,
        "f1-score": 0.4854637494637494,
        "support": 740.0
    }
}