{
    "R2": 0.8887056765241041,
    "RMSE": 55.91327271278895,
    "MSE": 3126.2940654547097,
    "MAPE": 0.07698594445011907,
    "ACMAPE": 1.133742701206876
}