{
    "DOWN": {
        "precision": 0.7227488151658767,
        "recall": 0.976,
        "f1-score": 0.8304969366916268,
        "support": 625.0
    },
    "UP": {
        "precision": 0.4230769230769231,
        "recall": 0.044897959183673466,
        "f1-score": 0.08118081180811808,
        "support": 245.0
    },
    "accuracy": 0.7137931034482758,
    "macro avg": {
        "precision": 0.5729128691213999,
        "recall": 0.5104489795918368,
        "f1-score": 0.45583887424987246,
        "support": 870.0
    },
    "weighted avg": {
        "precision": 0.638358454750022,
        "recall": 0.7137931034482758,
        "f1-score": 0.6194826256612134,
        "support": 870.0
    }
}