{
    "R2": 0.9820169555044818,
    "RMSE": 6.127555244175447,
    "MSE": 37.546933270422024,
    "MAPE": 0.032488895723312754,
    "ACMAPE": 0.6991555623899794
}