{
    "DOWN": {
        "precision": 0.7067082683307332,
        "recall": 0.7248,
        "f1-score": 0.7156398104265402,
        "support": 625.0
    },
    "UP": {
        "precision": 0.24890829694323144,
        "recall": 0.23265306122448978,
        "f1-score": 0.24050632911392406,
        "support": 245.0
    },
    "accuracy": 0.5862068965517241,
    "macro avg": {
        "precision": 0.47780828263698233,
        "recall": 0.4787265306122449,
        "f1-score": 0.4780730697702321,
        "support": 870.0
    },
    "weighted avg": {
        "precision": 0.5777875867331034,
        "recall": 0.5862068965517241,
        "f1-score": 0.5818378530454013,
        "support": 870.0
    }
}