{
    "R2": 0.9443072121909455,
    "RMSE": 10.817612611647043,
    "MSE": 117.02074261566517,
    "MAPE": 0.0932270620085108,
    "ACMAPE": 1.111325309638502
}