{
    "DOWN": {
        "precision": 0.75,
        "recall": 0.002974223397224058,
        "f1-score": 0.005924950625411455,
        "support": 3026.0
    },
    "UP": {
        "precision": 0.12525369672368802,
        "recall": 0.993103448275862,
        "f1-score": 0.22245108135942326,
        "support": 435.0
    },
    "accuracy": 0.12741982086102283,
    "macro avg": {
        "precision": 0.437626848361844,
        "recall": 0.49803883583654307,
        "f1-score": 0.11418801599241736,
        "support": 3461.0
    },
    "weighted avg": {
        "precision": 0.6714780000216135,
        "recall": 0.12741982086102283,
        "f1-score": 0.03313930106438723,
        "support": 3461.0
    }
}