{
    "R2": 0.989364629780895,
    "RMSE": 3.9658655042813225,
    "MSE": 15.728089198048547,
    "MAPE": 0.01951115909848768,
    "ACMAPE": 1.4685350202698544
}