{
    "R2": 0.9895641670301408,
    "RMSE": 3.938058777673126,
    "MSE": 15.508306936408356,
    "MAPE": 0.027658465963104225,
    "ACMAPE": 0.3962272218096898
}