{
    "DOWN": {
        "precision": 0.6715328467153284,
        "recall": 0.27421758569299554,
        "f1-score": 0.38941798941798944,
        "support": 671.0
    },
    "UP": {
        "precision": 0.39352428393524286,
        "recall": 0.7783251231527094,
        "f1-score": 0.522746071133168,
        "support": 406.0
    },
    "accuracy": 0.46425255338904364,
    "macro avg": {
        "precision": 0.5325285653252856,
        "recall": 0.5262713544228524,
        "f1-score": 0.4560820302755787,
        "support": 1077.0
    },
    "weighted avg": {
        "precision": 0.566731104385974,
        "recall": 0.46425255338904364,
        "f1-score": 0.439679086146274,
        "support": 1077.0
    }
}