{
    "R2": 0.9926880153986571,
    "RMSE": 11.980448393990002,
    "MSE": 143.53114372105762,
    "MAPE": 0.04019710170752707,
    "ACMAPE": 1.180951471532734
}