{
    "R2": 0.9505382246002568,
    "RMSE": 31.399604625298092,
    "MSE": 985.9351706250413,
    "MAPE": 0.10306104447401165,
    "ACMAPE": 1.1864724784009095
}