{
    "DOWN": {
        "precision": 0.6653846153846154,
        "recall": 0.2605421686746988,
        "f1-score": 0.3744588744588745,
        "support": 664.0
    },
    "UP": {
        "precision": 0.3915737298636927,
        "recall": 0.7841191066997518,
        "f1-score": 0.5223140495867769,
        "support": 403.0
    },
    "accuracy": 0.45829428303655106,
    "macro avg": {
        "precision": 0.528479172624154,
        "recall": 0.5223306376872253,
        "f1-score": 0.44838646202282567,
        "support": 1067.0
    },
    "weighted avg": {
        "precision": 0.5619677579666849,
        "recall": 0.45829428303655106,
        "f1-score": 0.4303029565362359,
        "support": 1067.0
    }
}