{
    "R2": 0.9254494079182124,
    "RMSE": 38.31203614670506,
    "MSE": 1467.812113706435,
    "MAPE": 0.18027100859622516,
    "ACMAPE": 1.3170547424224728
}