{
<<<<<<< HEAD
    "R2": -27.189640662245957,
    "RMSE": 89.65907346965645,
    "MSE": 8038.749455437253,
    "MAPE": 1.3702003345830696,
    "ACMAPE": 2.9952003345830693
=======
    "R2": -29.599205879933884,
    "RMSE": 93.41240519236028,
    "MSE": 8725.877443821697,
    "MAPE": 1.4336615127560288,
    "ACMAPE": 3.0586615127560286
>>>>>>> d5f42532be6a9c18a5da3fb21b671ebbe5b6efbf
}