{
    "DOWN": {
        "precision": 0.6733067729083665,
        "recall": 0.2545180722891566,
        "f1-score": 0.36939890710382517,
        "support": 664.0
    },
    "UP": {
        "precision": 0.39338235294117646,
        "recall": 0.7965260545905707,
        "f1-score": 0.5266611977030352,
        "support": 403.0
    },
    "accuracy": 0.4592314901593252,
    "macro avg": {
        "precision": 0.5333445629247715,
        "recall": 0.5255220634398636,
        "f1-score": 0.4480300524034302,
        "support": 1067.0
    },
    "weighted avg": {
        "precision": 0.5675808673350042,
        "recall": 0.4592314901593252,
        "f1-score": 0.42879600467784734,
        "support": 1067.0
    }
}