{
    "DOWN": {
        "precision": 0.6325581395348837,
        "recall": 0.20088626292466766,
        "f1-score": 0.304932735426009,
        "support": 677.0
    },
    "UP": {
        "precision": 0.3795871559633027,
        "recall": 0.8073170731707318,
        "f1-score": 0.5163806552262089,
        "support": 410.0
    },
    "accuracy": 0.4296228150873965,
    "macro avg": {
        "precision": 0.5060726477490932,
        "recall": 0.5041016680476997,
        "f1-score": 0.41065669532610893,
        "support": 1087.0
    },
    "weighted avg": {
        "precision": 0.5371413012052165,
        "recall": 0.4296228150873965,
        "f1-score": 0.3846877005760384,
        "support": 1087.0
    }
}