{
<<<<<<< HEAD
    "R2": 0.9534317742717437,
    "RMSE": 30.467314442216605,
    "MSE": 928.2572493209004,
    "MAPE": 0.10133826785851573,
    "ACMAPE": 1.1828752875398654
=======
    "R2": 0.9505382246002568,
    "RMSE": 31.399604625298092,
    "MSE": 985.9351706250413,
    "MAPE": 0.10306104447401165,
    "ACMAPE": 1.1864724784009095
>>>>>>> d5f42532be6a9c18a5da3fb21b671ebbe5b6efbf
}