{
    "R2": 0.9746360937709249,
    "RMSE": 18.574218152860453,
    "MSE": 345.0015799900508,
    "MAPE": 0.029720500676455448,
    "ACMAPE": 1.2806295915855463
}