{
    "R2": -0.9545811927749308,
    "RMSE": 219.57748278895764,
    "MSE": 48214.27094793499,
    "MAPE": 0.17104378539240414,
    "ACMAPE": 1.270569851743115
}