{
    "R2": -0.11753886903985555,
    "RMSE": 166.03217719310675,
    "MSE": 27566.6838634832,
    "MAPE": 0.12405239571486329,
    "ACMAPE": 1.0624410213072804
}