{
    "DOWN": {
        "precision": 0.6717171717171717,
        "recall": 0.5341365461847389,
        "f1-score": 0.5950782997762863,
        "support": 249.0
    },
    "UP": {
        "precision": 0.3894736842105263,
        "recall": 0.5323741007194245,
        "f1-score": 0.4498480243161094,
        "support": 139.0
    },
    "accuracy": 0.5335051546391752,
    "macro avg": {
        "precision": 0.530595427963849,
        "recall": 0.5332553234520817,
        "f1-score": 0.5224631620461979,
        "support": 388.0
    },
    "weighted avg": {
        "precision": 0.5706041697495848,
        "recall": 0.5335051546391752,
        "f1-score": 0.5430499278975116,
        "support": 388.0
    }
}