{
    "R2": 0.9340297955649245,
    "RMSE": 17.410206891579353,
    "MSE": 303.11530400759716,
    "MAPE": 0.02343488752834515,
    "ACMAPE": 1.0506088005718235
}