{
    "DOWN": {
        "precision": 0.7344398340248963,
        "recall": 0.7195121951219512,
        "f1-score": 0.7268993839835729,
        "support": 246.0
    },
    "UP": {
        "precision": 0.5140845070422535,
        "recall": 0.5328467153284672,
        "f1-score": 0.5232974910394265,
        "support": 137.0
    },
    "accuracy": 0.6527415143603134,
    "macro avg": {
        "precision": 0.6242621705335749,
        "recall": 0.6261794552252091,
        "f1-score": 0.6250984375114996,
        "support": 383.0
    },
    "weighted avg": {
        "precision": 0.6556182157569536,
        "recall": 0.6527415143603134,
        "f1-score": 0.6540705084395831,
        "support": 383.0
    }
}